website,website_url,parent_name,parent_url,parent_display_order,parent_open_method,sub_child_name,sub_child_url,sub_child_display_order,sub_child_activation_method,child_name,child_url,child_display_order,column_number,row_number,hierarchy_level,discovery_method,source_selector,normalized_url,url_missing,is_duplicate,scraped_at,http_status,final_url,redirect_url,response_error,validation_timestamp
XCell Parts,https://xcellparts.com/,APPLE,https://xcellparts.com/product-category/apple,1,click,IPHONE,https://xcellparts.com/product-category/apple/iphone,1,dom-inspection,IPHONE 18 PRO MAX,https://xcellparts.com/product-category/apple/iphone/iphone-18-pro-max-iphone,1,1,1,3,dom-inspection,div#plp-243-2615 > div.xcell-mm__plp-thumbs.xcell-mm__plp-thumbs--flat > a.xcell-mm__plp-thumb,https://xcellparts.com/product-category/apple/iphone/iphone-18-pro-max-iphone,False,False,2026-09-07T04:40:13+00:00,,,,,
XCell Parts,https://xcellparts.com/,APPLE,https://xcellparts.com/product-category/apple,1,click,IPHONE,https://xcellparts.com/product-category/apple/iphone,1,dom-inspection,IPHONE 18 PRO,https://xcellparts.com/product-category/apple/iphone/iphone-18-pro,2,1,2,3,dom-inspection,div#plp-243-2615 > div.xcell-mm__plp-thumbs.xcell-mm__plp-thumbs--flat > a.xcell-mm__plp-thumb,https://xcellparts.com/product-category/apple/iphone/iphone-18-pro,False,False,2026-09-07T04:40:13+00:00,,,,,
XCell Parts,https://xcellparts.com/,APPLE,https://xcellparts.com/product-category/apple,1,click,IPHONE,https://xcellparts.com/product-category/apple/iphone,1,dom-inspection,IPHONE 17E,https://xcellparts.com/product-category/apple/iphone/iphone-17e-iphone,3,1,3,3,dom-inspection,div#plp-243-2615 > div.xcell-mm__plp-thumbs.xcell-mm__plp-thumbs--flat > a.xcell-mm__plp-thumb,https://xcellparts.com/product-category/apple/iphone/iphone-17e-iphone,False,False,2026-09-07T04:40:13+00:00,,,,,
XCell Parts,https://xcellparts.com/,APPLE,https://xcellparts.com/product-category/apple,1,click,IPHONE,https://xcellparts.com/product-category/apple/iphone,1,dom-inspection,IPHONE 17 PRO MAX,https://xcellparts.com/product-category/apple/iphone/iphone-17-pro-max-iphone,4,1,4,3,dom-inspection,div#plp-243-2615 > div.xcell-mm__plp-thumbs.xcell-mm__plp-thumbs--flat > a.xcell-mm__plp-thumb,https://xcellparts.com/product-category/apple/iphone/iphone-17-pro-max-iphone,False,False,2026-09-07T04:40:13+00:00,,,,,
XCell Parts,https://xcellparts.com/,APPLE,https://xcellparts.com/product-category/apple,1,click,IPHONE,https://xcellparts.com/product-category/apple/iphone,1,dom-inspection,IPHONE 17 PRO,https://xcellparts.com/product-category/apple/iphone/iphone-17-pro-iphone,5,1,5,3,dom-inspection,div#plp-243-2615 > div.xcell-mm__plp-thumbs.xcell-mm__plp-thumbs--flat > a.xcell-mm__plp-thumb,https://xcellparts.com/product-category/apple/iphone/iphone-17-pro-iphone,False,False,2026-09-07T04:40:13+00:00,,,,,
XCell Parts,https://xcellparts.com/,APPLE,https://xcellparts.com/product-category/apple,1,click,IPHONE,https://xcellparts.com/product-category/apple/iphone,1,dom-inspection,IPHONE 17 AIR,https://xcellparts.com/product-category/apple/iphone/iphone-17-air-iphone,6,1,6,3,dom-inspection,div#plp-243-2615 > div.xcell-mm__plp-thumbs.xcell-mm__plp-thumbs--flat > a.xcell-mm__plp-thumb,https://xcellparts.com/product-category/apple/iphone/iphone-17-air-iphone,False,False,2026-09-07T04:40:13+00:00,,,,,
XCell Parts,https://xcellparts.com/,APPLE,https://xcellparts.com/product-category/apple,1,click,IPHONE,https://xcellparts.com/product-category/apple/iphone,1,dom-inspection,IPHONE 17,https://xcellparts.com/product-category/apple/iphone/iphone-17-iphone,7,1,7,3,dom-inspection,div#plp-243-2615 > div.xcell-mm__plp-thumbs.xcell-mm__plp-thumbs--flat > a.xcell-mm__plp-thumb,https://xcellparts.com/product-category/apple/iphone/iphone-17-iphone,False,False,2026-09-07T04:40:13+00:00,,,,,
XCell Parts,https://xcellparts.com/,APPLE,https://xcellparts.com/product-category/apple,1,click,IPHONE,https://xcellparts.com/product-category/apple/iphone,1,dom-inspection,IPHONE 16E,https://xcellparts.com/product-category/apple/iphone/iphone-16e,8,1,8,3,dom-inspection,div#plp-243-2615 > div.xcell-mm__plp-thumbs.xcell-mm__plp-thumbs--flat > a.xcell-mm__plp-thumb,https://xcellparts.com/product-category/apple/iphone/iphone-16e,False,False,2026-09-07T04:40:13+00:00,,,,,
XCell Parts,https://xcellparts.com/,APPLE,https://xcellparts.com/product-category/apple,1,click,IPHONE,https://xcellparts.com/product-category/apple/iphone,1,dom-inspection,IPHONE 16 PRO MAX,https://xcellparts.com/product-category/apple/iphone/iphone-16-pro-max-iphone,9,1,9,3,dom-inspection,div#plp-243-2615 > div.xcell-mm__plp-thumbs.xcell-mm__plp-thumbs--flat > a.xcell-mm__plp-thumb,https://xcellparts.com/product-category/apple/iphone/iphone-16-pro-max-iphone,False,False,2026-09-07T04:40:13+00:00,,,,,
XCell Parts,https://xcellparts.com/,APPLE,https://xcellparts.com/product-category/apple,1,click,IPHONE,https://xcellparts.com/product-category/apple/iphone,1,dom-inspection,IPHONE 16 PRO,https://xcellparts.com/product-category/apple/iphone/iphone-16-pro-iphone,10,1,10,3,dom-inspection,div#plp-243-2615 > div.xcell-mm__plp-thumbs.xcell-mm__plp-thumbs--flat > a.xcell-mm__plp-thumb,https://xcellparts.com/product-category/apple/iphone/iphone-16-pro-iphone,False,False,2026-09-07T04:40:13+00:00,,,,,
XCell Parts,https://xcellparts.com/,APPLE,https://xcellparts.com/product-category/apple,1,click,IPHONE,https://xcellparts.com/product-category/apple/iphone,1,dom-inspection,IPHONE 16 PLUS,https://xcellparts.com/product-category/apple/iphone/iphone-16-plus-iphone,11,1,11,3,dom-inspection,div#plp-243-2615 > div.xcell-mm__plp-thumbs.xcell-mm__plp-thumbs--flat > a.xcell-mm__plp-thumb,https://xcellparts.com/product-category/apple/iphone/iphone-16-plus-iphone,False,False,2026-09-07T04:40:13+00:00,,,,,
XCell Parts,https://xcellparts.com/,APPLE,https://xcellparts.com/product-category/apple,1,click,IPHONE,https://xcellparts.com/product-category/apple/iphone,1,dom-inspection,IPHONE 16,https://xcellparts.com/product-category/apple/iphone/iphone-16-iphone,12,1,12,3,dom-inspection,div#plp-243-2615 > div.xcell-mm__plp-thumbs.xcell-mm__plp-thumbs--flat > a.xcell-mm__plp-thumb,https://xcellparts.com/product-category/apple/iphone/iphone-16-iphone,False,False,2026-09-07T04:40:13+00:00,,,,,
XCell Parts,https://xcellparts.com/,APPLE,https://xcellparts.com/product-category/apple,1,click,IPHONE,https://xcellparts.com/product-category/apple/iphone,1,dom-inspection,IPHONE 15 PRO MAX,https://xcellparts.com/product-category/apple/iphone/iphone-15-pro-max,13,1,13,3,dom-inspection,div#plp-243-2615 > div.xcell-mm__plp-thumbs.xcell-mm__plp-thumbs--flat > a.xcell-mm__plp-thumb,https://xcellparts.com/product-category/apple/iphone/iphone-15-pro-max,False,False,2026-09-07T04:40:13+00:00,,,,,
XCell Parts,https://xcellparts.com/,APPLE,https://xcellparts.com/product-category/apple,1,click,IPHONE,https://xcellparts.com/product-category/apple/iphone,1,dom-inspection,IPHONE 15 PRO,https://xcellparts.com/product-category/apple/iphone/iphone-15-pro,14,1,14,3,dom-inspection,div#plp-243-2615 > div.xcell-mm__plp-thumbs.xcell-mm__plp-thumbs--flat > a.xcell-mm__plp-thumb,https://xcellparts.com/product-category/apple/iphone/iphone-15-pro,False,False,2026-09-07T04:40:13+00:00,,,,,
XCell Parts,https://xcellparts.com/,APPLE,https://xcellparts.com/product-category/apple,1,click,IPHONE,https://xcellparts.com/product-category/apple/iphone,1,dom-inspection,IPHONE 15 PLUS,https://xcellparts.com/product-category/apple/iphone/iphone-15-plus,15,1,15,3,dom-inspection,div#plp-243-2615 > div.xcell-mm__plp-thumbs.xcell-mm__plp-thumbs--flat > a.xcell-mm__plp-thumb,https://xcellparts.com/product-category/apple/iphone/iphone-15-plus,False,False,2026-09-07T04:40:13+00:00,,,,,
XCell Parts,https://xcellparts.com/,APPLE,https://xcellparts.com/product-category/apple,1,click,IPHONE,https://xcellparts.com/product-category/apple/iphone,1,dom-inspection,IPHONE 15,https://xcellparts.com/product-category/apple/iphone/iphone-15,16,1,16,3,dom-inspection,div#plp-243-2615 > div.xcell-mm__plp-thumbs.xcell-mm__plp-thumbs--flat > a.xcell-mm__plp-thumb,https://xcellparts.com/product-category/apple/iphone/iphone-15,False,False,2026-09-07T04:40:13+00:00,,,,,
XCell Parts,https://xcellparts.com/,APPLE,https://xcellparts.com/product-category/apple,1,click,IPHONE,https://xcellparts.com/product-category/apple/iphone,1,dom-inspection,IPHONE 14 PRO MAX,https://xcellparts.com/product-category/apple/iphone/iphone-14-pro-max,17,1,17,3,dom-inspection,div#plp-243-2615 > div.xcell-mm__plp-thumbs.xcell-mm__plp-thumbs--flat > a.xcell-mm__plp-thumb,https://xcellparts.com/product-category/apple/iphone/iphone-14-pro-max,False,False,2026-09-07T04:40:13+00:00,,,,,
XCell Parts,https://xcellparts.com/,APPLE,https://xcellparts.com/product-category/apple,1,click,IPHONE,https://xcellparts.com/product-category/apple/iphone,1,dom-inspection,IPHONE 14 PRO,https://xcellparts.com/product-category/apple/iphone/iphone-14-pro,18,1,18,3,dom-inspection,div#plp-243-2615 > div.xcell-mm__plp-thumbs.xcell-mm__plp-thumbs--flat > a.xcell-mm__plp-thumb,https://xcellparts.com/product-category/apple/iphone/iphone-14-pro,False,False,2026-09-07T04:40:13+00:00,,,,,
XCell Parts,https://xcellparts.com/,APPLE,https://xcellparts.com/product-category/apple,1,click,IPHONE,https://xcellparts.com/product-category/apple/iphone,1,dom-inspection,IPHONE 14 PLUS,https://xcellparts.com/product-category/apple/iphone/iphone-14-plus,19,1,19,3,dom-inspection,div#plp-243-2615 > div.xcell-mm__plp-thumbs.xcell-mm__plp-thumbs--flat > a.xcell-mm__plp-thumb,https://xcellparts.com/product-category/apple/iphone/iphone-14-plus,False,False,2026-09-07T04:40:13+00:00,,,,,
XCell Parts,https://xcellparts.com/,APPLE,https://xcellparts.com/product-category/apple,1,click,IPHONE,https://xcellparts.com/product-category/apple/iphone,1,dom-inspection,IPHONE 14,https://xcellparts.com/product-category/apple/iphone/iphone-14,20,1,20,3,dom-inspection,div#plp-243-2615 > div.xcell-mm__plp-thumbs.xcell-mm__plp-thumbs--flat > a.xcell-mm__plp-thumb,https://xcellparts.com/product-category/apple/iphone/iphone-14,False,False,2026-09-07T04:40:13+00:00,,,,,
XCell Parts,https://xcellparts.com/,APPLE,https://xcellparts.com/product-category/apple,1,click,IPHONE,https://xcellparts.com/product-category/apple/iphone,1,dom-inspection,IPHONE 13 PRO MAX,https://xcellparts.com/product-category/apple/iphone/iphone-13-pro-max,21,1,21,3,dom-inspection,div#plp-243-2615 > div.xcell-mm__plp-thumbs.xcell-mm__plp-thumbs--flat > a.xcell-mm__plp-thumb,https://xcellparts.com/product-category/apple/iphone/iphone-13-pro-max,False,False,2026-09-07T04:40:13+00:00,,,,,
XCell Parts,https://xcellparts.com/,APPLE,https://xcellparts.com/product-category/apple,1,click,IPHONE,https://xcellparts.com/product-category/apple/iphone,1,dom-inspection,IPHONE 13 PRO,https://xcellparts.com/product-category/apple/iphone/iphone-13-pro,22,1,22,3,dom-inspection,div#plp-243-2615 > div.xcell-mm__plp-thumbs.xcell-mm__plp-thumbs--flat > a.xcell-mm__plp-thumb,https://xcellparts.com/product-category/apple/iphone/iphone-13-pro,False,False,2026-09-07T04:40:13+00:00,,,,,
XCell Parts,https://xcellparts.com/,APPLE,https://xcellparts.com/product-category/apple,1,click,IPHONE,https://xcellparts.com/product-category/apple/iphone,1,dom-inspection,IPHONE 13 MINI,https://xcellparts.com/product-category/apple/iphone/iphone-13-mini,23,1,23,3,dom-inspection,div#plp-243-2615 > div.xcell-mm__plp-thumbs.xcell-mm__plp-thumbs--flat > a.xcell-mm__plp-thumb,https://xcellparts.com/product-category/apple/iphone/iphone-13-mini,False,False,2026-09-07T04:40:13+00:00,,,,,
XCell Parts,https://xcellparts.com/,APPLE,https://xcellparts.com/product-category/apple,1,click,IPHONE,https://xcellparts.com/product-category/apple/iphone,1,dom-inspection,IPHONE 13,https://xcellparts.com/product-category/apple/iphone/iphone-13,24,1,24,3,dom-inspection,div#plp-243-2615 > div.xcell-mm__plp-thumbs.xcell-mm__plp-thumbs--flat > a.xcell-mm__plp-thumb,https://xcellparts.com/product-category/apple/iphone/iphone-13,False,False,2026-09-07T04:40:13+00:00,,,,,
XCell Parts,https://xcellparts.com/,APPLE,https://xcellparts.com/product-category/apple,1,click,IPHONE,https://xcellparts.com/product-category/apple/iphone,1,dom-inspection,IPHONE SE 2022,https://xcellparts.com/product-category/apple/iphone/iphone-se-2022,25,1,25,3,dom-inspection,div#plp-243-2615 > div.xcell-mm__plp-thumbs.xcell-mm__plp-thumbs--flat > a.xcell-mm__plp-thumb,https://xcellparts.com/product-category/apple/iphone/iphone-se-2022,False,False,2026-09-07T04:40:13+00:00,,,,,
XCell Parts,https://xcellparts.com/,APPLE,https://xcellparts.com/product-category/apple,1,click,IPHONE,https://xcellparts.com/product-category/apple/iphone,1,dom-inspection,IPHONE 12 PRO MAX,https://xcellparts.com/product-category/apple/iphone/iphone-12-pro-max,26,1,26,3,dom-inspection,div#plp-243-2615 > div.xcell-mm__plp-thumbs.xcell-mm__plp-thumbs--flat > a.xcell-mm__plp-thumb,https://xcellparts.com/product-category/apple/iphone/iphone-12-pro-max,False,False,2026-09-07T04:40:13+00:00,,,,,
XCell Parts,https://xcellparts.com/,APPLE,https://xcellparts.com/product-category/apple,1,click,IPHONE,https://xcellparts.com/product-category/apple/iphone,1,dom-inspection,IPHONE 12 PRO,https://xcellparts.com/product-category/apple/iphone/iphone-12-pro,27,1,27,3,dom-inspection,div#plp-243-2615 > div.xcell-mm__plp-thumbs.xcell-mm__plp-thumbs--flat > a.xcell-mm__plp-thumb,https://xcellparts.com/product-category/apple/iphone/iphone-12-pro,False,False,2026-09-07T04:40:13+00:00,,,,,
XCell Parts,https://xcellparts.com/,APPLE,https://xcellparts.com/product-category/apple,1,click,IPHONE,https://xcellparts.com/product-category/apple/iphone,1,dom-inspection,IPHONE 12 MINI,https://xcellparts.com/product-category/apple/iphone/iphone-12-mini,28,1,28,3,dom-inspection,div#plp-243-2615 > div.xcell-mm__plp-thumbs.xcell-mm__plp-thumbs--flat > a.xcell-mm__plp-thumb,https://xcellparts.com/product-category/apple/iphone/iphone-12-mini,False,False,2026-09-07T04:40:13+00:00,,,,,
XCell Parts,https://xcellparts.com/,APPLE,https://xcellparts.com/product-category/apple,1,click,IPHONE,https://xcellparts.com/product-category/apple/iphone,1,dom-inspection,IPHONE 12,https://xcellparts.com/product-category/apple/iphone/iphone-12,29,1,29,3,dom-inspection,div#plp-243-2615 > div.xcell-mm__plp-thumbs.xcell-mm__plp-thumbs--flat > a.xcell-mm__plp-thumb,https://xcellparts.com/product-category/apple/iphone/iphone-12,False,False,2026-09-07T04:40:13+00:00,,,,,
XCell Parts,https://xcellparts.com/,APPLE,https://xcellparts.com/product-category/apple,1,click,IPHONE,https://xcellparts.com/product-category/apple/iphone,1,dom-inspection,IPHONE 11 PRO MAX,https://xcellparts.com/product-category/apple/iphone/iphone-11-pro-max,30,1,30,3,dom-inspection,div#plp-243-2615 > div.xcell-mm__plp-thumbs.xcell-mm__plp-thumbs--flat > a.xcell-mm__plp-thumb,https://xcellparts.com/product-category/apple/iphone/iphone-11-pro-max,False,False,2026-09-07T04:40:13+00:00,,,,,
XCell Parts,https://xcellparts.com/,APPLE,https://xcellparts.com/product-category/apple,1,click,IPHONE,https://xcellparts.com/product-category/apple/iphone,1,dom-inspection,IPHONE 11 PRO,https://xcellparts.com/product-category/apple/iphone/iphone-11-pro,31,1,31,3,dom-inspection,div#plp-243-2615 > div.xcell-mm__plp-thumbs.xcell-mm__plp-thumbs--flat > a.xcell-mm__plp-thumb,https://xcellparts.com/product-category/apple/iphone/iphone-11-pro,False,False,2026-09-07T04:40:13+00:00,,,,,
XCell Parts,https://xcellparts.com/,APPLE,https://xcellparts.com/product-category/apple,1,click,IPHONE,https://xcellparts.com/product-category/apple/iphone,1,dom-inspection,IPHONE 11,https://xcellparts.com/product-category/apple/iphone/iphone-11,32,1,32,3,dom-inspection,div#plp-243-2615 > div.xcell-mm__plp-thumbs.xcell-mm__plp-thumbs--flat > a.xcell-mm__plp-thumb,https://xcellparts.com/product-category/apple/iphone/iphone-11,False,False,2026-09-07T04:40:13+00:00,,,,,
XCell Parts,https://xcellparts.com/,APPLE,https://xcellparts.com/product-category/apple,1,click,IPHONE,https://xcellparts.com/product-category/apple/iphone,1,dom-inspection,IPHONE XS MAX,https://xcellparts.com/product-category/apple/iphone/iphone-xs-max,33,1,33,3,dom-inspection,div#plp-243-2615 > div.xcell-mm__plp-thumbs.xcell-mm__plp-thumbs--flat > a.xcell-mm__plp-thumb,https://xcellparts.com/product-category/apple/iphone/iphone-xs-max,False,False,2026-09-07T04:40:13+00:00,,,,,
XCell Parts,https://xcellparts.com/,APPLE,https://xcellparts.com/product-category/apple,1,click,IPHONE,https://xcellparts.com/product-category/apple/iphone,1,dom-inspection,IPHONE XR,https://xcellparts.com/product-category/apple/iphone/iphone-xr,34,1,34,3,dom-inspection,div#plp-243-2615 > div.xcell-mm__plp-thumbs.xcell-mm__plp-thumbs--flat > a.xcell-mm__plp-thumb,https://xcellparts.com/product-category/apple/iphone/iphone-xr,False,False,2026-09-07T04:40:13+00:00,,,,,
XCell Parts,https://xcellparts.com/,APPLE,https://xcellparts.com/product-category/apple,1,click,IPHONE,https://xcellparts.com/product-category/apple/iphone,1,dom-inspection,IPHONE XS,https://xcellparts.com/product-category/apple/iphone/iphone-xs,35,1,35,3,dom-inspection,div#plp-243-2615 > div.xcell-mm__plp-thumbs.xcell-mm__plp-thumbs--flat > a.xcell-mm__plp-thumb,https://xcellparts.com/product-category/apple/iphone/iphone-xs,False,False,2026-09-07T04:40:13+00:00,,,,,
XCell Parts,https://xcellparts.com/,APPLE,https://xcellparts.com/product-category/apple,1,click,IPHONE,https://xcellparts.com/product-category/apple/iphone,1,dom-inspection,IPHONE X,https://xcellparts.com/product-category/apple/iphone/iphone-x,36,1,36,3,dom-inspection,div#plp-243-2615 > div.xcell-mm__plp-thumbs.xcell-mm__plp-thumbs--flat > a.xcell-mm__plp-thumb,https://xcellparts.com/product-category/apple/iphone/iphone-x,False,False,2026-09-07T04:40:13+00:00,,,,,
XCell Parts,https://xcellparts.com/,APPLE,https://xcellparts.com/product-category/apple,1,click,IPHONE,https://xcellparts.com/product-category/apple/iphone,1,dom-inspection,IPHONE SE 2020,https://xcellparts.com/product-category/apple/iphone/iphone-se-2020,37,1,37,3,dom-inspection,div#plp-243-2615 > div.xcell-mm__plp-thumbs.xcell-mm__plp-thumbs--flat > a.xcell-mm__plp-thumb,https://xcellparts.com/product-category/apple/iphone/iphone-se-2020,False,False,2026-09-07T04:40:13+00:00,,,,,
XCell Parts,https://xcellparts.com/,APPLE,https://xcellparts.com/product-category/apple,1,click,IPHONE,https://xcellparts.com/product-category/apple/iphone,1,dom-inspection,IPHONE 8 PLUS,https://xcellparts.com/product-category/apple/iphone/iphone-8-plus,38,1,38,3,dom-inspection,div#plp-243-2615 > div.xcell-mm__plp-thumbs.xcell-mm__plp-thumbs--flat > a.xcell-mm__plp-thumb,https://xcellparts.com/product-category/apple/iphone/iphone-8-plus,False,False,2026-09-07T04:40:13+00:00,,,,,
XCell Parts,https://xcellparts.com/,APPLE,https://xcellparts.com/product-category/apple,1,click,IPHONE,https://xcellparts.com/product-category/apple/iphone,1,dom-inspection,IPHONE 8G,https://xcellparts.com/product-category/apple/iphone/iphone-8g,39,1,39,3,dom-inspection,div#plp-243-2615 > div.xcell-mm__plp-thumbs.xcell-mm__plp-thumbs--flat > a.xcell-mm__plp-thumb,https://xcellparts.com/product-category/apple/iphone/iphone-8g,False,False,2026-09-07T04:40:13+00:00,,,,,
XCell Parts,https://xcellparts.com/,APPLE,https://xcellparts.com/product-category/apple,1,click,IPHONE,https://xcellparts.com/product-category/apple/iphone,1,dom-inspection,IPHONE 7 PLUS,https://xcellparts.com/product-category/apple/iphone/iphone-7-plus,40,1,40,3,dom-inspection,div#plp-243-2615 > div.xcell-mm__plp-thumbs.xcell-mm__plp-thumbs--flat > a.xcell-mm__plp-thumb,https://xcellparts.com/product-category/apple/iphone/iphone-7-plus,False,False,2026-09-07T04:40:13+00:00,,,,,
XCell Parts,https://xcellparts.com/,APPLE,https://xcellparts.com/product-category/apple,1,click,IPHONE,https://xcellparts.com/product-category/apple/iphone,1,dom-inspection,IPHONE 7G,https://xcellparts.com/product-category/apple/iphone/iphone-7g,41,1,41,3,dom-inspection,div#plp-243-2615 > div.xcell-mm__plp-thumbs.xcell-mm__plp-thumbs--flat > a.xcell-mm__plp-thumb,https://xcellparts.com/product-category/apple/iphone/iphone-7g,False,False,2026-09-07T04:40:13+00:00,,,,,
XCell Parts,https://xcellparts.com/,APPLE,https://xcellparts.com/product-category/apple,1,click,IPHONE,https://xcellparts.com/product-category/apple/iphone,1,dom-inspection,IPHONE 6S PLUS,https://xcellparts.com/product-category/apple/iphone/iphone-6s-plus,42,1,42,3,dom-inspection,div#plp-243-2615 > div.xcell-mm__plp-thumbs.xcell-mm__plp-thumbs--flat > a.xcell-mm__plp-thumb,https://xcellparts.com/product-category/apple/iphone/iphone-6s-plus,False,False,2026-09-07T04:40:13+00:00,,,,,
XCell Parts,https://xcellparts.com/,APPLE,https://xcellparts.com/product-category/apple,1,click,IPHONE,https://xcellparts.com/product-category/apple/iphone,1,dom-inspection,IPHONE 6S,https://xcellparts.com/product-category/apple/iphone/iphone-6s,43,1,43,3,dom-inspection,div#plp-243-2615 > div.xcell-mm__plp-thumbs.xcell-mm__plp-thumbs--flat > a.xcell-mm__plp-thumb,https://xcellparts.com/product-category/apple/iphone/iphone-6s,False,False,2026-09-07T04:40:13+00:00,,,,,
XCell Parts,https://xcellparts.com/,APPLE,https://xcellparts.com/product-category/apple,1,click,IPHONE,https://xcellparts.com/product-category/apple/iphone,1,dom-inspection,IPHONE 6 PLUS,https://xcellparts.com/product-category/apple/iphone/iphone-6-plus,44,1,44,3,dom-inspection,div#plp-243-2615 > div.xcell-mm__plp-thumbs.xcell-mm__plp-thumbs--flat > a.xcell-mm__plp-thumb,https://xcellparts.com/product-category/apple/iphone/iphone-6-plus,False,False,2026-09-07T04:40:13+00:00,,,,,
XCell Parts,https://xcellparts.com/,APPLE,https://xcellparts.com/product-category/apple,1,click,IPHONE,https://xcellparts.com/product-category/apple/iphone,1,dom-inspection,IPHONE 6G,https://xcellparts.com/product-category/apple/iphone/iphone-6g,45,1,45,3,dom-inspection,div#plp-243-2615 > div.xcell-mm__plp-thumbs.xcell-mm__plp-thumbs--flat > a.xcell-mm__plp-thumb,https://xcellparts.com/product-category/apple/iphone/iphone-6g,False,False,2026-09-07T04:40:13+00:00,,,,,
XCell Parts,https://xcellparts.com/,APPLE,https://xcellparts.com/product-category/apple,1,click,IPHONE,https://xcellparts.com/product-category/apple/iphone,1,dom-inspection,IPHONE SE 2016,https://xcellparts.com/product-category/apple/iphone/iphone-se-2016,46,1,46,3,dom-inspection,div#plp-243-2615 > div.xcell-mm__plp-thumbs.xcell-mm__plp-thumbs--flat > a.xcell-mm__plp-thumb,https://xcellparts.com/product-category/apple/iphone/iphone-se-2016,False,False,2026-09-07T04:40:13+00:00,,,,,
XCell Parts,https://xcellparts.com/,APPLE,https://xcellparts.com/product-category/apple,1,click,IPHONE,https://xcellparts.com/product-category/apple/iphone,1,dom-inspection,IPHONE 5S,https://xcellparts.com/product-category/apple/iphone/iphone-5s,47,1,47,3,dom-inspection,div#plp-243-2615 > div.xcell-mm__plp-thumbs.xcell-mm__plp-thumbs--flat > a.xcell-mm__plp-thumb,https://xcellparts.com/product-category/apple/iphone/iphone-5s,False,False,2026-09-07T04:40:13+00:00,,,,,
XCell Parts,https://xcellparts.com/,APPLE,https://xcellparts.com/product-category/apple,1,click,IPHONE,https://xcellparts.com/product-category/apple/iphone,1,dom-inspection,IPHONE 5C,https://xcellparts.com/product-category/apple/iphone/iphone-5c,48,1,48,3,dom-inspection,div#plp-243-2615 > div.xcell-mm__plp-thumbs.xcell-mm__plp-thumbs--flat > a.xcell-mm__plp-thumb,https://xcellparts.com/product-category/apple/iphone/iphone-5c,False,False,2026-09-07T04:40:13+00:00,,,,,
XCell Parts,https://xcellparts.com/,APPLE,https://xcellparts.com/product-category/apple,1,click,IPHONE,https://xcellparts.com/product-category/apple/iphone,1,dom-inspection,IPHONE 5G,https://xcellparts.com/product-category/apple/iphone/iphone-5g,49,1,49,3,dom-inspection,div#plp-243-2615 > div.xcell-mm__plp-thumbs.xcell-mm__plp-thumbs--flat > a.xcell-mm__plp-thumb,https://xcellparts.com/product-category/apple/iphone/iphone-5g,False,False,2026-09-07T04:40:13+00:00,,,,,
XCell Parts,https://xcellparts.com/,APPLE,https://xcellparts.com/product-category/apple,1,click,IPHONE,https://xcellparts.com/product-category/apple/iphone,1,dom-inspection,IPHONE 4S,https://xcellparts.com/product-category/apple/iphone/iphone-4s,50,1,50,3,dom-inspection,div#plp-243-2615 > div.xcell-mm__plp-thumbs.xcell-mm__plp-thumbs--flat > a.xcell-mm__plp-thumb,https://xcellparts.com/product-category/apple/iphone/iphone-4s,False,False,2026-09-07T04:40:13+00:00,,,,,
XCell Parts,https://xcellparts.com/,APPLE,https://xcellparts.com/product-category/apple,1,click,IPHONE,https://xcellparts.com/product-category/apple/iphone,1,dom-inspection,IPHONE 4G,https://xcellparts.com/product-category/apple/iphone/iphone-4g,51,1,51,3,dom-inspection,div#plp-243-2615 > div.xcell-mm__plp-thumbs.xcell-mm__plp-thumbs--flat > a.xcell-mm__plp-thumb,https://xcellparts.com/product-category/apple/iphone/iphone-4g,False,False,2026-09-07T04:40:13+00:00,,,,,
XCell Parts,https://xcellparts.com/,APPLE,https://xcellparts.com/product-category/apple,1,click,IPHONE,https://xcellparts.com/product-category/apple/iphone,1,dom-inspection,IPHONE 3GS,https://xcellparts.com/product-category/apple/iphone/iphone-3gs,52,1,52,3,dom-inspection,div#plp-243-2615 > div.xcell-mm__plp-thumbs.xcell-mm__plp-thumbs--flat > a.xcell-mm__plp-thumb,https://xcellparts.com/product-category/apple/iphone/iphone-3gs,False,False,2026-09-07T04:40:13+00:00,,,,,
XCell Parts,https://xcellparts.com/,APPLE,https://xcellparts.com/product-category/apple,1,click,IPAD,https://xcellparts.com/product-category/apple/ipad,2,dom-inspection,IPAD PRO,https://xcellparts.com/product-category/apple/ipad/ipad-pro,1,1,1,3,dom-inspection,div#split-2614-978594 > a.xcell-mm__plp-group-head,https://xcellparts.com/product-category/apple/ipad/ipad-pro,False,False,2026-09-07T04:40:13+00:00,,,,,
XCell Parts,https://xcellparts.com/,APPLE,https://xcellparts.com/product-category/apple,1,click,IPAD,https://xcellparts.com/product-category/apple/ipad,2,dom-inspection,"IPAD PRO 13"" 8TH GEN (2025)",https://xcellparts.com/product-category/apple/ipad/ipad-pro/ipad-pro-13-8th-gen-2025,2,1,2,3,dom-inspection,div#split-2614-978594 > div.xcell-mm__plp-thumbs.xcell-mm__plp-thumbs--flat > a.xcell-mm__plp-thumb,https://xcellparts.com/product-category/apple/ipad/ipad-pro/ipad-pro-13-8th-gen-2025,False,False,2026-09-07T04:40:13+00:00,,,,,
XCell Parts,https://xcellparts.com/,APPLE,https://xcellparts.com/product-category/apple,1,click,IPAD,https://xcellparts.com/product-category/apple/ipad,2,dom-inspection,"IPAD PRO 13"" 7TH GEN (2024)",https://xcellparts.com/product-category/apple/ipad/ipad-pro/ipad-pro-13-7th-gen-2024,3,1,3,3,dom-inspection,div#split-2614-978594 > div.xcell-mm__plp-thumbs.xcell-mm__plp-thumbs--flat > a.xcell-mm__plp-thumb,https://xcellparts.com/product-category/apple/ipad/ipad-pro/ipad-pro-13-7th-gen-2024,False,False,2026-09-07T04:40:13+00:00,,,,,
XCell Parts,https://xcellparts.com/,APPLE,https://xcellparts.com/product-category/apple,1,click,IPAD,https://xcellparts.com/product-category/apple/ipad,2,dom-inspection,"IPAD PRO 12.9"" 6TH GEN (2022)",https://xcellparts.com/product-category/apple/ipad/ipad-pro/ipad-pro-12-9-6th-gen-2022,4,1,4,3,dom-inspection,div#split-2614-978594 > div.xcell-mm__plp-thumbs.xcell-mm__plp-thumbs--flat > a.xcell-mm__plp-thumb,https://xcellparts.com/product-category/apple/ipad/ipad-pro/ipad-pro-12-9-6th-gen-2022,False,False,2026-09-07T04:40:13+00:00,,,,,
XCell Parts,https://xcellparts.com/,APPLE,https://xcellparts.com/product-category/apple,1,click,IPAD,https://xcellparts.com/product-category/apple/ipad,2,dom-inspection,"IPAD PRO 12.9"" 5TH GEN (2021)",https://xcellparts.com/product-category/apple/ipad/ipad-pro/ipad-pro-12-9-5th-gen-2021,5,1,5,3,dom-inspection,div#split-2614-978594 > div.xcell-mm__plp-thumbs.xcell-mm__plp-thumbs--flat > a.xcell-mm__plp-thumb,https://xcellparts.com/product-category/apple/ipad/ipad-pro/ipad-pro-12-9-5th-gen-2021,False,False,2026-09-07T04:40:13+00:00,,,,,
XCell Parts,https://xcellparts.com/,APPLE,https://xcellparts.com/product-category/apple,1,click,IPAD,https://xcellparts.com/product-category/apple/ipad,2,dom-inspection,"IPAD PRO 12.9"" 4TH GEN (2020)",https://xcellparts.com/product-category/apple/ipad/ipad-pro/ipad-pro-12-9-4th-gen-2020,6,1,6,3,dom-inspection,div#split-2614-978594 > div.xcell-mm__plp-thumbs.xcell-mm__plp-thumbs--flat > a.xcell-mm__plp-thumb,https://xcellparts.com/product-category/apple/ipad/ipad-pro/ipad-pro-12-9-4th-gen-2020,False,False,2026-09-07T04:40:13+00:00,,,,,
XCell Parts,https://xcellparts.com/,APPLE,https://xcellparts.com/product-category/apple,1,click,IPAD,https://xcellparts.com/product-category/apple/ipad,2,dom-inspection,"IPAD PRO 12.9"" 3RD GEN (2018)",https://xcellparts.com/product-category/apple/ipad/ipad-pro/ipad-pro-12-9-3rd-gen-2018,7,1,7,3,dom-inspection,div#split-2614-978594 > div.xcell-mm__plp-thumbs.xcell-mm__plp-thumbs--flat > a.xcell-mm__plp-thumb,https://xcellparts.com/product-category/apple/ipad/ipad-pro/ipad-pro-12-9-3rd-gen-2018,False,False,2026-09-07T04:40:13+00:00,,,,,
XCell Parts,https://xcellparts.com/,APPLE,https://xcellparts.com/product-category/apple,1,click,IPAD,https://xcellparts.com/product-category/apple/ipad,2,dom-inspection,"IPAD PRO 12.9"" 2ND GEN (2017)",https://xcellparts.com/product-category/apple/ipad/ipad-pro/ipad-pro-12-9-2nd-gen-2017,8,1,8,3,dom-inspection,div#split-2614-978594 > div.xcell-mm__plp-thumbs.xcell-mm__plp-thumbs--flat > a.xcell-mm__plp-thumb,https://xcellparts.com/product-category/apple/ipad/ipad-pro/ipad-pro-12-9-2nd-gen-2017,False,False,2026-09-07T04:40:13+00:00,,,,,
XCell Parts,https://xcellparts.com/,APPLE,https://xcellparts.com/product-category/apple,1,click,IPAD,https://xcellparts.com/product-category/apple/ipad,2,dom-inspection,"IPAD PRO 12.9"" 1ST GEN (2015)",https://xcellparts.com/product-category/apple/ipad/ipad-pro/ipad-pro-12-9-1st-gen-2015,9,1,9,3,dom-inspection,div#split-2614-978594 > div.xcell-mm__plp-thumbs.xcell-mm__plp-thumbs--flat > a.xcell-mm__plp-thumb,https://xcellparts.com/product-category/apple/ipad/ipad-pro/ipad-pro-12-9-1st-gen-2015,False,False,2026-09-07T04:40:13+00:00,,,,,
XCell Parts,https://xcellparts.com/,APPLE,https://xcellparts.com/product-category/apple,1,click,IPAD,https://xcellparts.com/product-category/apple/ipad,2,dom-inspection,"IPAD PRO 11"" 8TH GEN (2025)",https://xcellparts.com/product-category/apple/ipad/ipad-pro/ipad-pro-11-8th-gen-2025,10,1,10,3,dom-inspection,div#split-2614-978594 > div.xcell-mm__plp-thumbs.xcell-mm__plp-thumbs--flat > a.xcell-mm__plp-thumb,https://xcellparts.com/product-category/apple/ipad/ipad-pro/ipad-pro-11-8th-gen-2025,False,False,2026-09-07T04:40:13+00:00,,,,,
XCell Parts,https://xcellparts.com/,APPLE,https://xcellparts.com/product-category/apple,1,click,IPAD,https://xcellparts.com/product-category/apple/ipad,2,dom-inspection,"IPAD PRO 11"" 5TH GEN (2024)",https://xcellparts.com/product-category/apple/ipad/ipad-pro/ipad-pro-11-5th-gen-2024,11,1,11,3,dom-inspection,div#split-2614-978594 > div.xcell-mm__plp-thumbs.xcell-mm__plp-thumbs--flat > a.xcell-mm__plp-thumb,https://xcellparts.com/product-category/apple/ipad/ipad-pro/ipad-pro-11-5th-gen-2024,False,False,2026-09-07T04:40:13+00:00,,,,,
XCell Parts,https://xcellparts.com/,APPLE,https://xcellparts.com/product-category/apple,1,click,IPAD,https://xcellparts.com/product-category/apple/ipad,2,dom-inspection,"IPAD PRO 11"" 4TH GEN (2022)",https://xcellparts.com/product-category/apple/ipad/ipad-pro/ipad-pro-11-4th-gen-2022,12,1,12,3,dom-inspection,div#split-2614-978594 > div.xcell-mm__plp-thumbs.xcell-mm__plp-thumbs--flat > a.xcell-mm__plp-thumb,https://xcellparts.com/product-category/apple/ipad/ipad-pro/ipad-pro-11-4th-gen-2022,False,False,2026-09-07T04:40:13+00:00,,,,,
XCell Parts,https://xcellparts.com/,APPLE,https://xcellparts.com/product-category/apple,1,click,IPAD,https://xcellparts.com/product-category/apple/ipad,2,dom-inspection,"IPAD PRO 11"" 3RD GEN (2021)",https://xcellparts.com/product-category/apple/ipad/ipad-pro/ipad-pro-11-3rd-gen-2021,13,1,13,3,dom-inspection,div#split-2614-978594 > div.xcell-mm__plp-thumbs.xcell-mm__plp-thumbs--flat > a.xcell-mm__plp-thumb,https://xcellparts.com/product-category/apple/ipad/ipad-pro/ipad-pro-11-3rd-gen-2021,False,False,2026-09-07T04:40:13+00:00,,,,,
XCell Parts,https://xcellparts.com/,APPLE,https://xcellparts.com/product-category/apple,1,click,IPAD,https://xcellparts.com/product-category/apple/ipad,2,dom-inspection,"IPAD PRO 11"" 2ND GEN (2020)",https://xcellparts.com/product-category/apple/ipad/ipad-pro/ipad-pro-11-2nd-gen-2020,14,1,14,3,dom-inspection,div#split-2614-978594 > div.xcell-mm__plp-thumbs.xcell-mm__plp-thumbs--flat > a.xcell-mm__plp-thumb,https://xcellparts.com/product-category/apple/ipad/ipad-pro/ipad-pro-11-2nd-gen-2020,False,False,2026-09-07T04:40:13+00:00,,,,,
XCell Parts,https://xcellparts.com/,APPLE,https://xcellparts.com/product-category/apple,1,click,IPAD,https://xcellparts.com/product-category/apple/ipad,2,dom-inspection,"IPAD PRO 11"" 1ST GEN (2018)",https://xcellparts.com/product-category/apple/ipad/ipad-pro/ipad-pro-11-1st-gen-2018,15,1,15,3,dom-inspection,div#split-2614-978594 > div.xcell-mm__plp-thumbs.xcell-mm__plp-thumbs--flat > a.xcell-mm__plp-thumb,https://xcellparts.com/product-category/apple/ipad/ipad-pro/ipad-pro-11-1st-gen-2018,False,False,2026-09-07T04:40:13+00:00,,,,,
XCell Parts,https://xcellparts.com/,APPLE,https://xcellparts.com/product-category/apple,1,click,IPAD,https://xcellparts.com/product-category/apple/ipad,2,dom-inspection,IPAD PRO 10.5 (2017),https://xcellparts.com/product-category/apple/ipad/ipad-pro/ipad-pro-10-5-2017,16,1,16,3,dom-inspection,div#split-2614-978594 > div.xcell-mm__plp-thumbs.xcell-mm__plp-thumbs--flat > a.xcell-mm__plp-thumb,https://xcellparts.com/product-category/apple/ipad/ipad-pro/ipad-pro-10-5-2017,False,False,2026-09-07T04:40:13+00:00,,,,,
XCell Parts,https://xcellparts.com/,APPLE,https://xcellparts.com/product-category/apple,1,click,IPAD,https://xcellparts.com/product-category/apple/ipad,2,dom-inspection,IPAD PRO 9.7 (2016),https://xcellparts.com/product-category/apple/ipad/ipad-pro/ipad-pro-9-7-2016,17,1,17,3,dom-inspection,div#split-2614-978594 > div.xcell-mm__plp-thumbs.xcell-mm__plp-thumbs--flat > a.xcell-mm__plp-thumb,https://xcellparts.com/product-category/apple/ipad/ipad-pro/ipad-pro-9-7-2016,False,False,2026-09-07T04:40:13+00:00,,,,,
XCell Parts,https://xcellparts.com/,APPLE,https://xcellparts.com/product-category/apple,1,click,IPAD,https://xcellparts.com/product-category/apple/ipad,2,dom-inspection,IPAD,https://xcellparts.com/product-category/apple/ipad/ipad-ipad,18,2,1,3,dom-inspection,div#split-2614-978636 > a.xcell-mm__plp-group-head,https://xcellparts.com/product-category/apple/ipad/ipad-ipad,False,False,2026-09-07T04:40:13+00:00,,,,,
XCell Parts,https://xcellparts.com/,APPLE,https://xcellparts.com/product-category/apple,1,click,IPAD,https://xcellparts.com/product-category/apple/ipad,2,dom-inspection,IPAD 11 (2025),https://xcellparts.com/product-category/apple/ipad/ipad-ipad/ipad-11-2025-ipad-ipad,19,2,2,3,dom-inspection,div#split-2614-978636 > div.xcell-mm__plp-thumbs.xcell-mm__plp-thumbs--flat > a.xcell-mm__plp-thumb,https://xcellparts.com/product-category/apple/ipad/ipad-ipad/ipad-11-2025-ipad-ipad,False,False,2026-09-07T04:40:13+00:00,,,,,
XCell Parts,https://xcellparts.com/,APPLE,https://xcellparts.com/product-category/apple,1,click,IPAD,https://xcellparts.com/product-category/apple/ipad,2,dom-inspection,IPAD 10 (2022),https://xcellparts.com/product-category/apple/ipad/ipad-ipad/ipad-10-2022-ipad-ipad,20,2,3,3,dom-inspection,div#split-2614-978636 > div.xcell-mm__plp-thumbs.xcell-mm__plp-thumbs--flat > a.xcell-mm__plp-thumb,https://xcellparts.com/product-category/apple/ipad/ipad-ipad/ipad-10-2022-ipad-ipad,False,False,2026-09-07T04:40:13+00:00,,,,,
XCell Parts,https://xcellparts.com/,APPLE,https://xcellparts.com/product-category/apple,1,click,IPAD,https://xcellparts.com/product-category/apple/ipad,2,dom-inspection,IPAD 9 (2021),https://xcellparts.com/product-category/apple/ipad/ipad-ipad/ipad-9-2021,21,2,4,3,dom-inspection,div#split-2614-978636 > div.xcell-mm__plp-thumbs.xcell-mm__plp-thumbs--flat > a.xcell-mm__plp-thumb,https://xcellparts.com/product-category/apple/ipad/ipad-ipad/ipad-9-2021,False,False,2026-09-07T04:40:13+00:00,,,,,
XCell Parts,https://xcellparts.com/,APPLE,https://xcellparts.com/product-category/apple,1,click,IPAD,https://xcellparts.com/product-category/apple/ipad,2,dom-inspection,IPAD 8 (2020),https://xcellparts.com/product-category/apple/ipad/ipad-ipad/ipad-8-2020,22,2,5,3,dom-inspection,div#split-2614-978636 > div.xcell-mm__plp-thumbs.xcell-mm__plp-thumbs--flat > a.xcell-mm__plp-thumb,https://xcellparts.com/product-category/apple/ipad/ipad-ipad/ipad-8-2020,False,False,2026-09-07T04:40:13+00:00,,,,,
XCell Parts,https://xcellparts.com/,APPLE,https://xcellparts.com/product-category/apple,1,click,IPAD,https://xcellparts.com/product-category/apple/ipad,2,dom-inspection,IPAD 7 (2019),https://xcellparts.com/product-category/apple/ipad/ipad-ipad/ipad-7-2019-ipad-ipad,23,2,6,3,dom-inspection,div#split-2614-978636 > div.xcell-mm__plp-thumbs.xcell-mm__plp-thumbs--flat > a.xcell-mm__plp-thumb,https://xcellparts.com/product-category/apple/ipad/ipad-ipad/ipad-7-2019-ipad-ipad,False,False,2026-09-07T04:40:13+00:00,,,,,
XCell Parts,https://xcellparts.com/,APPLE,https://xcellparts.com/product-category/apple,1,click,IPAD,https://xcellparts.com/product-category/apple/ipad,2,dom-inspection,IPAD 6 (2018),https://xcellparts.com/product-category/apple/ipad/ipad-ipad/ipad-6-2018-ipad-ipad,24,2,7,3,dom-inspection,div#split-2614-978636 > div.xcell-mm__plp-thumbs.xcell-mm__plp-thumbs--flat > a.xcell-mm__plp-thumb,https://xcellparts.com/product-category/apple/ipad/ipad-ipad/ipad-6-2018-ipad-ipad,False,False,2026-09-07T04:40:13+00:00,,,,,
XCell Parts,https://xcellparts.com/,APPLE,https://xcellparts.com/product-category/apple,1,click,IPAD,https://xcellparts.com/product-category/apple/ipad,2,dom-inspection,IPAD 5 (2017),https://xcellparts.com/product-category/apple/ipad/ipad-ipad/ipad-5-2017-ipad-ipad,25,2,8,3,dom-inspection,div#split-2614-978636 > div.xcell-mm__plp-thumbs.xcell-mm__plp-thumbs--flat > a.xcell-mm__plp-thumb,https://xcellparts.com/product-category/apple/ipad/ipad-ipad/ipad-5-2017-ipad-ipad,False,False,2026-09-07T04:40:13+00:00,,,,,
XCell Parts,https://xcellparts.com/,APPLE,https://xcellparts.com/product-category/apple,1,click,IPAD,https://xcellparts.com/product-category/apple/ipad,2,dom-inspection,IPAD 4 (2012),https://xcellparts.com/product-category/apple/ipad/ipad-ipad/ipad-4-2012,26,2,9,3,dom-inspection,div#split-2614-978636 > div.xcell-mm__plp-thumbs.xcell-mm__plp-thumbs--flat > a.xcell-mm__plp-thumb,https://xcellparts.com/product-category/apple/ipad/ipad-ipad/ipad-4-2012,False,False,2026-09-07T04:40:13+00:00,,,,,
XCell Parts,https://xcellparts.com/,APPLE,https://xcellparts.com/product-category/apple,1,click,IPAD,https://xcellparts.com/product-category/apple/ipad,2,dom-inspection,IPAD 3 (2012),https://xcellparts.com/product-category/apple/ipad/ipad-ipad/ipad-3-2012,27,2,10,3,dom-inspection,div#split-2614-978636 > div.xcell-mm__plp-thumbs.xcell-mm__plp-thumbs--flat > a.xcell-mm__plp-thumb,https://xcellparts.com/product-category/apple/ipad/ipad-ipad/ipad-3-2012,False,False,2026-09-07T04:40:13+00:00,,,,,
XCell Parts,https://xcellparts.com/,APPLE,https://xcellparts.com/product-category/apple,1,click,IPAD,https://xcellparts.com/product-category/apple/ipad,2,dom-inspection,IPAD 2 (2011),https://xcellparts.com/product-category/apple/ipad/ipad-ipad/ipad-2-2011,28,2,11,3,dom-inspection,div#split-2614-978636 > div.xcell-mm__plp-thumbs.xcell-mm__plp-thumbs--flat > a.xcell-mm__plp-thumb,https://xcellparts.com/product-category/apple/ipad/ipad-ipad/ipad-2-2011,False,False,2026-09-07T04:40:13+00:00,,,,,
XCell Parts,https://xcellparts.com/,APPLE,https://xcellparts.com/product-category/apple,1,click,IPAD,https://xcellparts.com/product-category/apple/ipad,2,dom-inspection,IPAD AIR,https://xcellparts.com/product-category/apple/ipad/ipad-air,29,3,1,3,dom-inspection,div#split-2614-980396 > a.xcell-mm__plp-group-head,https://xcellparts.com/product-category/apple/ipad/ipad-air,False,False,2026-09-07T04:40:13+00:00,,,,,
XCell Parts,https://xcellparts.com/,APPLE,https://xcellparts.com/product-category/apple,1,click,IPAD,https://xcellparts.com/product-category/apple/ipad,2,dom-inspection,"IPAD AIR 11"" (2025)",https://xcellparts.com/product-category/apple/ipad/ipad-air/ipad-air-11-2025,30,3,2,3,dom-inspection,div#split-2614-980396 > div.xcell-mm__plp-thumbs.xcell-mm__plp-thumbs--flat > a.xcell-mm__plp-thumb,https://xcellparts.com/product-category/apple/ipad/ipad-air/ipad-air-11-2025,False,False,2026-09-07T04:40:13+00:00,,,,,
XCell Parts,https://xcellparts.com/,APPLE,https://xcellparts.com/product-category/apple,1,click,IPAD,https://xcellparts.com/product-category/apple/ipad,2,dom-inspection,"IPAD AIR 11"" (2026)",https://xcellparts.com/product-category/apple/ipad/ipad-air/ipad-air-11-2026,31,3,3,3,dom-inspection,div#split-2614-980396 > div.xcell-mm__plp-thumbs.xcell-mm__plp-thumbs--flat > a.xcell-mm__plp-thumb,https://xcellparts.com/product-category/apple/ipad/ipad-air/ipad-air-11-2026,False,False,2026-09-07T04:40:13+00:00,,,,,
XCell Parts,https://xcellparts.com/,APPLE,https://xcellparts.com/product-category/apple,1,click,IPAD,https://xcellparts.com/product-category/apple/ipad,2,dom-inspection,"IPAD AIR 13"" (2026)",https://xcellparts.com/product-category/apple/ipad/ipad-air/ipad-air-13-2026,32,3,4,3,dom-inspection,div#split-2614-980396 > div.xcell-mm__plp-thumbs.xcell-mm__plp-thumbs--flat > a.xcell-mm__plp-thumb,https://xcellparts.com/product-category/apple/ipad/ipad-air/ipad-air-13-2026,False,False,2026-09-07T04:40:13+00:00,,,,,
XCell Parts,https://xcellparts.com/,APPLE,https://xcellparts.com/product-category/apple,1,click,IPAD,https://xcellparts.com/product-category/apple/ipad,2,dom-inspection,"IPAD AIR 13"" (2025)",https://xcellparts.com/product-category/apple/ipad/ipad-air/ipad-air-13-2025,33,3,5,3,dom-inspection,div#split-2614-980396 > div.xcell-mm__plp-thumbs.xcell-mm__plp-thumbs--flat > a.xcell-mm__plp-thumb,https://xcellparts.com/product-category/apple/ipad/ipad-air/ipad-air-13-2025,False,False,2026-09-07T04:40:13+00:00,,,,,
XCell Parts,https://xcellparts.com/,APPLE,https://xcellparts.com/product-category/apple,1,click,IPAD,https://xcellparts.com/product-category/apple/ipad,2,dom-inspection,"IPAD AIR 13"" (2024)",https://xcellparts.com/product-category/apple/ipad/ipad-air/ipad-air-13-2024,34,3,6,3,dom-inspection,div#split-2614-980396 > div.xcell-mm__plp-thumbs.xcell-mm__plp-thumbs--flat > a.xcell-mm__plp-thumb,https://xcellparts.com/product-category/apple/ipad/ipad-air/ipad-air-13-2024,False,False,2026-09-07T04:40:13+00:00,,,,,
XCell Parts,https://xcellparts.com/,APPLE,https://xcellparts.com/product-category/apple,1,click,IPAD,https://xcellparts.com/product-category/apple/ipad,2,dom-inspection,"IPAD AIR 11"" (2024)",https://xcellparts.com/product-category/apple/ipad/ipad-air/ipad-air-11-2024,35,3,7,3,dom-inspection,div#split-2614-980396 > div.xcell-mm__plp-thumbs.xcell-mm__plp-thumbs--flat > a.xcell-mm__plp-thumb,https://xcellparts.com/product-category/apple/ipad/ipad-air/ipad-air-11-2024,False,False,2026-09-07T04:40:13+00:00,,,,,
XCell Parts,https://xcellparts.com/,APPLE,https://xcellparts.com/product-category/apple,1,click,IPAD,https://xcellparts.com/product-category/apple/ipad,2,dom-inspection,IPAD AIR 5 (2022),https://xcellparts.com/product-category/apple/ipad/ipad-air/ipad-air-5-2022,36,3,8,3,dom-inspection,div#split-2614-980396 > div.xcell-mm__plp-thumbs.xcell-mm__plp-thumbs--flat > a.xcell-mm__plp-thumb,https://xcellparts.com/product-category/apple/ipad/ipad-air/ipad-air-5-2022,False,False,2026-09-07T04:40:13+00:00,,,,,
XCell Parts,https://xcellparts.com/,APPLE,https://xcellparts.com/product-category/apple,1,click,IPAD,https://xcellparts.com/product-category/apple/ipad,2,dom-inspection,IPAD AIR 4 (2020),https://xcellparts.com/product-category/apple/ipad/ipad-air/ipad-air-4-2020,37,3,9,3,dom-inspection,div#split-2614-980396 > div.xcell-mm__plp-thumbs.xcell-mm__plp-thumbs--flat > a.xcell-mm__plp-thumb,https://xcellparts.com/product-category/apple/ipad/ipad-air/ipad-air-4-2020,False,False,2026-09-07T04:40:13+00:00,,,,,
XCell Parts,https://xcellparts.com/,APPLE,https://xcellparts.com/product-category/apple,1,click,IPAD,https://xcellparts.com/product-category/apple/ipad,2,dom-inspection,IPAD AIR 3 (2019),https://xcellparts.com/product-category/apple/ipad/ipad-air/ipad-air-3-2019,38,3,10,3,dom-inspection,div#split-2614-980396 > div.xcell-mm__plp-thumbs.xcell-mm__plp-thumbs--flat > a.xcell-mm__plp-thumb,https://xcellparts.com/product-category/apple/ipad/ipad-air/ipad-air-3-2019,False,False,2026-09-07T04:40:13+00:00,,,,,
XCell Parts,https://xcellparts.com/,APPLE,https://xcellparts.com/product-category/apple,1,click,IPAD,https://xcellparts.com/product-category/apple/ipad,2,dom-inspection,IPAD AIR 2 (2014),https://xcellparts.com/product-category/apple/ipad/ipad-air/ipad-air-2-2014,39,3,11,3,dom-inspection,div#split-2614-980396 > div.xcell-mm__plp-thumbs.xcell-mm__plp-thumbs--flat > a.xcell-mm__plp-thumb,https://xcellparts.com/product-category/apple/ipad/ipad-air/ipad-air-2-2014,False,False,2026-09-07T04:40:13+00:00,,,,,
XCell Parts,https://xcellparts.com/,APPLE,https://xcellparts.com/product-category/apple,1,click,IPAD,https://xcellparts.com/product-category/apple/ipad,2,dom-inspection,IPAD AIR 1 (2013),https://xcellparts.com/product-category/apple/ipad/ipad-air/ipad-air-1-2013,40,3,12,3,dom-inspection,div#split-2614-980396 > div.xcell-mm__plp-thumbs.xcell-mm__plp-thumbs--flat > a.xcell-mm__plp-thumb,https://xcellparts.com/product-category/apple/ipad/ipad-air/ipad-air-1-2013,False,False,2026-09-07T04:40:13+00:00,,,,,
XCell Parts,https://xcellparts.com/,APPLE,https://xcellparts.com/product-category/apple,1,click,IPAD,https://xcellparts.com/product-category/apple/ipad,2,dom-inspection,IPAD MINI,https://xcellparts.com/product-category/apple/ipad/ipad-mini,41,4,1,3,dom-inspection,div#split-2614-2750 > a.xcell-mm__plp-group-head,https://xcellparts.com/product-category/apple/ipad/ipad-mini,False,False,2026-09-07T04:40:13+00:00,,,,,
XCell Parts,https://xcellparts.com/,APPLE,https://xcellparts.com/product-category/apple,1,click,IPAD,https://xcellparts.com/product-category/apple/ipad,2,dom-inspection,IPAD MINI 7 (2024),https://xcellparts.com/product-category/apple/ipad/ipad-mini/ipad-mini-7-2024,42,4,2,3,dom-inspection,div#split-2614-2750 > div.xcell-mm__plp-thumbs.xcell-mm__plp-thumbs--flat > a.xcell-mm__plp-thumb,https://xcellparts.com/product-category/apple/ipad/ipad-mini/ipad-mini-7-2024,False,False,2026-09-07T04:40:13+00:00,,,,,
XCell Parts,https://xcellparts.com/,APPLE,https://xcellparts.com/product-category/apple,1,click,IPAD,https://xcellparts.com/product-category/apple/ipad,2,dom-inspection,IPAD MINI 6 (2021),https://xcellparts.com/product-category/apple/ipad/ipad-mini/ipad-mini-6-2021,43,4,3,3,dom-inspection,div#split-2614-2750 > div.xcell-mm__plp-thumbs.xcell-mm__plp-thumbs--flat > a.xcell-mm__plp-thumb,https://xcellparts.com/product-category/apple/ipad/ipad-mini/ipad-mini-6-2021,False,False,2026-09-07T04:40:13+00:00,,,,,
XCell Parts,https://xcellparts.com/,APPLE,https://xcellparts.com/product-category/apple,1,click,IPAD,https://xcellparts.com/product-category/apple/ipad,2,dom-inspection,IPAD MINI 5 (2019),https://xcellparts.com/product-category/apple/ipad/ipad-mini/ipad-mini-5-2019,44,4,4,3,dom-inspection,div#split-2614-2750 > div.xcell-mm__plp-thumbs.xcell-mm__plp-thumbs--flat > a.xcell-mm__plp-thumb,https://xcellparts.com/product-category/apple/ipad/ipad-mini/ipad-mini-5-2019,False,False,2026-09-07T04:40:13+00:00,,,,,
XCell Parts,https://xcellparts.com/,APPLE,https://xcellparts.com/product-category/apple,1,click,IPAD,https://xcellparts.com/product-category/apple/ipad,2,dom-inspection,IPAD MINI 4,https://xcellparts.com/product-category/apple/ipad/ipad-mini/ipad-mini-4,45,4,5,3,dom-inspection,div#split-2614-2750 > div.xcell-mm__plp-thumbs.xcell-mm__plp-thumbs--flat > a.xcell-mm__plp-thumb,https://xcellparts.com/product-category/apple/ipad/ipad-mini/ipad-mini-4,False,False,2026-09-07T04:40:13+00:00,,,,,
XCell Parts,https://xcellparts.com/,APPLE,https://xcellparts.com/product-category/apple,1,click,IPAD,https://xcellparts.com/product-category/apple/ipad,2,dom-inspection,IPAD MINI 3,https://xcellparts.com/product-category/apple/ipad/ipad-mini/ipad-mini-3,46,4,6,3,dom-inspection,div#split-2614-2750 > div.xcell-mm__plp-thumbs.xcell-mm__plp-thumbs--flat > a.xcell-mm__plp-thumb,https://xcellparts.com/product-category/apple/ipad/ipad-mini/ipad-mini-3,False,False,2026-09-07T04:40:13+00:00,,,,,
XCell Parts,https://xcellparts.com/,APPLE,https://xcellparts.com/product-category/apple,1,click,IPAD,https://xcellparts.com/product-category/apple/ipad,2,dom-inspection,IPAD MINI 2,https://xcellparts.com/product-category/apple/ipad/ipad-mini/ipad-mini-2,47,4,7,3,dom-inspection,div#split-2614-2750 > div.xcell-mm__plp-thumbs.xcell-mm__plp-thumbs--flat > a.xcell-mm__plp-thumb,https://xcellparts.com/product-category/apple/ipad/ipad-mini/ipad-mini-2,False,False,2026-09-07T04:40:13+00:00,,,,,
XCell Parts,https://xcellparts.com/,APPLE,https://xcellparts.com/product-category/apple,1,click,IPAD,https://xcellparts.com/product-category/apple/ipad,2,dom-inspection,IPAD MINI 1,https://xcellparts.com/product-category/apple/ipad/ipad-mini/ipad-mini-1,48,4,8,3,dom-inspection,div#split-2614-2750 > div.xcell-mm__plp-thumbs.xcell-mm__plp-thumbs--flat > a.xcell-mm__plp-thumb,https://xcellparts.com/product-category/apple/ipad/ipad-mini/ipad-mini-1,False,False,2026-09-07T04:40:13+00:00,,,,,
XCell Parts,https://xcellparts.com/,APPLE,https://xcellparts.com/product-category/apple,1,click,IWATCH,https://xcellparts.com/product-category/apple/iwatch,3,dom-inspection,SERIES 11 (46MM),https://xcellparts.com/product-category/apple/iwatch/series-11-46mm,1,1,1,3,dom-inspection,div#plp-243-2617 > div.xcell-mm__plp-thumbs.xcell-mm__plp-thumbs--flat > a.xcell-mm__plp-thumb,https://xcellparts.com/product-category/apple/iwatch/series-11-46mm,False,False,2026-09-07T04:40:13+00:00,,,,,
XCell Parts,https://xcellparts.com/,APPLE,https://xcellparts.com/product-category/apple,1,click,IWATCH,https://xcellparts.com/product-category/apple/iwatch,3,dom-inspection,SERIES 11 (42MM),https://xcellparts.com/product-category/apple/iwatch/series-11-42mm,2,1,2,3,dom-inspection,div#plp-243-2617 > div.xcell-mm__plp-thumbs.xcell-mm__plp-thumbs--flat > a.xcell-mm__plp-thumb,https://xcellparts.com/product-category/apple/iwatch/series-11-42mm,False,False,2026-09-07T04:40:13+00:00,,,,,
XCell Parts,https://xcellparts.com/,APPLE,https://xcellparts.com/product-category/apple,1,click,IWATCH,https://xcellparts.com/product-category/apple/iwatch,3,dom-inspection,SERIES SE (3RD GEN) (44MM),https://xcellparts.com/product-category/apple/iwatch/series-se-3rd-gen-44mm,3,1,3,3,dom-inspection,div#plp-243-2617 > div.xcell-mm__plp-thumbs.xcell-mm__plp-thumbs--flat > a.xcell-mm__plp-thumb,https://xcellparts.com/product-category/apple/iwatch/series-se-3rd-gen-44mm,False,False,2026-09-07T04:40:13+00:00,,,,,
XCell Parts,https://xcellparts.com/,APPLE,https://xcellparts.com/product-category/apple,1,click,IWATCH,https://xcellparts.com/product-category/apple/iwatch,3,dom-inspection,SERIES SE (3RD GEN) (40MM),https://xcellparts.com/product-category/apple/iwatch/series-se-3rd-gen-40mm,4,1,4,3,dom-inspection,div#plp-243-2617 > div.xcell-mm__plp-thumbs.xcell-mm__plp-thumbs--flat > a.xcell-mm__plp-thumb,https://xcellparts.com/product-category/apple/iwatch/series-se-3rd-gen-40mm,False,False,2026-09-07T04:40:13+00:00,,,,,
XCell Parts,https://xcellparts.com/,APPLE,https://xcellparts.com/product-category/apple,1,click,IWATCH,https://xcellparts.com/product-category/apple/iwatch,3,dom-inspection,SERIES ULTRA 3 (49MM),https://xcellparts.com/product-category/apple/iwatch/series-ultra-3-49mm,5,1,5,3,dom-inspection,div#plp-243-2617 > div.xcell-mm__plp-thumbs.xcell-mm__plp-thumbs--flat > a.xcell-mm__plp-thumb,https://xcellparts.com/product-category/apple/iwatch/series-ultra-3-49mm,False,False,2026-09-07T04:40:13+00:00,,,,,
XCell Parts,https://xcellparts.com/,APPLE,https://xcellparts.com/product-category/apple,1,click,IWATCH,https://xcellparts.com/product-category/apple/iwatch,3,dom-inspection,SERIES 10 (46MM),https://xcellparts.com/product-category/apple/iwatch/series-10-46mm,6,1,6,3,dom-inspection,div#plp-243-2617 > div.xcell-mm__plp-thumbs.xcell-mm__plp-thumbs--flat > a.xcell-mm__plp-thumb,https://xcellparts.com/product-category/apple/iwatch/series-10-46mm,False,False,2026-09-07T04:40:13+00:00,,,,,
XCell Parts,https://xcellparts.com/,APPLE,https://xcellparts.com/product-category/apple,1,click,IWATCH,https://xcellparts.com/product-category/apple/iwatch,3,dom-inspection,SERIES 10 (42MM),https://xcellparts.com/product-category/apple/iwatch/series-10-42mm,7,1,7,3,dom-inspection,div#plp-243-2617 > div.xcell-mm__plp-thumbs.xcell-mm__plp-thumbs--flat > a.xcell-mm__plp-thumb,https://xcellparts.com/product-category/apple/iwatch/series-10-42mm,False,False,2026-09-07T04:40:13+00:00,,,,,
XCell Parts,https://xcellparts.com/,APPLE,https://xcellparts.com/product-category/apple,1,click,IWATCH,https://xcellparts.com/product-category/apple/iwatch,3,dom-inspection,SERIES 9 (45MM),https://xcellparts.com/product-category/apple/iwatch/series-9-45mm,8,1,8,3,dom-inspection,div#plp-243-2617 > div.xcell-mm__plp-thumbs.xcell-mm__plp-thumbs--flat > a.xcell-mm__plp-thumb,https://xcellparts.com/product-category/apple/iwatch/series-9-45mm,False,False,2026-09-07T04:40:13+00:00,,,,,
XCell Parts,https://xcellparts.com/,APPLE,https://xcellparts.com/product-category/apple,1,click,IWATCH,https://xcellparts.com/product-category/apple/iwatch,3,dom-inspection,SERIES 9 (41MM),https://xcellparts.com/product-category/apple/iwatch/series-9-41mm,9,1,9,3,dom-inspection,div#plp-243-2617 > div.xcell-mm__plp-thumbs.xcell-mm__plp-thumbs--flat > a.xcell-mm__plp-thumb,https://xcellparts.com/product-category/apple/iwatch/series-9-41mm,False,False,2026-09-07T04:40:13+00:00,,,,,
XCell Parts,https://xcellparts.com/,APPLE,https://xcellparts.com/product-category/apple,1,click,IWATCH,https://xcellparts.com/product-category/apple/iwatch,3,dom-inspection,SERIES ULTRA 2 (49MM),https://xcellparts.com/product-category/apple/iwatch/series-ultra-2-49mm,10,1,10,3,dom-inspection,div#plp-243-2617 > div.xcell-mm__plp-thumbs.xcell-mm__plp-thumbs--flat > a.xcell-mm__plp-thumb,https://xcellparts.com/product-category/apple/iwatch/series-ultra-2-49mm,False,False,2026-09-07T04:40:13+00:00,,,,,
XCell Parts,https://xcellparts.com/,APPLE,https://xcellparts.com/product-category/apple,1,click,IWATCH,https://xcellparts.com/product-category/apple/iwatch,3,dom-inspection,SERIES ULTRA (49MM),https://xcellparts.com/product-category/apple/iwatch/series-ultra-49mm,11,1,11,3,dom-inspection,div#plp-243-2617 > div.xcell-mm__plp-thumbs.xcell-mm__plp-thumbs--flat > a.xcell-mm__plp-thumb,https://xcellparts.com/product-category/apple/iwatch/series-ultra-49mm,False,False,2026-09-07T04:40:13+00:00,,,,,
XCell Parts,https://xcellparts.com/,APPLE,https://xcellparts.com/product-category/apple,1,click,IWATCH,https://xcellparts.com/product-category/apple/iwatch,3,dom-inspection,SERIES 8 (45MM),https://xcellparts.com/product-category/apple/iwatch/series-8-45mm,12,1,12,3,dom-inspection,div#plp-243-2617 > div.xcell-mm__plp-thumbs.xcell-mm__plp-thumbs--flat > a.xcell-mm__plp-thumb,https://xcellparts.com/product-category/apple/iwatch/series-8-45mm,False,False,2026-09-07T04:40:13+00:00,,,,,
XCell Parts,https://xcellparts.com/,APPLE,https://xcellparts.com/product-category/apple,1,click,IWATCH,https://xcellparts.com/product-category/apple/iwatch,3,dom-inspection,SERIES 8 (41MM),https://xcellparts.com/product-category/apple/iwatch/series-8-41mm,13,1,13,3,dom-inspection,div#plp-243-2617 > div.xcell-mm__plp-thumbs.xcell-mm__plp-thumbs--flat > a.xcell-mm__plp-thumb,https://xcellparts.com/product-category/apple/iwatch/series-8-41mm,False,False,2026-09-07T04:40:13+00:00,,,,,
XCell Parts,https://xcellparts.com/,APPLE,https://xcellparts.com/product-category/apple,1,click,IWATCH,https://xcellparts.com/product-category/apple/iwatch,3,dom-inspection,SERIES SE (2ND GEN) (44MM),https://xcellparts.com/product-category/apple/iwatch/series-se-2nd-gen-44mm,14,1,14,3,dom-inspection,div#plp-243-2617 > div.xcell-mm__plp-thumbs.xcell-mm__plp-thumbs--flat > a.xcell-mm__plp-thumb,https://xcellparts.com/product-category/apple/iwatch/series-se-2nd-gen-44mm,False,False,2026-09-07T04:40:13+00:00,,,,,
XCell Parts,https://xcellparts.com/,APPLE,https://xcellparts.com/product-category/apple,1,click,IWATCH,https://xcellparts.com/product-category/apple/iwatch,3,dom-inspection,SERIES SE (2ND GEN) (40MM),https://xcellparts.com/product-category/apple/iwatch/series-se-2nd-gen-40mm,15,1,15,3,dom-inspection,div#plp-243-2617 > div.xcell-mm__plp-thumbs.xcell-mm__plp-thumbs--flat > a.xcell-mm__plp-thumb,https://xcellparts.com/product-category/apple/iwatch/series-se-2nd-gen-40mm,False,False,2026-09-07T04:40:13+00:00,,,,,
XCell Parts,https://xcellparts.com/,APPLE,https://xcellparts.com/product-category/apple,1,click,IWATCH,https://xcellparts.com/product-category/apple/iwatch,3,dom-inspection,SERIES 7 (45MM),https://xcellparts.com/product-category/apple/iwatch/series-7-45mm,16,1,16,3,dom-inspection,div#plp-243-2617 > div.xcell-mm__plp-thumbs.xcell-mm__plp-thumbs--flat > a.xcell-mm__plp-thumb,https://xcellparts.com/product-category/apple/iwatch/series-7-45mm,False,False,2026-09-07T04:40:13+00:00,,,,,
XCell Parts,https://xcellparts.com/,APPLE,https://xcellparts.com/product-category/apple,1,click,IWATCH,https://xcellparts.com/product-category/apple/iwatch,3,dom-inspection,SERIES 7 (41MM),https://xcellparts.com/product-category/apple/iwatch/series-7-41mm,17,1,17,3,dom-inspection,div#plp-243-2617 > div.xcell-mm__plp-thumbs.xcell-mm__plp-thumbs--flat > a.xcell-mm__plp-thumb,https://xcellparts.com/product-category/apple/iwatch/series-7-41mm,False,False,2026-09-07T04:40:13+00:00,,,,,
XCell Parts,https://xcellparts.com/,APPLE,https://xcellparts.com/product-category/apple,1,click,IWATCH,https://xcellparts.com/product-category/apple/iwatch,3,dom-inspection,SERIES 6 (44MM),https://xcellparts.com/product-category/apple/iwatch/series-6-44mm,18,1,18,3,dom-inspection,div#plp-243-2617 > div.xcell-mm__plp-thumbs.xcell-mm__plp-thumbs--flat > a.xcell-mm__plp-thumb,https://xcellparts.com/product-category/apple/iwatch/series-6-44mm,False,False,2026-09-07T04:40:13+00:00,,,,,
XCell Parts,https://xcellparts.com/,APPLE,https://xcellparts.com/product-category/apple,1,click,IWATCH,https://xcellparts.com/product-category/apple/iwatch,3,dom-inspection,SERIES 6 (40MM),https://xcellparts.com/product-category/apple/iwatch/series-6-40mm,19,1,19,3,dom-inspection,div#plp-243-2617 > div.xcell-mm__plp-thumbs.xcell-mm__plp-thumbs--flat > a.xcell-mm__plp-thumb,https://xcellparts.com/product-category/apple/iwatch/series-6-40mm,False,False,2026-09-07T04:40:13+00:00,,,,,
XCell Parts,https://xcellparts.com/,APPLE,https://xcellparts.com/product-category/apple,1,click,IWATCH,https://xcellparts.com/product-category/apple/iwatch,3,dom-inspection,SERIES SE (44MM),https://xcellparts.com/product-category/apple/iwatch/series-se-44mm,20,1,20,3,dom-inspection,div#plp-243-2617 > div.xcell-mm__plp-thumbs.xcell-mm__plp-thumbs--flat > a.xcell-mm__plp-thumb,https://xcellparts.com/product-category/apple/iwatch/series-se-44mm,False,False,2026-09-07T04:40:13+00:00,,,,,
XCell Parts,https://xcellparts.com/,APPLE,https://xcellparts.com/product-category/apple,1,click,IWATCH,https://xcellparts.com/product-category/apple/iwatch,3,dom-inspection,SERIES SE (40MM),https://xcellparts.com/product-category/apple/iwatch/series-se-40mm,21,1,21,3,dom-inspection,div#plp-243-2617 > div.xcell-mm__plp-thumbs.xcell-mm__plp-thumbs--flat > a.xcell-mm__plp-thumb,https://xcellparts.com/product-category/apple/iwatch/series-se-40mm,False,False,2026-09-07T04:40:13+00:00,,,,,
XCell Parts,https://xcellparts.com/,APPLE,https://xcellparts.com/product-category/apple,1,click,IWATCH,https://xcellparts.com/product-category/apple/iwatch,3,dom-inspection,SERIES 5 (44MM),https://xcellparts.com/product-category/apple/iwatch/series-5-44mm,22,1,22,3,dom-inspection,div#plp-243-2617 > div.xcell-mm__plp-thumbs.xcell-mm__plp-thumbs--flat > a.xcell-mm__plp-thumb,https://xcellparts.com/product-category/apple/iwatch/series-5-44mm,False,False,2026-09-07T04:40:13+00:00,,,,,
XCell Parts,https://xcellparts.com/,APPLE,https://xcellparts.com/product-category/apple,1,click,IWATCH,https://xcellparts.com/product-category/apple/iwatch,3,dom-inspection,SERIES 5 (40MM),https://xcellparts.com/product-category/apple/iwatch/series-5-40mm,23,1,23,3,dom-inspection,div#plp-243-2617 > div.xcell-mm__plp-thumbs.xcell-mm__plp-thumbs--flat > a.xcell-mm__plp-thumb,https://xcellparts.com/product-category/apple/iwatch/series-5-40mm,False,False,2026-09-07T04:40:13+00:00,,,,,
XCell Parts,https://xcellparts.com/,APPLE,https://xcellparts.com/product-category/apple,1,click,IWATCH,https://xcellparts.com/product-category/apple/iwatch,3,dom-inspection,SERIES 4 (44MM),https://xcellparts.com/product-category/apple/iwatch/series-4-44mm,24,1,24,3,dom-inspection,div#plp-243-2617 > div.xcell-mm__plp-thumbs.xcell-mm__plp-thumbs--flat > a.xcell-mm__plp-thumb,https://xcellparts.com/product-category/apple/iwatch/series-4-44mm,False,False,2026-09-07T04:40:13+00:00,,,,,
XCell Parts,https://xcellparts.com/,APPLE,https://xcellparts.com/product-category/apple,1,click,IWATCH,https://xcellparts.com/product-category/apple/iwatch,3,dom-inspection,SERIES 4 (40MM),https://xcellparts.com/product-category/apple/iwatch/series-4-40mm,25,1,25,3,dom-inspection,div#plp-243-2617 > div.xcell-mm__plp-thumbs.xcell-mm__plp-thumbs--flat > a.xcell-mm__plp-thumb,https://xcellparts.com/product-category/apple/iwatch/series-4-40mm,False,False,2026-09-07T04:40:13+00:00,,,,,
XCell Parts,https://xcellparts.com/,APPLE,https://xcellparts.com/product-category/apple,1,click,IWATCH,https://xcellparts.com/product-category/apple/iwatch,3,dom-inspection,SERIES 3 (42MM),https://xcellparts.com/product-category/apple/iwatch/series-3-42mm,26,1,26,3,dom-inspection,div#plp-243-2617 > div.xcell-mm__plp-thumbs.xcell-mm__plp-thumbs--flat > a.xcell-mm__plp-thumb,https://xcellparts.com/product-category/apple/iwatch/series-3-42mm,False,False,2026-09-07T04:40:13+00:00,,,,,
XCell Parts,https://xcellparts.com/,APPLE,https://xcellparts.com/product-category/apple,1,click,IWATCH,https://xcellparts.com/product-category/apple/iwatch,3,dom-inspection,SERIES 3 (38MM),https://xcellparts.com/product-category/apple/iwatch/series-3-38mm,27,1,27,3,dom-inspection,div#plp-243-2617 > div.xcell-mm__plp-thumbs.xcell-mm__plp-thumbs--flat > a.xcell-mm__plp-thumb,https://xcellparts.com/product-category/apple/iwatch/series-3-38mm,False,False,2026-09-07T04:40:13+00:00,,,,,
XCell Parts,https://xcellparts.com/,APPLE,https://xcellparts.com/product-category/apple,1,click,IWATCH,https://xcellparts.com/product-category/apple/iwatch,3,dom-inspection,SERIES 2 (42MM),https://xcellparts.com/product-category/apple/iwatch/series-2-42mm,28,1,28,3,dom-inspection,div#plp-243-2617 > div.xcell-mm__plp-thumbs.xcell-mm__plp-thumbs--flat > a.xcell-mm__plp-thumb,https://xcellparts.com/product-category/apple/iwatch/series-2-42mm,False,False,2026-09-07T04:40:13+00:00,,,,,
XCell Parts,https://xcellparts.com/,APPLE,https://xcellparts.com/product-category/apple,1,click,IWATCH,https://xcellparts.com/product-category/apple/iwatch,3,dom-inspection,SERIES 2 (38MM),https://xcellparts.com/product-category/apple/iwatch/series-2-38mm,29,1,29,3,dom-inspection,div#plp-243-2617 > div.xcell-mm__plp-thumbs.xcell-mm__plp-thumbs--flat > a.xcell-mm__plp-thumb,https://xcellparts.com/product-category/apple/iwatch/series-2-38mm,False,False,2026-09-07T04:40:13+00:00,,,,,
XCell Parts,https://xcellparts.com/,APPLE,https://xcellparts.com/product-category/apple,1,click,IWATCH,https://xcellparts.com/product-category/apple/iwatch,3,dom-inspection,SERIES 1 (42MM),https://xcellparts.com/product-category/apple/iwatch/series-1-42mm,30,1,30,3,dom-inspection,div#plp-243-2617 > div.xcell-mm__plp-thumbs.xcell-mm__plp-thumbs--flat > a.xcell-mm__plp-thumb,https://xcellparts.com/product-category/apple/iwatch/series-1-42mm,False,False,2026-09-07T04:40:13+00:00,,,,,
XCell Parts,https://xcellparts.com/,APPLE,https://xcellparts.com/product-category/apple,1,click,IWATCH,https://xcellparts.com/product-category/apple/iwatch,3,dom-inspection,SERIES 1 (38MM),https://xcellparts.com/product-category/apple/iwatch/series-1-38mm,31,1,31,3,dom-inspection,div#plp-243-2617 > div.xcell-mm__plp-thumbs.xcell-mm__plp-thumbs--flat > a.xcell-mm__plp-thumb,https://xcellparts.com/product-category/apple/iwatch/series-1-38mm,False,False,2026-09-07T04:40:13+00:00,,,,,
XCell Parts,https://xcellparts.com/,APPLE,https://xcellparts.com/product-category/apple,1,click,IPOD,https://xcellparts.com/product-category/apple/ipod,4,dom-inspection,IPOD TOUCH 7TH,https://xcellparts.com/product-category/apple/ipod/ipod-touch-7th,1,1,1,3,dom-inspection,div#plp-243-2616 > div.xcell-mm__plp-thumbs.xcell-mm__plp-thumbs--flat > a.xcell-mm__plp-thumb,https://xcellparts.com/product-category/apple/ipod/ipod-touch-7th,False,False,2026-09-07T04:40:13+00:00,,,,,
XCell Parts,https://xcellparts.com/,APPLE,https://xcellparts.com/product-category/apple,1,click,IPOD,https://xcellparts.com/product-category/apple/ipod,4,dom-inspection,IPOD TOUCH 6TH,https://xcellparts.com/product-category/apple/ipod/ipod-touch-6th,2,1,2,3,dom-inspection,div#plp-243-2616 > div.xcell-mm__plp-thumbs.xcell-mm__plp-thumbs--flat > a.xcell-mm__plp-thumb,https://xcellparts.com/product-category/apple/ipod/ipod-touch-6th,False,False,2026-09-07T04:40:13+00:00,,,,,
XCell Parts,https://xcellparts.com/,APPLE,https://xcellparts.com/product-category/apple,1,click,IPOD,https://xcellparts.com/product-category/apple/ipod,4,dom-inspection,IPOD TOUCH 5TH,https://xcellparts.com/product-category/apple/ipod/ipod-touch-5th,3,1,3,3,dom-inspection,div#plp-243-2616 > div.xcell-mm__plp-thumbs.xcell-mm__plp-thumbs--flat > a.xcell-mm__plp-thumb,https://xcellparts.com/product-category/apple/ipod/ipod-touch-5th,False,False,2026-09-07T04:40:13+00:00,,,,,
XCell Parts,https://xcellparts.com/,APPLE,https://xcellparts.com/product-category/apple,1,click,IPOD,https://xcellparts.com/product-category/apple/ipod,4,dom-inspection,IPOD TOUCH 4TH,https://xcellparts.com/product-category/apple/ipod/ipod-touch-4th,4,1,4,3,dom-inspection,div#plp-243-2616 > div.xcell-mm__plp-thumbs.xcell-mm__plp-thumbs--flat > a.xcell-mm__plp-thumb,https://xcellparts.com/product-category/apple/ipod/ipod-touch-4th,False,False,2026-09-07T04:40:13+00:00,,,,,
XCell Parts,https://xcellparts.com/,APPLE,https://xcellparts.com/product-category/apple,1,click,IPOD,https://xcellparts.com/product-category/apple/ipod,4,dom-inspection,IPOD NANO 7TH,https://xcellparts.com/product-category/apple/ipod/ipod-nano-7th,5,1,5,3,dom-inspection,div#plp-243-2616 > div.xcell-mm__plp-thumbs.xcell-mm__plp-thumbs--flat > a.xcell-mm__plp-thumb,https://xcellparts.com/product-category/apple/ipod/ipod-nano-7th,False,False,2026-09-07T04:40:13+00:00,,,,,
XCell Parts,https://xcellparts.com/,SAMSUNG,https://xcellparts.com/product-category/samsung,2,click,GALAXY S SERIES,https://xcellparts.com/product-category/samsung/galaxy-s-series,1,dom-inspection,GALAXY S26 FE 5G,https://xcellparts.com/product-category/samsung/galaxy-s-series/galaxy-s26-fe-5g,1,1,1,3,dom-inspection,div#plp-283-2672 > div.xcell-mm__plp-thumbs.xcell-mm__plp-thumbs--flat > a.xcell-mm__plp-thumb,https://xcellparts.com/product-category/samsung/galaxy-s-series/galaxy-s26-fe-5g,False,False,2026-09-07T04:40:13+00:00,,,,,
XCell Parts,https://xcellparts.com/,SAMSUNG,https://xcellparts.com/product-category/samsung,2,click,GALAXY S SERIES,https://xcellparts.com/product-category/samsung/galaxy-s-series,1,dom-inspection,GALAXY S26 ULTRA,https://xcellparts.com/product-category/samsung/galaxy-s-series/galaxy-s26-ultra-galaxy-s-series,2,1,2,3,dom-inspection,div#plp-283-2672 > div.xcell-mm__plp-thumbs.xcell-mm__plp-thumbs--flat > a.xcell-mm__plp-thumb,https://xcellparts.com/product-category/samsung/galaxy-s-series/galaxy-s26-ultra-galaxy-s-series,False,False,2026-09-07T04:40:13+00:00,,,,,
XCell Parts,https://xcellparts.com/,SAMSUNG,https://xcellparts.com/product-category/samsung,2,click,GALAXY S SERIES,https://xcellparts.com/product-category/samsung/galaxy-s-series,1,dom-inspection,GALAXY S26 PLUS,https://xcellparts.com/product-category/samsung/galaxy-s-series/galaxy-s26-plus-galaxy-s-series,3,1,3,3,dom-inspection,div#plp-283-2672 > div.xcell-mm__plp-thumbs.xcell-mm__plp-thumbs--flat > a.xcell-mm__plp-thumb,https://xcellparts.com/product-category/samsung/galaxy-s-series/galaxy-s26-plus-galaxy-s-series,False,False,2026-09-07T04:40:13+00:00,,,,,
XCell Parts,https://xcellparts.com/,SAMSUNG,https://xcellparts.com/product-category/samsung,2,click,GALAXY S SERIES,https://xcellparts.com/product-category/samsung/galaxy-s-series,1,dom-inspection,GALAXY S26,https://xcellparts.com/product-category/samsung/galaxy-s-series/galaxy-s26-galaxy-s-series,4,1,4,3,dom-inspection,div#plp-283-2672 > div.xcell-mm__plp-thumbs.xcell-mm__plp-thumbs--flat > a.xcell-mm__plp-thumb,https://xcellparts.com/product-category/samsung/galaxy-s-series/galaxy-s26-galaxy-s-series,False,False,2026-09-07T04:40:13+00:00,,,,,
XCell Parts,https://xcellparts.com/,SAMSUNG,https://xcellparts.com/product-category/samsung,2,click,GALAXY S SERIES,https://xcellparts.com/product-category/samsung/galaxy-s-series,1,dom-inspection,GALAXY S25 FE 5G,https://xcellparts.com/product-category/samsung/galaxy-s-series/galaxy-s25-fe-5g,5,1,5,3,dom-inspection,div#plp-283-2672 > div.xcell-mm__plp-thumbs.xcell-mm__plp-thumbs--flat > a.xcell-mm__plp-thumb,https://xcellparts.com/product-category/samsung/galaxy-s-series/galaxy-s25-fe-5g,False,False,2026-09-07T04:40:13+00:00,,,,,
XCell Parts,https://xcellparts.com/,SAMSUNG,https://xcellparts.com/product-category/samsung,2,click,GALAXY S SERIES,https://xcellparts.com/product-category/samsung/galaxy-s-series,1,dom-inspection,GALAXY S25 EDGE,https://xcellparts.com/product-category/samsung/galaxy-s-series/galaxy-s25-edge,6,1,6,3,dom-inspection,div#plp-283-2672 > div.xcell-mm__plp-thumbs.xcell-mm__plp-thumbs--flat > a.xcell-mm__plp-thumb,https://xcellparts.com/product-category/samsung/galaxy-s-series/galaxy-s25-edge,False,False,2026-09-07T04:40:13+00:00,,,,,
XCell Parts,https://xcellparts.com/,SAMSUNG,https://xcellparts.com/product-category/samsung,2,click,GALAXY S SERIES,https://xcellparts.com/product-category/samsung/galaxy-s-series,1,dom-inspection,GALAXY S25 ULTRA,https://xcellparts.com/product-category/samsung/galaxy-s-series/galaxy-s25-ultra-galaxy-s-series,7,1,7,3,dom-inspection,div#plp-283-2672 > div.xcell-mm__plp-thumbs.xcell-mm__plp-thumbs--flat > a.xcell-mm__plp-thumb,https://xcellparts.com/product-category/samsung/galaxy-s-series/galaxy-s25-ultra-galaxy-s-series,False,False,2026-09-07T04:40:13+00:00,,,,,
XCell Parts,https://xcellparts.com/,SAMSUNG,https://xcellparts.com/product-category/samsung,2,click,GALAXY S SERIES,https://xcellparts.com/product-category/samsung/galaxy-s-series,1,dom-inspection,GALAXY S25 PLUS,https://xcellparts.com/product-category/samsung/galaxy-s-series/galaxy-s25-plus-galaxy-s-series,8,1,8,3,dom-inspection,div#plp-283-2672 > div.xcell-mm__plp-thumbs.xcell-mm__plp-thumbs--flat > a.xcell-mm__plp-thumb,https://xcellparts.com/product-category/samsung/galaxy-s-series/galaxy-s25-plus-galaxy-s-series,False,False,2026-09-07T04:40:13+00:00,,,,,
XCell Parts,https://xcellparts.com/,SAMSUNG,https://xcellparts.com/product-category/samsung,2,click,GALAXY S SERIES,https://xcellparts.com/product-category/samsung/galaxy-s-series,1,dom-inspection,GALAXY S25,https://xcellparts.com/product-category/samsung/galaxy-s-series/galaxy-s25-galaxy-s-series,9,1,9,3,dom-inspection,div#plp-283-2672 > div.xcell-mm__plp-thumbs.xcell-mm__plp-thumbs--flat > a.xcell-mm__plp-thumb,https://xcellparts.com/product-category/samsung/galaxy-s-series/galaxy-s25-galaxy-s-series,False,False,2026-09-07T04:40:13+00:00,,,,,
XCell Parts,https://xcellparts.com/,SAMSUNG,https://xcellparts.com/product-category/samsung,2,click,GALAXY S SERIES,https://xcellparts.com/product-category/samsung/galaxy-s-series,1,dom-inspection,GALAXY S24 FE,https://xcellparts.com/product-category/samsung/galaxy-s-series/galaxy-s24-fe,10,1,10,3,dom-inspection,div#plp-283-2672 > div.xcell-mm__plp-thumbs.xcell-mm__plp-thumbs--flat > a.xcell-mm__plp-thumb,https://xcellparts.com/product-category/samsung/galaxy-s-series/galaxy-s24-fe,False,False,2026-09-07T04:40:13+00:00,,,,,
XCell Parts,https://xcellparts.com/,SAMSUNG,https://xcellparts.com/product-category/samsung,2,click,GALAXY S SERIES,https://xcellparts.com/product-category/samsung/galaxy-s-series,1,dom-inspection,GALAXY S24 ULTRA 5G,https://xcellparts.com/product-category/samsung/galaxy-s-series/galaxy-s24-ultra-5g,11,1,11,3,dom-inspection,div#plp-283-2672 > div.xcell-mm__plp-thumbs.xcell-mm__plp-thumbs--flat > a.xcell-mm__plp-thumb,https://xcellparts.com/product-category/samsung/galaxy-s-series/galaxy-s24-ultra-5g,False,False,2026-09-07T04:40:13+00:00,,,,,
XCell Parts,https://xcellparts.com/,SAMSUNG,https://xcellparts.com/product-category/samsung,2,click,GALAXY S SERIES,https://xcellparts.com/product-category/samsung/galaxy-s-series,1,dom-inspection,GALAXY S24 PLUS 5G,https://xcellparts.com/product-category/samsung/galaxy-s-series/galaxy-s24-plus-5g,12,1,12,3,dom-inspection,div#plp-283-2672 > div.xcell-mm__plp-thumbs.xcell-mm__plp-thumbs--flat > a.xcell-mm__plp-thumb,https://xcellparts.com/product-category/samsung/galaxy-s-series/galaxy-s24-plus-5g,False,False,2026-09-07T04:40:13+00:00,,,,,
XCell Parts,https://xcellparts.com/,SAMSUNG,https://xcellparts.com/product-category/samsung,2,click,GALAXY S SERIES,https://xcellparts.com/product-category/samsung/galaxy-s-series,1,dom-inspection,GALAXY S24 5G,https://xcellparts.com/product-category/samsung/galaxy-s-series/galaxy-s24-5g,13,1,13,3,dom-inspection,div#plp-283-2672 > div.xcell-mm__plp-thumbs.xcell-mm__plp-thumbs--flat > a.xcell-mm__plp-thumb,https://xcellparts.com/product-category/samsung/galaxy-s-series/galaxy-s24-5g,False,False,2026-09-07T04:40:13+00:00,,,,,
XCell Parts,https://xcellparts.com/,SAMSUNG,https://xcellparts.com/product-category/samsung,2,click,GALAXY S SERIES,https://xcellparts.com/product-category/samsung/galaxy-s-series,1,dom-inspection,GALAXY S23 FE,https://xcellparts.com/product-category/samsung/galaxy-s-series/galaxy-s23-fe,14,1,14,3,dom-inspection,div#plp-283-2672 > div.xcell-mm__plp-thumbs.xcell-mm__plp-thumbs--flat > a.xcell-mm__plp-thumb,https://xcellparts.com/product-category/samsung/galaxy-s-series/galaxy-s23-fe,False,False,2026-09-07T04:40:13+00:00,,,,,
XCell Parts,https://xcellparts.com/,SAMSUNG,https://xcellparts.com/product-category/samsung,2,click,GALAXY S SERIES,https://xcellparts.com/product-category/samsung/galaxy-s-series,1,dom-inspection,GALAXY S23 ULTRA 5G,https://xcellparts.com/product-category/samsung/galaxy-s-series/galaxy-s23-ultra-5g,15,1,15,3,dom-inspection,div#plp-283-2672 > div.xcell-mm__plp-thumbs.xcell-mm__plp-thumbs--flat > a.xcell-mm__plp-thumb,https://xcellparts.com/product-category/samsung/galaxy-s-series/galaxy-s23-ultra-5g,False,False,2026-09-07T04:40:13+00:00,,,,,
XCell Parts,https://xcellparts.com/,SAMSUNG,https://xcellparts.com/product-category/samsung,2,click,GALAXY S SERIES,https://xcellparts.com/product-category/samsung/galaxy-s-series,1,dom-inspection,GALAXY S23 PLUS 5G,https://xcellparts.com/product-category/samsung/galaxy-s-series/galaxy-s23-plus-5g,16,1,16,3,dom-inspection,div#plp-283-2672 > div.xcell-mm__plp-thumbs.xcell-mm__plp-thumbs--flat > a.xcell-mm__plp-thumb,https://xcellparts.com/product-category/samsung/galaxy-s-series/galaxy-s23-plus-5g,False,False,2026-09-07T04:40:13+00:00,,,,,
XCell Parts,https://xcellparts.com/,SAMSUNG,https://xcellparts.com/product-category/samsung,2,click,GALAXY S SERIES,https://xcellparts.com/product-category/samsung/galaxy-s-series,1,dom-inspection,GALAXY S23 5G,https://xcellparts.com/product-category/samsung/galaxy-s-series/galaxy-s23-5g,17,1,17,3,dom-inspection,div#plp-283-2672 > div.xcell-mm__plp-thumbs.xcell-mm__plp-thumbs--flat > a.xcell-mm__plp-thumb,https://xcellparts.com/product-category/samsung/galaxy-s-series/galaxy-s23-5g,False,False,2026-09-07T04:40:13+00:00,,,,,
XCell Parts,https://xcellparts.com/,SAMSUNG,https://xcellparts.com/product-category/samsung,2,click,GALAXY S SERIES,https://xcellparts.com/product-category/samsung/galaxy-s-series,1,dom-inspection,GALAXY S22 ULTRA,https://xcellparts.com/product-category/samsung/galaxy-s-series/galaxy-s22-ultra,18,1,18,3,dom-inspection,div#plp-283-2672 > div.xcell-mm__plp-thumbs.xcell-mm__plp-thumbs--flat > a.xcell-mm__plp-thumb,https://xcellparts.com/product-category/samsung/galaxy-s-series/galaxy-s22-ultra,False,False,2026-09-07T04:40:13+00:00,,,,,
XCell Parts,https://xcellparts.com/,SAMSUNG,https://xcellparts.com/product-category/samsung,2,click,GALAXY S SERIES,https://xcellparts.com/product-category/samsung/galaxy-s-series,1,dom-inspection,GALAXY S22 PLUS,https://xcellparts.com/product-category/samsung/galaxy-s-series/galaxy-s22-plus,19,1,19,3,dom-inspection,div#plp-283-2672 > div.xcell-mm__plp-thumbs.xcell-mm__plp-thumbs--flat > a.xcell-mm__plp-thumb,https://xcellparts.com/product-category/samsung/galaxy-s-series/galaxy-s22-plus,False,False,2026-09-07T04:40:13+00:00,,,,,
XCell Parts,https://xcellparts.com/,SAMSUNG,https://xcellparts.com/product-category/samsung,2,click,GALAXY S SERIES,https://xcellparts.com/product-category/samsung/galaxy-s-series,1,dom-inspection,GALAXY S22,https://xcellparts.com/product-category/samsung/galaxy-s-series/galaxy-s22,20,1,20,3,dom-inspection,div#plp-283-2672 > div.xcell-mm__plp-thumbs.xcell-mm__plp-thumbs--flat > a.xcell-mm__plp-thumb,https://xcellparts.com/product-category/samsung/galaxy-s-series/galaxy-s22,False,False,2026-09-07T04:40:13+00:00,,,,,
XCell Parts,https://xcellparts.com/,SAMSUNG,https://xcellparts.com/product-category/samsung,2,click,GALAXY S SERIES,https://xcellparts.com/product-category/samsung/galaxy-s-series,1,dom-inspection,GALAXY S21 FE 5G,https://xcellparts.com/product-category/samsung/galaxy-s-series/galaxy-s21-fe-5g,21,1,21,3,dom-inspection,div#plp-283-2672 > div.xcell-mm__plp-thumbs.xcell-mm__plp-thumbs--flat > a.xcell-mm__plp-thumb,https://xcellparts.com/product-category/samsung/galaxy-s-series/galaxy-s21-fe-5g,False,False,2026-09-07T04:40:13+00:00,,,,,
XCell Parts,https://xcellparts.com/,SAMSUNG,https://xcellparts.com/product-category/samsung,2,click,GALAXY S SERIES,https://xcellparts.com/product-category/samsung/galaxy-s-series,1,dom-inspection,GALAXY S21 ULTRA,https://xcellparts.com/product-category/samsung/galaxy-s-series/galaxy-s21-ultra,22,1,22,3,dom-inspection,div#plp-283-2672 > div.xcell-mm__plp-thumbs.xcell-mm__plp-thumbs--flat > a.xcell-mm__plp-thumb,https://xcellparts.com/product-category/samsung/galaxy-s-series/galaxy-s21-ultra,False,False,2026-09-07T04:40:13+00:00,,,,,
XCell Parts,https://xcellparts.com/,SAMSUNG,https://xcellparts.com/product-category/samsung,2,click,GALAXY S SERIES,https://xcellparts.com/product-category/samsung/galaxy-s-series,1,dom-inspection,GALAXY S21 PLUS,https://xcellparts.com/product-category/samsung/galaxy-s-series/galaxy-s21-plus,23,1,23,3,dom-inspection,div#plp-283-2672 > div.xcell-mm__plp-thumbs.xcell-mm__plp-thumbs--flat > a.xcell-mm__plp-thumb,https://xcellparts.com/product-category/samsung/galaxy-s-series/galaxy-s21-plus,False,False,2026-09-07T04:40:13+00:00,,,,,
XCell Parts,https://xcellparts.com/,SAMSUNG,https://xcellparts.com/product-category/samsung,2,click,GALAXY S SERIES,https://xcellparts.com/product-category/samsung/galaxy-s-series,1,dom-inspection,GALAXY S21 5G,https://xcellparts.com/product-category/samsung/galaxy-s-series/galaxy-s21-5g,24,1,24,3,dom-inspection,div#plp-283-2672 > div.xcell-mm__plp-thumbs.xcell-mm__plp-thumbs--flat > a.xcell-mm__plp-thumb,https://xcellparts.com/product-category/samsung/galaxy-s-series/galaxy-s21-5g,False,False,2026-09-07T04:40:13+00:00,,,,,
XCell Parts,https://xcellparts.com/,SAMSUNG,https://xcellparts.com/product-category/samsung,2,click,GALAXY S SERIES,https://xcellparts.com/product-category/samsung/galaxy-s-series,1,dom-inspection,GALAXY S20 FE 5G,https://xcellparts.com/product-category/samsung/galaxy-s-series/galaxy-s20-fe-5g,25,1,25,3,dom-inspection,div#plp-283-2672 > div.xcell-mm__plp-thumbs.xcell-mm__plp-thumbs--flat > a.xcell-mm__plp-thumb,https://xcellparts.com/product-category/samsung/galaxy-s-series/galaxy-s20-fe-5g,False,False,2026-09-07T04:40:13+00:00,,,,,
XCell Parts,https://xcellparts.com/,SAMSUNG,https://xcellparts.com/product-category/samsung,2,click,GALAXY S SERIES,https://xcellparts.com/product-category/samsung/galaxy-s-series,1,dom-inspection,GALAXY S20 ULTRA,https://xcellparts.com/product-category/samsung/galaxy-s-series/galaxy-s20-ultra,26,1,26,3,dom-inspection,div#plp-283-2672 > div.xcell-mm__plp-thumbs.xcell-mm__plp-thumbs--flat > a.xcell-mm__plp-thumb,https://xcellparts.com/product-category/samsung/galaxy-s-series/galaxy-s20-ultra,False,False,2026-09-07T04:40:13+00:00,,,,,
XCell Parts,https://xcellparts.com/,SAMSUNG,https://xcellparts.com/product-category/samsung,2,click,GALAXY S SERIES,https://xcellparts.com/product-category/samsung/galaxy-s-series,1,dom-inspection,GALAXY S20 PLUS 5G,https://xcellparts.com/product-category/samsung/galaxy-s-series/galaxy-s20-plus-5g,27,1,27,3,dom-inspection,div#plp-283-2672 > div.xcell-mm__plp-thumbs.xcell-mm__plp-thumbs--flat > a.xcell-mm__plp-thumb,https://xcellparts.com/product-category/samsung/galaxy-s-series/galaxy-s20-plus-5g,False,False,2026-09-07T04:40:13+00:00,,,,,
XCell Parts,https://xcellparts.com/,SAMSUNG,https://xcellparts.com/product-category/samsung,2,click,GALAXY S SERIES,https://xcellparts.com/product-category/samsung/galaxy-s-series,1,dom-inspection,GALAXY S20 5G,https://xcellparts.com/product-category/samsung/galaxy-s-series/galaxy-s20-5g,28,1,28,3,dom-inspection,div#plp-283-2672 > div.xcell-mm__plp-thumbs.xcell-mm__plp-thumbs--flat > a.xcell-mm__plp-thumb,https://xcellparts.com/product-category/samsung/galaxy-s-series/galaxy-s20-5g,False,False,2026-09-07T04:40:13+00:00,,,,,
XCell Parts,https://xcellparts.com/,SAMSUNG,https://xcellparts.com/product-category/samsung,2,click,GALAXY S SERIES,https://xcellparts.com/product-category/samsung/galaxy-s-series,1,dom-inspection,GALAXY S10 LITE,https://xcellparts.com/product-category/samsung/galaxy-s-series/galaxy-s10-lite,29,1,29,3,dom-inspection,div#plp-283-2672 > div.xcell-mm__plp-thumbs.xcell-mm__plp-thumbs--flat > a.xcell-mm__plp-thumb,https://xcellparts.com/product-category/samsung/galaxy-s-series/galaxy-s10-lite,False,False,2026-09-07T04:40:13+00:00,,,,,
XCell Parts,https://xcellparts.com/,SAMSUNG,https://xcellparts.com/product-category/samsung,2,click,GALAXY S SERIES,https://xcellparts.com/product-category/samsung/galaxy-s-series,1,dom-inspection,GALAXY S10 5G,https://xcellparts.com/product-category/samsung/galaxy-s-series/galaxy-s10-5g,30,1,30,3,dom-inspection,div#plp-283-2672 > div.xcell-mm__plp-thumbs.xcell-mm__plp-thumbs--flat > a.xcell-mm__plp-thumb,https://xcellparts.com/product-category/samsung/galaxy-s-series/galaxy-s10-5g,False,False,2026-09-07T04:40:13+00:00,,,,,
XCell Parts,https://xcellparts.com/,SAMSUNG,https://xcellparts.com/product-category/samsung,2,click,GALAXY S SERIES,https://xcellparts.com/product-category/samsung/galaxy-s-series,1,dom-inspection,GALAXY S10 PLUS,https://xcellparts.com/product-category/samsung/galaxy-s-series/galaxy-s10-plus,31,1,31,3,dom-inspection,div#plp-283-2672 > div.xcell-mm__plp-thumbs.xcell-mm__plp-thumbs--flat > a.xcell-mm__plp-thumb,https://xcellparts.com/product-category/samsung/galaxy-s-series/galaxy-s10-plus,False,False,2026-09-07T04:40:13+00:00,,,,,
XCell Parts,https://xcellparts.com/,SAMSUNG,https://xcellparts.com/product-category/samsung,2,click,GALAXY S SERIES,https://xcellparts.com/product-category/samsung/galaxy-s-series,1,dom-inspection,GALAXY S10,https://xcellparts.com/product-category/samsung/galaxy-s-series/galaxy-s10,32,1,32,3,dom-inspection,div#plp-283-2672 > div.xcell-mm__plp-thumbs.xcell-mm__plp-thumbs--flat > a.xcell-mm__plp-thumb,https://xcellparts.com/product-category/samsung/galaxy-s-series/galaxy-s10,False,False,2026-09-07T04:40:13+00:00,,,,,
XCell Parts,https://xcellparts.com/,SAMSUNG,https://xcellparts.com/product-category/samsung,2,click,GALAXY S SERIES,https://xcellparts.com/product-category/samsung/galaxy-s-series,1,dom-inspection,GALAXY S10e,https://xcellparts.com/product-category/samsung/galaxy-s-series/galaxy-s10e,33,1,33,3,dom-inspection,div#plp-283-2672 > div.xcell-mm__plp-thumbs.xcell-mm__plp-thumbs--flat > a.xcell-mm__plp-thumb,https://xcellparts.com/product-category/samsung/galaxy-s-series/galaxy-s10e,False,False,2026-09-07T04:40:13+00:00,,,,,
XCell Parts,https://xcellparts.com/,SAMSUNG,https://xcellparts.com/product-category/samsung,2,click,GALAXY S SERIES,https://xcellparts.com/product-category/samsung/galaxy-s-series,1,dom-inspection,GALAXY S9 PLUS,https://xcellparts.com/product-category/samsung/galaxy-s-series/galaxy-s9-plus,34,1,34,3,dom-inspection,div#plp-283-2672 > div.xcell-mm__plp-thumbs.xcell-mm__plp-thumbs--flat > a.xcell-mm__plp-thumb,https://xcellparts.com/product-category/samsung/galaxy-s-series/galaxy-s9-plus,False,False,2026-09-07T04:40:13+00:00,,,,,
XCell Parts,https://xcellparts.com/,SAMSUNG,https://xcellparts.com/product-category/samsung,2,click,GALAXY S SERIES,https://xcellparts.com/product-category/samsung/galaxy-s-series,1,dom-inspection,GALAXY S9,https://xcellparts.com/product-category/samsung/galaxy-s-series/galaxy-s9,35,1,35,3,dom-inspection,div#plp-283-2672 > div.xcell-mm__plp-thumbs.xcell-mm__plp-thumbs--flat > a.xcell-mm__plp-thumb,https://xcellparts.com/product-category/samsung/galaxy-s-series/galaxy-s9,False,False,2026-09-07T04:40:13+00:00,,,,,
XCell Parts,https://xcellparts.com/,SAMSUNG,https://xcellparts.com/product-category/samsung,2,click,GALAXY S SERIES,https://xcellparts.com/product-category/samsung/galaxy-s-series,1,dom-inspection,GALAXY S8 PLUS,https://xcellparts.com/product-category/samsung/galaxy-s-series/galaxy-s8-plus,36,1,36,3,dom-inspection,div#plp-283-2672 > div.xcell-mm__plp-thumbs.xcell-mm__plp-thumbs--flat > a.xcell-mm__plp-thumb,https://xcellparts.com/product-category/samsung/galaxy-s-series/galaxy-s8-plus,False,False,2026-09-07T04:40:13+00:00,,,,,
XCell Parts,https://xcellparts.com/,SAMSUNG,https://xcellparts.com/product-category/samsung,2,click,GALAXY S SERIES,https://xcellparts.com/product-category/samsung/galaxy-s-series,1,dom-inspection,GALAXY S8,https://xcellparts.com/product-category/samsung/galaxy-s-series/galaxy-s8,37,1,37,3,dom-inspection,div#plp-283-2672 > div.xcell-mm__plp-thumbs.xcell-mm__plp-thumbs--flat > a.xcell-mm__plp-thumb,https://xcellparts.com/product-category/samsung/galaxy-s-series/galaxy-s8,False,False,2026-09-07T04:40:13+00:00,,,,,
XCell Parts,https://xcellparts.com/,SAMSUNG,https://xcellparts.com/product-category/samsung,2,click,GALAXY S SERIES,https://xcellparts.com/product-category/samsung/galaxy-s-series,1,dom-inspection,GALAXY S7 EDGE,https://xcellparts.com/product-category/samsung/galaxy-s-series/galaxy-s7-edge,38,1,38,3,dom-inspection,div#plp-283-2672 > div.xcell-mm__plp-thumbs.xcell-mm__plp-thumbs--flat > a.xcell-mm__plp-thumb,https://xcellparts.com/product-category/samsung/galaxy-s-series/galaxy-s7-edge,False,False,2026-09-07T04:40:13+00:00,,,,,
XCell Parts,https://xcellparts.com/,SAMSUNG,https://xcellparts.com/product-category/samsung,2,click,GALAXY S SERIES,https://xcellparts.com/product-category/samsung/galaxy-s-series,1,dom-inspection,GALAXY S7,https://xcellparts.com/product-category/samsung/galaxy-s-series/galaxy-s7,39,1,39,3,dom-inspection,div#plp-283-2672 > div.xcell-mm__plp-thumbs.xcell-mm__plp-thumbs--flat > a.xcell-mm__plp-thumb,https://xcellparts.com/product-category/samsung/galaxy-s-series/galaxy-s7,False,False,2026-09-07T04:40:13+00:00,,,,,
XCell Parts,https://xcellparts.com/,SAMSUNG,https://xcellparts.com/product-category/samsung,2,click,GALAXY S SERIES,https://xcellparts.com/product-category/samsung/galaxy-s-series,1,dom-inspection,GALAXY S6 EDGE PLUS,https://xcellparts.com/product-category/samsung/galaxy-s-series/galaxy-s6-edge-plus,40,1,40,3,dom-inspection,div#plp-283-2672 > div.xcell-mm__plp-thumbs.xcell-mm__plp-thumbs--flat > a.xcell-mm__plp-thumb,https://xcellparts.com/product-category/samsung/galaxy-s-series/galaxy-s6-edge-plus,False,False,2026-09-07T04:40:13+00:00,,,,,
XCell Parts,https://xcellparts.com/,SAMSUNG,https://xcellparts.com/product-category/samsung,2,click,GALAXY S SERIES,https://xcellparts.com/product-category/samsung/galaxy-s-series,1,dom-inspection,GALAXY S6 EDGE,https://xcellparts.com/product-category/samsung/galaxy-s-series/galaxy-s6-edge,41,1,41,3,dom-inspection,div#plp-283-2672 > div.xcell-mm__plp-thumbs.xcell-mm__plp-thumbs--flat > a.xcell-mm__plp-thumb,https://xcellparts.com/product-category/samsung/galaxy-s-series/galaxy-s6-edge,False,False,2026-09-07T04:40:13+00:00,,,,,
XCell Parts,https://xcellparts.com/,SAMSUNG,https://xcellparts.com/product-category/samsung,2,click,GALAXY S SERIES,https://xcellparts.com/product-category/samsung/galaxy-s-series,1,dom-inspection,GALAXY S6,https://xcellparts.com/product-category/samsung/galaxy-s-series/galaxy-s6,42,1,42,3,dom-inspection,div#plp-283-2672 > div.xcell-mm__plp-thumbs.xcell-mm__plp-thumbs--flat > a.xcell-mm__plp-thumb,https://xcellparts.com/product-category/samsung/galaxy-s-series/galaxy-s6,False,False,2026-09-07T04:40:13+00:00,,,,,
XCell Parts,https://xcellparts.com/,SAMSUNG,https://xcellparts.com/product-category/samsung,2,click,GALAXY S SERIES,https://xcellparts.com/product-category/samsung/galaxy-s-series,1,dom-inspection,GALAXY S5 SPORTS,https://xcellparts.com/product-category/samsung/galaxy-s-series/galaxy-s5-sports,43,1,43,3,dom-inspection,div#plp-283-2672 > div.xcell-mm__plp-thumbs.xcell-mm__plp-thumbs--flat > a.xcell-mm__plp-thumb,https://xcellparts.com/product-category/samsung/galaxy-s-series/galaxy-s5-sports,False,False,2026-09-07T04:40:13+00:00,,,,,
XCell Parts,https://xcellparts.com/,SAMSUNG,https://xcellparts.com/product-category/samsung,2,click,GALAXY S SERIES,https://xcellparts.com/product-category/samsung/galaxy-s-series,1,dom-inspection,GALAXY S5 MINI,https://xcellparts.com/product-category/samsung/galaxy-s-series/galaxy-s5-mini,44,1,44,3,dom-inspection,div#plp-283-2672 > div.xcell-mm__plp-thumbs.xcell-mm__plp-thumbs--flat > a.xcell-mm__plp-thumb,https://xcellparts.com/product-category/samsung/galaxy-s-series/galaxy-s5-mini,False,False,2026-09-07T04:40:13+00:00,,,,,
XCell Parts,https://xcellparts.com/,SAMSUNG,https://xcellparts.com/product-category/samsung,2,click,GALAXY S SERIES,https://xcellparts.com/product-category/samsung/galaxy-s-series,1,dom-inspection,GALAXY S5,https://xcellparts.com/product-category/samsung/galaxy-s-series/galaxy-s5,45,1,45,3,dom-inspection,div#plp-283-2672 > div.xcell-mm__plp-thumbs.xcell-mm__plp-thumbs--flat > a.xcell-mm__plp-thumb,https://xcellparts.com/product-category/samsung/galaxy-s-series/galaxy-s5,False,False,2026-09-07T04:40:13+00:00,,,,,
XCell Parts,https://xcellparts.com/,SAMSUNG,https://xcellparts.com/product-category/samsung,2,click,GALAXY S SERIES,https://xcellparts.com/product-category/samsung/galaxy-s-series,1,dom-inspection,GALAXY S4,https://xcellparts.com/product-category/samsung/galaxy-s-series/galaxy-s4,46,1,46,3,dom-inspection,div#plp-283-2672 > div.xcell-mm__plp-thumbs.xcell-mm__plp-thumbs--flat > a.xcell-mm__plp-thumb,https://xcellparts.com/product-category/samsung/galaxy-s-series/galaxy-s4,False,False,2026-09-07T04:40:13+00:00,,,,,
XCell Parts,https://xcellparts.com/,SAMSUNG,https://xcellparts.com/product-category/samsung,2,click,GALAXY S SERIES,https://xcellparts.com/product-category/samsung/galaxy-s-series,1,dom-inspection,GALAXY S3,https://xcellparts.com/product-category/samsung/galaxy-s-series/galaxy-s3,47,1,47,3,dom-inspection,div#plp-283-2672 > div.xcell-mm__plp-thumbs.xcell-mm__plp-thumbs--flat > a.xcell-mm__plp-thumb,https://xcellparts.com/product-category/samsung/galaxy-s-series/galaxy-s3,False,False,2026-09-07T04:40:13+00:00,,,,,
XCell Parts,https://xcellparts.com/,SAMSUNG,https://xcellparts.com/product-category/samsung,2,click,GALAXY NOTE,https://xcellparts.com/product-category/samsung/galaxy-note,2,dom-inspection,GALAXY NOTE 20 ULTRA,https://xcellparts.com/product-category/samsung/galaxy-note/galaxy-note-20-ultra,1,1,1,3,dom-inspection,div#plp-283-2670 > div.xcell-mm__plp-thumbs.xcell-mm__plp-thumbs--flat > a.xcell-mm__plp-thumb,https://xcellparts.com/product-category/samsung/galaxy-note/galaxy-note-20-ultra,False,False,2026-09-07T04:40:13+00:00,,,,,
XCell Parts,https://xcellparts.com/,SAMSUNG,https://xcellparts.com/product-category/samsung,2,click,GALAXY NOTE,https://xcellparts.com/product-category/samsung/galaxy-note,2,dom-inspection,GALAXY NOTE 20 5G,https://xcellparts.com/product-category/samsung/galaxy-note/galaxy-note-20-5g,2,1,2,3,dom-inspection,div#plp-283-2670 > div.xcell-mm__plp-thumbs.xcell-mm__plp-thumbs--flat > a.xcell-mm__plp-thumb,https://xcellparts.com/product-category/samsung/galaxy-note/galaxy-note-20-5g,False,False,2026-09-07T04:40:13+00:00,,,,,
XCell Parts,https://xcellparts.com/,SAMSUNG,https://xcellparts.com/product-category/samsung,2,click,GALAXY NOTE,https://xcellparts.com/product-category/samsung/galaxy-note,2,dom-inspection,GALAXY NOTE 10 PLUS,https://xcellparts.com/product-category/samsung/galaxy-note/galaxy-note-10-plus,3,1,3,3,dom-inspection,div#plp-283-2670 > div.xcell-mm__plp-thumbs.xcell-mm__plp-thumbs--flat > a.xcell-mm__plp-thumb,https://xcellparts.com/product-category/samsung/galaxy-note/galaxy-note-10-plus,False,False,2026-09-07T04:40:13+00:00,,,,,
XCell Parts,https://xcellparts.com/,SAMSUNG,https://xcellparts.com/product-category/samsung,2,click,GALAXY NOTE,https://xcellparts.com/product-category/samsung/galaxy-note,2,dom-inspection,GALAXY NOTE 10 LITE,https://xcellparts.com/product-category/samsung/galaxy-note/galaxy-note-10-lite,4,1,4,3,dom-inspection,div#plp-283-2670 > div.xcell-mm__plp-thumbs.xcell-mm__plp-thumbs--flat > a.xcell-mm__plp-thumb,https://xcellparts.com/product-category/samsung/galaxy-note/galaxy-note-10-lite,False,False,2026-09-07T04:40:13+00:00,,,,,
XCell Parts,https://xcellparts.com/,SAMSUNG,https://xcellparts.com/product-category/samsung,2,click,GALAXY NOTE,https://xcellparts.com/product-category/samsung/galaxy-note,2,dom-inspection,GALAXY NOTE 10,https://xcellparts.com/product-category/samsung/galaxy-note/galaxy-note-10,5,1,5,3,dom-inspection,div#plp-283-2670 > div.xcell-mm__plp-thumbs.xcell-mm__plp-thumbs--flat > a.xcell-mm__plp-thumb,https://xcellparts.com/product-category/samsung/galaxy-note/galaxy-note-10,False,False,2026-09-07T04:40:13+00:00,,,,,
XCell Parts,https://xcellparts.com/,SAMSUNG,https://xcellparts.com/product-category/samsung,2,click,GALAXY NOTE,https://xcellparts.com/product-category/samsung/galaxy-note,2,dom-inspection,GALAXY NOTE 9,https://xcellparts.com/product-category/samsung/galaxy-note/galaxy-note-9,6,1,6,3,dom-inspection,div#plp-283-2670 > div.xcell-mm__plp-thumbs.xcell-mm__plp-thumbs--flat > a.xcell-mm__plp-thumb,https://xcellparts.com/product-category/samsung/galaxy-note/galaxy-note-9,False,False,2026-09-07T04:40:13+00:00,,,,,
XCell Parts,https://xcellparts.com/,SAMSUNG,https://xcellparts.com/product-category/samsung,2,click,GALAXY NOTE,https://xcellparts.com/product-category/samsung/galaxy-note,2,dom-inspection,GALAXY NOTE 8,https://xcellparts.com/product-category/samsung/galaxy-note/galaxy-note-8,7,1,7,3,dom-inspection,div#plp-283-2670 > div.xcell-mm__plp-thumbs.xcell-mm__plp-thumbs--flat > a.xcell-mm__plp-thumb,https://xcellparts.com/product-category/samsung/galaxy-note/galaxy-note-8,False,False,2026-09-07T04:40:13+00:00,,,,,
XCell Parts,https://xcellparts.com/,SAMSUNG,https://xcellparts.com/product-category/samsung,2,click,GALAXY NOTE,https://xcellparts.com/product-category/samsung/galaxy-note,2,dom-inspection,GALAXY NOTE 5,https://xcellparts.com/product-category/samsung/galaxy-note/galaxy-note-5,8,1,8,3,dom-inspection,div#plp-283-2670 > div.xcell-mm__plp-thumbs.xcell-mm__plp-thumbs--flat > a.xcell-mm__plp-thumb,https://xcellparts.com/product-category/samsung/galaxy-note/galaxy-note-5,False,False,2026-09-07T04:40:13+00:00,,,,,
XCell Parts,https://xcellparts.com/,SAMSUNG,https://xcellparts.com/product-category/samsung,2,click,GALAXY NOTE,https://xcellparts.com/product-category/samsung/galaxy-note,2,dom-inspection,GALAXY NOTE 4,https://xcellparts.com/product-category/samsung/galaxy-note/galaxy-note-4,9,1,9,3,dom-inspection,div#plp-283-2670 > div.xcell-mm__plp-thumbs.xcell-mm__plp-thumbs--flat > a.xcell-mm__plp-thumb,https://xcellparts.com/product-category/samsung/galaxy-note/galaxy-note-4,False,False,2026-09-07T04:40:13+00:00,,,,,
XCell Parts,https://xcellparts.com/,SAMSUNG,https://xcellparts.com/product-category/samsung,2,click,GALAXY NOTE,https://xcellparts.com/product-category/samsung/galaxy-note,2,dom-inspection,GALAXY NOTE 3,https://xcellparts.com/product-category/samsung/galaxy-note/galaxy-note-3,10,1,10,3,dom-inspection,div#plp-283-2670 > div.xcell-mm__plp-thumbs.xcell-mm__plp-thumbs--flat > a.xcell-mm__plp-thumb,https://xcellparts.com/product-category/samsung/galaxy-note/galaxy-note-3,False,False,2026-09-07T04:40:13+00:00,,,,,
XCell Parts,https://xcellparts.com/,SAMSUNG,https://xcellparts.com/product-category/samsung,2,click,GALAXY NOTE,https://xcellparts.com/product-category/samsung/galaxy-note,2,dom-inspection,GALAXY NOTE 2,https://xcellparts.com/product-category/samsung/galaxy-note/galaxy-note-2,11,1,11,3,dom-inspection,div#plp-283-2670 > div.xcell-mm__plp-thumbs.xcell-mm__plp-thumbs--flat > a.xcell-mm__plp-thumb,https://xcellparts.com/product-category/samsung/galaxy-note/galaxy-note-2,False,False,2026-09-07T04:40:13+00:00,,,,,
XCell Parts,https://xcellparts.com/,SAMSUNG,https://xcellparts.com/product-category/samsung,2,click,GALAXY NOTE,https://xcellparts.com/product-category/samsung/galaxy-note,2,dom-inspection,GALAXY NOTE EDGE,https://xcellparts.com/product-category/samsung/galaxy-note/galaxy-note-edge,12,1,12,3,dom-inspection,div#plp-283-2670 > div.xcell-mm__plp-thumbs.xcell-mm__plp-thumbs--flat > a.xcell-mm__plp-thumb,https://xcellparts.com/product-category/samsung/galaxy-note/galaxy-note-edge,False,False,2026-09-07T04:40:13+00:00,,,,,
XCell Parts,https://xcellparts.com/,SAMSUNG,https://xcellparts.com/product-category/samsung,2,click,GALAXY A SERIES,https://xcellparts.com/product-category/samsung/galaxy-a-series,3,dom-inspection,A90 5G (A908 / 2019),https://xcellparts.com/product-category/samsung/galaxy-a-series/a90-5g-a908-2019,1,1,1,3,dom-inspection,div#plp-283-2665 > div.xcell-mm__plp-thumbs.xcell-mm__plp-thumbs--flat > a.xcell-mm__plp-thumb,https://xcellparts.com/product-category/samsung/galaxy-a-series/a90-5g-a908-2019,False,False,2026-09-07T04:40:13+00:00,,,,,
XCell Parts,https://xcellparts.com/,SAMSUNG,https://xcellparts.com/product-category/samsung,2,click,GALAXY A SERIES,https://xcellparts.com/product-category/samsung/galaxy-a-series,3,dom-inspection,A9 (A920 / 2018),https://xcellparts.com/product-category/samsung/galaxy-a-series/a9-a920-2018,2,1,2,3,dom-inspection,div#plp-283-2665 > div.xcell-mm__plp-thumbs.xcell-mm__plp-thumbs--flat > a.xcell-mm__plp-thumb,https://xcellparts.com/product-category/samsung/galaxy-a-series/a9-a920-2018,False,False,2026-09-07T04:40:13+00:00,,,,,
XCell Parts,https://xcellparts.com/,SAMSUNG,https://xcellparts.com/product-category/samsung,2,click,GALAXY A SERIES,https://xcellparts.com/product-category/samsung/galaxy-a-series,3,dom-inspection,A9 PRO (A910 / 2016),https://xcellparts.com/product-category/samsung/galaxy-a-series/a9-pro-a910-2016,3,1,3,3,dom-inspection,div#plp-283-2665 > div.xcell-mm__plp-thumbs.xcell-mm__plp-thumbs--flat > a.xcell-mm__plp-thumb,https://xcellparts.com/product-category/samsung/galaxy-a-series/a9-pro-a910-2016,False,False,2026-09-07T04:40:13+00:00,,,,,
XCell Parts,https://xcellparts.com/,SAMSUNG,https://xcellparts.com/product-category/samsung,2,click,GALAXY A SERIES,https://xcellparts.com/product-category/samsung/galaxy-a-series,3,dom-inspection,A9 (A900 / 2015),https://xcellparts.com/product-category/samsung/galaxy-a-series/a9-a900-2015,4,1,4,3,dom-inspection,div#plp-283-2665 > div.xcell-mm__plp-thumbs.xcell-mm__plp-thumbs--flat > a.xcell-mm__plp-thumb,https://xcellparts.com/product-category/samsung/galaxy-a-series/a9-a900-2015,False,False,2026-09-07T04:40:13+00:00,,,,,
XCell Parts,https://xcellparts.com/,SAMSUNG,https://xcellparts.com/product-category/samsung,2,click,GALAXY A SERIES,https://xcellparts.com/product-category/samsung/galaxy-a-series,3,dom-inspection,A80 (A805 / 2019),https://xcellparts.com/product-category/samsung/galaxy-a-series/a80-a805-2019,5,1,5,3,dom-inspection,div#plp-283-2665 > div.xcell-mm__plp-thumbs.xcell-mm__plp-thumbs--flat > a.xcell-mm__plp-thumb,https://xcellparts.com/product-category/samsung/galaxy-a-series/a80-a805-2019,False,False,2026-09-07T04:40:13+00:00,,,,,
XCell Parts,https://xcellparts.com/,SAMSUNG,https://xcellparts.com/product-category/samsung,2,click,GALAXY A SERIES,https://xcellparts.com/product-category/samsung/galaxy-a-series,3,dom-inspection,A8 PLUS (A730 / 2018),https://xcellparts.com/product-category/samsung/galaxy-a-series/a8-plus-a730-2018,6,1,6,3,dom-inspection,div#plp-283-2665 > div.xcell-mm__plp-thumbs.xcell-mm__plp-thumbs--flat > a.xcell-mm__plp-thumb,https://xcellparts.com/product-category/samsung/galaxy-a-series/a8-plus-a730-2018,False,False,2026-09-07T04:40:13+00:00,,,,,
XCell Parts,https://xcellparts.com/,SAMSUNG,https://xcellparts.com/product-category/samsung,2,click,GALAXY A SERIES,https://xcellparts.com/product-category/samsung/galaxy-a-series,3,dom-inspection,A8S (G887 / 2018),https://xcellparts.com/product-category/samsung/galaxy-a-series/a8s-g887-2018,7,1,7,3,dom-inspection,div#plp-283-2665 > div.xcell-mm__plp-thumbs.xcell-mm__plp-thumbs--flat > a.xcell-mm__plp-thumb,https://xcellparts.com/product-category/samsung/galaxy-a-series/a8s-g887-2018,False,False,2026-09-07T04:40:13+00:00,,,,,
XCell Parts,https://xcellparts.com/,SAMSUNG,https://xcellparts.com/product-category/samsung,2,click,GALAXY A SERIES,https://xcellparts.com/product-category/samsung/galaxy-a-series,3,dom-inspection,A8 (A810 / 2016),https://xcellparts.com/product-category/samsung/galaxy-a-series/a8-a810-2016,8,1,8,3,dom-inspection,div#plp-283-2665 > div.xcell-mm__plp-thumbs.xcell-mm__plp-thumbs--flat > a.xcell-mm__plp-thumb,https://xcellparts.com/product-category/samsung/galaxy-a-series/a8-a810-2016,False,False,2026-09-07T04:40:13+00:00,,,,,
XCell Parts,https://xcellparts.com/,SAMSUNG,https://xcellparts.com/product-category/samsung,2,click,GALAXY A SERIES,https://xcellparts.com/product-category/samsung/galaxy-a-series,3,dom-inspection,A8 (A530 / 2018),https://xcellparts.com/product-category/samsung/galaxy-a-series/a8-a530-2018,9,1,9,3,dom-inspection,div#plp-283-2665 > div.xcell-mm__plp-thumbs.xcell-mm__plp-thumbs--flat > a.xcell-mm__plp-thumb,https://xcellparts.com/product-category/samsung/galaxy-a-series/a8-a530-2018,False,False,2026-09-07T04:40:13+00:00,,,,,
XCell Parts,https://xcellparts.com/,SAMSUNG,https://xcellparts.com/product-category/samsung,2,click,GALAXY A SERIES,https://xcellparts.com/product-category/samsung/galaxy-a-series,3,dom-inspection,A73 5G (A736 / 2022),https://xcellparts.com/product-category/samsung/galaxy-a-series/a73-5g-a736-2022,10,1,10,3,dom-inspection,div#plp-283-2665 > div.xcell-mm__plp-thumbs.xcell-mm__plp-thumbs--flat > a.xcell-mm__plp-thumb,https://xcellparts.com/product-category/samsung/galaxy-a-series/a73-5g-a736-2022,False,False,2026-09-07T04:40:13+00:00,,,,,
XCell Parts,https://xcellparts.com/,SAMSUNG,https://xcellparts.com/product-category/samsung,2,click,GALAXY A SERIES,https://xcellparts.com/product-category/samsung/galaxy-a-series,3,dom-inspection,A73 (A735 / 2022),https://xcellparts.com/product-category/samsung/galaxy-a-series/a73-a735-2022,11,1,11,3,dom-inspection,div#plp-283-2665 > div.xcell-mm__plp-thumbs.xcell-mm__plp-thumbs--flat > a.xcell-mm__plp-thumb,https://xcellparts.com/product-category/samsung/galaxy-a-series/a73-a735-2022,False,False,2026-09-07T04:40:13+00:00,,,,,
XCell Parts,https://xcellparts.com/,SAMSUNG,https://xcellparts.com/product-category/samsung,2,click,GALAXY A SERIES,https://xcellparts.com/product-category/samsung/galaxy-a-series,3,dom-inspection,A72 (A725 / 2021),https://xcellparts.com/product-category/samsung/galaxy-a-series/a72-a725-2021,12,1,12,3,dom-inspection,div#plp-283-2665 > div.xcell-mm__plp-thumbs.xcell-mm__plp-thumbs--flat > a.xcell-mm__plp-thumb,https://xcellparts.com/product-category/samsung/galaxy-a-series/a72-a725-2021,False,False,2026-09-07T04:40:13+00:00,,,,,
XCell Parts,https://xcellparts.com/,SAMSUNG,https://xcellparts.com/product-category/samsung,2,click,GALAXY A SERIES,https://xcellparts.com/product-category/samsung/galaxy-a-series,3,dom-inspection,A71 5G (A716 / 2020),https://xcellparts.com/product-category/samsung/galaxy-a-series/a71-5g-a716-2020,13,1,13,3,dom-inspection,div#plp-283-2665 > div.xcell-mm__plp-thumbs.xcell-mm__plp-thumbs--flat > a.xcell-mm__plp-thumb,https://xcellparts.com/product-category/samsung/galaxy-a-series/a71-5g-a716-2020,False,False,2026-09-07T04:40:13+00:00,,,,,
XCell Parts,https://xcellparts.com/,SAMSUNG,https://xcellparts.com/product-category/samsung,2,click,GALAXY A SERIES,https://xcellparts.com/product-category/samsung/galaxy-a-series,3,dom-inspection,A71 (A715 / 2020),https://xcellparts.com/product-category/samsung/galaxy-a-series/a71-a715-2020,14,1,14,3,dom-inspection,div#plp-283-2665 > div.xcell-mm__plp-thumbs.xcell-mm__plp-thumbs--flat > a.xcell-mm__plp-thumb,https://xcellparts.com/product-category/samsung/galaxy-a-series/a71-a715-2020,False,False,2026-09-07T04:40:13+00:00,,,,,
XCell Parts,https://xcellparts.com/,SAMSUNG,https://xcellparts.com/product-category/samsung,2,click,GALAXY A SERIES,https://xcellparts.com/product-category/samsung/galaxy-a-series,3,dom-inspection,A70 (A705 / 2019),https://xcellparts.com/product-category/samsung/galaxy-a-series/a70-a705-2019,15,1,15,3,dom-inspection,div#plp-283-2665 > div.xcell-mm__plp-thumbs.xcell-mm__plp-thumbs--flat > a.xcell-mm__plp-thumb,https://xcellparts.com/product-category/samsung/galaxy-a-series/a70-a705-2019,False,False,2026-09-07T04:40:13+00:00,,,,,
XCell Parts,https://xcellparts.com/,SAMSUNG,https://xcellparts.com/product-category/samsung,2,click,GALAXY A SERIES,https://xcellparts.com/product-category/samsung/galaxy-a-series,3,dom-inspection,A7 (A750 / 2018),https://xcellparts.com/product-category/samsung/galaxy-a-series/a7-a750-2018,16,1,16,3,dom-inspection,div#plp-283-2665 > div.xcell-mm__plp-thumbs.xcell-mm__plp-thumbs--flat > a.xcell-mm__plp-thumb,https://xcellparts.com/product-category/samsung/galaxy-a-series/a7-a750-2018,False,False,2026-09-07T04:40:13+00:00,,,,,
XCell Parts,https://xcellparts.com/,SAMSUNG,https://xcellparts.com/product-category/samsung,2,click,GALAXY A SERIES,https://xcellparts.com/product-category/samsung/galaxy-a-series,3,dom-inspection,A7 (A720 / 2017),https://xcellparts.com/product-category/samsung/galaxy-a-series/a7-a720-2017,17,1,17,3,dom-inspection,div#plp-283-2665 > div.xcell-mm__plp-thumbs.xcell-mm__plp-thumbs--flat > a.xcell-mm__plp-thumb,https://xcellparts.com/product-category/samsung/galaxy-a-series/a7-a720-2017,False,False,2026-09-07T04:40:13+00:00,,,,,
XCell Parts,https://xcellparts.com/,SAMSUNG,https://xcellparts.com/product-category/samsung,2,click,GALAXY A SERIES,https://xcellparts.com/product-category/samsung/galaxy-a-series,3,dom-inspection,A7 (A710 / 2016),https://xcellparts.com/product-category/samsung/galaxy-a-series/a7-a710-2016,18,1,18,3,dom-inspection,div#plp-283-2665 > div.xcell-mm__plp-thumbs.xcell-mm__plp-thumbs--flat > a.xcell-mm__plp-thumb,https://xcellparts.com/product-category/samsung/galaxy-a-series/a7-a710-2016,False,False,2026-09-07T04:40:13+00:00,,,,,
XCell Parts,https://xcellparts.com/,SAMSUNG,https://xcellparts.com/product-category/samsung,2,click,GALAXY A SERIES,https://xcellparts.com/product-category/samsung/galaxy-a-series,3,dom-inspection,A7 (A700 / 2015),https://xcellparts.com/product-category/samsung/galaxy-a-series/a7-a700-2015,19,1,19,3,dom-inspection,div#plp-283-2665 > div.xcell-mm__plp-thumbs.xcell-mm__plp-thumbs--flat > a.xcell-mm__plp-thumb,https://xcellparts.com/product-category/samsung/galaxy-a-series/a7-a700-2015,False,False,2026-09-07T04:40:13+00:00,,,,,
XCell Parts,https://xcellparts.com/,SAMSUNG,https://xcellparts.com/product-category/samsung,2,click,GALAXY A SERIES,https://xcellparts.com/product-category/samsung/galaxy-a-series,3,dom-inspection,A60 (A606 / 2019),https://xcellparts.com/product-category/samsung/galaxy-a-series/a60-a606-2019,20,1,20,3,dom-inspection,div#plp-283-2665 > div.xcell-mm__plp-thumbs.xcell-mm__plp-thumbs--flat > a.xcell-mm__plp-thumb,https://xcellparts.com/product-category/samsung/galaxy-a-series/a60-a606-2019,False,False,2026-09-07T04:40:13+00:00,,,,,
XCell Parts,https://xcellparts.com/,SAMSUNG,https://xcellparts.com/product-category/samsung,2,click,GALAXY A SERIES,https://xcellparts.com/product-category/samsung/galaxy-a-series,3,dom-inspection,A6 PLUS (A605 / 2018),https://xcellparts.com/product-category/samsung/galaxy-a-series/a6-plus-a605-2018,21,1,21,3,dom-inspection,div#plp-283-2665 > div.xcell-mm__plp-thumbs.xcell-mm__plp-thumbs--flat > a.xcell-mm__plp-thumb,https://xcellparts.com/product-category/samsung/galaxy-a-series/a6-plus-a605-2018,False,False,2026-09-07T04:40:13+00:00,,,,,
XCell Parts,https://xcellparts.com/,SAMSUNG,https://xcellparts.com/product-category/samsung,2,click,GALAXY A SERIES,https://xcellparts.com/product-category/samsung/galaxy-a-series,3,dom-inspection,A6 (A600 / 2018),https://xcellparts.com/product-category/samsung/galaxy-a-series/a6-a600-2018,22,1,22,3,dom-inspection,div#plp-283-2665 > div.xcell-mm__plp-thumbs.xcell-mm__plp-thumbs--flat > a.xcell-mm__plp-thumb,https://xcellparts.com/product-category/samsung/galaxy-a-series/a6-a600-2018,False,False,2026-09-07T04:40:13+00:00,,,,,
XCell Parts,https://xcellparts.com/,SAMSUNG,https://xcellparts.com/product-category/samsung,2,click,GALAXY A SERIES,https://xcellparts.com/product-category/samsung/galaxy-a-series,3,dom-inspection,A57 5G (A576 / 2026),https://xcellparts.com/product-category/samsung/galaxy-a-series/a57-5g-a576-2026,23,1,23,3,dom-inspection,div#plp-283-2665 > div.xcell-mm__plp-thumbs.xcell-mm__plp-thumbs--flat > a.xcell-mm__plp-thumb,https://xcellparts.com/product-category/samsung/galaxy-a-series/a57-5g-a576-2026,False,False,2026-09-07T04:40:13+00:00,,,,,
XCell Parts,https://xcellparts.com/,SAMSUNG,https://xcellparts.com/product-category/samsung,2,click,GALAXY A SERIES,https://xcellparts.com/product-category/samsung/galaxy-a-series,3,dom-inspection,A56 5G (A566 / 2025),https://xcellparts.com/product-category/samsung/galaxy-a-series/a56-5g-a566-2025,24,1,24,3,dom-inspection,div#plp-283-2665 > div.xcell-mm__plp-thumbs.xcell-mm__plp-thumbs--flat > a.xcell-mm__plp-thumb,https://xcellparts.com/product-category/samsung/galaxy-a-series/a56-5g-a566-2025,False,False,2026-09-07T04:40:13+00:00,,,,,
XCell Parts,https://xcellparts.com/,SAMSUNG,https://xcellparts.com/product-category/samsung,2,click,GALAXY A SERIES,https://xcellparts.com/product-category/samsung/galaxy-a-series,3,dom-inspection,A55 (A556 / 2024),https://xcellparts.com/product-category/samsung/galaxy-a-series/a55-a556-2024,25,1,25,3,dom-inspection,div#plp-283-2665 > div.xcell-mm__plp-thumbs.xcell-mm__plp-thumbs--flat > a.xcell-mm__plp-thumb,https://xcellparts.com/product-category/samsung/galaxy-a-series/a55-a556-2024,False,False,2026-09-07T04:40:13+00:00,,,,,
XCell Parts,https://xcellparts.com/,SAMSUNG,https://xcellparts.com/product-category/samsung,2,click,GALAXY A SERIES,https://xcellparts.com/product-category/samsung/galaxy-a-series,3,dom-inspection,A54 5G (A546 / 2023),https://xcellparts.com/product-category/samsung/galaxy-a-series/a54-5g-a546-2023,26,1,26,3,dom-inspection,div#plp-283-2665 > div.xcell-mm__plp-thumbs.xcell-mm__plp-thumbs--flat > a.xcell-mm__plp-thumb,https://xcellparts.com/product-category/samsung/galaxy-a-series/a54-5g-a546-2023,False,False,2026-09-07T04:40:13+00:00,,,,,
XCell Parts,https://xcellparts.com/,SAMSUNG,https://xcellparts.com/product-category/samsung,2,click,GALAXY A SERIES,https://xcellparts.com/product-category/samsung/galaxy-a-series,3,dom-inspection,A53 5G (A536B / 2022),https://xcellparts.com/product-category/samsung/galaxy-a-series/a53-5g-a536b-2022,27,1,27,3,dom-inspection,div#plp-283-2665 > div.xcell-mm__plp-thumbs.xcell-mm__plp-thumbs--flat > a.xcell-mm__plp-thumb,https://xcellparts.com/product-category/samsung/galaxy-a-series/a53-5g-a536b-2022,False,False,2026-09-07T04:40:13+00:00,,,,,
XCell Parts,https://xcellparts.com/,SAMSUNG,https://xcellparts.com/product-category/samsung,2,click,GALAXY A SERIES,https://xcellparts.com/product-category/samsung/galaxy-a-series,3,dom-inspection,A52S (A528 / 2021),https://xcellparts.com/product-category/samsung/galaxy-a-series/a52s-a528-2021,28,1,28,3,dom-inspection,div#plp-283-2665 > div.xcell-mm__plp-thumbs.xcell-mm__plp-thumbs--flat > a.xcell-mm__plp-thumb,https://xcellparts.com/product-category/samsung/galaxy-a-series/a52s-a528-2021,False,False,2026-09-07T04:40:13+00:00,,,,,
XCell Parts,https://xcellparts.com/,SAMSUNG,https://xcellparts.com/product-category/samsung,2,click,GALAXY A SERIES,https://xcellparts.com/product-category/samsung/galaxy-a-series,3,dom-inspection,A52 5G (A526 / 2021),https://xcellparts.com/product-category/samsung/galaxy-a-series/a52-5g-a526-2021,29,1,29,3,dom-inspection,div#plp-283-2665 > div.xcell-mm__plp-thumbs.xcell-mm__plp-thumbs--flat > a.xcell-mm__plp-thumb,https://xcellparts.com/product-category/samsung/galaxy-a-series/a52-5g-a526-2021,False,False,2026-09-07T04:40:13+00:00,,,,,
XCell Parts,https://xcellparts.com/,SAMSUNG,https://xcellparts.com/product-category/samsung,2,click,GALAXY A SERIES,https://xcellparts.com/product-category/samsung/galaxy-a-series,3,dom-inspection,A52 4G (A525 / 2021),https://xcellparts.com/product-category/samsung/galaxy-a-series/a52-4g-a525-2021,30,1,30,3,dom-inspection,div#plp-283-2665 > div.xcell-mm__plp-thumbs.xcell-mm__plp-thumbs--flat > a.xcell-mm__plp-thumb,https://xcellparts.com/product-category/samsung/galaxy-a-series/a52-4g-a525-2021,False,False,2026-09-07T04:40:13+00:00,,,,,
XCell Parts,https://xcellparts.com/,SAMSUNG,https://xcellparts.com/product-category/samsung,2,click,GALAXY A SERIES,https://xcellparts.com/product-category/samsung/galaxy-a-series,3,dom-inspection,A51 5G (A516 / 2020),https://xcellparts.com/product-category/samsung/galaxy-a-series/a51-5g-a516-2020,31,1,31,3,dom-inspection,div#plp-283-2665 > div.xcell-mm__plp-thumbs.xcell-mm__plp-thumbs--flat > a.xcell-mm__plp-thumb,https://xcellparts.com/product-category/samsung/galaxy-a-series/a51-5g-a516-2020,False,False,2026-09-07T04:40:13+00:00,,,,,
XCell Parts,https://xcellparts.com/,SAMSUNG,https://xcellparts.com/product-category/samsung,2,click,GALAXY A SERIES,https://xcellparts.com/product-category/samsung/galaxy-a-series,3,dom-inspection,A51 4G (A515 / 2019),https://xcellparts.com/product-category/samsung/galaxy-a-series/a51-4g-a515-2019,32,1,32,3,dom-inspection,div#plp-283-2665 > div.xcell-mm__plp-thumbs.xcell-mm__plp-thumbs--flat > a.xcell-mm__plp-thumb,https://xcellparts.com/product-category/samsung/galaxy-a-series/a51-4g-a515-2019,False,False,2026-09-07T04:40:13+00:00,,,,,
XCell Parts,https://xcellparts.com/,SAMSUNG,https://xcellparts.com/product-category/samsung,2,click,GALAXY A SERIES,https://xcellparts.com/product-category/samsung/galaxy-a-series,3,dom-inspection,A50S (A507 / 2019),https://xcellparts.com/product-category/samsung/galaxy-a-series/a50s-a507-2019,33,1,33,3,dom-inspection,div#plp-283-2665 > div.xcell-mm__plp-thumbs.xcell-mm__plp-thumbs--flat > a.xcell-mm__plp-thumb,https://xcellparts.com/product-category/samsung/galaxy-a-series/a50s-a507-2019,False,False,2026-09-07T04:40:13+00:00,,,,,
XCell Parts,https://xcellparts.com/,SAMSUNG,https://xcellparts.com/product-category/samsung,2,click,GALAXY A SERIES,https://xcellparts.com/product-category/samsung/galaxy-a-series,3,dom-inspection,A50 (A505 / 2019),https://xcellparts.com/product-category/samsung/galaxy-a-series/a50-a505-2019,34,1,34,3,dom-inspection,div#plp-283-2665 > div.xcell-mm__plp-thumbs.xcell-mm__plp-thumbs--flat > a.xcell-mm__plp-thumb,https://xcellparts.com/product-category/samsung/galaxy-a-series/a50-a505-2019,False,False,2026-09-07T04:40:13+00:00,,,,,
XCell Parts,https://xcellparts.com/,SAMSUNG,https://xcellparts.com/product-category/samsung,2,click,GALAXY A SERIES,https://xcellparts.com/product-category/samsung/galaxy-a-series,3,dom-inspection,A5 (A520 / 2017),https://xcellparts.com/product-category/samsung/galaxy-a-series/a5-a520-2017,35,1,35,3,dom-inspection,div#plp-283-2665 > div.xcell-mm__plp-thumbs.xcell-mm__plp-thumbs--flat > a.xcell-mm__plp-thumb,https://xcellparts.com/product-category/samsung/galaxy-a-series/a5-a520-2017,False,False,2026-09-07T04:40:13+00:00,,,,,
XCell Parts,https://xcellparts.com/,SAMSUNG,https://xcellparts.com/product-category/samsung,2,click,GALAXY A SERIES,https://xcellparts.com/product-category/samsung/galaxy-a-series,3,dom-inspection,A5 (A510 / 2016),https://xcellparts.com/product-category/samsung/galaxy-a-series/a5-a510-2016,36,1,36,3,dom-inspection,div#plp-283-2665 > div.xcell-mm__plp-thumbs.xcell-mm__plp-thumbs--flat > a.xcell-mm__plp-thumb,https://xcellparts.com/product-category/samsung/galaxy-a-series/a5-a510-2016,False,False,2026-09-07T04:40:13+00:00,,,,,
XCell Parts,https://xcellparts.com/,SAMSUNG,https://xcellparts.com/product-category/samsung,2,click,GALAXY A SERIES,https://xcellparts.com/product-category/samsung/galaxy-a-series,3,dom-inspection,A5 (A500 / 2015),https://xcellparts.com/product-category/samsung/galaxy-a-series/a5-a500-2015,37,1,37,3,dom-inspection,div#plp-283-2665 > div.xcell-mm__plp-thumbs.xcell-mm__plp-thumbs--flat > a.xcell-mm__plp-thumb,https://xcellparts.com/product-category/samsung/galaxy-a-series/a5-a500-2015,False,False,2026-09-07T04:40:13+00:00,,,,,
XCell Parts,https://xcellparts.com/,SAMSUNG,https://xcellparts.com/product-category/samsung,2,click,GALAXY A SERIES,https://xcellparts.com/product-category/samsung/galaxy-a-series,3,dom-inspection,A42 5G (A426 / 2020),https://xcellparts.com/product-category/samsung/galaxy-a-series/a42-5g-a426-2020,38,1,38,3,dom-inspection,div#plp-283-2665 > div.xcell-mm__plp-thumbs.xcell-mm__plp-thumbs--flat > a.xcell-mm__plp-thumb,https://xcellparts.com/product-category/samsung/galaxy-a-series/a42-5g-a426-2020,False,False,2026-09-07T04:40:13+00:00,,,,,
XCell Parts,https://xcellparts.com/,SAMSUNG,https://xcellparts.com/product-category/samsung,2,click,GALAXY A SERIES,https://xcellparts.com/product-category/samsung/galaxy-a-series,3,dom-inspection,A41 (A415 / 2020),https://xcellparts.com/product-category/samsung/galaxy-a-series/a41-a415-2020,39,1,39,3,dom-inspection,div#plp-283-2665 > div.xcell-mm__plp-thumbs.xcell-mm__plp-thumbs--flat > a.xcell-mm__plp-thumb,https://xcellparts.com/product-category/samsung/galaxy-a-series/a41-a415-2020,False,False,2026-09-07T04:40:13+00:00,,,,,
XCell Parts,https://xcellparts.com/,SAMSUNG,https://xcellparts.com/product-category/samsung,2,click,GALAXY A SERIES,https://xcellparts.com/product-category/samsung/galaxy-a-series,3,dom-inspection,A40S (A407 / 2019),https://xcellparts.com/product-category/samsung/galaxy-a-series/a40s-a407-2019,40,1,40,3,dom-inspection,div#plp-283-2665 > div.xcell-mm__plp-thumbs.xcell-mm__plp-thumbs--flat > a.xcell-mm__plp-thumb,https://xcellparts.com/product-category/samsung/galaxy-a-series/a40s-a407-2019,False,False,2026-09-07T04:40:13+00:00,,,,,
XCell Parts,https://xcellparts.com/,SAMSUNG,https://xcellparts.com/product-category/samsung,2,click,GALAXY A SERIES,https://xcellparts.com/product-category/samsung/galaxy-a-series,3,dom-inspection,A40 (A405 / 2019),https://xcellparts.com/product-category/samsung/galaxy-a-series/a40-a405-2019,41,1,41,3,dom-inspection,div#plp-283-2665 > div.xcell-mm__plp-thumbs.xcell-mm__plp-thumbs--flat > a.xcell-mm__plp-thumb,https://xcellparts.com/product-category/samsung/galaxy-a-series/a40-a405-2019,False,False,2026-09-07T04:40:13+00:00,,,,,
XCell Parts,https://xcellparts.com/,SAMSUNG,https://xcellparts.com/product-category/samsung,2,click,GALAXY A SERIES,https://xcellparts.com/product-category/samsung/galaxy-a-series,3,dom-inspection,A37 5G (A376 / 2026),https://xcellparts.com/product-category/samsung/galaxy-a-series/a37-5g-a376-2026,42,1,42,3,dom-inspection,div#plp-283-2665 > div.xcell-mm__plp-thumbs.xcell-mm__plp-thumbs--flat > a.xcell-mm__plp-thumb,https://xcellparts.com/product-category/samsung/galaxy-a-series/a37-5g-a376-2026,False,False,2026-09-07T04:40:13+00:00,,,,,
XCell Parts,https://xcellparts.com/,SAMSUNG,https://xcellparts.com/product-category/samsung,2,click,GALAXY A SERIES,https://xcellparts.com/product-category/samsung/galaxy-a-series,3,dom-inspection,A36 5G (A366 / 2025),https://xcellparts.com/product-category/samsung/galaxy-a-series/a36-5g-a366-2025,43,1,43,3,dom-inspection,div#plp-283-2665 > div.xcell-mm__plp-thumbs.xcell-mm__plp-thumbs--flat > a.xcell-mm__plp-thumb,https://xcellparts.com/product-category/samsung/galaxy-a-series/a36-5g-a366-2025,False,False,2026-09-07T04:40:13+00:00,,,,,
XCell Parts,https://xcellparts.com/,SAMSUNG,https://xcellparts.com/product-category/samsung,2,click,GALAXY A SERIES,https://xcellparts.com/product-category/samsung/galaxy-a-series,3,dom-inspection,A35 5G (A356 / 2024),https://xcellparts.com/product-category/samsung/galaxy-a-series/a35-5g-a356-2024,44,1,44,3,dom-inspection,div#plp-283-2665 > div.xcell-mm__plp-thumbs.xcell-mm__plp-thumbs--flat > a.xcell-mm__plp-thumb,https://xcellparts.com/product-category/samsung/galaxy-a-series/a35-5g-a356-2024,False,False,2026-09-07T04:40:13+00:00,,,,,
XCell Parts,https://xcellparts.com/,SAMSUNG,https://xcellparts.com/product-category/samsung,2,click,GALAXY A SERIES,https://xcellparts.com/product-category/samsung/galaxy-a-series,3,dom-inspection,A34 5G (A346 / 2023),https://xcellparts.com/product-category/samsung/galaxy-a-series/a34-5g-a346-2023,45,1,45,3,dom-inspection,div#plp-283-2665 > div.xcell-mm__plp-thumbs.xcell-mm__plp-thumbs--flat > a.xcell-mm__plp-thumb,https://xcellparts.com/product-category/samsung/galaxy-a-series/a34-5g-a346-2023,False,False,2026-09-07T04:40:13+00:00,,,,,
XCell Parts,https://xcellparts.com/,SAMSUNG,https://xcellparts.com/product-category/samsung,2,click,GALAXY A SERIES,https://xcellparts.com/product-category/samsung/galaxy-a-series,3,dom-inspection,A33 5G (A336B / 2022),https://xcellparts.com/product-category/samsung/galaxy-a-series/a33-5g-a336b-2022,46,1,46,3,dom-inspection,div#plp-283-2665 > div.xcell-mm__plp-thumbs.xcell-mm__plp-thumbs--flat > a.xcell-mm__plp-thumb,https://xcellparts.com/product-category/samsung/galaxy-a-series/a33-5g-a336b-2022,False,False,2026-09-07T04:40:13+00:00,,,,,
XCell Parts,https://xcellparts.com/,SAMSUNG,https://xcellparts.com/product-category/samsung,2,click,GALAXY A SERIES,https://xcellparts.com/product-category/samsung/galaxy-a-series,3,dom-inspection,A32 5G (A326 / 2021),https://xcellparts.com/product-category/samsung/galaxy-a-series/a32-5g-a326-2021,47,1,47,3,dom-inspection,div#plp-283-2665 > div.xcell-mm__plp-thumbs.xcell-mm__plp-thumbs--flat > a.xcell-mm__plp-thumb,https://xcellparts.com/product-category/samsung/galaxy-a-series/a32-5g-a326-2021,False,False,2026-09-07T04:40:13+00:00,,,,,
XCell Parts,https://xcellparts.com/,SAMSUNG,https://xcellparts.com/product-category/samsung,2,click,GALAXY A SERIES,https://xcellparts.com/product-category/samsung/galaxy-a-series,3,dom-inspection,A32 4G (A325 / 2021),https://xcellparts.com/product-category/samsung/galaxy-a-series/a32-4g-a325-2021,48,1,48,3,dom-inspection,div#plp-283-2665 > div.xcell-mm__plp-thumbs.xcell-mm__plp-thumbs--flat > a.xcell-mm__plp-thumb,https://xcellparts.com/product-category/samsung/galaxy-a-series/a32-4g-a325-2021,False,False,2026-09-07T04:40:13+00:00,,,,,
XCell Parts,https://xcellparts.com/,SAMSUNG,https://xcellparts.com/product-category/samsung,2,click,GALAXY A SERIES,https://xcellparts.com/product-category/samsung/galaxy-a-series,3,dom-inspection,A31 (A315 / 2020),https://xcellparts.com/product-category/samsung/galaxy-a-series/a31-a315-2020,49,1,49,3,dom-inspection,div#plp-283-2665 > div.xcell-mm__plp-thumbs.xcell-mm__plp-thumbs--flat > a.xcell-mm__plp-thumb,https://xcellparts.com/product-category/samsung/galaxy-a-series/a31-a315-2020,False,False,2026-09-07T04:40:13+00:00,,,,,
XCell Parts,https://xcellparts.com/,SAMSUNG,https://xcellparts.com/product-category/samsung,2,click,GALAXY A SERIES,https://xcellparts.com/product-category/samsung/galaxy-a-series,3,dom-inspection,A30S (A307 / 2019),https://xcellparts.com/product-category/samsung/galaxy-a-series/a30s-a307-2019,50,1,50,3,dom-inspection,div#plp-283-2665 > div.xcell-mm__plp-thumbs.xcell-mm__plp-thumbs--flat > a.xcell-mm__plp-thumb,https://xcellparts.com/product-category/samsung/galaxy-a-series/a30s-a307-2019,False,False,2026-09-07T04:40:13+00:00,,,,,
XCell Parts,https://xcellparts.com/,SAMSUNG,https://xcellparts.com/product-category/samsung,2,click,GALAXY A SERIES,https://xcellparts.com/product-category/samsung/galaxy-a-series,3,dom-inspection,A30 (A305 / 2019),https://xcellparts.com/product-category/samsung/galaxy-a-series/a30-a305-2019,51,1,51,3,dom-inspection,div#plp-283-2665 > div.xcell-mm__plp-thumbs.xcell-mm__plp-thumbs--flat > a.xcell-mm__plp-thumb,https://xcellparts.com/product-category/samsung/galaxy-a-series/a30-a305-2019,False,False,2026-09-07T04:40:13+00:00,,,,,
XCell Parts,https://xcellparts.com/,SAMSUNG,https://xcellparts.com/product-category/samsung,2,click,GALAXY A SERIES,https://xcellparts.com/product-category/samsung/galaxy-a-series,3,dom-inspection,A3 (A320 / 2017),https://xcellparts.com/product-category/samsung/galaxy-a-series/a3-a320-2017,52,1,52,3,dom-inspection,div#plp-283-2665 > div.xcell-mm__plp-thumbs.xcell-mm__plp-thumbs--flat > a.xcell-mm__plp-thumb,https://xcellparts.com/product-category/samsung/galaxy-a-series/a3-a320-2017,False,False,2026-09-07T04:40:13+00:00,,,,,
XCell Parts,https://xcellparts.com/,SAMSUNG,https://xcellparts.com/product-category/samsung,2,click,GALAXY A SERIES,https://xcellparts.com/product-category/samsung/galaxy-a-series,3,dom-inspection,A3 (A310 / 2016),https://xcellparts.com/product-category/samsung/galaxy-a-series/a3-a310-2016,53,1,53,3,dom-inspection,div#plp-283-2665 > div.xcell-mm__plp-thumbs.xcell-mm__plp-thumbs--flat > a.xcell-mm__plp-thumb,https://xcellparts.com/product-category/samsung/galaxy-a-series/a3-a310-2016,False,False,2026-09-07T04:40:13+00:00,,,,,
XCell Parts,https://xcellparts.com/,SAMSUNG,https://xcellparts.com/product-category/samsung,2,click,GALAXY A SERIES,https://xcellparts.com/product-category/samsung/galaxy-a-series,3,dom-inspection,A3 (A300 / 2015),https://xcellparts.com/product-category/samsung/galaxy-a-series/a3-a300-2015,54,1,54,3,dom-inspection,div#plp-283-2665 > div.xcell-mm__plp-thumbs.xcell-mm__plp-thumbs--flat > a.xcell-mm__plp-thumb,https://xcellparts.com/product-category/samsung/galaxy-a-series/a3-a300-2015,False,False,2026-09-07T04:40:13+00:00,,,,,
XCell Parts,https://xcellparts.com/,SAMSUNG,https://xcellparts.com/product-category/samsung,2,click,GALAXY A SERIES,https://xcellparts.com/product-category/samsung/galaxy-a-series,3,dom-inspection,A26 5G (A266 / 2025),https://xcellparts.com/product-category/samsung/galaxy-a-series/a26-5g-a266-2025,55,1,55,3,dom-inspection,div#plp-283-2665 > div.xcell-mm__plp-thumbs.xcell-mm__plp-thumbs--flat > a.xcell-mm__plp-thumb,https://xcellparts.com/product-category/samsung/galaxy-a-series/a26-5g-a266-2025,False,False,2026-09-07T04:40:13+00:00,,,,,
XCell Parts,https://xcellparts.com/,SAMSUNG,https://xcellparts.com/product-category/samsung,2,click,GALAXY A SERIES,https://xcellparts.com/product-category/samsung/galaxy-a-series,3,dom-inspection,A25 5G (A256 / 2023),https://xcellparts.com/product-category/samsung/galaxy-a-series/a25-5g-a256-2023,56,1,56,3,dom-inspection,div#plp-283-2665 > div.xcell-mm__plp-thumbs.xcell-mm__plp-thumbs--flat > a.xcell-mm__plp-thumb,https://xcellparts.com/product-category/samsung/galaxy-a-series/a25-5g-a256-2023,False,False,2026-09-07T04:40:13+00:00,,,,,
XCell Parts,https://xcellparts.com/,SAMSUNG,https://xcellparts.com/product-category/samsung,2,click,GALAXY A SERIES,https://xcellparts.com/product-category/samsung/galaxy-a-series,3,dom-inspection,A24 (A245 / 2023),https://xcellparts.com/product-category/samsung/galaxy-a-series/a24-a245-2023,57,1,57,3,dom-inspection,div#plp-283-2665 > div.xcell-mm__plp-thumbs.xcell-mm__plp-thumbs--flat > a.xcell-mm__plp-thumb,https://xcellparts.com/product-category/samsung/galaxy-a-series/a24-a245-2023,False,False,2026-09-07T04:40:13+00:00,,,,,
XCell Parts,https://xcellparts.com/,SAMSUNG,https://xcellparts.com/product-category/samsung,2,click,GALAXY A SERIES,https://xcellparts.com/product-category/samsung/galaxy-a-series,3,dom-inspection,A23 5G (A236 / 2022),https://xcellparts.com/product-category/samsung/galaxy-a-series/a23-5g-a236-2022,58,1,58,3,dom-inspection,div#plp-283-2665 > div.xcell-mm__plp-thumbs.xcell-mm__plp-thumbs--flat > a.xcell-mm__plp-thumb,https://xcellparts.com/product-category/samsung/galaxy-a-series/a23-5g-a236-2022,False,False,2026-09-07T04:40:13+00:00,,,,,
XCell Parts,https://xcellparts.com/,SAMSUNG,https://xcellparts.com/product-category/samsung,2,click,GALAXY A SERIES,https://xcellparts.com/product-category/samsung/galaxy-a-series,3,dom-inspection,A23 4G (A235 / 2022),https://xcellparts.com/product-category/samsung/galaxy-a-series/a23-4g-a235-2022,59,1,59,3,dom-inspection,div#plp-283-2665 > div.xcell-mm__plp-thumbs.xcell-mm__plp-thumbs--flat > a.xcell-mm__plp-thumb,https://xcellparts.com/product-category/samsung/galaxy-a-series/a23-4g-a235-2022,False,False,2026-09-07T04:40:13+00:00,,,,,
XCell Parts,https://xcellparts.com/,SAMSUNG,https://xcellparts.com/product-category/samsung,2,click,GALAXY A SERIES,https://xcellparts.com/product-category/samsung/galaxy-a-series,3,dom-inspection,A22 5G (A226 / 2021 ),https://xcellparts.com/product-category/samsung/galaxy-a-series/a22-5g-a226-2021,60,1,60,3,dom-inspection,div#plp-283-2665 > div.xcell-mm__plp-thumbs.xcell-mm__plp-thumbs--flat > a.xcell-mm__plp-thumb,https://xcellparts.com/product-category/samsung/galaxy-a-series/a22-5g-a226-2021,False,False,2026-09-07T04:40:13+00:00,,,,,
XCell Parts,https://xcellparts.com/,SAMSUNG,https://xcellparts.com/product-category/samsung,2,click,GALAXY A SERIES,https://xcellparts.com/product-category/samsung/galaxy-a-series,3,dom-inspection,A22 4G (A225 / 2021),https://xcellparts.com/product-category/samsung/galaxy-a-series/a22-4g-a225-2021,61,1,61,3,dom-inspection,div#plp-283-2665 > div.xcell-mm__plp-thumbs.xcell-mm__plp-thumbs--flat > a.xcell-mm__plp-thumb,https://xcellparts.com/product-category/samsung/galaxy-a-series/a22-4g-a225-2021,False,False,2026-09-07T04:40:13+00:00,,,,,
XCell Parts,https://xcellparts.com/,SAMSUNG,https://xcellparts.com/product-category/samsung,2,click,GALAXY A SERIES,https://xcellparts.com/product-category/samsung/galaxy-a-series,3,dom-inspection,A21S (A217 / 2020),https://xcellparts.com/product-category/samsung/galaxy-a-series/a21s-a217-2020,62,1,62,3,dom-inspection,div#plp-283-2665 > div.xcell-mm__plp-thumbs.xcell-mm__plp-thumbs--flat > a.xcell-mm__plp-thumb,https://xcellparts.com/product-category/samsung/galaxy-a-series/a21s-a217-2020,False,False,2026-09-07T04:40:13+00:00,,,,,
XCell Parts,https://xcellparts.com/,SAMSUNG,https://xcellparts.com/product-category/samsung,2,click,GALAXY A SERIES,https://xcellparts.com/product-category/samsung/galaxy-a-series,3,dom-inspection,A21 (A215 / 2020),https://xcellparts.com/product-category/samsung/galaxy-a-series/a21-a215-2020,63,1,63,3,dom-inspection,div#plp-283-2665 > div.xcell-mm__plp-thumbs.xcell-mm__plp-thumbs--flat > a.xcell-mm__plp-thumb,https://xcellparts.com/product-category/samsung/galaxy-a-series/a21-a215-2020,False,False,2026-09-07T04:40:13+00:00,,,,,
XCell Parts,https://xcellparts.com/,SAMSUNG,https://xcellparts.com/product-category/samsung,2,click,GALAXY A SERIES,https://xcellparts.com/product-category/samsung/galaxy-a-series,3,dom-inspection,A20S (A207 / 2019),https://xcellparts.com/product-category/samsung/galaxy-a-series/a20s-a207-2019,64,1,64,3,dom-inspection,div#plp-283-2665 > div.xcell-mm__plp-thumbs.xcell-mm__plp-thumbs--flat > a.xcell-mm__plp-thumb,https://xcellparts.com/product-category/samsung/galaxy-a-series/a20s-a207-2019,False,False,2026-09-07T04:40:13+00:00,,,,,
XCell Parts,https://xcellparts.com/,SAMSUNG,https://xcellparts.com/product-category/samsung,2,click,GALAXY A SERIES,https://xcellparts.com/product-category/samsung/galaxy-a-series,3,dom-inspection,A20E (A202 / 2019),https://xcellparts.com/product-category/samsung/galaxy-a-series/a20e-a202-2019,65,1,65,3,dom-inspection,div#plp-283-2665 > div.xcell-mm__plp-thumbs.xcell-mm__plp-thumbs--flat > a.xcell-mm__plp-thumb,https://xcellparts.com/product-category/samsung/galaxy-a-series/a20e-a202-2019,False,False,2026-09-07T04:40:13+00:00,,,,,
XCell Parts,https://xcellparts.com/,SAMSUNG,https://xcellparts.com/product-category/samsung,2,click,GALAXY A SERIES,https://xcellparts.com/product-category/samsung/galaxy-a-series,3,dom-inspection,A20 (A205 / 2019),https://xcellparts.com/product-category/samsung/galaxy-a-series/a20-a205-2019,66,1,66,3,dom-inspection,div#plp-283-2665 > div.xcell-mm__plp-thumbs.xcell-mm__plp-thumbs--flat > a.xcell-mm__plp-thumb,https://xcellparts.com/product-category/samsung/galaxy-a-series/a20-a205-2019,False,False,2026-09-07T04:40:13+00:00,,,,,
XCell Parts,https://xcellparts.com/,SAMSUNG,https://xcellparts.com/product-category/samsung,2,click,GALAXY A SERIES,https://xcellparts.com/product-category/samsung/galaxy-a-series,3,dom-inspection,A2 CORE (A260 / 2019),https://xcellparts.com/product-category/samsung/galaxy-a-series/a2-core-a260-2019,67,1,67,3,dom-inspection,div#plp-283-2665 > div.xcell-mm__plp-thumbs.xcell-mm__plp-thumbs--flat > a.xcell-mm__plp-thumb,https://xcellparts.com/product-category/samsung/galaxy-a-series/a2-core-a260-2019,False,False,2026-09-07T04:40:13+00:00,,,,,
XCell Parts,https://xcellparts.com/,SAMSUNG,https://xcellparts.com/product-category/samsung,2,click,GALAXY A SERIES,https://xcellparts.com/product-category/samsung/galaxy-a-series,3,dom-inspection,A17 5G (A176 / 2025),https://xcellparts.com/product-category/samsung/galaxy-a-series/a17-5g-a176-2025,68,1,68,3,dom-inspection,div#plp-283-2665 > div.xcell-mm__plp-thumbs.xcell-mm__plp-thumbs--flat > a.xcell-mm__plp-thumb,https://xcellparts.com/product-category/samsung/galaxy-a-series/a17-5g-a176-2025,False,False,2026-09-07T04:40:13+00:00,,,,,
XCell Parts,https://xcellparts.com/,SAMSUNG,https://xcellparts.com/product-category/samsung,2,click,GALAXY A SERIES,https://xcellparts.com/product-category/samsung/galaxy-a-series,3,dom-inspection,A17 4G (A175 / 2025),https://xcellparts.com/product-category/samsung/galaxy-a-series/a17-4g-a175-2025,69,1,69,3,dom-inspection,div#plp-283-2665 > div.xcell-mm__plp-thumbs.xcell-mm__plp-thumbs--flat > a.xcell-mm__plp-thumb,https://xcellparts.com/product-category/samsung/galaxy-a-series/a17-4g-a175-2025,False,False,2026-09-07T04:40:13+00:00,,,,,
XCell Parts,https://xcellparts.com/,SAMSUNG,https://xcellparts.com/product-category/samsung,2,click,GALAXY A SERIES,https://xcellparts.com/product-category/samsung/galaxy-a-series,3,dom-inspection,A16 5G (A166 / 2024),https://xcellparts.com/product-category/samsung/galaxy-a-series/a16-5g-a166-2024,70,1,70,3,dom-inspection,div#plp-283-2665 > div.xcell-mm__plp-thumbs.xcell-mm__plp-thumbs--flat > a.xcell-mm__plp-thumb,https://xcellparts.com/product-category/samsung/galaxy-a-series/a16-5g-a166-2024,False,False,2026-09-07T04:40:13+00:00,,,,,
XCell Parts,https://xcellparts.com/,SAMSUNG,https://xcellparts.com/product-category/samsung,2,click,GALAXY A SERIES,https://xcellparts.com/product-category/samsung/galaxy-a-series,3,dom-inspection,A16 4G (A165 / 2024),https://xcellparts.com/product-category/samsung/galaxy-a-series/a16-4g-a165-2024,71,1,71,3,dom-inspection,div#plp-283-2665 > div.xcell-mm__plp-thumbs.xcell-mm__plp-thumbs--flat > a.xcell-mm__plp-thumb,https://xcellparts.com/product-category/samsung/galaxy-a-series/a16-4g-a165-2024,False,False,2026-09-07T04:40:13+00:00,,,,,
XCell Parts,https://xcellparts.com/,SAMSUNG,https://xcellparts.com/product-category/samsung,2,click,GALAXY A SERIES,https://xcellparts.com/product-category/samsung/galaxy-a-series,3,dom-inspection,A15 5G (A156 / 2024),https://xcellparts.com/product-category/samsung/galaxy-a-series/a15-5g-a156-2024,72,1,72,3,dom-inspection,div#plp-283-2665 > div.xcell-mm__plp-thumbs.xcell-mm__plp-thumbs--flat > a.xcell-mm__plp-thumb,https://xcellparts.com/product-category/samsung/galaxy-a-series/a15-5g-a156-2024,False,False,2026-09-07T04:40:13+00:00,,,,,
XCell Parts,https://xcellparts.com/,SAMSUNG,https://xcellparts.com/product-category/samsung,2,click,GALAXY A SERIES,https://xcellparts.com/product-category/samsung/galaxy-a-series,3,dom-inspection,A15 4G (A155 / 2024),https://xcellparts.com/product-category/samsung/galaxy-a-series/a15-4g-a155-2024,73,1,73,3,dom-inspection,div#plp-283-2665 > div.xcell-mm__plp-thumbs.xcell-mm__plp-thumbs--flat > a.xcell-mm__plp-thumb,https://xcellparts.com/product-category/samsung/galaxy-a-series/a15-4g-a155-2024,False,False,2026-09-07T04:40:13+00:00,,,,,
XCell Parts,https://xcellparts.com/,SAMSUNG,https://xcellparts.com/product-category/samsung,2,click,GALAXY A SERIES,https://xcellparts.com/product-category/samsung/galaxy-a-series,3,dom-inspection,A14 5G (A146 / 2022),https://xcellparts.com/product-category/samsung/galaxy-a-series/a14-5g-a146-2022,74,1,74,3,dom-inspection,div#plp-283-2665 > div.xcell-mm__plp-thumbs.xcell-mm__plp-thumbs--flat > a.xcell-mm__plp-thumb,https://xcellparts.com/product-category/samsung/galaxy-a-series/a14-5g-a146-2022,False,False,2026-09-07T04:40:13+00:00,,,,,
XCell Parts,https://xcellparts.com/,SAMSUNG,https://xcellparts.com/product-category/samsung,2,click,GALAXY A SERIES,https://xcellparts.com/product-category/samsung/galaxy-a-series,3,dom-inspection,A14 (A145 / 2023),https://xcellparts.com/product-category/samsung/galaxy-a-series/a14-a145-2023,75,1,75,3,dom-inspection,div#plp-283-2665 > div.xcell-mm__plp-thumbs.xcell-mm__plp-thumbs--flat > a.xcell-mm__plp-thumb,https://xcellparts.com/product-category/samsung/galaxy-a-series/a14-a145-2023,False,False,2026-09-07T04:40:13+00:00,,,,,
XCell Parts,https://xcellparts.com/,SAMSUNG,https://xcellparts.com/product-category/samsung,2,click,GALAXY A SERIES,https://xcellparts.com/product-category/samsung/galaxy-a-series,3,dom-inspection,A13S (A137 / 2022),https://xcellparts.com/product-category/samsung/galaxy-a-series/a13s-a137-2022,76,1,76,3,dom-inspection,div#plp-283-2665 > div.xcell-mm__plp-thumbs.xcell-mm__plp-thumbs--flat > a.xcell-mm__plp-thumb,https://xcellparts.com/product-category/samsung/galaxy-a-series/a13s-a137-2022,False,False,2026-09-07T04:40:13+00:00,,,,,
XCell Parts,https://xcellparts.com/,SAMSUNG,https://xcellparts.com/product-category/samsung,2,click,GALAXY A SERIES,https://xcellparts.com/product-category/samsung/galaxy-a-series,3,dom-inspection,A13 5G (A136 / 2021),https://xcellparts.com/product-category/samsung/galaxy-a-series/a13-5g-a136-2021,77,1,77,3,dom-inspection,div#plp-283-2665 > div.xcell-mm__plp-thumbs.xcell-mm__plp-thumbs--flat > a.xcell-mm__plp-thumb,https://xcellparts.com/product-category/samsung/galaxy-a-series/a13-5g-a136-2021,False,False,2026-09-07T04:40:13+00:00,,,,,
XCell Parts,https://xcellparts.com/,SAMSUNG,https://xcellparts.com/product-category/samsung,2,click,GALAXY A SERIES,https://xcellparts.com/product-category/samsung/galaxy-a-series,3,dom-inspection,A13 (A135 / 2022),https://xcellparts.com/product-category/samsung/galaxy-a-series/a13-a135-2022,78,1,78,3,dom-inspection,div#plp-283-2665 > div.xcell-mm__plp-thumbs.xcell-mm__plp-thumbs--flat > a.xcell-mm__plp-thumb,https://xcellparts.com/product-category/samsung/galaxy-a-series/a13-a135-2022,False,False,2026-09-07T04:40:13+00:00,,,,,
XCell Parts,https://xcellparts.com/,SAMSUNG,https://xcellparts.com/product-category/samsung,2,click,GALAXY A SERIES,https://xcellparts.com/product-category/samsung/galaxy-a-series,3,dom-inspection,A12 NACHO (A127 / 2021),https://xcellparts.com/product-category/samsung/galaxy-a-series/a12-nacho-a127-2021,79,1,79,3,dom-inspection,div#plp-283-2665 > div.xcell-mm__plp-thumbs.xcell-mm__plp-thumbs--flat > a.xcell-mm__plp-thumb,https://xcellparts.com/product-category/samsung/galaxy-a-series/a12-nacho-a127-2021,False,False,2026-09-07T04:40:13+00:00,,,,,
XCell Parts,https://xcellparts.com/,SAMSUNG,https://xcellparts.com/product-category/samsung,2,click,GALAXY A SERIES,https://xcellparts.com/product-category/samsung/galaxy-a-series,3,dom-inspection,A12 (A125 / 2020),https://xcellparts.com/product-category/samsung/galaxy-a-series/a12-a125-2020,80,1,80,3,dom-inspection,div#plp-283-2665 > div.xcell-mm__plp-thumbs.xcell-mm__plp-thumbs--flat > a.xcell-mm__plp-thumb,https://xcellparts.com/product-category/samsung/galaxy-a-series/a12-a125-2020,False,False,2026-09-07T04:40:13+00:00,,,,,
XCell Parts,https://xcellparts.com/,SAMSUNG,https://xcellparts.com/product-category/samsung,2,click,GALAXY A SERIES,https://xcellparts.com/product-category/samsung/galaxy-a-series,3,dom-inspection,A11 (A115 / 2020),https://xcellparts.com/product-category/samsung/galaxy-a-series/a11-a115-2020,81,1,81,3,dom-inspection,div#plp-283-2665 > div.xcell-mm__plp-thumbs.xcell-mm__plp-thumbs--flat > a.xcell-mm__plp-thumb,https://xcellparts.com/product-category/samsung/galaxy-a-series/a11-a115-2020,False,False,2026-09-07T04:40:13+00:00,,,,,
XCell Parts,https://xcellparts.com/,SAMSUNG,https://xcellparts.com/product-category/samsung,2,click,GALAXY A SERIES,https://xcellparts.com/product-category/samsung/galaxy-a-series,3,dom-inspection,A10S (A107 / 2019),https://xcellparts.com/product-category/samsung/galaxy-a-series/a10s-a107-2019,82,1,82,3,dom-inspection,div#plp-283-2665 > div.xcell-mm__plp-thumbs.xcell-mm__plp-thumbs--flat > a.xcell-mm__plp-thumb,https://xcellparts.com/product-category/samsung/galaxy-a-series/a10s-a107-2019,False,False,2026-09-07T04:40:13+00:00,,,,,
XCell Parts,https://xcellparts.com/,SAMSUNG,https://xcellparts.com/product-category/samsung,2,click,GALAXY A SERIES,https://xcellparts.com/product-category/samsung/galaxy-a-series,3,dom-inspection,A10E (A102 / 2019),https://xcellparts.com/product-category/samsung/galaxy-a-series/a10e-a102-2019,83,1,83,3,dom-inspection,div#plp-283-2665 > div.xcell-mm__plp-thumbs.xcell-mm__plp-thumbs--flat > a.xcell-mm__plp-thumb,https://xcellparts.com/product-category/samsung/galaxy-a-series/a10e-a102-2019,False,False,2026-09-07T04:40:13+00:00,,,,,
XCell Parts,https://xcellparts.com/,SAMSUNG,https://xcellparts.com/product-category/samsung,2,click,GALAXY A SERIES,https://xcellparts.com/product-category/samsung/galaxy-a-series,3,dom-inspection,A10 (A105 / 2019),https://xcellparts.com/product-category/samsung/galaxy-a-series/a10-a105-2019,84,1,84,3,dom-inspection,div#plp-283-2665 > div.xcell-mm__plp-thumbs.xcell-mm__plp-thumbs--flat > a.xcell-mm__plp-thumb,https://xcellparts.com/product-category/samsung/galaxy-a-series/a10-a105-2019,False,False,2026-09-07T04:40:13+00:00,,,,,
XCell Parts,https://xcellparts.com/,SAMSUNG,https://xcellparts.com/product-category/samsung,2,click,GALAXY A SERIES,https://xcellparts.com/product-category/samsung/galaxy-a-series,3,dom-inspection,A07 5G (A076 / 2026),https://xcellparts.com/product-category/samsung/galaxy-a-series/a07-5g-a076-2026,85,1,85,3,dom-inspection,div#plp-283-2665 > div.xcell-mm__plp-thumbs.xcell-mm__plp-thumbs--flat > a.xcell-mm__plp-thumb,https://xcellparts.com/product-category/samsung/galaxy-a-series/a07-5g-a076-2026,False,False,2026-09-07T04:40:13+00:00,,,,,
XCell Parts,https://xcellparts.com/,SAMSUNG,https://xcellparts.com/product-category/samsung,2,click,GALAXY A SERIES,https://xcellparts.com/product-category/samsung/galaxy-a-series,3,dom-inspection,A07 4G (A075 / 2025),https://xcellparts.com/product-category/samsung/galaxy-a-series/a07-4g-a075-2025,86,1,86,3,dom-inspection,div#plp-283-2665 > div.xcell-mm__plp-thumbs.xcell-mm__plp-thumbs--flat > a.xcell-mm__plp-thumb,https://xcellparts.com/product-category/samsung/galaxy-a-series/a07-4g-a075-2025,False,False,2026-09-07T04:40:13+00:00,,,,,
XCell Parts,https://xcellparts.com/,SAMSUNG,https://xcellparts.com/product-category/samsung,2,click,GALAXY A SERIES,https://xcellparts.com/product-category/samsung/galaxy-a-series,3,dom-inspection,A06 5G (A066 / 2025),https://xcellparts.com/product-category/samsung/galaxy-a-series/a06-5g-a066-2025,87,1,87,3,dom-inspection,div#plp-283-2665 > div.xcell-mm__plp-thumbs.xcell-mm__plp-thumbs--flat > a.xcell-mm__plp-thumb,https://xcellparts.com/product-category/samsung/galaxy-a-series/a06-5g-a066-2025,False,False,2026-09-07T04:40:13+00:00,,,,,
XCell Parts,https://xcellparts.com/,SAMSUNG,https://xcellparts.com/product-category/samsung,2,click,GALAXY A SERIES,https://xcellparts.com/product-category/samsung/galaxy-a-series,3,dom-inspection,A06 (A065 /2024),https://xcellparts.com/product-category/samsung/galaxy-a-series/a06-a065-2024,88,1,88,3,dom-inspection,div#plp-283-2665 > div.xcell-mm__plp-thumbs.xcell-mm__plp-thumbs--flat > a.xcell-mm__plp-thumb,https://xcellparts.com/product-category/samsung/galaxy-a-series/a06-a065-2024,False,False,2026-09-07T04:40:13+00:00,,,,,
XCell Parts,https://xcellparts.com/,SAMSUNG,https://xcellparts.com/product-category/samsung,2,click,GALAXY A SERIES,https://xcellparts.com/product-category/samsung/galaxy-a-series,3,dom-inspection,A05S (A057 / 2023),https://xcellparts.com/product-category/samsung/galaxy-a-series/a05s-a057-2023,89,1,89,3,dom-inspection,div#plp-283-2665 > div.xcell-mm__plp-thumbs.xcell-mm__plp-thumbs--flat > a.xcell-mm__plp-thumb,https://xcellparts.com/product-category/samsung/galaxy-a-series/a05s-a057-2023,False,False,2026-09-07T04:40:13+00:00,,,,,
XCell Parts,https://xcellparts.com/,SAMSUNG,https://xcellparts.com/product-category/samsung,2,click,GALAXY A SERIES,https://xcellparts.com/product-category/samsung/galaxy-a-series,3,dom-inspection,A05 (A055 / 2023),https://xcellparts.com/product-category/samsung/galaxy-a-series/a05-a055-2023,90,1,90,3,dom-inspection,div#plp-283-2665 > div.xcell-mm__plp-thumbs.xcell-mm__plp-thumbs--flat > a.xcell-mm__plp-thumb,https://xcellparts.com/product-category/samsung/galaxy-a-series/a05-a055-2023,False,False,2026-09-07T04:40:13+00:00,,,,,
XCell Parts,https://xcellparts.com/,SAMSUNG,https://xcellparts.com/product-category/samsung,2,click,GALAXY A SERIES,https://xcellparts.com/product-category/samsung/galaxy-a-series,3,dom-inspection,A04S (A047 / 2022),https://xcellparts.com/product-category/samsung/galaxy-a-series/a04s-a047-2022,91,1,91,3,dom-inspection,div#plp-283-2665 > div.xcell-mm__plp-thumbs.xcell-mm__plp-thumbs--flat > a.xcell-mm__plp-thumb,https://xcellparts.com/product-category/samsung/galaxy-a-series/a04s-a047-2022,False,False,2026-09-07T04:40:13+00:00,,,,,
XCell Parts,https://xcellparts.com/,SAMSUNG,https://xcellparts.com/product-category/samsung,2,click,GALAXY A SERIES,https://xcellparts.com/product-category/samsung/galaxy-a-series,3,dom-inspection,A04 (A045 / 2022),https://xcellparts.com/product-category/samsung/galaxy-a-series/a04-a045-2022,92,1,92,3,dom-inspection,div#plp-283-2665 > div.xcell-mm__plp-thumbs.xcell-mm__plp-thumbs--flat > a.xcell-mm__plp-thumb,https://xcellparts.com/product-category/samsung/galaxy-a-series/a04-a045-2022,False,False,2026-09-07T04:40:13+00:00,,,,,
XCell Parts,https://xcellparts.com/,SAMSUNG,https://xcellparts.com/product-category/samsung,2,click,GALAXY A SERIES,https://xcellparts.com/product-category/samsung/galaxy-a-series,3,dom-inspection,A04E (A042 / 2022),https://xcellparts.com/product-category/samsung/galaxy-a-series/a04e-a042-2022,93,1,93,3,dom-inspection,div#plp-283-2665 > div.xcell-mm__plp-thumbs.xcell-mm__plp-thumbs--flat > a.xcell-mm__plp-thumb,https://xcellparts.com/product-category/samsung/galaxy-a-series/a04e-a042-2022,False,False,2026-09-07T04:40:13+00:00,,,,,
XCell Parts,https://xcellparts.com/,SAMSUNG,https://xcellparts.com/product-category/samsung,2,click,GALAXY A SERIES,https://xcellparts.com/product-category/samsung/galaxy-a-series,3,dom-inspection,A03S (A037 / 2021),https://xcellparts.com/product-category/samsung/galaxy-a-series/a03s-a037-2021,94,1,94,3,dom-inspection,div#plp-283-2665 > div.xcell-mm__plp-thumbs.xcell-mm__plp-thumbs--flat > a.xcell-mm__plp-thumb,https://xcellparts.com/product-category/samsung/galaxy-a-series/a03s-a037-2021,False,False,2026-09-07T04:40:13+00:00,,,,,
XCell Parts,https://xcellparts.com/,SAMSUNG,https://xcellparts.com/product-category/samsung,2,click,GALAXY A SERIES,https://xcellparts.com/product-category/samsung/galaxy-a-series,3,dom-inspection,A03 (A035 / 2021),https://xcellparts.com/product-category/samsung/galaxy-a-series/a03-a035-2021,95,1,95,3,dom-inspection,div#plp-283-2665 > div.xcell-mm__plp-thumbs.xcell-mm__plp-thumbs--flat > a.xcell-mm__plp-thumb,https://xcellparts.com/product-category/samsung/galaxy-a-series/a03-a035-2021,False,False,2026-09-07T04:40:13+00:00,,,,,
XCell Parts,https://xcellparts.com/,SAMSUNG,https://xcellparts.com/product-category/samsung,2,click,GALAXY A SERIES,https://xcellparts.com/product-category/samsung/galaxy-a-series,3,dom-inspection,A03 CORE (A032/2021),https://xcellparts.com/product-category/samsung/galaxy-a-series/a03-core-a032-2021,96,1,96,3,dom-inspection,div#plp-283-2665 > div.xcell-mm__plp-thumbs.xcell-mm__plp-thumbs--flat > a.xcell-mm__plp-thumb,https://xcellparts.com/product-category/samsung/galaxy-a-series/a03-core-a032-2021,False,False,2026-09-07T04:40:13+00:00,,,,,
XCell Parts,https://xcellparts.com/,SAMSUNG,https://xcellparts.com/product-category/samsung,2,click,GALAXY A SERIES,https://xcellparts.com/product-category/samsung/galaxy-a-series,3,dom-inspection,A02S (A025 / 2020),https://xcellparts.com/product-category/samsung/galaxy-a-series/a02s-a025-2020,97,1,97,3,dom-inspection,div#plp-283-2665 > div.xcell-mm__plp-thumbs.xcell-mm__plp-thumbs--flat > a.xcell-mm__plp-thumb,https://xcellparts.com/product-category/samsung/galaxy-a-series/a02s-a025-2020,False,False,2026-09-07T04:40:13+00:00,,,,,
XCell Parts,https://xcellparts.com/,SAMSUNG,https://xcellparts.com/product-category/samsung,2,click,GALAXY A SERIES,https://xcellparts.com/product-category/samsung/galaxy-a-series,3,dom-inspection,A02 (A022 / 2020),https://xcellparts.com/product-category/samsung/galaxy-a-series/a02-a022-2020,98,1,98,3,dom-inspection,div#plp-283-2665 > div.xcell-mm__plp-thumbs.xcell-mm__plp-thumbs--flat > a.xcell-mm__plp-thumb,https://xcellparts.com/product-category/samsung/galaxy-a-series/a02-a022-2020,False,False,2026-09-07T04:40:13+00:00,,,,,
XCell Parts,https://xcellparts.com/,SAMSUNG,https://xcellparts.com/product-category/samsung,2,click,GALAXY A SERIES,https://xcellparts.com/product-category/samsung/galaxy-a-series,3,dom-inspection,A01 CORE (A013 / 2020),https://xcellparts.com/product-category/samsung/galaxy-a-series/a01-core-a013-2020,99,1,99,3,dom-inspection,div#plp-283-2665 > div.xcell-mm__plp-thumbs.xcell-mm__plp-thumbs--flat > a.xcell-mm__plp-thumb,https://xcellparts.com/product-category/samsung/galaxy-a-series/a01-core-a013-2020,False,False,2026-09-07T04:40:13+00:00,,,,,
XCell Parts,https://xcellparts.com/,SAMSUNG,https://xcellparts.com/product-category/samsung,2,click,GALAXY A SERIES,https://xcellparts.com/product-category/samsung/galaxy-a-series,3,dom-inspection,A01 (A015 / 2020),https://xcellparts.com/product-category/samsung/galaxy-a-series/a01-a015-2020,100,1,100,3,dom-inspection,div#plp-283-2665 > div.xcell-mm__plp-thumbs.xcell-mm__plp-thumbs--flat > a.xcell-mm__plp-thumb,https://xcellparts.com/product-category/samsung/galaxy-a-series/a01-a015-2020,False,False,2026-09-07T04:40:13+00:00,,,,,
XCell Parts,https://xcellparts.com/,SAMSUNG,https://xcellparts.com/product-category/samsung,2,click,GALAXY Z SERIES,https://xcellparts.com/product-category/samsung/galaxy-z-series,4,dom-inspection,GALAXY Z FLIP 8 5G,https://xcellparts.com/product-category/samsung/galaxy-z-series/galaxy-z-flip-8-5g,1,1,1,3,dom-inspection,div#plp-283-2673 > div.xcell-mm__plp-thumbs.xcell-mm__plp-thumbs--flat > a.xcell-mm__plp-thumb,https://xcellparts.com/product-category/samsung/galaxy-z-series/galaxy-z-flip-8-5g,False,False,2026-09-07T04:40:13+00:00,,,,,
XCell Parts,https://xcellparts.com/,SAMSUNG,https://xcellparts.com/product-category/samsung,2,click,GALAXY Z SERIES,https://xcellparts.com/product-category/samsung/galaxy-z-series,4,dom-inspection,GALAXY Z FOLD 7 5G,https://xcellparts.com/product-category/samsung/galaxy-z-series/galaxy-z-fold-7-5g,2,1,2,3,dom-inspection,div#plp-283-2673 > div.xcell-mm__plp-thumbs.xcell-mm__plp-thumbs--flat > a.xcell-mm__plp-thumb,https://xcellparts.com/product-category/samsung/galaxy-z-series/galaxy-z-fold-7-5g,False,False,2026-09-07T04:40:13+00:00,,,,,
XCell Parts,https://xcellparts.com/,SAMSUNG,https://xcellparts.com/product-category/samsung,2,click,GALAXY Z SERIES,https://xcellparts.com/product-category/samsung/galaxy-z-series,4,dom-inspection,GALAXY Z FOLD 8 5G,https://xcellparts.com/product-category/samsung/galaxy-z-series/galaxy-z-fold-8-5g,3,1,3,3,dom-inspection,div#plp-283-2673 > div.xcell-mm__plp-thumbs.xcell-mm__plp-thumbs--flat > a.xcell-mm__plp-thumb,https://xcellparts.com/product-category/samsung/galaxy-z-series/galaxy-z-fold-8-5g,False,False,2026-09-07T04:40:13+00:00,,,,,
XCell Parts,https://xcellparts.com/,SAMSUNG,https://xcellparts.com/product-category/samsung,2,click,GALAXY Z SERIES,https://xcellparts.com/product-category/samsung/galaxy-z-series,4,dom-inspection,GALAXY Z FOLD 8 ULTRA,https://xcellparts.com/product-category/samsung/galaxy-z-series/galaxy-z-fold-8-ultra,4,1,4,3,dom-inspection,div#plp-283-2673 > div.xcell-mm__plp-thumbs.xcell-mm__plp-thumbs--flat > a.xcell-mm__plp-thumb,https://xcellparts.com/product-category/samsung/galaxy-z-series/galaxy-z-fold-8-ultra,False,False,2026-09-07T04:40:13+00:00,,,,,
XCell Parts,https://xcellparts.com/,SAMSUNG,https://xcellparts.com/product-category/samsung,2,click,GALAXY Z SERIES,https://xcellparts.com/product-category/samsung/galaxy-z-series,4,dom-inspection,GALAXY Z FOLD 6 5G,https://xcellparts.com/product-category/samsung/galaxy-z-series/galaxy-z-fold-6-5g,5,1,5,3,dom-inspection,div#plp-283-2673 > div.xcell-mm__plp-thumbs.xcell-mm__plp-thumbs--flat > a.xcell-mm__plp-thumb,https://xcellparts.com/product-category/samsung/galaxy-z-series/galaxy-z-fold-6-5g,False,False,2026-09-07T04:40:13+00:00,,,,,
XCell Parts,https://xcellparts.com/,SAMSUNG,https://xcellparts.com/product-category/samsung,2,click,GALAXY Z SERIES,https://xcellparts.com/product-category/samsung/galaxy-z-series,4,dom-inspection,GALAXY Z FOLD 5 5G,https://xcellparts.com/product-category/samsung/galaxy-z-series/galaxy-z-fold-5-5g,6,1,6,3,dom-inspection,div#plp-283-2673 > div.xcell-mm__plp-thumbs.xcell-mm__plp-thumbs--flat > a.xcell-mm__plp-thumb,https://xcellparts.com/product-category/samsung/galaxy-z-series/galaxy-z-fold-5-5g,False,False,2026-09-07T04:40:13+00:00,,,,,
XCell Parts,https://xcellparts.com/,SAMSUNG,https://xcellparts.com/product-category/samsung,2,click,GALAXY Z SERIES,https://xcellparts.com/product-category/samsung/galaxy-z-series,4,dom-inspection,GALAXY Z FOLD 4 5G,https://xcellparts.com/product-category/samsung/galaxy-z-series/galaxy-z-fold-4-5g,7,1,7,3,dom-inspection,div#plp-283-2673 > div.xcell-mm__plp-thumbs.xcell-mm__plp-thumbs--flat > a.xcell-mm__plp-thumb,https://xcellparts.com/product-category/samsung/galaxy-z-series/galaxy-z-fold-4-5g,False,False,2026-09-07T04:40:13+00:00,,,,,
XCell Parts,https://xcellparts.com/,SAMSUNG,https://xcellparts.com/product-category/samsung,2,click,GALAXY Z SERIES,https://xcellparts.com/product-category/samsung/galaxy-z-series,4,dom-inspection,GALAXY Z FOLD 3 5G,https://xcellparts.com/product-category/samsung/galaxy-z-series/galaxy-z-fold-3-5g,8,1,8,3,dom-inspection,div#plp-283-2673 > div.xcell-mm__plp-thumbs.xcell-mm__plp-thumbs--flat > a.xcell-mm__plp-thumb,https://xcellparts.com/product-category/samsung/galaxy-z-series/galaxy-z-fold-3-5g,False,False,2026-09-07T04:40:13+00:00,,,,,
XCell Parts,https://xcellparts.com/,SAMSUNG,https://xcellparts.com/product-category/samsung,2,click,GALAXY Z SERIES,https://xcellparts.com/product-category/samsung/galaxy-z-series,4,dom-inspection,GALAXY Z FOLD 2 5G,https://xcellparts.com/product-category/samsung/galaxy-z-series/galaxy-z-fold-2-5g,9,1,9,3,dom-inspection,div#plp-283-2673 > div.xcell-mm__plp-thumbs.xcell-mm__plp-thumbs--flat > a.xcell-mm__plp-thumb,https://xcellparts.com/product-category/samsung/galaxy-z-series/galaxy-z-fold-2-5g,False,False,2026-09-07T04:40:13+00:00,,,,,
XCell Parts,https://xcellparts.com/,SAMSUNG,https://xcellparts.com/product-category/samsung,2,click,GALAXY Z SERIES,https://xcellparts.com/product-category/samsung/galaxy-z-series,4,dom-inspection,GALAXY Z FOLD 1 5G,https://xcellparts.com/product-category/samsung/galaxy-z-series/galaxy-z-fold-1-5g,10,1,10,3,dom-inspection,div#plp-283-2673 > div.xcell-mm__plp-thumbs.xcell-mm__plp-thumbs--flat > a.xcell-mm__plp-thumb,https://xcellparts.com/product-category/samsung/galaxy-z-series/galaxy-z-fold-1-5g,False,False,2026-09-07T04:40:13+00:00,,,,,
XCell Parts,https://xcellparts.com/,SAMSUNG,https://xcellparts.com/product-category/samsung,2,click,GALAXY Z SERIES,https://xcellparts.com/product-category/samsung/galaxy-z-series,4,dom-inspection,GALAXY Z FOLD 1 4G,https://xcellparts.com/product-category/samsung/galaxy-z-series/galaxy-z-fold-1-4g,11,1,11,3,dom-inspection,div#plp-283-2673 > div.xcell-mm__plp-thumbs.xcell-mm__plp-thumbs--flat > a.xcell-mm__plp-thumb,https://xcellparts.com/product-category/samsung/galaxy-z-series/galaxy-z-fold-1-4g,False,False,2026-09-07T04:40:13+00:00,,,,,
XCell Parts,https://xcellparts.com/,SAMSUNG,https://xcellparts.com/product-category/samsung,2,click,GALAXY Z SERIES,https://xcellparts.com/product-category/samsung/galaxy-z-series,4,dom-inspection,GALAXY Z FLIP 7 FE 5G,https://xcellparts.com/product-category/samsung/galaxy-z-series/galaxy-z-flip-7-fe-5g,12,1,12,3,dom-inspection,div#plp-283-2673 > div.xcell-mm__plp-thumbs.xcell-mm__plp-thumbs--flat > a.xcell-mm__plp-thumb,https://xcellparts.com/product-category/samsung/galaxy-z-series/galaxy-z-flip-7-fe-5g,False,False,2026-09-07T04:40:13+00:00,,,,,
XCell Parts,https://xcellparts.com/,SAMSUNG,https://xcellparts.com/product-category/samsung,2,click,GALAXY Z SERIES,https://xcellparts.com/product-category/samsung/galaxy-z-series,4,dom-inspection,GALAXY Z FLIP 7 5G,https://xcellparts.com/product-category/samsung/galaxy-z-series/galaxy-z-flip-7-5g,13,1,13,3,dom-inspection,div#plp-283-2673 > div.xcell-mm__plp-thumbs.xcell-mm__plp-thumbs--flat > a.xcell-mm__plp-thumb,https://xcellparts.com/product-category/samsung/galaxy-z-series/galaxy-z-flip-7-5g,False,False,2026-09-07T04:40:13+00:00,,,,,
XCell Parts,https://xcellparts.com/,SAMSUNG,https://xcellparts.com/product-category/samsung,2,click,GALAXY Z SERIES,https://xcellparts.com/product-category/samsung/galaxy-z-series,4,dom-inspection,GALAXY Z FLIP 6 5G,https://xcellparts.com/product-category/samsung/galaxy-z-series/galaxy-z-flip-6-5g,14,1,14,3,dom-inspection,div#plp-283-2673 > div.xcell-mm__plp-thumbs.xcell-mm__plp-thumbs--flat > a.xcell-mm__plp-thumb,https://xcellparts.com/product-category/samsung/galaxy-z-series/galaxy-z-flip-6-5g,False,False,2026-09-07T04:40:13+00:00,,,,,
XCell Parts,https://xcellparts.com/,SAMSUNG,https://xcellparts.com/product-category/samsung,2,click,GALAXY Z SERIES,https://xcellparts.com/product-category/samsung/galaxy-z-series,4,dom-inspection,GALAXY Z FLIP 5 5G,https://xcellparts.com/product-category/samsung/galaxy-z-series/galaxy-z-flip-5-5g,15,1,15,3,dom-inspection,div#plp-283-2673 > div.xcell-mm__plp-thumbs.xcell-mm__plp-thumbs--flat > a.xcell-mm__plp-thumb,https://xcellparts.com/product-category/samsung/galaxy-z-series/galaxy-z-flip-5-5g,False,False,2026-09-07T04:40:13+00:00,,,,,
XCell Parts,https://xcellparts.com/,SAMSUNG,https://xcellparts.com/product-category/samsung,2,click,GALAXY Z SERIES,https://xcellparts.com/product-category/samsung/galaxy-z-series,4,dom-inspection,GALAXY Z FLIP 4 5G,https://xcellparts.com/product-category/samsung/galaxy-z-series/galaxy-z-flip-4-5g,16,1,16,3,dom-inspection,div#plp-283-2673 > div.xcell-mm__plp-thumbs.xcell-mm__plp-thumbs--flat > a.xcell-mm__plp-thumb,https://xcellparts.com/product-category/samsung/galaxy-z-series/galaxy-z-flip-4-5g,False,False,2026-09-07T04:40:13+00:00,,,,,
XCell Parts,https://xcellparts.com/,SAMSUNG,https://xcellparts.com/product-category/samsung,2,click,GALAXY Z SERIES,https://xcellparts.com/product-category/samsung/galaxy-z-series,4,dom-inspection,GALAXY Z FLIP 3 5G,https://xcellparts.com/product-category/samsung/galaxy-z-series/galaxy-z-flip-3-5g,17,1,17,3,dom-inspection,div#plp-283-2673 > div.xcell-mm__plp-thumbs.xcell-mm__plp-thumbs--flat > a.xcell-mm__plp-thumb,https://xcellparts.com/product-category/samsung/galaxy-z-series/galaxy-z-flip-3-5g,False,False,2026-09-07T04:40:13+00:00,,,,,
XCell Parts,https://xcellparts.com/,SAMSUNG,https://xcellparts.com/product-category/samsung,2,click,GALAXY Z SERIES,https://xcellparts.com/product-category/samsung/galaxy-z-series,4,dom-inspection,GALAXY Z FLIP 2 5G,https://xcellparts.com/product-category/samsung/galaxy-z-series/galaxy-z-flip-2-5g,18,1,18,3,dom-inspection,div#plp-283-2673 > div.xcell-mm__plp-thumbs.xcell-mm__plp-thumbs--flat > a.xcell-mm__plp-thumb,https://xcellparts.com/product-category/samsung/galaxy-z-series/galaxy-z-flip-2-5g,False,False,2026-09-07T04:40:13+00:00,,,,,
XCell Parts,https://xcellparts.com/,SAMSUNG,https://xcellparts.com/product-category/samsung,2,click,GALAXY Z SERIES,https://xcellparts.com/product-category/samsung/galaxy-z-series,4,dom-inspection,GALAXY Z FLIP 1 5G,https://xcellparts.com/product-category/samsung/galaxy-z-series/galaxy-z-flip-1-5g,19,1,19,3,dom-inspection,div#plp-283-2673 > div.xcell-mm__plp-thumbs.xcell-mm__plp-thumbs--flat > a.xcell-mm__plp-thumb,https://xcellparts.com/product-category/samsung/galaxy-z-series/galaxy-z-flip-1-5g,False,False,2026-09-07T04:40:13+00:00,,,,,
XCell Parts,https://xcellparts.com/,SAMSUNG,https://xcellparts.com/product-category/samsung,2,click,GALAXY Z SERIES,https://xcellparts.com/product-category/samsung/galaxy-z-series,4,dom-inspection,GALAXY Z FLIP 1 4G,https://xcellparts.com/product-category/samsung/galaxy-z-series/galaxy-z-flip-1-4g,20,1,20,3,dom-inspection,div#plp-283-2673 > div.xcell-mm__plp-thumbs.xcell-mm__plp-thumbs--flat > a.xcell-mm__plp-thumb,https://xcellparts.com/product-category/samsung/galaxy-z-series/galaxy-z-flip-1-4g,False,False,2026-09-07T04:40:13+00:00,,,,,
XCell Parts,https://xcellparts.com/,SAMSUNG,https://xcellparts.com/product-category/samsung,2,click,GALAXY J SERIES,https://xcellparts.com/product-category/samsung/galaxy-j-series,5,dom-inspection,J8 (J810),https://xcellparts.com/product-category/samsung/galaxy-j-series/j8-j810,1,1,1,3,dom-inspection,div#plp-283-2667 > div.xcell-mm__plp-thumbs.xcell-mm__plp-thumbs--flat > a.xcell-mm__plp-thumb,https://xcellparts.com/product-category/samsung/galaxy-j-series/j8-j810,False,False,2026-09-07T04:40:13+00:00,,,,,
XCell Parts,https://xcellparts.com/,SAMSUNG,https://xcellparts.com/product-category/samsung,2,click,GALAXY J SERIES,https://xcellparts.com/product-category/samsung/galaxy-j-series,5,dom-inspection,J8 (J800),https://xcellparts.com/product-category/samsung/galaxy-j-series/j8-j800,2,1,2,3,dom-inspection,div#plp-283-2667 > div.xcell-mm__plp-thumbs.xcell-mm__plp-thumbs--flat > a.xcell-mm__plp-thumb,https://xcellparts.com/product-category/samsung/galaxy-j-series/j8-j800,False,False,2026-09-07T04:40:13+00:00,,,,,
XCell Parts,https://xcellparts.com/,SAMSUNG,https://xcellparts.com/product-category/samsung,2,click,GALAXY J SERIES,https://xcellparts.com/product-category/samsung/galaxy-j-series,5,dom-inspection,J7 REFINE J737,https://xcellparts.com/product-category/samsung/galaxy-j-series/j7-refine-j737,3,1,3,3,dom-inspection,div#plp-283-2667 > div.xcell-mm__plp-thumbs.xcell-mm__plp-thumbs--flat > a.xcell-mm__plp-thumb,https://xcellparts.com/product-category/samsung/galaxy-j-series/j7-refine-j737,False,False,2026-09-07T04:40:13+00:00,,,,,
XCell Parts,https://xcellparts.com/,SAMSUNG,https://xcellparts.com/product-category/samsung,2,click,GALAXY J SERIES,https://xcellparts.com/product-category/samsung/galaxy-j-series,5,dom-inspection,J7 PRO (J730),https://xcellparts.com/product-category/samsung/galaxy-j-series/j7-pro-j730,4,1,4,3,dom-inspection,div#plp-283-2667 > div.xcell-mm__plp-thumbs.xcell-mm__plp-thumbs--flat > a.xcell-mm__plp-thumb,https://xcellparts.com/product-category/samsung/galaxy-j-series/j7-pro-j730,False,False,2026-09-07T04:40:13+00:00,,,,,
XCell Parts,https://xcellparts.com/,SAMSUNG,https://xcellparts.com/product-category/samsung,2,click,GALAXY J SERIES,https://xcellparts.com/product-category/samsung/galaxy-j-series,5,dom-inspection,J7 PRIME 2,https://xcellparts.com/product-category/samsung/galaxy-j-series/j7-prime-2,5,1,5,3,dom-inspection,div#plp-283-2667 > div.xcell-mm__plp-thumbs.xcell-mm__plp-thumbs--flat > a.xcell-mm__plp-thumb,https://xcellparts.com/product-category/samsung/galaxy-j-series/j7-prime-2,False,False,2026-09-07T04:40:13+00:00,,,,,
XCell Parts,https://xcellparts.com/,SAMSUNG,https://xcellparts.com/product-category/samsung,2,click,GALAXY J SERIES,https://xcellparts.com/product-category/samsung/galaxy-j-series,5,dom-inspection,J7 MAX (G615),https://xcellparts.com/product-category/samsung/galaxy-j-series/j7-max-g615,6,1,6,3,dom-inspection,div#plp-283-2667 > div.xcell-mm__plp-thumbs.xcell-mm__plp-thumbs--flat > a.xcell-mm__plp-thumb,https://xcellparts.com/product-category/samsung/galaxy-j-series/j7-max-g615,False,False,2026-09-07T04:40:13+00:00,,,,,
XCell Parts,https://xcellparts.com/,SAMSUNG,https://xcellparts.com/product-category/samsung,2,click,GALAXY J SERIES,https://xcellparts.com/product-category/samsung/galaxy-j-series,5,dom-inspection,J7 PRIME (G610),https://xcellparts.com/product-category/samsung/galaxy-j-series/j7-prime-g610,7,1,7,3,dom-inspection,div#plp-283-2667 > div.xcell-mm__plp-thumbs.xcell-mm__plp-thumbs--flat > a.xcell-mm__plp-thumb,https://xcellparts.com/product-category/samsung/galaxy-j-series/j7-prime-g610,False,False,2026-09-07T04:40:13+00:00,,,,,
XCell Parts,https://xcellparts.com/,SAMSUNG,https://xcellparts.com/product-category/samsung,2,click,GALAXY J SERIES,https://xcellparts.com/product-category/samsung/galaxy-j-series,5,dom-inspection,J7 PERX (J727),https://xcellparts.com/product-category/samsung/galaxy-j-series/j7-perx-j727,8,1,8,3,dom-inspection,div#plp-283-2667 > div.xcell-mm__plp-thumbs.xcell-mm__plp-thumbs--flat > a.xcell-mm__plp-thumb,https://xcellparts.com/product-category/samsung/galaxy-j-series/j7-perx-j727,False,False,2026-09-07T04:40:13+00:00,,,,,
XCell Parts,https://xcellparts.com/,SAMSUNG,https://xcellparts.com/product-category/samsung,2,click,GALAXY J SERIES,https://xcellparts.com/product-category/samsung/galaxy-j-series,5,dom-inspection,J7 (J710),https://xcellparts.com/product-category/samsung/galaxy-j-series/j7-j710,9,1,9,3,dom-inspection,div#plp-283-2667 > div.xcell-mm__plp-thumbs.xcell-mm__plp-thumbs--flat > a.xcell-mm__plp-thumb,https://xcellparts.com/product-category/samsung/galaxy-j-series/j7-j710,False,False,2026-09-07T04:40:13+00:00,,,,,
XCell Parts,https://xcellparts.com/,SAMSUNG,https://xcellparts.com/product-category/samsung,2,click,GALAXY J SERIES,https://xcellparts.com/product-category/samsung/galaxy-j-series,5,dom-inspection,J7 NEO (J701),https://xcellparts.com/product-category/samsung/galaxy-j-series/j7-neo-j701,10,1,10,3,dom-inspection,div#plp-283-2667 > div.xcell-mm__plp-thumbs.xcell-mm__plp-thumbs--flat > a.xcell-mm__plp-thumb,https://xcellparts.com/product-category/samsung/galaxy-j-series/j7-neo-j701,False,False,2026-09-07T04:40:13+00:00,,,,,
XCell Parts,https://xcellparts.com/,SAMSUNG,https://xcellparts.com/product-category/samsung,2,click,GALAXY J SERIES,https://xcellparts.com/product-category/samsung/galaxy-j-series,5,dom-inspection,J7 (J700),https://xcellparts.com/product-category/samsung/galaxy-j-series/j7-j700,11,1,11,3,dom-inspection,div#plp-283-2667 > div.xcell-mm__plp-thumbs.xcell-mm__plp-thumbs--flat > a.xcell-mm__plp-thumb,https://xcellparts.com/product-category/samsung/galaxy-j-series/j7-j700,False,False,2026-09-07T04:40:13+00:00,,,,,
XCell Parts,https://xcellparts.com/,SAMSUNG,https://xcellparts.com/product-category/samsung,2,click,GALAXY J SERIES,https://xcellparts.com/product-category/samsung/galaxy-j-series,5,dom-inspection,J6 PLUS (J610),https://xcellparts.com/product-category/samsung/galaxy-j-series/j6-plus-j610,12,1,12,3,dom-inspection,div#plp-283-2667 > div.xcell-mm__plp-thumbs.xcell-mm__plp-thumbs--flat > a.xcell-mm__plp-thumb,https://xcellparts.com/product-category/samsung/galaxy-j-series/j6-plus-j610,False,False,2026-09-07T04:40:13+00:00,,,,,
XCell Parts,https://xcellparts.com/,SAMSUNG,https://xcellparts.com/product-category/samsung,2,click,GALAXY J SERIES,https://xcellparts.com/product-category/samsung/galaxy-j-series,5,dom-inspection,J6 (J600),https://xcellparts.com/product-category/samsung/galaxy-j-series/j6-j600,13,1,13,3,dom-inspection,div#plp-283-2667 > div.xcell-mm__plp-thumbs.xcell-mm__plp-thumbs--flat > a.xcell-mm__plp-thumb,https://xcellparts.com/product-category/samsung/galaxy-j-series/j6-j600,False,False,2026-09-07T04:40:13+00:00,,,,,
XCell Parts,https://xcellparts.com/,SAMSUNG,https://xcellparts.com/product-category/samsung,2,click,GALAXY J SERIES,https://xcellparts.com/product-category/samsung/galaxy-j-series,5,dom-inspection,J5 PRIME (G570),https://xcellparts.com/product-category/samsung/galaxy-j-series/j5-prime-g570,14,1,14,3,dom-inspection,div#plp-283-2667 > div.xcell-mm__plp-thumbs.xcell-mm__plp-thumbs--flat > a.xcell-mm__plp-thumb,https://xcellparts.com/product-category/samsung/galaxy-j-series/j5-prime-g570,False,False,2026-09-07T04:40:13+00:00,,,,,
XCell Parts,https://xcellparts.com/,SAMSUNG,https://xcellparts.com/product-category/samsung,2,click,GALAXY J SERIES,https://xcellparts.com/product-category/samsung/galaxy-j-series,5,dom-inspection,J5 (J530),https://xcellparts.com/product-category/samsung/galaxy-j-series/j5-j530,15,1,15,3,dom-inspection,div#plp-283-2667 > div.xcell-mm__plp-thumbs.xcell-mm__plp-thumbs--flat > a.xcell-mm__plp-thumb,https://xcellparts.com/product-category/samsung/galaxy-j-series/j5-j530,False,False,2026-09-07T04:40:13+00:00,,,,,
XCell Parts,https://xcellparts.com/,SAMSUNG,https://xcellparts.com/product-category/samsung,2,click,GALAXY J SERIES,https://xcellparts.com/product-category/samsung/galaxy-j-series,5,dom-inspection,J5 (J510),https://xcellparts.com/product-category/samsung/galaxy-j-series/j5-j510,16,1,16,3,dom-inspection,div#plp-283-2667 > div.xcell-mm__plp-thumbs.xcell-mm__plp-thumbs--flat > a.xcell-mm__plp-thumb,https://xcellparts.com/product-category/samsung/galaxy-j-series/j5-j510,False,False,2026-09-07T04:40:13+00:00,,,,,
XCell Parts,https://xcellparts.com/,SAMSUNG,https://xcellparts.com/product-category/samsung,2,click,GALAXY J SERIES,https://xcellparts.com/product-category/samsung/galaxy-j-series,5,dom-inspection,J5 (J500),https://xcellparts.com/product-category/samsung/galaxy-j-series/j5-j500,17,1,17,3,dom-inspection,div#plp-283-2667 > div.xcell-mm__plp-thumbs.xcell-mm__plp-thumbs--flat > a.xcell-mm__plp-thumb,https://xcellparts.com/product-category/samsung/galaxy-j-series/j5-j500,False,False,2026-09-07T04:40:13+00:00,,,,,
XCell Parts,https://xcellparts.com/,SAMSUNG,https://xcellparts.com/product-category/samsung,2,click,GALAXY J SERIES,https://xcellparts.com/product-category/samsung/galaxy-j-series,5,dom-inspection,J4 PLUS (J415),https://xcellparts.com/product-category/samsung/galaxy-j-series/j4-plus-j415,18,1,18,3,dom-inspection,div#plp-283-2667 > div.xcell-mm__plp-thumbs.xcell-mm__plp-thumbs--flat > a.xcell-mm__plp-thumb,https://xcellparts.com/product-category/samsung/galaxy-j-series/j4-plus-j415,False,False,2026-09-07T04:40:13+00:00,,,,,
XCell Parts,https://xcellparts.com/,SAMSUNG,https://xcellparts.com/product-category/samsung,2,click,GALAXY J SERIES,https://xcellparts.com/product-category/samsung/galaxy-j-series,5,dom-inspection,J4 (J400),https://xcellparts.com/product-category/samsung/galaxy-j-series/j4-j400,19,1,19,3,dom-inspection,div#plp-283-2667 > div.xcell-mm__plp-thumbs.xcell-mm__plp-thumbs--flat > a.xcell-mm__plp-thumb,https://xcellparts.com/product-category/samsung/galaxy-j-series/j4-j400,False,False,2026-09-07T04:40:13+00:00,,,,,
XCell Parts,https://xcellparts.com/,SAMSUNG,https://xcellparts.com/product-category/samsung,2,click,GALAXY J SERIES,https://xcellparts.com/product-category/samsung/galaxy-j-series,5,dom-inspection,J3 (J337),https://xcellparts.com/product-category/samsung/galaxy-j-series/j3-j337,20,1,20,3,dom-inspection,div#plp-283-2667 > div.xcell-mm__plp-thumbs.xcell-mm__plp-thumbs--flat > a.xcell-mm__plp-thumb,https://xcellparts.com/product-category/samsung/galaxy-j-series/j3-j337,False,False,2026-09-07T04:40:13+00:00,,,,,
XCell Parts,https://xcellparts.com/,SAMSUNG,https://xcellparts.com/product-category/samsung,2,click,GALAXY J SERIES,https://xcellparts.com/product-category/samsung/galaxy-j-series,5,dom-inspection,J3 (J330),https://xcellparts.com/product-category/samsung/galaxy-j-series/j3-j330,21,1,21,3,dom-inspection,div#plp-283-2667 > div.xcell-mm__plp-thumbs.xcell-mm__plp-thumbs--flat > a.xcell-mm__plp-thumb,https://xcellparts.com/product-category/samsung/galaxy-j-series/j3-j330,False,False,2026-09-07T04:40:13+00:00,,,,,
XCell Parts,https://xcellparts.com/,SAMSUNG,https://xcellparts.com/product-category/samsung,2,click,GALAXY J SERIES,https://xcellparts.com/product-category/samsung/galaxy-j-series,5,dom-inspection,J3 (J327),https://xcellparts.com/product-category/samsung/galaxy-j-series/j3-j327,22,1,22,3,dom-inspection,div#plp-283-2667 > div.xcell-mm__plp-thumbs.xcell-mm__plp-thumbs--flat > a.xcell-mm__plp-thumb,https://xcellparts.com/product-category/samsung/galaxy-j-series/j3-j327,False,False,2026-09-07T04:40:13+00:00,,,,,
XCell Parts,https://xcellparts.com/,SAMSUNG,https://xcellparts.com/product-category/samsung,2,click,GALAXY J SERIES,https://xcellparts.com/product-category/samsung/galaxy-j-series,5,dom-inspection,J3 (J300),https://xcellparts.com/product-category/samsung/galaxy-j-series/j3-j300,23,1,23,3,dom-inspection,div#plp-283-2667 > div.xcell-mm__plp-thumbs.xcell-mm__plp-thumbs--flat > a.xcell-mm__plp-thumb,https://xcellparts.com/product-category/samsung/galaxy-j-series/j3-j300,False,False,2026-09-07T04:40:13+00:00,,,,,
XCell Parts,https://xcellparts.com/,SAMSUNG,https://xcellparts.com/product-category/samsung,2,click,GALAXY J SERIES,https://xcellparts.com/product-category/samsung/galaxy-j-series,5,dom-inspection,J2 PRO (J250),https://xcellparts.com/product-category/samsung/galaxy-j-series/j2-pro-j250,24,1,24,3,dom-inspection,div#plp-283-2667 > div.xcell-mm__plp-thumbs.xcell-mm__plp-thumbs--flat > a.xcell-mm__plp-thumb,https://xcellparts.com/product-category/samsung/galaxy-j-series/j2-pro-j250,False,False,2026-09-07T04:40:13+00:00,,,,,
XCell Parts,https://xcellparts.com/,SAMSUNG,https://xcellparts.com/product-category/samsung,2,click,GALAXY J SERIES,https://xcellparts.com/product-category/samsung/galaxy-j-series,5,dom-inspection,J2 (J260),https://xcellparts.com/product-category/samsung/galaxy-j-series/j2-j260,25,1,25,3,dom-inspection,div#plp-283-2667 > div.xcell-mm__plp-thumbs.xcell-mm__plp-thumbs--flat > a.xcell-mm__plp-thumb,https://xcellparts.com/product-category/samsung/galaxy-j-series/j2-j260,False,False,2026-09-07T04:40:13+00:00,,,,,
XCell Parts,https://xcellparts.com/,SAMSUNG,https://xcellparts.com/product-category/samsung,2,click,GALAXY J SERIES,https://xcellparts.com/product-category/samsung/galaxy-j-series,5,dom-inspection,J2 (J200),https://xcellparts.com/product-category/samsung/galaxy-j-series/j2-j200,26,1,26,3,dom-inspection,div#plp-283-2667 > div.xcell-mm__plp-thumbs.xcell-mm__plp-thumbs--flat > a.xcell-mm__plp-thumb,https://xcellparts.com/product-category/samsung/galaxy-j-series/j2-j200,False,False,2026-09-07T04:40:13+00:00,,,,,
XCell Parts,https://xcellparts.com/,SAMSUNG,https://xcellparts.com/product-category/samsung,2,click,GALAXY J SERIES,https://xcellparts.com/product-category/samsung/galaxy-j-series,5,dom-inspection,J1 (J110),https://xcellparts.com/product-category/samsung/galaxy-j-series/j1-j110,27,1,27,3,dom-inspection,div#plp-283-2667 > div.xcell-mm__plp-thumbs.xcell-mm__plp-thumbs--flat > a.xcell-mm__plp-thumb,https://xcellparts.com/product-category/samsung/galaxy-j-series/j1-j110,False,False,2026-09-07T04:40:13+00:00,,,,,
XCell Parts,https://xcellparts.com/,SAMSUNG,https://xcellparts.com/product-category/samsung,2,click,GALAXY J SERIES,https://xcellparts.com/product-category/samsung/galaxy-j-series,5,dom-inspection,J1 (J120),https://xcellparts.com/product-category/samsung/galaxy-j-series/j1-j120,28,1,28,3,dom-inspection,div#plp-283-2667 > div.xcell-mm__plp-thumbs.xcell-mm__plp-thumbs--flat > a.xcell-mm__plp-thumb,https://xcellparts.com/product-category/samsung/galaxy-j-series/j1-j120,False,False,2026-09-07T04:40:13+00:00,,,,,
XCell Parts,https://xcellparts.com/,SAMSUNG,https://xcellparts.com/product-category/samsung,2,click,GALAXY XCOVER SERIES,https://xcellparts.com/product-category/samsung/galaxy-xcover-series,6,dom-inspection,GALAXY XCOVER 7 PRO,https://xcellparts.com/product-category/samsung/galaxy-xcover-series/galaxy-xcover-7-pro,1,1,1,3,dom-inspection,div#plp-283-4791 > div.xcell-mm__plp-thumbs.xcell-mm__plp-thumbs--flat > a.xcell-mm__plp-thumb,https://xcellparts.com/product-category/samsung/galaxy-xcover-series/galaxy-xcover-7-pro,False,False,2026-09-07T04:40:13+00:00,,,,,
XCell Parts,https://xcellparts.com/,SAMSUNG,https://xcellparts.com/product-category/samsung,2,click,GALAXY XCOVER SERIES,https://xcellparts.com/product-category/samsung/galaxy-xcover-series,6,dom-inspection,GALAXY XCOVER 7,https://xcellparts.com/product-category/samsung/galaxy-xcover-series/galaxy-xcover-7,2,1,2,3,dom-inspection,div#plp-283-4791 > div.xcell-mm__plp-thumbs.xcell-mm__plp-thumbs--flat > a.xcell-mm__plp-thumb,https://xcellparts.com/product-category/samsung/galaxy-xcover-series/galaxy-xcover-7,False,False,2026-09-07T04:40:13+00:00,,,,,
XCell Parts,https://xcellparts.com/,SAMSUNG,https://xcellparts.com/product-category/samsung,2,click,GALAXY XCOVER SERIES,https://xcellparts.com/product-category/samsung/galaxy-xcover-series,6,dom-inspection,GALAXY XCOVER 6 PRO,https://xcellparts.com/product-category/samsung/galaxy-xcover-series/galaxy-xcover-6-pro,3,1,3,3,dom-inspection,div#plp-283-4791 > div.xcell-mm__plp-thumbs.xcell-mm__plp-thumbs--flat > a.xcell-mm__plp-thumb,https://xcellparts.com/product-category/samsung/galaxy-xcover-series/galaxy-xcover-6-pro,False,False,2026-09-07T04:40:13+00:00,,,,,
XCell Parts,https://xcellparts.com/,SAMSUNG,https://xcellparts.com/product-category/samsung,2,click,GALAXY XCOVER SERIES,https://xcellparts.com/product-category/samsung/galaxy-xcover-series,6,dom-inspection,GALAXY XCOVER 5,https://xcellparts.com/product-category/samsung/galaxy-xcover-series/galaxy-xcover-5,4,1,4,3,dom-inspection,div#plp-283-4791 > div.xcell-mm__plp-thumbs.xcell-mm__plp-thumbs--flat > a.xcell-mm__plp-thumb,https://xcellparts.com/product-category/samsung/galaxy-xcover-series/galaxy-xcover-5,False,False,2026-09-07T04:40:13+00:00,,,,,
XCell Parts,https://xcellparts.com/,SAMSUNG,https://xcellparts.com/product-category/samsung,2,click,GALAXY XCOVER SERIES,https://xcellparts.com/product-category/samsung/galaxy-xcover-series,6,dom-inspection,GALAXY XCOVER 4S,https://xcellparts.com/product-category/samsung/galaxy-xcover-series/galaxy-xcover-4s,5,1,5,3,dom-inspection,div#plp-283-4791 > div.xcell-mm__plp-thumbs.xcell-mm__plp-thumbs--flat > a.xcell-mm__plp-thumb,https://xcellparts.com/product-category/samsung/galaxy-xcover-series/galaxy-xcover-4s,False,False,2026-09-07T04:40:13+00:00,,,,,
XCell Parts,https://xcellparts.com/,SAMSUNG,https://xcellparts.com/product-category/samsung,2,click,GALAXY XCOVER SERIES,https://xcellparts.com/product-category/samsung/galaxy-xcover-series,6,dom-inspection,GALAXY XCOVER 4,https://xcellparts.com/product-category/samsung/galaxy-xcover-series/galaxy-xcover-4,6,1,6,3,dom-inspection,div#plp-283-4791 > div.xcell-mm__plp-thumbs.xcell-mm__plp-thumbs--flat > a.xcell-mm__plp-thumb,https://xcellparts.com/product-category/samsung/galaxy-xcover-series/galaxy-xcover-4,False,False,2026-09-07T04:40:13+00:00,,,,,
XCell Parts,https://xcellparts.com/,SAMSUNG,https://xcellparts.com/product-category/samsung,2,click,GALAXY XCOVER SERIES,https://xcellparts.com/product-category/samsung/galaxy-xcover-series,6,dom-inspection,GALAXY XCOVER PRO,https://xcellparts.com/product-category/samsung/galaxy-xcover-series/galaxy-xcover-pro,7,1,7,3,dom-inspection,div#plp-283-4791 > div.xcell-mm__plp-thumbs.xcell-mm__plp-thumbs--flat > a.xcell-mm__plp-thumb,https://xcellparts.com/product-category/samsung/galaxy-xcover-series/galaxy-xcover-pro,False,False,2026-09-07T04:40:13+00:00,,,,,
XCell Parts,https://xcellparts.com/,SAMSUNG,https://xcellparts.com/product-category/samsung,2,click,GALAXY M SERIES,https://xcellparts.com/product-category/samsung/galaxy-m-series,7,dom-inspection,M62 (M625 / 2021),https://xcellparts.com/product-category/samsung/galaxy-m-series/m62-m625-2021,1,1,1,3,dom-inspection,div#plp-283-2668 > div.xcell-mm__plp-thumbs.xcell-mm__plp-thumbs--flat > a.xcell-mm__plp-thumb,https://xcellparts.com/product-category/samsung/galaxy-m-series/m62-m625-2021,False,False,2026-09-07T04:40:13+00:00,,,,,
XCell Parts,https://xcellparts.com/,SAMSUNG,https://xcellparts.com/product-category/samsung,2,click,GALAXY M SERIES,https://xcellparts.com/product-category/samsung/galaxy-m-series,7,dom-inspection,M54 (M546 / 2023),https://xcellparts.com/product-category/samsung/galaxy-m-series/m54-m546-2023,2,1,2,3,dom-inspection,div#plp-283-2668 > div.xcell-mm__plp-thumbs.xcell-mm__plp-thumbs--flat > a.xcell-mm__plp-thumb,https://xcellparts.com/product-category/samsung/galaxy-m-series/m54-m546-2023,False,False,2026-09-07T04:40:13+00:00,,,,,
XCell Parts,https://xcellparts.com/,SAMSUNG,https://xcellparts.com/product-category/samsung,2,click,GALAXY M SERIES,https://xcellparts.com/product-category/samsung/galaxy-m-series,7,dom-inspection,M53 5G (M536 / 2022),https://xcellparts.com/product-category/samsung/galaxy-m-series/m53-5g-m536-2022,3,1,3,3,dom-inspection,div#plp-283-2668 > div.xcell-mm__plp-thumbs.xcell-mm__plp-thumbs--flat > a.xcell-mm__plp-thumb,https://xcellparts.com/product-category/samsung/galaxy-m-series/m53-5g-m536-2022,False,False,2026-09-07T04:40:13+00:00,,,,,
XCell Parts,https://xcellparts.com/,SAMSUNG,https://xcellparts.com/product-category/samsung,2,click,GALAXY M SERIES,https://xcellparts.com/product-category/samsung/galaxy-m-series,7,dom-inspection,M52 5G (M526 / 2021),https://xcellparts.com/product-category/samsung/galaxy-m-series/m52-5g-m526-2021,4,1,4,3,dom-inspection,div#plp-283-2668 > div.xcell-mm__plp-thumbs.xcell-mm__plp-thumbs--flat > a.xcell-mm__plp-thumb,https://xcellparts.com/product-category/samsung/galaxy-m-series/m52-5g-m526-2021,False,False,2026-09-07T04:40:13+00:00,,,,,
XCell Parts,https://xcellparts.com/,SAMSUNG,https://xcellparts.com/product-category/samsung,2,click,GALAXY M SERIES,https://xcellparts.com/product-category/samsung/galaxy-m-series,7,dom-inspection,M51 (M515 / 2020),https://xcellparts.com/product-category/samsung/galaxy-m-series/m51-m515-2020,5,1,5,3,dom-inspection,div#plp-283-2668 > div.xcell-mm__plp-thumbs.xcell-mm__plp-thumbs--flat > a.xcell-mm__plp-thumb,https://xcellparts.com/product-category/samsung/galaxy-m-series/m51-m515-2020,False,False,2026-09-07T04:40:13+00:00,,,,,
XCell Parts,https://xcellparts.com/,SAMSUNG,https://xcellparts.com/product-category/samsung,2,click,GALAXY M SERIES,https://xcellparts.com/product-category/samsung/galaxy-m-series,7,dom-inspection,M40 (M405 / 2019),https://xcellparts.com/product-category/samsung/galaxy-m-series/m40-m405-2019,6,1,6,3,dom-inspection,div#plp-283-2668 > div.xcell-mm__plp-thumbs.xcell-mm__plp-thumbs--flat > a.xcell-mm__plp-thumb,https://xcellparts.com/product-category/samsung/galaxy-m-series/m40-m405-2019,False,False,2026-09-07T04:40:13+00:00,,,,,
XCell Parts,https://xcellparts.com/,SAMSUNG,https://xcellparts.com/product-category/samsung,2,click,GALAXY M SERIES,https://xcellparts.com/product-category/samsung/galaxy-m-series,7,dom-inspection,M35 (M356 / 2024),https://xcellparts.com/product-category/samsung/galaxy-m-series/m35-m356-2024,7,1,7,3,dom-inspection,div#plp-283-2668 > div.xcell-mm__plp-thumbs.xcell-mm__plp-thumbs--flat > a.xcell-mm__plp-thumb,https://xcellparts.com/product-category/samsung/galaxy-m-series/m35-m356-2024,False,False,2026-09-07T04:40:13+00:00,,,,,
XCell Parts,https://xcellparts.com/,SAMSUNG,https://xcellparts.com/product-category/samsung,2,click,GALAXY M SERIES,https://xcellparts.com/product-category/samsung/galaxy-m-series,7,dom-inspection,M33 (M336 / 2022),https://xcellparts.com/product-category/samsung/galaxy-m-series/m33-m336-2022,8,1,8,3,dom-inspection,div#plp-283-2668 > div.xcell-mm__plp-thumbs.xcell-mm__plp-thumbs--flat > a.xcell-mm__plp-thumb,https://xcellparts.com/product-category/samsung/galaxy-m-series/m33-m336-2022,False,False,2026-09-07T04:40:13+00:00,,,,,
XCell Parts,https://xcellparts.com/,SAMSUNG,https://xcellparts.com/product-category/samsung,2,click,GALAXY M SERIES,https://xcellparts.com/product-category/samsung/galaxy-m-series,7,dom-inspection,M32 (M325 / 2021),https://xcellparts.com/product-category/samsung/galaxy-m-series/m32-m325-2021,9,1,9,3,dom-inspection,div#plp-283-2668 > div.xcell-mm__plp-thumbs.xcell-mm__plp-thumbs--flat > a.xcell-mm__plp-thumb,https://xcellparts.com/product-category/samsung/galaxy-m-series/m32-m325-2021,False,False,2026-09-07T04:40:13+00:00,,,,,
XCell Parts,https://xcellparts.com/,SAMSUNG,https://xcellparts.com/product-category/samsung,2,click,GALAXY M SERIES,https://xcellparts.com/product-category/samsung/galaxy-m-series,7,dom-inspection,M31S (M317 / 2020),https://xcellparts.com/product-category/samsung/galaxy-m-series/m31s-m317-2020,10,1,10,3,dom-inspection,div#plp-283-2668 > div.xcell-mm__plp-thumbs.xcell-mm__plp-thumbs--flat > a.xcell-mm__plp-thumb,https://xcellparts.com/product-category/samsung/galaxy-m-series/m31s-m317-2020,False,False,2026-09-07T04:40:13+00:00,,,,,
XCell Parts,https://xcellparts.com/,SAMSUNG,https://xcellparts.com/product-category/samsung,2,click,GALAXY M SERIES,https://xcellparts.com/product-category/samsung/galaxy-m-series,7,dom-inspection,M31 (M315 / 2020),https://xcellparts.com/product-category/samsung/galaxy-m-series/m31-m315-2020,11,1,11,3,dom-inspection,div#plp-283-2668 > div.xcell-mm__plp-thumbs.xcell-mm__plp-thumbs--flat > a.xcell-mm__plp-thumb,https://xcellparts.com/product-category/samsung/galaxy-m-series/m31-m315-2020,False,False,2026-09-07T04:40:13+00:00,,,,,
XCell Parts,https://xcellparts.com/,SAMSUNG,https://xcellparts.com/product-category/samsung,2,click,GALAXY M SERIES,https://xcellparts.com/product-category/samsung/galaxy-m-series,7,dom-inspection,M30S (M307 / 2019),https://xcellparts.com/product-category/samsung/galaxy-m-series/m30s-m307-2019,12,1,12,3,dom-inspection,div#plp-283-2668 > div.xcell-mm__plp-thumbs.xcell-mm__plp-thumbs--flat > a.xcell-mm__plp-thumb,https://xcellparts.com/product-category/samsung/galaxy-m-series/m30s-m307-2019,False,False,2026-09-07T04:40:13+00:00,,,,,
XCell Parts,https://xcellparts.com/,SAMSUNG,https://xcellparts.com/product-category/samsung,2,click,GALAXY M SERIES,https://xcellparts.com/product-category/samsung/galaxy-m-series,7,dom-inspection,M30 (M305 / 2019),https://xcellparts.com/product-category/samsung/galaxy-m-series/m30-m305-2019,13,1,13,3,dom-inspection,div#plp-283-2668 > div.xcell-mm__plp-thumbs.xcell-mm__plp-thumbs--flat > a.xcell-mm__plp-thumb,https://xcellparts.com/product-category/samsung/galaxy-m-series/m30-m305-2019,False,False,2026-09-07T04:40:13+00:00,,,,,
XCell Parts,https://xcellparts.com/,SAMSUNG,https://xcellparts.com/product-category/samsung,2,click,GALAXY M SERIES,https://xcellparts.com/product-category/samsung/galaxy-m-series,7,dom-inspection,M23 (M236 / 2022),https://xcellparts.com/product-category/samsung/galaxy-m-series/m23-m236-2022,14,1,14,3,dom-inspection,div#plp-283-2668 > div.xcell-mm__plp-thumbs.xcell-mm__plp-thumbs--flat > a.xcell-mm__plp-thumb,https://xcellparts.com/product-category/samsung/galaxy-m-series/m23-m236-2022,False,False,2026-09-07T04:40:13+00:00,,,,,
XCell Parts,https://xcellparts.com/,SAMSUNG,https://xcellparts.com/product-category/samsung,2,click,GALAXY M SERIES,https://xcellparts.com/product-category/samsung/galaxy-m-series,7,dom-inspection,M22 (M225 / 2021),https://xcellparts.com/product-category/samsung/galaxy-m-series/m22-m225-2021,15,1,15,3,dom-inspection,div#plp-283-2668 > div.xcell-mm__plp-thumbs.xcell-mm__plp-thumbs--flat > a.xcell-mm__plp-thumb,https://xcellparts.com/product-category/samsung/galaxy-m-series/m22-m225-2021,False,False,2026-09-07T04:40:13+00:00,,,,,
XCell Parts,https://xcellparts.com/,SAMSUNG,https://xcellparts.com/product-category/samsung,2,click,GALAXY M SERIES,https://xcellparts.com/product-category/samsung/galaxy-m-series,7,dom-inspection,M21 (M215 / 2023),https://xcellparts.com/product-category/samsung/galaxy-m-series/m21-m215-2023,16,1,16,3,dom-inspection,div#plp-283-2668 > div.xcell-mm__plp-thumbs.xcell-mm__plp-thumbs--flat > a.xcell-mm__plp-thumb,https://xcellparts.com/product-category/samsung/galaxy-m-series/m21-m215-2023,False,False,2026-09-07T04:40:13+00:00,,,,,
XCell Parts,https://xcellparts.com/,SAMSUNG,https://xcellparts.com/product-category/samsung,2,click,GALAXY M SERIES,https://xcellparts.com/product-category/samsung/galaxy-m-series,7,dom-inspection,M20 (M205 / 2019),https://xcellparts.com/product-category/samsung/galaxy-m-series/m20-m205-2019,17,1,17,3,dom-inspection,div#plp-283-2668 > div.xcell-mm__plp-thumbs.xcell-mm__plp-thumbs--flat > a.xcell-mm__plp-thumb,https://xcellparts.com/product-category/samsung/galaxy-m-series/m20-m205-2019,False,False,2026-09-07T04:40:13+00:00,,,,,
XCell Parts,https://xcellparts.com/,SAMSUNG,https://xcellparts.com/product-category/samsung,2,click,GALAXY M SERIES,https://xcellparts.com/product-category/samsung/galaxy-m-series,7,dom-inspection,M14 (M146 / 2023),https://xcellparts.com/product-category/samsung/galaxy-m-series/m14-m146-2023,18,1,18,3,dom-inspection,div#plp-283-2668 > div.xcell-mm__plp-thumbs.xcell-mm__plp-thumbs--flat > a.xcell-mm__plp-thumb,https://xcellparts.com/product-category/samsung/galaxy-m-series/m14-m146-2023,False,False,2026-09-07T04:40:13+00:00,,,,,
XCell Parts,https://xcellparts.com/,SAMSUNG,https://xcellparts.com/product-category/samsung,2,click,GALAXY M SERIES,https://xcellparts.com/product-category/samsung/galaxy-m-series,7,dom-inspection,M13 5G (M136 / 2022),https://xcellparts.com/product-category/samsung/galaxy-m-series/m13-5g-m136-2022,19,1,19,3,dom-inspection,div#plp-283-2668 > div.xcell-mm__plp-thumbs.xcell-mm__plp-thumbs--flat > a.xcell-mm__plp-thumb,https://xcellparts.com/product-category/samsung/galaxy-m-series/m13-5g-m136-2022,False,False,2026-09-07T04:40:13+00:00,,,,,
XCell Parts,https://xcellparts.com/,SAMSUNG,https://xcellparts.com/product-category/samsung,2,click,GALAXY M SERIES,https://xcellparts.com/product-category/samsung/galaxy-m-series,7,dom-inspection,M13 (M135 / 2022),https://xcellparts.com/product-category/samsung/galaxy-m-series/m13-m135-2022,20,1,20,3,dom-inspection,div#plp-283-2668 > div.xcell-mm__plp-thumbs.xcell-mm__plp-thumbs--flat > a.xcell-mm__plp-thumb,https://xcellparts.com/product-category/samsung/galaxy-m-series/m13-m135-2022,False,False,2026-09-07T04:40:13+00:00,,,,,
XCell Parts,https://xcellparts.com/,SAMSUNG,https://xcellparts.com/product-category/samsung,2,click,GALAXY M SERIES,https://xcellparts.com/product-category/samsung/galaxy-m-series,7,dom-inspection,M12 (M127 / 2021),https://xcellparts.com/product-category/samsung/galaxy-m-series/m12-m127-2021,21,1,21,3,dom-inspection,div#plp-283-2668 > div.xcell-mm__plp-thumbs.xcell-mm__plp-thumbs--flat > a.xcell-mm__plp-thumb,https://xcellparts.com/product-category/samsung/galaxy-m-series/m12-m127-2021,False,False,2026-09-07T04:40:13+00:00,,,,,
XCell Parts,https://xcellparts.com/,SAMSUNG,https://xcellparts.com/product-category/samsung,2,click,GALAXY M SERIES,https://xcellparts.com/product-category/samsung/galaxy-m-series,7,dom-inspection,M11 (M115 / 2020),https://xcellparts.com/product-category/samsung/galaxy-m-series/m11-m115-2020,22,1,22,3,dom-inspection,div#plp-283-2668 > div.xcell-mm__plp-thumbs.xcell-mm__plp-thumbs--flat > a.xcell-mm__plp-thumb,https://xcellparts.com/product-category/samsung/galaxy-m-series/m11-m115-2020,False,False,2026-09-07T04:40:13+00:00,,,,,
XCell Parts,https://xcellparts.com/,SAMSUNG,https://xcellparts.com/product-category/samsung,2,click,GALAXY M SERIES,https://xcellparts.com/product-category/samsung/galaxy-m-series,7,dom-inspection,M10 (M105 / 2019),https://xcellparts.com/product-category/samsung/galaxy-m-series/m10-m105-2019,23,1,23,3,dom-inspection,div#plp-283-2668 > div.xcell-mm__plp-thumbs.xcell-mm__plp-thumbs--flat > a.xcell-mm__plp-thumb,https://xcellparts.com/product-category/samsung/galaxy-m-series/m10-m105-2019,False,False,2026-09-07T04:40:13+00:00,,,,,
XCell Parts,https://xcellparts.com/,SAMSUNG,https://xcellparts.com/product-category/samsung,2,click,GALAXY ACTIVE SERIES,https://xcellparts.com/product-category/samsung/galaxy-active-series,8,dom-inspection,GALAXY S8 ACTIVE,https://xcellparts.com/product-category/samsung/galaxy-active-series/galaxy-s8-active,1,1,1,3,dom-inspection,div#plp-283-2666 > div.xcell-mm__plp-thumbs.xcell-mm__plp-thumbs--flat > a.xcell-mm__plp-thumb,https://xcellparts.com/product-category/samsung/galaxy-active-series/galaxy-s8-active,False,False,2026-09-07T04:40:13+00:00,,,,,
XCell Parts,https://xcellparts.com/,SAMSUNG,https://xcellparts.com/product-category/samsung,2,click,GALAXY ACTIVE SERIES,https://xcellparts.com/product-category/samsung/galaxy-active-series,8,dom-inspection,GALAXY S7 ACTIVE,https://xcellparts.com/product-category/samsung/galaxy-active-series/galaxy-s7-active,2,1,2,3,dom-inspection,div#plp-283-2666 > div.xcell-mm__plp-thumbs.xcell-mm__plp-thumbs--flat > a.xcell-mm__plp-thumb,https://xcellparts.com/product-category/samsung/galaxy-active-series/galaxy-s7-active,False,False,2026-09-07T04:40:13+00:00,,,,,
XCell Parts,https://xcellparts.com/,SAMSUNG,https://xcellparts.com/product-category/samsung,2,click,GALAXY ACTIVE SERIES,https://xcellparts.com/product-category/samsung/galaxy-active-series,8,dom-inspection,GALAXY S6 ACTIVE,https://xcellparts.com/product-category/samsung/galaxy-active-series/galaxy-s6-active,3,1,3,3,dom-inspection,div#plp-283-2666 > div.xcell-mm__plp-thumbs.xcell-mm__plp-thumbs--flat > a.xcell-mm__plp-thumb,https://xcellparts.com/product-category/samsung/galaxy-active-series/galaxy-s6-active,False,False,2026-09-07T04:40:13+00:00,,,,,
XCell Parts,https://xcellparts.com/,SAMSUNG,https://xcellparts.com/product-category/samsung,2,click,GALAXY ACTIVE SERIES,https://xcellparts.com/product-category/samsung/galaxy-active-series,8,dom-inspection,GALAXY S5 ACTIVE,https://xcellparts.com/product-category/samsung/galaxy-active-series/galaxy-s5-active,4,1,4,3,dom-inspection,div#plp-283-2666 > div.xcell-mm__plp-thumbs.xcell-mm__plp-thumbs--flat > a.xcell-mm__plp-thumb,https://xcellparts.com/product-category/samsung/galaxy-active-series/galaxy-s5-active,False,False,2026-09-07T04:40:13+00:00,,,,,
XCell Parts,https://xcellparts.com/,SAMSUNG,https://xcellparts.com/product-category/samsung,2,click,GALAXY ACTIVE SERIES,https://xcellparts.com/product-category/samsung/galaxy-active-series,8,dom-inspection,GALAXY S4 ACTIVE,https://xcellparts.com/product-category/samsung/galaxy-active-series/galaxy-s4-active,5,1,5,3,dom-inspection,div#plp-283-2666 > div.xcell-mm__plp-thumbs.xcell-mm__plp-thumbs--flat > a.xcell-mm__plp-thumb,https://xcellparts.com/product-category/samsung/galaxy-active-series/galaxy-s4-active,False,False,2026-09-07T04:40:13+00:00,,,,,
XCell Parts,https://xcellparts.com/,SAMSUNG,https://xcellparts.com/product-category/samsung,2,click,GALAXY F SERIES,https://xcellparts.com/product-category/samsung/galaxy-f-series,9,dom-inspection,F52 5G (E526 / 2021),https://xcellparts.com/product-category/samsung/galaxy-f-series/f52-5g-e526-2021,1,1,1,3,dom-inspection,div#plp-283-15902 > div.xcell-mm__plp-thumbs.xcell-mm__plp-thumbs--flat > a.xcell-mm__plp-thumb,https://xcellparts.com/product-category/samsung/galaxy-f-series/f52-5g-e526-2021,False,False,2026-09-07T04:40:13+00:00,,,,,
XCell Parts,https://xcellparts.com/,SAMSUNG,https://xcellparts.com/product-category/samsung,2,click,GALAXY F SERIES,https://xcellparts.com/product-category/samsung/galaxy-f-series,9,dom-inspection,F42 5G (E426 / 2021),https://xcellparts.com/product-category/samsung/galaxy-f-series/f42-5g-e426-2021,2,1,2,3,dom-inspection,div#plp-283-15902 > div.xcell-mm__plp-thumbs.xcell-mm__plp-thumbs--flat > a.xcell-mm__plp-thumb,https://xcellparts.com/product-category/samsung/galaxy-f-series/f42-5g-e426-2021,False,False,2026-09-07T04:40:13+00:00,,,,,
XCell Parts,https://xcellparts.com/,SAMSUNG,https://xcellparts.com/product-category/samsung,2,click,GALAXY MEGA SERIES,https://xcellparts.com/product-category/samsung/galaxy-mega-series,10,dom-inspection,GALAXY MEGA 6.3,https://xcellparts.com/product-category/samsung/galaxy-mega-series/galaxy-mega-6-3,1,1,1,3,dom-inspection,div#plp-283-2669 > div.xcell-mm__plp-thumbs.xcell-mm__plp-thumbs--flat > a.xcell-mm__plp-thumb,https://xcellparts.com/product-category/samsung/galaxy-mega-series/galaxy-mega-6-3,False,False,2026-09-07T04:40:13+00:00,,,,,
XCell Parts,https://xcellparts.com/,SAMSUNG,https://xcellparts.com/product-category/samsung,2,click,GALAXY MEGA SERIES,https://xcellparts.com/product-category/samsung/galaxy-mega-series,10,dom-inspection,GALAXY MEGA 5.8,https://xcellparts.com/product-category/samsung/galaxy-mega-series/galaxy-mega-5-8,2,1,2,3,dom-inspection,div#plp-283-2669 > div.xcell-mm__plp-thumbs.xcell-mm__plp-thumbs--flat > a.xcell-mm__plp-thumb,https://xcellparts.com/product-category/samsung/galaxy-mega-series/galaxy-mega-5-8,False,False,2026-09-07T04:40:13+00:00,,,,,
XCell Parts,https://xcellparts.com/,SAMSUNG,https://xcellparts.com/product-category/samsung,2,click,GALAXY MEGA SERIES,https://xcellparts.com/product-category/samsung/galaxy-mega-series,10,dom-inspection,GALAXY MEGA 2,https://xcellparts.com/product-category/samsung/galaxy-mega-series/galaxy-mega-2,3,1,3,3,dom-inspection,div#plp-283-2669 > div.xcell-mm__plp-thumbs.xcell-mm__plp-thumbs--flat > a.xcell-mm__plp-thumb,https://xcellparts.com/product-category/samsung/galaxy-mega-series/galaxy-mega-2,False,False,2026-09-07T04:40:13+00:00,,,,,
XCell Parts,https://xcellparts.com/,SAMSUNG,https://xcellparts.com/product-category/samsung,2,click,GALAXY OTHER,https://xcellparts.com/product-category/samsung/galaxy-other,11,dom-inspection,GALAXY ON5,https://xcellparts.com/product-category/samsung/galaxy-other/galaxy-on5,1,1,1,3,dom-inspection,div#plp-283-2671 > div.xcell-mm__plp-thumbs.xcell-mm__plp-thumbs--flat > a.xcell-mm__plp-thumb,https://xcellparts.com/product-category/samsung/galaxy-other/galaxy-on5,False,False,2026-09-07T04:40:13+00:00,,,,,
XCell Parts,https://xcellparts.com/,SAMSUNG,https://xcellparts.com/product-category/samsung,2,click,GALAXY OTHER,https://xcellparts.com/product-category/samsung/galaxy-other,11,dom-inspection,GALAXY ALPHA,https://xcellparts.com/product-category/samsung/galaxy-other/galaxy-alpha,2,1,2,3,dom-inspection,div#plp-283-2671 > div.xcell-mm__plp-thumbs.xcell-mm__plp-thumbs--flat > a.xcell-mm__plp-thumb,https://xcellparts.com/product-category/samsung/galaxy-other/galaxy-alpha,False,False,2026-09-07T04:40:13+00:00,,,,,
XCell Parts,https://xcellparts.com/,SAMSUNG,https://xcellparts.com/product-category/samsung,2,click,GALAXY OTHER,https://xcellparts.com/product-category/samsung/galaxy-other,11,dom-inspection,GALAXY AVANT,https://xcellparts.com/product-category/samsung/galaxy-other/galaxy-avant,3,1,3,3,dom-inspection,div#plp-283-2671 > div.xcell-mm__plp-thumbs.xcell-mm__plp-thumbs--flat > a.xcell-mm__plp-thumb,https://xcellparts.com/product-category/samsung/galaxy-other/galaxy-avant,False,False,2026-09-07T04:40:13+00:00,,,,,
XCell Parts,https://xcellparts.com/,SAMSUNG,https://xcellparts.com/product-category/samsung,2,click,GRAND SERIES,https://xcellparts.com/product-category/samsung/grand-series,12,dom-inspection,GALAXY GRAND PRIME (2014),https://xcellparts.com/product-category/samsung/grand-series/galaxy-grand-prime-2014,1,1,1,3,dom-inspection,div#plp-283-15919 > div.xcell-mm__plp-thumbs.xcell-mm__plp-thumbs--flat > a.xcell-mm__plp-thumb,https://xcellparts.com/product-category/samsung/grand-series/galaxy-grand-prime-2014,False,False,2026-09-07T04:40:13+00:00,,,,,
XCell Parts,https://xcellparts.com/,SAMSUNG,https://xcellparts.com/product-category/samsung,2,click,CORE SERIES,https://xcellparts.com/product-category/samsung/core-series,13,dom-inspection,GALAXY CORE PRIME,https://xcellparts.com/product-category/samsung/core-series/galaxy-core-prime,1,1,1,3,dom-inspection,div#plp-283-15918 > div.xcell-mm__plp-thumbs.xcell-mm__plp-thumbs--flat > a.xcell-mm__plp-thumb,https://xcellparts.com/product-category/samsung/core-series/galaxy-core-prime,False,False,2026-09-07T04:40:13+00:00,,,,,
XCell Parts,https://xcellparts.com/,MOTOROLA,https://xcellparts.com/product-category/motorola-2,3,click,MOTO G SERIES,https://xcellparts.com/product-category/motorola-2/moto-g-series-motorola-2,1,dom-inspection,G17 POWER 5G (XT2623-4 / 2026),https://xcellparts.com/product-category/motorola-2/moto-g-series-motorola-2/g17-power-5g-xt2623-4-2026-moto-g-series-motorola-2,1,1,1,3,dom-inspection,div#plp-1123046-1123050 > div.xcell-mm__plp-thumbs.xcell-mm__plp-thumbs--flat > a.xcell-mm__plp-thumb,https://xcellparts.com/product-category/motorola-2/moto-g-series-motorola-2/g17-power-5g-xt2623-4-2026-moto-g-series-motorola-2,False,False,2026-09-07T04:40:13+00:00,,,,,
XCell Parts,https://xcellparts.com/,MOTOROLA,https://xcellparts.com/product-category/motorola-2,3,click,MOTO G SERIES,https://xcellparts.com/product-category/motorola-2/moto-g-series-motorola-2,1,dom-inspection,G37 (XT2625-4 / 2026),https://xcellparts.com/product-category/motorola-2/moto-g-series-motorola-2/g37-xt2625-4-2026,2,1,2,3,dom-inspection,div#plp-1123046-1123050 > div.xcell-mm__plp-thumbs.xcell-mm__plp-thumbs--flat > a.xcell-mm__plp-thumb,https://xcellparts.com/product-category/motorola-2/moto-g-series-motorola-2/g37-xt2625-4-2026,False,False,2026-09-07T04:40:13+00:00,,,,,
XCell Parts,https://xcellparts.com/,MOTOROLA,https://xcellparts.com/product-category/motorola-2,3,click,MOTO G SERIES,https://xcellparts.com/product-category/motorola-2/moto-g-series-motorola-2,1,dom-inspection,G37 POWER 5G (XT2625-6 / 2026),https://xcellparts.com/product-category/motorola-2/moto-g-series-motorola-2/g37-power-5g-xt2625-6-2026,3,1,3,3,dom-inspection,div#plp-1123046-1123050 > div.xcell-mm__plp-thumbs.xcell-mm__plp-thumbs--flat > a.xcell-mm__plp-thumb,https://xcellparts.com/product-category/motorola-2/moto-g-series-motorola-2/g37-power-5g-xt2625-6-2026,False,False,2026-09-07T04:40:13+00:00,,,,,
XCell Parts,https://xcellparts.com/,MOTOROLA,https://xcellparts.com/product-category/motorola-2,3,click,MOTO G SERIES,https://xcellparts.com/product-category/motorola-2/moto-g-series-motorola-2,1,dom-inspection,G47 (XT2625-1/2 / 2026),https://xcellparts.com/product-category/motorola-2/moto-g-series-motorola-2/g47-xt2625-1-2-2026,4,1,4,3,dom-inspection,div#plp-1123046-1123050 > div.xcell-mm__plp-thumbs.xcell-mm__plp-thumbs--flat > a.xcell-mm__plp-thumb,https://xcellparts.com/product-category/motorola-2/moto-g-series-motorola-2/g47-xt2625-1-2-2026,False,False,2026-09-07T04:40:13+00:00,,,,,
XCell Parts,https://xcellparts.com/,MOTOROLA,https://xcellparts.com/product-category/motorola-2,3,click,MOTO G SERIES,https://xcellparts.com/product-category/motorola-2/moto-g-series-motorola-2,1,dom-inspection,G87 (XT2621-6 / 2026),https://xcellparts.com/product-category/motorola-2/moto-g-series-motorola-2/g87-xt2621-6-2026,5,1,5,3,dom-inspection,div#plp-1123046-1123050 > div.xcell-mm__plp-thumbs.xcell-mm__plp-thumbs--flat > a.xcell-mm__plp-thumb,https://xcellparts.com/product-category/motorola-2/moto-g-series-motorola-2/g87-xt2621-6-2026,False,False,2026-09-07T04:40:13+00:00,,,,,
XCell Parts,https://xcellparts.com/,MOTOROLA,https://xcellparts.com/product-category/motorola-2,3,click,MOTO G SERIES,https://xcellparts.com/product-category/motorola-2/moto-g-series-motorola-2,1,dom-inspection,G17 (XT2623-2 / 2026),https://xcellparts.com/product-category/motorola-2/moto-g-series-motorola-2/g17-xt2623-2-2026-moto-g-series-motorola-2,6,1,6,3,dom-inspection,div#plp-1123046-1123050 > div.xcell-mm__plp-thumbs.xcell-mm__plp-thumbs--flat > a.xcell-mm__plp-thumb,https://xcellparts.com/product-category/motorola-2/moto-g-series-motorola-2/g17-xt2623-2-2026-moto-g-series-motorola-2,False,False,2026-09-07T04:40:13+00:00,,,,,
XCell Parts,https://xcellparts.com/,MOTOROLA,https://xcellparts.com/product-category/motorola-2,3,click,MOTO G SERIES,https://xcellparts.com/product-category/motorola-2/moto-g-series-motorola-2,1,dom-inspection,G67 (XT2621-2 / 2026),https://xcellparts.com/product-category/motorola-2/moto-g-series-motorola-2/g67-xt2621-2-2026-moto-g-series-motorola-2,7,1,7,3,dom-inspection,div#plp-1123046-1123050 > div.xcell-mm__plp-thumbs.xcell-mm__plp-thumbs--flat > a.xcell-mm__plp-thumb,https://xcellparts.com/product-category/motorola-2/moto-g-series-motorola-2/g67-xt2621-2-2026-moto-g-series-motorola-2,False,False,2026-09-07T04:40:13+00:00,,,,,
XCell Parts,https://xcellparts.com/,MOTOROLA,https://xcellparts.com/product-category/motorola-2,3,click,MOTO G SERIES,https://xcellparts.com/product-category/motorola-2/moto-g-series-motorola-2,1,dom-inspection,G77 (XT2621-4 / 2026),https://xcellparts.com/product-category/motorola-2/moto-g-series-motorola-2/g77-xt2621-4-2026-moto-g-series-motorola-2,8,1,8,3,dom-inspection,div#plp-1123046-1123050 > div.xcell-mm__plp-thumbs.xcell-mm__plp-thumbs--flat > a.xcell-mm__plp-thumb,https://xcellparts.com/product-category/motorola-2/moto-g-series-motorola-2/g77-xt2621-4-2026-moto-g-series-motorola-2,False,False,2026-09-07T04:40:13+00:00,,,,,
XCell Parts,https://xcellparts.com/,MOTOROLA,https://xcellparts.com/product-category/motorola-2,3,click,MOTO G SERIES,https://xcellparts.com/product-category/motorola-2/moto-g-series-motorola-2,1,dom-inspection,G STYLUS 5G (XT2619 / 2026),https://xcellparts.com/product-category/motorola-2/moto-g-series-motorola-2/g-stylus-5g-xt2619-2026,9,1,9,3,dom-inspection,div#plp-1123046-1123050 > div.xcell-mm__plp-thumbs.xcell-mm__plp-thumbs--flat > a.xcell-mm__plp-thumb,https://xcellparts.com/product-category/motorola-2/moto-g-series-motorola-2/g-stylus-5g-xt2619-2026,False,False,2026-09-07T04:40:13+00:00,,,,,
XCell Parts,https://xcellparts.com/,MOTOROLA,https://xcellparts.com/product-category/motorola-2,3,click,MOTO G SERIES,https://xcellparts.com/product-category/motorola-2/moto-g-series-motorola-2,1,dom-inspection,G POWER 5G (XT2617-1 / 2026),https://xcellparts.com/product-category/motorola-2/moto-g-series-motorola-2/g-power-5g-xt2617-1-2026-moto-g-series-motorola-2,10,1,10,3,dom-inspection,div#plp-1123046-1123050 > div.xcell-mm__plp-thumbs.xcell-mm__plp-thumbs--flat > a.xcell-mm__plp-thumb,https://xcellparts.com/product-category/motorola-2/moto-g-series-motorola-2/g-power-5g-xt2617-1-2026-moto-g-series-motorola-2,False,False,2026-09-07T04:40:13+00:00,,,,,
XCell Parts,https://xcellparts.com/,MOTOROLA,https://xcellparts.com/product-category/motorola-2,3,click,MOTO G SERIES,https://xcellparts.com/product-category/motorola-2/moto-g-series-motorola-2,1,dom-inspection,G PLAY (XT2615 / 2026),https://xcellparts.com/product-category/motorola-2/moto-g-series-motorola-2/g-play-xt2615-2026-moto-g-series-motorola-2,11,1,11,3,dom-inspection,div#plp-1123046-1123050 > div.xcell-mm__plp-thumbs.xcell-mm__plp-thumbs--flat > a.xcell-mm__plp-thumb,https://xcellparts.com/product-category/motorola-2/moto-g-series-motorola-2/g-play-xt2615-2026-moto-g-series-motorola-2,False,False,2026-09-07T04:40:13+00:00,,,,,
XCell Parts,https://xcellparts.com/,MOTOROLA,https://xcellparts.com/product-category/motorola-2,3,click,MOTO G SERIES,https://xcellparts.com/product-category/motorola-2/moto-g-series-motorola-2,1,dom-inspection,G 5G (XT2613 / 2026),https://xcellparts.com/product-category/motorola-2/moto-g-series-motorola-2/g-5g-xt2613-2026-moto-g-series-motorola-2,12,1,12,3,dom-inspection,div#plp-1123046-1123050 > div.xcell-mm__plp-thumbs.xcell-mm__plp-thumbs--flat > a.xcell-mm__plp-thumb,https://xcellparts.com/product-category/motorola-2/moto-g-series-motorola-2/g-5g-xt2613-2026-moto-g-series-motorola-2,False,False,2026-09-07T04:40:13+00:00,,,,,
XCell Parts,https://xcellparts.com/,MOTOROLA,https://xcellparts.com/product-category/motorola-2,3,click,MOTO G SERIES,https://xcellparts.com/product-category/motorola-2/moto-g-series-motorola-2,1,dom-inspection,G06 POWER (XT2535-13 / 2025),https://xcellparts.com/product-category/motorola-2/moto-g-series-motorola-2/g06-power-xt2535-13-2025-moto-g-series-motorola-2,13,1,13,3,dom-inspection,div#plp-1123046-1123050 > div.xcell-mm__plp-thumbs.xcell-mm__plp-thumbs--flat > a.xcell-mm__plp-thumb,https://xcellparts.com/product-category/motorola-2/moto-g-series-motorola-2/g06-power-xt2535-13-2025-moto-g-series-motorola-2,False,False,2026-09-07T04:40:13+00:00,,,,,
XCell Parts,https://xcellparts.com/,MOTOROLA,https://xcellparts.com/product-category/motorola-2,3,click,MOTO G SERIES,https://xcellparts.com/product-category/motorola-2/moto-g-series-motorola-2,1,dom-inspection,G06 (XT2535 / 2025),https://xcellparts.com/product-category/motorola-2/moto-g-series-motorola-2/g06-xt2535-2025-moto-g-series-motorola-2,14,1,14,3,dom-inspection,div#plp-1123046-1123050 > div.xcell-mm__plp-thumbs.xcell-mm__plp-thumbs--flat > a.xcell-mm__plp-thumb,https://xcellparts.com/product-category/motorola-2/moto-g-series-motorola-2/g06-xt2535-2025-moto-g-series-motorola-2,False,False,2026-09-07T04:40:13+00:00,,,,,
XCell Parts,https://xcellparts.com/,MOTOROLA,https://xcellparts.com/product-category/motorola-2,3,click,MOTO G SERIES,https://xcellparts.com/product-category/motorola-2/moto-g-series-motorola-2,1,dom-inspection,G96 (XT2531 / 2025),https://xcellparts.com/product-category/motorola-2/moto-g-series-motorola-2/g96-xt2531-2025-moto-g-series-motorola-2,15,1,15,3,dom-inspection,div#plp-1123046-1123050 > div.xcell-mm__plp-thumbs.xcell-mm__plp-thumbs--flat > a.xcell-mm__plp-thumb,https://xcellparts.com/product-category/motorola-2/moto-g-series-motorola-2/g96-xt2531-2025-moto-g-series-motorola-2,False,False,2026-09-07T04:40:13+00:00,,,,,
XCell Parts,https://xcellparts.com/,MOTOROLA,https://xcellparts.com/product-category/motorola-2,3,click,MOTO G SERIES,https://xcellparts.com/product-category/motorola-2/moto-g-series-motorola-2,1,dom-inspection,G56 5G (XT2529 / 2025),https://xcellparts.com/product-category/motorola-2/moto-g-series-motorola-2/g56-5g-xt2529-2025-moto-g-series-motorola-2,16,1,16,3,dom-inspection,div#plp-1123046-1123050 > div.xcell-mm__plp-thumbs.xcell-mm__plp-thumbs--flat > a.xcell-mm__plp-thumb,https://xcellparts.com/product-category/motorola-2/moto-g-series-motorola-2/g56-5g-xt2529-2025-moto-g-series-motorola-2,False,False,2026-09-07T04:40:13+00:00,,,,,
XCell Parts,https://xcellparts.com/,MOTOROLA,https://xcellparts.com/product-category/motorola-2,3,click,MOTO G SERIES,https://xcellparts.com/product-category/motorola-2/moto-g-series-motorola-2,1,dom-inspection,G86 (XT2527 / 2025),https://xcellparts.com/product-category/motorola-2/moto-g-series-motorola-2/g86-xt2527-2025-moto-g-series-motorola-2,17,1,17,3,dom-inspection,div#plp-1123046-1123050 > div.xcell-mm__plp-thumbs.xcell-mm__plp-thumbs--flat > a.xcell-mm__plp-thumb,https://xcellparts.com/product-category/motorola-2/moto-g-series-motorola-2/g86-xt2527-2025-moto-g-series-motorola-2,False,False,2026-09-07T04:40:13+00:00,,,,,
XCell Parts,https://xcellparts.com/,MOTOROLA,https://xcellparts.com/product-category/motorola-2,3,click,MOTO G SERIES,https://xcellparts.com/product-category/motorola-2/moto-g-series-motorola-2,1,dom-inspection,G05 (XT2523 / 2025),https://xcellparts.com/product-category/motorola-2/moto-g-series-motorola-2/g05-xt2523-2025-moto-g-series-motorola-2,18,1,18,3,dom-inspection,div#plp-1123046-1123050 > div.xcell-mm__plp-thumbs.xcell-mm__plp-thumbs--flat > a.xcell-mm__plp-thumb,https://xcellparts.com/product-category/motorola-2/moto-g-series-motorola-2/g05-xt2523-2025-moto-g-series-motorola-2,False,False,2026-09-07T04:40:13+00:00,,,,,
XCell Parts,https://xcellparts.com/,MOTOROLA,https://xcellparts.com/product-category/motorola-2,3,click,MOTO G SERIES,https://xcellparts.com/product-category/motorola-2/moto-g-series-motorola-2,1,dom-inspection,G15 POWER (XT2521-5 / 2025),https://xcellparts.com/product-category/motorola-2/moto-g-series-motorola-2/g15-power-xt2521-5-2025-moto-g-series-motorola-2,19,1,19,3,dom-inspection,div#plp-1123046-1123050 > div.xcell-mm__plp-thumbs.xcell-mm__plp-thumbs--flat > a.xcell-mm__plp-thumb,https://xcellparts.com/product-category/motorola-2/moto-g-series-motorola-2/g15-power-xt2521-5-2025-moto-g-series-motorola-2,False,False,2026-09-07T04:40:13+00:00,,,,,
XCell Parts,https://xcellparts.com/,MOTOROLA,https://xcellparts.com/product-category/motorola-2,3,click,MOTO G SERIES,https://xcellparts.com/product-category/motorola-2/moto-g-series-motorola-2,1,dom-inspection,G15 4G (XT2521 / 2025),https://xcellparts.com/product-category/motorola-2/moto-g-series-motorola-2/g15-4g-xt2521-2025-moto-g-series-motorola-2,20,1,20,3,dom-inspection,div#plp-1123046-1123050 > div.xcell-mm__plp-thumbs.xcell-mm__plp-thumbs--flat > a.xcell-mm__plp-thumb,https://xcellparts.com/product-category/motorola-2/moto-g-series-motorola-2/g15-4g-xt2521-2025-moto-g-series-motorola-2,False,False,2026-09-07T04:40:13+00:00,,,,,
XCell Parts,https://xcellparts.com/,MOTOROLA,https://xcellparts.com/product-category/motorola-2,3,click,MOTO G SERIES,https://xcellparts.com/product-category/motorola-2/moto-g-series-motorola-2,1,dom-inspection,G STYLUS 5G (XT2517 / 2025),https://xcellparts.com/product-category/motorola-2/moto-g-series-motorola-2/g-stylus-5g-xt2517-2025-moto-g-series-motorola-2,21,1,21,3,dom-inspection,div#plp-1123046-1123050 > div.xcell-mm__plp-thumbs.xcell-mm__plp-thumbs--flat > a.xcell-mm__plp-thumb,https://xcellparts.com/product-category/motorola-2/moto-g-series-motorola-2/g-stylus-5g-xt2517-2025-moto-g-series-motorola-2,False,False,2026-09-07T04:40:13+00:00,,,,,
XCell Parts,https://xcellparts.com/,MOTOROLA,https://xcellparts.com/product-category/motorola-2,3,click,MOTO G SERIES,https://xcellparts.com/product-category/motorola-2/moto-g-series-motorola-2,1,dom-inspection,G POWER 5G (XT2515-1 / 2025),https://xcellparts.com/product-category/motorola-2/moto-g-series-motorola-2/g-power-5g-xt2515-1-2025-moto-g-series-motorola-2,22,1,22,3,dom-inspection,div#plp-1123046-1123050 > div.xcell-mm__plp-thumbs.xcell-mm__plp-thumbs--flat > a.xcell-mm__plp-thumb,https://xcellparts.com/product-category/motorola-2/moto-g-series-motorola-2/g-power-5g-xt2515-1-2025-moto-g-series-motorola-2,False,False,2026-09-07T04:40:13+00:00,,,,,
XCell Parts,https://xcellparts.com/,MOTOROLA,https://xcellparts.com/product-category/motorola-2,3,click,MOTO G SERIES,https://xcellparts.com/product-category/motorola-2/moto-g-series-motorola-2,1,dom-inspection,G 5G (XT2513-1 / 2025),https://xcellparts.com/product-category/motorola-2/moto-g-series-motorola-2/g-5g-xt2513-1-2025-moto-g-series-motorola-2,23,1,23,3,dom-inspection,div#plp-1123046-1123050 > div.xcell-mm__plp-thumbs.xcell-mm__plp-thumbs--flat > a.xcell-mm__plp-thumb,https://xcellparts.com/product-category/motorola-2/moto-g-series-motorola-2/g-5g-xt2513-1-2025-moto-g-series-motorola-2,False,False,2026-09-07T04:40:13+00:00,,,,,
XCell Parts,https://xcellparts.com/,MOTOROLA,https://xcellparts.com/product-category/motorola-2,3,click,MOTO G SERIES,https://xcellparts.com/product-category/motorola-2/moto-g-series-motorola-2,1,dom-inspection,G75 (XT2437 / 2024),https://xcellparts.com/product-category/motorola-2/moto-g-series-motorola-2/g75-xt2437-2024-moto-g-series-motorola-2,24,1,24,3,dom-inspection,div#plp-1123046-1123050 > div.xcell-mm__plp-thumbs.xcell-mm__plp-thumbs--flat > a.xcell-mm__plp-thumb,https://xcellparts.com/product-category/motorola-2/moto-g-series-motorola-2/g75-xt2437-2024-moto-g-series-motorola-2,False,False,2026-09-07T04:40:13+00:00,,,,,
XCell Parts,https://xcellparts.com/,MOTOROLA,https://xcellparts.com/product-category/motorola-2,3,click,MOTO G SERIES,https://xcellparts.com/product-category/motorola-2/moto-g-series-motorola-2,1,dom-inspection,G55 5G (XT2435 / 2024),https://xcellparts.com/product-category/motorola-2/moto-g-series-motorola-2/g55-5g-xt2435-2024-moto-g-series-motorola-2,25,1,25,3,dom-inspection,div#plp-1123046-1123050 > div.xcell-mm__plp-thumbs.xcell-mm__plp-thumbs--flat > a.xcell-mm__plp-thumb,https://xcellparts.com/product-category/motorola-2/moto-g-series-motorola-2/g55-5g-xt2435-2024-moto-g-series-motorola-2,False,False,2026-09-07T04:40:13+00:00,,,,,
XCell Parts,https://xcellparts.com/,MOTOROLA,https://xcellparts.com/product-category/motorola-2,3,click,MOTO G SERIES,https://xcellparts.com/product-category/motorola-2/moto-g-series-motorola-2,1,dom-inspection,G35 5G (XT2433-4 / 2024),https://xcellparts.com/product-category/motorola-2/moto-g-series-motorola-2/g35-5g-xt2433-4-2024-moto-g-series-motorola-2,26,1,26,3,dom-inspection,div#plp-1123046-1123050 > div.xcell-mm__plp-thumbs.xcell-mm__plp-thumbs--flat > a.xcell-mm__plp-thumb,https://xcellparts.com/product-category/motorola-2/moto-g-series-motorola-2/g35-5g-xt2433-4-2024-moto-g-series-motorola-2,False,False,2026-09-07T04:40:13+00:00,,,,,
XCell Parts,https://xcellparts.com/,MOTOROLA,https://xcellparts.com/product-category/motorola-2,3,click,MOTO G SERIES,https://xcellparts.com/product-category/motorola-2/moto-g-series-motorola-2,1,dom-inspection,G85 (XT2427 -3 / 2024),https://xcellparts.com/product-category/motorola-2/moto-g-series-motorola-2/g85-xt2427-3-2024-moto-g-series-motorola-2,27,1,27,3,dom-inspection,div#plp-1123046-1123050 > div.xcell-mm__plp-thumbs.xcell-mm__plp-thumbs--flat > a.xcell-mm__plp-thumb,https://xcellparts.com/product-category/motorola-2/moto-g-series-motorola-2/g85-xt2427-3-2024-moto-g-series-motorola-2,False,False,2026-09-07T04:40:13+00:00,,,,,
XCell Parts,https://xcellparts.com/,MOTOROLA,https://xcellparts.com/product-category/motorola-2,3,click,MOTO G SERIES,https://xcellparts.com/product-category/motorola-2/moto-g-series-motorola-2,1,dom-inspection,G24 POWER (XT2425 / 2024),https://xcellparts.com/product-category/motorola-2/moto-g-series-motorola-2/g24-power-xt2425-2024-moto-g-series-motorola-2,28,1,28,3,dom-inspection,div#plp-1123046-1123050 > div.xcell-mm__plp-thumbs.xcell-mm__plp-thumbs--flat > a.xcell-mm__plp-thumb,https://xcellparts.com/product-category/motorola-2/moto-g-series-motorola-2/g24-power-xt2425-2024-moto-g-series-motorola-2,False,False,2026-09-07T04:40:13+00:00,,,,,
XCell Parts,https://xcellparts.com/,MOTOROLA,https://xcellparts.com/product-category/motorola-2,3,click,MOTO G SERIES,https://xcellparts.com/product-category/motorola-2/moto-g-series-motorola-2,1,dom-inspection,G24 (XT2423-1 / 2024),https://xcellparts.com/product-category/motorola-2/moto-g-series-motorola-2/g24-xt2423-1-2024-moto-g-series-motorola-2,29,1,29,3,dom-inspection,div#plp-1123046-1123050 > div.xcell-mm__plp-thumbs.xcell-mm__plp-thumbs--flat > a.xcell-mm__plp-thumb,https://xcellparts.com/product-category/motorola-2/moto-g-series-motorola-2/g24-xt2423-1-2024-moto-g-series-motorola-2,False,False,2026-09-07T04:40:13+00:00,,,,,
XCell Parts,https://xcellparts.com/,MOTOROLA,https://xcellparts.com/product-category/motorola-2,3,click,MOTO G SERIES,https://xcellparts.com/product-category/motorola-2/moto-g-series-motorola-2,1,dom-inspection,G04 (XT2421-2 / 2024),https://xcellparts.com/product-category/motorola-2/moto-g-series-motorola-2/g04-xt2421-2-2024-moto-g-series-motorola-2,30,1,30,3,dom-inspection,div#plp-1123046-1123050 > div.xcell-mm__plp-thumbs.xcell-mm__plp-thumbs--flat > a.xcell-mm__plp-thumb,https://xcellparts.com/product-category/motorola-2/moto-g-series-motorola-2/g04-xt2421-2-2024-moto-g-series-motorola-2,False,False,2026-09-07T04:40:13+00:00,,,,,
XCell Parts,https://xcellparts.com/,MOTOROLA,https://xcellparts.com/product-category/motorola-2,3,click,MOTO G SERIES,https://xcellparts.com/product-category/motorola-2/moto-g-series-motorola-2,1,dom-inspection,G STYLUS 5G (XT2419 / 2024),https://xcellparts.com/product-category/motorola-2/moto-g-series-motorola-2/g-stylus-5g-xt2419-2024-moto-g-series-motorola-2,31,1,31,3,dom-inspection,div#plp-1123046-1123050 > div.xcell-mm__plp-thumbs.xcell-mm__plp-thumbs--flat > a.xcell-mm__plp-thumb,https://xcellparts.com/product-category/motorola-2/moto-g-series-motorola-2/g-stylus-5g-xt2419-2024-moto-g-series-motorola-2,False,False,2026-09-07T04:40:13+00:00,,,,,
XCell Parts,https://xcellparts.com/,MOTOROLA,https://xcellparts.com/product-category/motorola-2,3,click,MOTO G SERIES,https://xcellparts.com/product-category/motorola-2/moto-g-series-motorola-2,1,dom-inspection,G 5G (XT2417 / 2024),https://xcellparts.com/product-category/motorola-2/moto-g-series-motorola-2/g-5g-xt2417-2024-moto-g-series-motorola-2,32,1,32,3,dom-inspection,div#plp-1123046-1123050 > div.xcell-mm__plp-thumbs.xcell-mm__plp-thumbs--flat > a.xcell-mm__plp-thumb,https://xcellparts.com/product-category/motorola-2/moto-g-series-motorola-2/g-5g-xt2417-2024-moto-g-series-motorola-2,False,False,2026-09-07T04:40:13+00:00,,,,,
XCell Parts,https://xcellparts.com/,MOTOROLA,https://xcellparts.com/product-category/motorola-2,3,click,MOTO G SERIES,https://xcellparts.com/product-category/motorola-2/moto-g-series-motorola-2,1,dom-inspection,G POWER 5G (XT2415 / 2024),https://xcellparts.com/product-category/motorola-2/moto-g-series-motorola-2/g-power-5g-xt2415-2024-moto-g-series-motorola-2,33,1,33,3,dom-inspection,div#plp-1123046-1123050 > div.xcell-mm__plp-thumbs.xcell-mm__plp-thumbs--flat > a.xcell-mm__plp-thumb,https://xcellparts.com/product-category/motorola-2/moto-g-series-motorola-2/g-power-5g-xt2415-2024-moto-g-series-motorola-2,False,False,2026-09-07T04:40:13+00:00,,,,,
XCell Parts,https://xcellparts.com/,MOTOROLA,https://xcellparts.com/product-category/motorola-2,3,click,MOTO G SERIES,https://xcellparts.com/product-category/motorola-2/moto-g-series-motorola-2,1,dom-inspection,G PLAY (XT2413 / 2024),https://xcellparts.com/product-category/motorola-2/moto-g-series-motorola-2/g-play-xt2413-2024-moto-g-series-motorola-2,34,1,34,3,dom-inspection,div#plp-1123046-1123050 > div.xcell-mm__plp-thumbs.xcell-mm__plp-thumbs--flat > a.xcell-mm__plp-thumb,https://xcellparts.com/product-category/motorola-2/moto-g-series-motorola-2/g-play-xt2413-2024-moto-g-series-motorola-2,False,False,2026-09-07T04:40:13+00:00,,,,,
XCell Parts,https://xcellparts.com/,MOTOROLA,https://xcellparts.com/product-category/motorola-2,3,click,MOTO G SERIES,https://xcellparts.com/product-category/motorola-2/moto-g-series-motorola-2,1,dom-inspection,G34 (XT2363 / 2023),https://xcellparts.com/product-category/motorola-2/moto-g-series-motorola-2/g34-xt2363-2023-moto-g-series-motorola-2,35,1,35,3,dom-inspection,div#plp-1123046-1123050 > div.xcell-mm__plp-thumbs.xcell-mm__plp-thumbs--flat > a.xcell-mm__plp-thumb,https://xcellparts.com/product-category/motorola-2/moto-g-series-motorola-2/g34-xt2363-2023-moto-g-series-motorola-2,False,False,2026-09-07T04:40:13+00:00,,,,,
XCell Parts,https://xcellparts.com/,MOTOROLA,https://xcellparts.com/product-category/motorola-2,3,click,MOTO G SERIES,https://xcellparts.com/product-category/motorola-2/moto-g-series-motorola-2,1,dom-inspection,G84 (XT2347 / 2023),https://xcellparts.com/product-category/motorola-2/moto-g-series-motorola-2/g84-xt2347-2023-moto-g-series-motorola-2,36,1,36,3,dom-inspection,div#plp-1123046-1123050 > div.xcell-mm__plp-thumbs.xcell-mm__plp-thumbs--flat > a.xcell-mm__plp-thumb,https://xcellparts.com/product-category/motorola-2/moto-g-series-motorola-2/g84-xt2347-2023-moto-g-series-motorola-2,False,False,2026-09-07T04:40:13+00:00,,,,,
XCell Parts,https://xcellparts.com/,MOTOROLA,https://xcellparts.com/product-category/motorola-2,3,click,MOTO G SERIES,https://xcellparts.com/product-category/motorola-2/moto-g-series-motorola-2,1,dom-inspection,G54 POWER (XT2343-5 / 2023,https://xcellparts.com/product-category/motorola-2/moto-g-series-motorola-2/g54-power-xt2343-5-2023-moto-g-series-motorola-2,37,1,37,3,dom-inspection,div#plp-1123046-1123050 > div.xcell-mm__plp-thumbs.xcell-mm__plp-thumbs--flat > a.xcell-mm__plp-thumb,https://xcellparts.com/product-category/motorola-2/moto-g-series-motorola-2/g54-power-xt2343-5-2023-moto-g-series-motorola-2,False,False,2026-09-07T04:40:13+00:00,,,,,
XCell Parts,https://xcellparts.com/,MOTOROLA,https://xcellparts.com/product-category/motorola-2,3,click,MOTO G SERIES,https://xcellparts.com/product-category/motorola-2/moto-g-series-motorola-2,1,dom-inspection,G54 (XT2343-2 / 2023),https://xcellparts.com/product-category/motorola-2/moto-g-series-motorola-2/g54-xt2343-2-2023-moto-g-series-motorola-2,38,1,38,3,dom-inspection,div#plp-1123046-1123050 > div.xcell-mm__plp-thumbs.xcell-mm__plp-thumbs--flat > a.xcell-mm__plp-thumb,https://xcellparts.com/product-category/motorola-2/moto-g-series-motorola-2/g54-xt2343-2-2023-moto-g-series-motorola-2,False,False,2026-09-07T04:40:13+00:00,,,,,
XCell Parts,https://xcellparts.com/,MOTOROLA,https://xcellparts.com/product-category/motorola-2,3,click,MOTO G SERIES,https://xcellparts.com/product-category/motorola-2/moto-g-series-motorola-2,1,dom-inspection,G14 5G (XT2341 / 2023),https://xcellparts.com/product-category/motorola-2/moto-g-series-motorola-2/g14-5g-xt2341-2023-moto-g-series-motorola-2,39,1,39,3,dom-inspection,div#plp-1123046-1123050 > div.xcell-mm__plp-thumbs.xcell-mm__plp-thumbs--flat > a.xcell-mm__plp-thumb,https://xcellparts.com/product-category/motorola-2/moto-g-series-motorola-2/g14-5g-xt2341-2023-moto-g-series-motorola-2,False,False,2026-09-07T04:40:13+00:00,,,,,
XCell Parts,https://xcellparts.com/,MOTOROLA,https://xcellparts.com/product-category/motorola-2,3,click,MOTO G SERIES,https://xcellparts.com/product-category/motorola-2/moto-g-series-motorola-2,1,dom-inspection,G23 (XT2333-3 / 2023),https://xcellparts.com/product-category/motorola-2/moto-g-series-motorola-2/g23-xt2333-3-2023-moto-g-series-motorola-2,40,1,40,3,dom-inspection,div#plp-1123046-1123050 > div.xcell-mm__plp-thumbs.xcell-mm__plp-thumbs--flat > a.xcell-mm__plp-thumb,https://xcellparts.com/product-category/motorola-2/moto-g-series-motorola-2/g23-xt2333-3-2023-moto-g-series-motorola-2,False,False,2026-09-07T04:40:13+00:00,,,,,
XCell Parts,https://xcellparts.com/,MOTOROLA,https://xcellparts.com/product-category/motorola-2,3,click,MOTO G SERIES,https://xcellparts.com/product-category/motorola-2/moto-g-series-motorola-2,1,dom-inspection,G13 (XT2331-2 / 2023),https://xcellparts.com/product-category/motorola-2/moto-g-series-motorola-2/g13-xt2331-2-2023-moto-g-series-motorola-2,41,1,41,3,dom-inspection,div#plp-1123046-1123050 > div.xcell-mm__plp-thumbs.xcell-mm__plp-thumbs--flat > a.xcell-mm__plp-thumb,https://xcellparts.com/product-category/motorola-2/moto-g-series-motorola-2/g13-xt2331-2-2023-moto-g-series-motorola-2,False,False,2026-09-07T04:40:13+00:00,,,,,
XCell Parts,https://xcellparts.com/,MOTOROLA,https://xcellparts.com/product-category/motorola-2,3,click,MOTO G SERIES,https://xcellparts.com/product-category/motorola-2/moto-g-series-motorola-2,1,dom-inspection,G STYLUS 4G (XT2317 / 2023),https://xcellparts.com/product-category/motorola-2/moto-g-series-motorola-2/g-stylus-4g-xt2317-2023-moto-g-series-motorola-2,42,1,42,3,dom-inspection,div#plp-1123046-1123050 > div.xcell-mm__plp-thumbs.xcell-mm__plp-thumbs--flat > a.xcell-mm__plp-thumb,https://xcellparts.com/product-category/motorola-2/moto-g-series-motorola-2/g-stylus-4g-xt2317-2023-moto-g-series-motorola-2,False,False,2026-09-07T04:40:13+00:00,,,,,
XCell Parts,https://xcellparts.com/,MOTOROLA,https://xcellparts.com/product-category/motorola-2,3,click,MOTO G SERIES,https://xcellparts.com/product-category/motorola-2/moto-g-series-motorola-2,1,dom-inspection,G STYLUS 5G (XT2315 / 2023),https://xcellparts.com/product-category/motorola-2/moto-g-series-motorola-2/g-stylus-5g-xt2315-2023-moto-g-series-motorola-2,43,1,43,3,dom-inspection,div#plp-1123046-1123050 > div.xcell-mm__plp-thumbs.xcell-mm__plp-thumbs--flat > a.xcell-mm__plp-thumb,https://xcellparts.com/product-category/motorola-2/moto-g-series-motorola-2/g-stylus-5g-xt2315-2023-moto-g-series-motorola-2,False,False,2026-09-07T04:40:13+00:00,,,,,
XCell Parts,https://xcellparts.com/,MOTOROLA,https://xcellparts.com/product-category/motorola-2,3,click,MOTO G SERIES,https://xcellparts.com/product-category/motorola-2/moto-g-series-motorola-2,1,dom-inspection,G 5G (XT2313 / 2023),https://xcellparts.com/product-category/motorola-2/moto-g-series-motorola-2/g-5g-xt2313-2023-moto-g-series-motorola-2,44,1,44,3,dom-inspection,div#plp-1123046-1123050 > div.xcell-mm__plp-thumbs.xcell-mm__plp-thumbs--flat > a.xcell-mm__plp-thumb,https://xcellparts.com/product-category/motorola-2/moto-g-series-motorola-2/g-5g-xt2313-2023-moto-g-series-motorola-2,False,False,2026-09-07T04:40:13+00:00,,,,,
XCell Parts,https://xcellparts.com/,MOTOROLA,https://xcellparts.com/product-category/motorola-2,3,click,MOTO G SERIES,https://xcellparts.com/product-category/motorola-2/moto-g-series-motorola-2,1,dom-inspection,G POWER 5G (XT2311-3 / 2023),https://xcellparts.com/product-category/motorola-2/moto-g-series-motorola-2/g-power-5g-xt2311-3-2023-moto-g-series-motorola-2,45,1,45,3,dom-inspection,div#plp-1123046-1123050 > div.xcell-mm__plp-thumbs.xcell-mm__plp-thumbs--flat > a.xcell-mm__plp-thumb,https://xcellparts.com/product-category/motorola-2/moto-g-series-motorola-2/g-power-5g-xt2311-3-2023-moto-g-series-motorola-2,False,False,2026-09-07T04:40:13+00:00,,,,,
XCell Parts,https://xcellparts.com/,MOTOROLA,https://xcellparts.com/product-category/motorola-2,3,click,MOTO G SERIES,https://xcellparts.com/product-category/motorola-2/moto-g-series-motorola-2,1,dom-inspection,G PLAY (XT2271-5 / 2023),https://xcellparts.com/product-category/motorola-2/moto-g-series-motorola-2/g-play-xt2271-5-2023-moto-g-series-motorola-2,46,1,46,3,dom-inspection,div#plp-1123046-1123050 > div.xcell-mm__plp-thumbs.xcell-mm__plp-thumbs--flat > a.xcell-mm__plp-thumb,https://xcellparts.com/product-category/motorola-2/moto-g-series-motorola-2/g-play-xt2271-5-2023-moto-g-series-motorola-2,False,False,2026-09-07T04:40:13+00:00,,,,,
XCell Parts,https://xcellparts.com/,MOTOROLA,https://xcellparts.com/product-category/motorola-2,3,click,MOTO G SERIES,https://xcellparts.com/product-category/motorola-2/moto-g-series-motorola-2,1,dom-inspection,G72 (XT2255 / 2022),https://xcellparts.com/product-category/motorola-2/moto-g-series-motorola-2/g72-xt2255-2022-moto-g-series-motorola-2,47,1,47,3,dom-inspection,div#plp-1123046-1123050 > div.xcell-mm__plp-thumbs.xcell-mm__plp-thumbs--flat > a.xcell-mm__plp-thumb,https://xcellparts.com/product-category/motorola-2/moto-g-series-motorola-2/g72-xt2255-2022-moto-g-series-motorola-2,False,False,2026-09-07T04:40:13+00:00,,,,,
XCell Parts,https://xcellparts.com/,MOTOROLA,https://xcellparts.com/product-category/motorola-2,3,click,MOTO G SERIES,https://xcellparts.com/product-category/motorola-2/moto-g-series-motorola-2,1,dom-inspection,G73 (XT2237 / 2022),https://xcellparts.com/product-category/motorola-2/moto-g-series-motorola-2/g73-xt2237-2022-moto-g-series-motorola-2,48,1,48,3,dom-inspection,div#plp-1123046-1123050 > div.xcell-mm__plp-thumbs.xcell-mm__plp-thumbs--flat > a.xcell-mm__plp-thumb,https://xcellparts.com/product-category/motorola-2/moto-g-series-motorola-2/g73-xt2237-2022-moto-g-series-motorola-2,False,False,2026-09-07T04:40:13+00:00,,,,,
XCell Parts,https://xcellparts.com/,MOTOROLA,https://xcellparts.com/product-category/motorola-2,3,click,MOTO G SERIES,https://xcellparts.com/product-category/motorola-2/moto-g-series-motorola-2,1,dom-inspection,G53 (XT2335-2 / 2022),https://xcellparts.com/product-category/motorola-2/moto-g-series-motorola-2/g53-xt2335-2-2022-moto-g-series-motorola-2,49,1,49,3,dom-inspection,div#plp-1123046-1123050 > div.xcell-mm__plp-thumbs.xcell-mm__plp-thumbs--flat > a.xcell-mm__plp-thumb,https://xcellparts.com/product-category/motorola-2/moto-g-series-motorola-2/g53-xt2335-2-2022-moto-g-series-motorola-2,False,False,2026-09-07T04:40:13+00:00,,,,,
XCell Parts,https://xcellparts.com/,MOTOROLA,https://xcellparts.com/product-category/motorola-2,3,click,MOTO G SERIES,https://xcellparts.com/product-category/motorola-2/moto-g-series-motorola-2,1,dom-inspection,G32 (XT2235 / 2022),https://xcellparts.com/product-category/motorola-2/moto-g-series-motorola-2/g32-xt2235-2022-moto-g-series-motorola-2,50,1,50,3,dom-inspection,div#plp-1123046-1123050 > div.xcell-mm__plp-thumbs.xcell-mm__plp-thumbs--flat > a.xcell-mm__plp-thumb,https://xcellparts.com/product-category/motorola-2/moto-g-series-motorola-2/g32-xt2235-2022-moto-g-series-motorola-2,False,False,2026-09-07T04:40:13+00:00,,,,,
XCell Parts,https://xcellparts.com/,MOTOROLA,https://xcellparts.com/product-category/motorola-2,3,click,MOTO G SERIES,https://xcellparts.com/product-category/motorola-2/moto-g-series-motorola-2,1,dom-inspection,G22 (XT2231 / 2022),https://xcellparts.com/product-category/motorola-2/moto-g-series-motorola-2/g22-xt2231-2022-moto-g-series-motorola-2,51,1,51,3,dom-inspection,div#plp-1123046-1123050 > div.xcell-mm__plp-thumbs.xcell-mm__plp-thumbs--flat > a.xcell-mm__plp-thumb,https://xcellparts.com/product-category/motorola-2/moto-g-series-motorola-2/g22-xt2231-2022-moto-g-series-motorola-2,False,False,2026-09-07T04:40:13+00:00,,,,,
XCell Parts,https://xcellparts.com/,MOTOROLA,https://xcellparts.com/product-category/motorola-2,3,click,MOTO G SERIES,https://xcellparts.com/product-category/motorola-2/moto-g-series-motorola-2,1,dom-inspection,G71S (XT2225-2 / 2022),https://xcellparts.com/product-category/motorola-2/moto-g-series-motorola-2/g71s-xt2225-2-2022-moto-g-series-motorola-2,52,1,52,3,dom-inspection,div#plp-1123046-1123050 > div.xcell-mm__plp-thumbs.xcell-mm__plp-thumbs--flat > a.xcell-mm__plp-thumb,https://xcellparts.com/product-category/motorola-2/moto-g-series-motorola-2/g71s-xt2225-2-2022-moto-g-series-motorola-2,False,False,2026-09-07T04:40:13+00:00,,,,,
XCell Parts,https://xcellparts.com/,MOTOROLA,https://xcellparts.com/product-category/motorola-2,3,click,MOTO G SERIES,https://xcellparts.com/product-category/motorola-2/moto-g-series-motorola-2,1,dom-inspection,G82 5G (XT2225-1 / 2022),https://xcellparts.com/product-category/motorola-2/moto-g-series-motorola-2/g82-5g-xt2225-1-2022-moto-g-series-motorola-2,53,1,53,3,dom-inspection,div#plp-1123046-1123050 > div.xcell-mm__plp-thumbs.xcell-mm__plp-thumbs--flat > a.xcell-mm__plp-thumb,https://xcellparts.com/product-category/motorola-2/moto-g-series-motorola-2/g82-5g-xt2225-1-2022-moto-g-series-motorola-2,False,False,2026-09-07T04:40:13+00:00,,,,,
XCell Parts,https://xcellparts.com/,MOTOROLA,https://xcellparts.com/product-category/motorola-2,3,click,MOTO G SERIES,https://xcellparts.com/product-category/motorola-2/moto-g-series-motorola-2,1,dom-inspection,G62 5G (XT2223-1 / 2022),https://xcellparts.com/product-category/motorola-2/moto-g-series-motorola-2/g62-5g-xt2223-1-2022-moto-g-series-motorola-2,54,1,54,3,dom-inspection,div#plp-1123046-1123050 > div.xcell-mm__plp-thumbs.xcell-mm__plp-thumbs--flat > a.xcell-mm__plp-thumb,https://xcellparts.com/product-category/motorola-2/moto-g-series-motorola-2/g62-5g-xt2223-1-2022-moto-g-series-motorola-2,False,False,2026-09-07T04:40:13+00:00,,,,,
XCell Parts,https://xcellparts.com/,MOTOROLA,https://xcellparts.com/product-category/motorola-2,3,click,MOTO G SERIES,https://xcellparts.com/product-category/motorola-2/moto-g-series-motorola-2,1,dom-inspection,G52 (XT2221-1 / 2022),https://xcellparts.com/product-category/motorola-2/moto-g-series-motorola-2/g52-xt2221-1-2022-moto-g-series-motorola-2,55,1,55,3,dom-inspection,div#plp-1123046-1123050 > div.xcell-mm__plp-thumbs.xcell-mm__plp-thumbs--flat > a.xcell-mm__plp-thumb,https://xcellparts.com/product-category/motorola-2/moto-g-series-motorola-2/g52-xt2221-1-2022-moto-g-series-motorola-2,False,False,2026-09-07T04:40:13+00:00,,,,,
XCell Parts,https://xcellparts.com/,MOTOROLA,https://xcellparts.com/product-category/motorola-2,3,click,MOTO G SERIES,https://xcellparts.com/product-category/motorola-2/moto-g-series-motorola-2,1,dom-inspection,G STYLUS 5G (XT2215 / 2022),https://xcellparts.com/product-category/motorola-2/moto-g-series-motorola-2/g-stylus-5g-xt2215-2022-moto-g-series-motorola-2,56,1,56,3,dom-inspection,div#plp-1123046-1123050 > div.xcell-mm__plp-thumbs.xcell-mm__plp-thumbs--flat > a.xcell-mm__plp-thumb,https://xcellparts.com/product-category/motorola-2/moto-g-series-motorola-2/g-stylus-5g-xt2215-2022-moto-g-series-motorola-2,False,False,2026-09-07T04:40:13+00:00,,,,,
XCell Parts,https://xcellparts.com/,MOTOROLA,https://xcellparts.com/product-category/motorola-2,3,click,MOTO G SERIES,https://xcellparts.com/product-category/motorola-2/moto-g-series-motorola-2,1,dom-inspection,G 5G (XT2213 / 2022),https://xcellparts.com/product-category/motorola-2/moto-g-series-motorola-2/g-5g-xt2213-2022-moto-g-series-motorola-2,57,1,57,3,dom-inspection,div#plp-1123046-1123050 > div.xcell-mm__plp-thumbs.xcell-mm__plp-thumbs--flat > a.xcell-mm__plp-thumb,https://xcellparts.com/product-category/motorola-2/moto-g-series-motorola-2/g-5g-xt2213-2022-moto-g-series-motorola-2,False,False,2026-09-07T04:40:13+00:00,,,,,
XCell Parts,https://xcellparts.com/,MOTOROLA,https://xcellparts.com/product-category/motorola-2,3,click,MOTO G SERIES,https://xcellparts.com/product-category/motorola-2/moto-g-series-motorola-2,1,dom-inspection,G STYLUS 4G (XT2211 / 2022),https://xcellparts.com/product-category/motorola-2/moto-g-series-motorola-2/g-stylus-4g-xt2211-2022-moto-g-series-motorola-2,58,1,58,3,dom-inspection,div#plp-1123046-1123050 > div.xcell-mm__plp-thumbs.xcell-mm__plp-thumbs--flat > a.xcell-mm__plp-thumb,https://xcellparts.com/product-category/motorola-2/moto-g-series-motorola-2/g-stylus-4g-xt2211-2022-moto-g-series-motorola-2,False,False,2026-09-07T04:40:13+00:00,,,,,
XCell Parts,https://xcellparts.com/,MOTOROLA,https://xcellparts.com/product-category/motorola-2,3,click,MOTO G SERIES,https://xcellparts.com/product-category/motorola-2/moto-g-series-motorola-2,1,dom-inspection,G200 5G (XT2175 / 2022),https://xcellparts.com/product-category/motorola-2/moto-g-series-motorola-2/g200-5g-xt2175-2022-moto-g-series-motorola-2,59,1,59,3,dom-inspection,div#plp-1123046-1123050 > div.xcell-mm__plp-thumbs.xcell-mm__plp-thumbs--flat > a.xcell-mm__plp-thumb,https://xcellparts.com/product-category/motorola-2/moto-g-series-motorola-2/g200-5g-xt2175-2022-moto-g-series-motorola-2,False,False,2026-09-07T04:40:13+00:00,,,,,
XCell Parts,https://xcellparts.com/,MOTOROLA,https://xcellparts.com/product-category/motorola-2,3,click,MOTO G SERIES,https://xcellparts.com/product-category/motorola-2/moto-g-series-motorola-2,1,dom-inspection,G71 5G (XT2169-1 / 2022),https://xcellparts.com/product-category/motorola-2/moto-g-series-motorola-2/g71-5g-xt2169-1-2022-moto-g-series-motorola-2,60,1,60,3,dom-inspection,div#plp-1123046-1123050 > div.xcell-mm__plp-thumbs.xcell-mm__plp-thumbs--flat > a.xcell-mm__plp-thumb,https://xcellparts.com/product-category/motorola-2/moto-g-series-motorola-2/g71-5g-xt2169-1-2022-moto-g-series-motorola-2,False,False,2026-09-07T04:40:13+00:00,,,,,
XCell Parts,https://xcellparts.com/,MOTOROLA,https://xcellparts.com/product-category/motorola-2,3,click,MOTO G SERIES,https://xcellparts.com/product-category/motorola-2/moto-g-series-motorola-2,1,dom-inspection,G41 (XT2167 / 2022),https://xcellparts.com/product-category/motorola-2/moto-g-series-motorola-2/g41-xt2167-2022-moto-g-series-motorola-2,61,1,61,3,dom-inspection,div#plp-1123046-1123050 > div.xcell-mm__plp-thumbs.xcell-mm__plp-thumbs--flat > a.xcell-mm__plp-thumb,https://xcellparts.com/product-category/motorola-2/moto-g-series-motorola-2/g41-xt2167-2022-moto-g-series-motorola-2,False,False,2026-09-07T04:40:13+00:00,,,,,
XCell Parts,https://xcellparts.com/,MOTOROLA,https://xcellparts.com/product-category/motorola-2,3,click,MOTO G SERIES,https://xcellparts.com/product-category/motorola-2/moto-g-series-motorola-2,1,dom-inspection,G POWER (XT2165 / 2022),https://xcellparts.com/product-category/motorola-2/moto-g-series-motorola-2/g-power-xt2165-2022-moto-g-series-motorola-2,62,1,62,3,dom-inspection,div#plp-1123046-1123050 > div.xcell-mm__plp-thumbs.xcell-mm__plp-thumbs--flat > a.xcell-mm__plp-thumb,https://xcellparts.com/product-category/motorola-2/moto-g-series-motorola-2/g-power-xt2165-2022-moto-g-series-motorola-2,False,False,2026-09-07T04:40:13+00:00,,,,,
XCell Parts,https://xcellparts.com/,MOTOROLA,https://xcellparts.com/product-category/motorola-2,3,click,MOTO G SERIES,https://xcellparts.com/product-category/motorola-2/moto-g-series-motorola-2,1,dom-inspection,G31 (XT2173 / 2021),https://xcellparts.com/product-category/motorola-2/moto-g-series-motorola-2/g31-xt2173-2021-moto-g-series-motorola-2,63,1,63,3,dom-inspection,div#plp-1123046-1123050 > div.xcell-mm__plp-thumbs.xcell-mm__plp-thumbs--flat > a.xcell-mm__plp-thumb,https://xcellparts.com/product-category/motorola-2/moto-g-series-motorola-2/g31-xt2173-2021-moto-g-series-motorola-2,False,False,2026-09-07T04:40:13+00:00,,,,,
XCell Parts,https://xcellparts.com/,MOTOROLA,https://xcellparts.com/product-category/motorola-2,3,click,MOTO G SERIES,https://xcellparts.com/product-category/motorola-2/moto-g-series-motorola-2,1,dom-inspection,G51 5G (XT2171 / 2021),https://xcellparts.com/product-category/motorola-2/moto-g-series-motorola-2/g51-5g-xt2171-2021-moto-g-series-motorola-2,64,1,64,3,dom-inspection,div#plp-1123046-1123050 > div.xcell-mm__plp-thumbs.xcell-mm__plp-thumbs--flat > a.xcell-mm__plp-thumb,https://xcellparts.com/product-category/motorola-2/moto-g-series-motorola-2/g51-5g-xt2171-2021-moto-g-series-motorola-2,False,False,2026-09-07T04:40:13+00:00,,,,,
XCell Parts,https://xcellparts.com/,MOTOROLA,https://xcellparts.com/product-category/motorola-2,3,click,MOTO G SERIES,https://xcellparts.com/product-category/motorola-2/moto-g-series-motorola-2,1,dom-inspection,G PURE (XT2163 / 2021),https://xcellparts.com/product-category/motorola-2/moto-g-series-motorola-2/g-pure-xt2163-2021-moto-g-series-motorola-2,65,1,65,3,dom-inspection,div#plp-1123046-1123050 > div.xcell-mm__plp-thumbs.xcell-mm__plp-thumbs--flat > a.xcell-mm__plp-thumb,https://xcellparts.com/product-category/motorola-2/moto-g-series-motorola-2/g-pure-xt2163-2021-moto-g-series-motorola-2,False,False,2026-09-07T04:40:13+00:00,,,,,
XCell Parts,https://xcellparts.com/,MOTOROLA,https://xcellparts.com/product-category/motorola-2,3,click,MOTO G SERIES,https://xcellparts.com/product-category/motorola-2/moto-g-series-motorola-2,1,dom-inspection,G50 5G (XT2149-1 / 2021),https://xcellparts.com/product-category/motorola-2/moto-g-series-motorola-2/g50-5g-xt2149-1-2021-moto-g-series-motorola-2,66,1,66,3,dom-inspection,div#plp-1123046-1123050 > div.xcell-mm__plp-thumbs.xcell-mm__plp-thumbs--flat > a.xcell-mm__plp-thumb,https://xcellparts.com/product-category/motorola-2/moto-g-series-motorola-2/g50-5g-xt2149-1-2021-moto-g-series-motorola-2,False,False,2026-09-07T04:40:13+00:00,,,,,
XCell Parts,https://xcellparts.com/,MOTOROLA,https://xcellparts.com/product-category/motorola-2,3,click,MOTO G SERIES,https://xcellparts.com/product-category/motorola-2/moto-g-series-motorola-2,1,dom-inspection,G40 FUSION (XT2147-1 / 2021),https://xcellparts.com/product-category/motorola-2/moto-g-series-motorola-2/g40-fusion-xt2147-1-2021-moto-g-series-motorola-2,67,1,67,3,dom-inspection,div#plp-1123046-1123050 > div.xcell-mm__plp-thumbs.xcell-mm__plp-thumbs--flat > a.xcell-mm__plp-thumb,https://xcellparts.com/product-category/motorola-2/moto-g-series-motorola-2/g40-fusion-xt2147-1-2021-moto-g-series-motorola-2,False,False,2026-09-07T04:40:13+00:00,,,,,
XCell Parts,https://xcellparts.com/,MOTOROLA,https://xcellparts.com/product-category/motorola-2,3,click,MOTO G SERIES,https://xcellparts.com/product-category/motorola-2/moto-g-series-motorola-2,1,dom-inspection,G50 (XT2137 / 2021),https://xcellparts.com/product-category/motorola-2/moto-g-series-motorola-2/g50-xt2137-2021-moto-g-series-motorola-2,68,1,68,3,dom-inspection,div#plp-1123046-1123050 > div.xcell-mm__plp-thumbs.xcell-mm__plp-thumbs--flat > a.xcell-mm__plp-thumb,https://xcellparts.com/product-category/motorola-2/moto-g-series-motorola-2/g50-xt2137-2021-moto-g-series-motorola-2,False,False,2026-09-07T04:40:13+00:00,,,,,
XCell Parts,https://xcellparts.com/,MOTOROLA,https://xcellparts.com/product-category/motorola-2,3,click,MOTO G SERIES,https://xcellparts.com/product-category/motorola-2/moto-g-series-motorola-2,1,dom-inspection,G60 (XT2135-1 / 2021),https://xcellparts.com/product-category/motorola-2/moto-g-series-motorola-2/g60-xt2135-1-2021-moto-g-series-motorola-2,69,1,69,3,dom-inspection,div#plp-1123046-1123050 > div.xcell-mm__plp-thumbs.xcell-mm__plp-thumbs--flat > a.xcell-mm__plp-thumb,https://xcellparts.com/product-category/motorola-2/moto-g-series-motorola-2/g60-xt2135-1-2021-moto-g-series-motorola-2,False,False,2026-09-07T04:40:13+00:00,,,,,
XCell Parts,https://xcellparts.com/,MOTOROLA,https://xcellparts.com/product-category/motorola-2,3,click,MOTO G SERIES,https://xcellparts.com/product-category/motorola-2/moto-g-series-motorola-2,1,dom-inspection,G60S (XT2133 / 2021),https://xcellparts.com/product-category/motorola-2/moto-g-series-motorola-2/g60s-xt2133-2021-moto-g-series-motorola-2,70,1,70,3,dom-inspection,div#plp-1123046-1123050 > div.xcell-mm__plp-thumbs.xcell-mm__plp-thumbs--flat > a.xcell-mm__plp-thumb,https://xcellparts.com/product-category/motorola-2/moto-g-series-motorola-2/g60s-xt2133-2021-moto-g-series-motorola-2,False,False,2026-09-07T04:40:13+00:00,,,,,
XCell Parts,https://xcellparts.com/,MOTOROLA,https://xcellparts.com/product-category/motorola-2,3,click,MOTO G SERIES,https://xcellparts.com/product-category/motorola-2/moto-g-series-motorola-2,1,dom-inspection,G STYLUS 5G (XT2131 / 2021),https://xcellparts.com/product-category/motorola-2/moto-g-series-motorola-2/g-stylus-5g-xt2131-2021-moto-g-series-motorola-2,71,1,71,3,dom-inspection,div#plp-1123046-1123050 > div.xcell-mm__plp-thumbs.xcell-mm__plp-thumbs--flat > a.xcell-mm__plp-thumb,https://xcellparts.com/product-category/motorola-2/moto-g-series-motorola-2/g-stylus-5g-xt2131-2021-moto-g-series-motorola-2,False,False,2026-09-07T04:40:13+00:00,,,,,
XCell Parts,https://xcellparts.com/,MOTOROLA,https://xcellparts.com/product-category/motorola-2,3,click,MOTO G SERIES,https://xcellparts.com/product-category/motorola-2/moto-g-series-motorola-2,1,dom-inspection,G30 (XT2129 / 2021),https://xcellparts.com/product-category/motorola-2/moto-g-series-motorola-2/g30-xt2129-2021-moto-g-series-motorola-2,72,1,72,3,dom-inspection,div#plp-1123046-1123050 > div.xcell-mm__plp-thumbs.xcell-mm__plp-thumbs--flat > a.xcell-mm__plp-thumb,https://xcellparts.com/product-category/motorola-2/moto-g-series-motorola-2/g30-xt2129-2021-moto-g-series-motorola-2,False,False,2026-09-07T04:40:13+00:00,,,,,
XCell Parts,https://xcellparts.com/,MOTOROLA,https://xcellparts.com/product-category/motorola-2,3,click,MOTO G SERIES,https://xcellparts.com/product-category/motorola-2/moto-g-series-motorola-2,1,dom-inspection,G20 (XT2128 / 2021),https://xcellparts.com/product-category/motorola-2/moto-g-series-motorola-2/g20-xt2128-2021-moto-g-series-motorola-2,73,1,73,3,dom-inspection,div#plp-1123046-1123050 > div.xcell-mm__plp-thumbs.xcell-mm__plp-thumbs--flat > a.xcell-mm__plp-thumb,https://xcellparts.com/product-category/motorola-2/moto-g-series-motorola-2/g20-xt2128-2021-moto-g-series-motorola-2,False,False,2026-09-07T04:40:13+00:00,,,,,
XCell Parts,https://xcellparts.com/,MOTOROLA,https://xcellparts.com/product-category/motorola-2,3,click,MOTO G SERIES,https://xcellparts.com/product-category/motorola-2/moto-g-series-motorola-2,1,dom-inspection,G10 POWER (XT2127-4 / 2021),https://xcellparts.com/product-category/motorola-2/moto-g-series-motorola-2/g10-power-xt2127-4-2021-moto-g-series-motorola-2,74,1,74,3,dom-inspection,div#plp-1123046-1123050 > div.xcell-mm__plp-thumbs.xcell-mm__plp-thumbs--flat > a.xcell-mm__plp-thumb,https://xcellparts.com/product-category/motorola-2/moto-g-series-motorola-2/g10-power-xt2127-4-2021-moto-g-series-motorola-2,False,False,2026-09-07T04:40:13+00:00,,,,,
XCell Parts,https://xcellparts.com/,MOTOROLA,https://xcellparts.com/product-category/motorola-2,3,click,MOTO G SERIES,https://xcellparts.com/product-category/motorola-2/moto-g-series-motorola-2,1,dom-inspection,G10 (XT2127-2 / 2021),https://xcellparts.com/product-category/motorola-2/moto-g-series-motorola-2/g10-xt2127-2-2021-moto-g-series-motorola-2,75,1,75,3,dom-inspection,div#plp-1123046-1123050 > div.xcell-mm__plp-thumbs.xcell-mm__plp-thumbs--flat > a.xcell-mm__plp-thumb,https://xcellparts.com/product-category/motorola-2/moto-g-series-motorola-2/g10-xt2127-2-2021-moto-g-series-motorola-2,False,False,2026-09-07T04:40:13+00:00,,,,,
XCell Parts,https://xcellparts.com/,MOTOROLA,https://xcellparts.com/product-category/motorola-2,3,click,MOTO G SERIES,https://xcellparts.com/product-category/motorola-2/moto-g-series-motorola-2,1,dom-inspection,G100 (XT2125-4 / 2021),https://xcellparts.com/product-category/motorola-2/moto-g-series-motorola-2/g100-xt2125-4-2021-moto-g-series-motorola-2,76,1,76,3,dom-inspection,div#plp-1123046-1123050 > div.xcell-mm__plp-thumbs.xcell-mm__plp-thumbs--flat > a.xcell-mm__plp-thumb,https://xcellparts.com/product-category/motorola-2/moto-g-series-motorola-2/g100-xt2125-4-2021-moto-g-series-motorola-2,False,False,2026-09-07T04:40:13+00:00,,,,,
XCell Parts,https://xcellparts.com/,MOTOROLA,https://xcellparts.com/product-category/motorola-2,3,click,MOTO G SERIES,https://xcellparts.com/product-category/motorola-2/moto-g-series-motorola-2,1,dom-inspection,G POWER (XT2117 / 2021),https://xcellparts.com/product-category/motorola-2/moto-g-series-motorola-2/g-power-xt2117-2021-moto-g-series-motorola-2,77,1,77,3,dom-inspection,div#plp-1123046-1123050 > div.xcell-mm__plp-thumbs.xcell-mm__plp-thumbs--flat > a.xcell-mm__plp-thumb,https://xcellparts.com/product-category/motorola-2/moto-g-series-motorola-2/g-power-xt2117-2021-moto-g-series-motorola-2,False,False,2026-09-07T04:40:13+00:00,,,,,
XCell Parts,https://xcellparts.com/,MOTOROLA,https://xcellparts.com/product-category/motorola-2,3,click,MOTO G SERIES,https://xcellparts.com/product-category/motorola-2/moto-g-series-motorola-2,1,dom-inspection,"G STYLUS 6.8"" (XT2115 / 2021)",https://xcellparts.com/product-category/motorola-2/moto-g-series-motorola-2/g-stylus-6-8-xt2115-2021-moto-g-series-motorola-2,78,1,78,3,dom-inspection,div#plp-1123046-1123050 > div.xcell-mm__plp-thumbs.xcell-mm__plp-thumbs--flat > a.xcell-mm__plp-thumb,https://xcellparts.com/product-category/motorola-2/moto-g-series-motorola-2/g-stylus-6-8-xt2115-2021-moto-g-series-motorola-2,False,False,2026-09-07T04:40:13+00:00,,,,,
XCell Parts,https://xcellparts.com/,MOTOROLA,https://xcellparts.com/product-category/motorola-2,3,click,MOTO G SERIES,https://xcellparts.com/product-category/motorola-2/moto-g-series-motorola-2,1,dom-inspection,G 5G (XT2113-3 / 2020),https://xcellparts.com/product-category/motorola-2/moto-g-series-motorola-2/g-5g-xt2113-3-2020-moto-g-series-motorola-2,79,1,79,3,dom-inspection,div#plp-1123046-1123050 > div.xcell-mm__plp-thumbs.xcell-mm__plp-thumbs--flat > a.xcell-mm__plp-thumb,https://xcellparts.com/product-category/motorola-2/moto-g-series-motorola-2/g-5g-xt2113-3-2020-moto-g-series-motorola-2,False,False,2026-09-07T04:40:13+00:00,,,,,
XCell Parts,https://xcellparts.com/,MOTOROLA,https://xcellparts.com/product-category/motorola-2,3,click,MOTO G SERIES,https://xcellparts.com/product-category/motorola-2/moto-g-series-motorola-2,1,dom-inspection,G PLAY (XT2093 / 2021),https://xcellparts.com/product-category/motorola-2/moto-g-series-motorola-2/g-play-xt2093-2021-moto-g-series-motorola-2,80,1,80,3,dom-inspection,div#plp-1123046-1123050 > div.xcell-mm__plp-thumbs.xcell-mm__plp-thumbs--flat > a.xcell-mm__plp-thumb,https://xcellparts.com/product-category/motorola-2/moto-g-series-motorola-2/g-play-xt2093-2021-moto-g-series-motorola-2,False,False,2026-09-07T04:40:13+00:00,,,,,
XCell Parts,https://xcellparts.com/,MOTOROLA,https://xcellparts.com/product-category/motorola-2,3,click,MOTO G SERIES,https://xcellparts.com/product-category/motorola-2/moto-g-series-motorola-2,1,dom-inspection,G9 POWER (XT2091 / 2020),https://xcellparts.com/product-category/motorola-2/moto-g-series-motorola-2/g9-power-xt2091-2020-moto-g-series-motorola-2,81,1,81,3,dom-inspection,div#plp-1123046-1123050 > div.xcell-mm__plp-thumbs.xcell-mm__plp-thumbs--flat > a.xcell-mm__plp-thumb,https://xcellparts.com/product-category/motorola-2/moto-g-series-motorola-2/g9-power-xt2091-2020-moto-g-series-motorola-2,False,False,2026-09-07T04:40:13+00:00,,,,,
XCell Parts,https://xcellparts.com/,MOTOROLA,https://xcellparts.com/product-category/motorola-2,3,click,MOTO G SERIES,https://xcellparts.com/product-category/motorola-2/moto-g-series-motorola-2,1,dom-inspection,G9 PLUS (XT2087 / 2020),https://xcellparts.com/product-category/motorola-2/moto-g-series-motorola-2/g9-plus-xt2087-2020-moto-g-series-motorola-2,82,1,82,3,dom-inspection,div#plp-1123046-1123050 > div.xcell-mm__plp-thumbs.xcell-mm__plp-thumbs--flat > a.xcell-mm__plp-thumb,https://xcellparts.com/product-category/motorola-2/moto-g-series-motorola-2/g9-plus-xt2087-2020-moto-g-series-motorola-2,False,False,2026-09-07T04:40:13+00:00,,,,,
XCell Parts,https://xcellparts.com/,MOTOROLA,https://xcellparts.com/product-category/motorola-2,3,click,MOTO G SERIES,https://xcellparts.com/product-category/motorola-2/moto-g-series-motorola-2,1,dom-inspection,G9 PLAY (XT2083 / 2020),https://xcellparts.com/product-category/motorola-2/moto-g-series-motorola-2/g9-play-xt2083-2020-moto-g-series-motorola-2,83,1,83,3,dom-inspection,div#plp-1123046-1123050 > div.xcell-mm__plp-thumbs.xcell-mm__plp-thumbs--flat > a.xcell-mm__plp-thumb,https://xcellparts.com/product-category/motorola-2/moto-g-series-motorola-2/g9-play-xt2083-2020-moto-g-series-motorola-2,False,False,2026-09-07T04:40:13+00:00,,,,,
XCell Parts,https://xcellparts.com/,MOTOROLA,https://xcellparts.com/product-category/motorola-2,3,click,MOTO G SERIES,https://xcellparts.com/product-category/motorola-2/moto-g-series-motorola-2,1,dom-inspection,G 5G PLUS (XT2075 / 2020),https://xcellparts.com/product-category/motorola-2/moto-g-series-motorola-2/g-5g-plus-xt2075-2020-moto-g-series-motorola-2,84,1,84,3,dom-inspection,div#plp-1123046-1123050 > div.xcell-mm__plp-thumbs.xcell-mm__plp-thumbs--flat > a.xcell-mm__plp-thumb,https://xcellparts.com/product-category/motorola-2/moto-g-series-motorola-2/g-5g-plus-xt2075-2020-moto-g-series-motorola-2,False,False,2026-09-07T04:40:13+00:00,,,,,
XCell Parts,https://xcellparts.com/,MOTOROLA,https://xcellparts.com/product-category/motorola-2,3,click,MOTO G SERIES,https://xcellparts.com/product-category/motorola-2/moto-g-series-motorola-2,1,dom-inspection,G8 POWER LITE (XT2055 / 2020),https://xcellparts.com/product-category/motorola-2/moto-g-series-motorola-2/g8-power-lite-xt2055-2020-moto-g-series-motorola-2,85,1,85,3,dom-inspection,div#plp-1123046-1123050 > div.xcell-mm__plp-thumbs.xcell-mm__plp-thumbs--flat > a.xcell-mm__plp-thumb,https://xcellparts.com/product-category/motorola-2/moto-g-series-motorola-2/g8-power-lite-xt2055-2020-moto-g-series-motorola-2,False,False,2026-09-07T04:40:13+00:00,,,,,
XCell Parts,https://xcellparts.com/,MOTOROLA,https://xcellparts.com/product-category/motorola-2,3,click,MOTO G SERIES,https://xcellparts.com/product-category/motorola-2/moto-g-series-motorola-2,1,dom-inspection,G FAST (XT2045-3 / 2020),https://xcellparts.com/product-category/motorola-2/moto-g-series-motorola-2/g-fast-xt2045-3-2020-moto-g-series-motorola-2,86,1,86,3,dom-inspection,div#plp-1123046-1123050 > div.xcell-mm__plp-thumbs.xcell-mm__plp-thumbs--flat > a.xcell-mm__plp-thumb,https://xcellparts.com/product-category/motorola-2/moto-g-series-motorola-2/g-fast-xt2045-3-2020-moto-g-series-motorola-2,False,False,2026-09-07T04:40:13+00:00,,,,,
XCell Parts,https://xcellparts.com/,MOTOROLA,https://xcellparts.com/product-category/motorola-2,3,click,MOTO G SERIES,https://xcellparts.com/product-category/motorola-2/moto-g-series-motorola-2,1,dom-inspection,G8 (XT2045-1 / 2020),https://xcellparts.com/product-category/motorola-2/moto-g-series-motorola-2/g8-xt2045-1-2020-moto-g-series-motorola-2,87,1,87,3,dom-inspection,div#plp-1123046-1123050 > div.xcell-mm__plp-thumbs.xcell-mm__plp-thumbs--flat > a.xcell-mm__plp-thumb,https://xcellparts.com/product-category/motorola-2/moto-g-series-motorola-2/g8-xt2045-1-2020-moto-g-series-motorola-2,False,False,2026-09-07T04:40:13+00:00,,,,,
XCell Parts,https://xcellparts.com/,MOTOROLA,https://xcellparts.com/product-category/motorola-2,3,click,MOTO G SERIES,https://xcellparts.com/product-category/motorola-2/moto-g-series-motorola-2,1,dom-inspection,"G STYLUS 6.4"" (XT2043 / 2020)",https://xcellparts.com/product-category/motorola-2/moto-g-series-motorola-2/g-stylus-6-4-xt2043-2020-moto-g-series-motorola-2,88,1,88,3,dom-inspection,div#plp-1123046-1123050 > div.xcell-mm__plp-thumbs.xcell-mm__plp-thumbs--flat > a.xcell-mm__plp-thumb,https://xcellparts.com/product-category/motorola-2/moto-g-series-motorola-2/g-stylus-6-4-xt2043-2020-moto-g-series-motorola-2,False,False,2026-09-07T04:40:13+00:00,,,,,
XCell Parts,https://xcellparts.com/,MOTOROLA,https://xcellparts.com/product-category/motorola-2,3,click,MOTO G SERIES,https://xcellparts.com/product-category/motorola-2/moto-g-series-motorola-2,1,dom-inspection,G POWER (XT2041-4 / 2020),https://xcellparts.com/product-category/motorola-2/moto-g-series-motorola-2/g-power-xt2041-4-2020-moto-g-series-motorola-2,89,1,89,3,dom-inspection,div#plp-1123046-1123050 > div.xcell-mm__plp-thumbs.xcell-mm__plp-thumbs--flat > a.xcell-mm__plp-thumb,https://xcellparts.com/product-category/motorola-2/moto-g-series-motorola-2/g-power-xt2041-4-2020-moto-g-series-motorola-2,False,False,2026-09-07T04:40:13+00:00,,,,,
XCell Parts,https://xcellparts.com/,MOTOROLA,https://xcellparts.com/product-category/motorola-2,3,click,MOTO G SERIES,https://xcellparts.com/product-category/motorola-2/moto-g-series-motorola-2,1,dom-inspection,G8 POWER (XT2041 / 2020),https://xcellparts.com/product-category/motorola-2/moto-g-series-motorola-2/g8-power-xt2041-2020-moto-g-series-motorola-2,90,1,90,3,dom-inspection,div#plp-1123046-1123050 > div.xcell-mm__plp-thumbs.xcell-mm__plp-thumbs--flat > a.xcell-mm__plp-thumb,https://xcellparts.com/product-category/motorola-2/moto-g-series-motorola-2/g8-power-xt2041-2020-moto-g-series-motorola-2,False,False,2026-09-07T04:40:13+00:00,,,,,
XCell Parts,https://xcellparts.com/,MOTOROLA,https://xcellparts.com/product-category/motorola-2,3,click,MOTO G SERIES,https://xcellparts.com/product-category/motorola-2/moto-g-series-motorola-2,1,dom-inspection,G8 PLUS (XT2019 / 2019),https://xcellparts.com/product-category/motorola-2/moto-g-series-motorola-2/g8-plus-xt2019-2019-moto-g-series-motorola-2,91,1,91,3,dom-inspection,div#plp-1123046-1123050 > div.xcell-mm__plp-thumbs.xcell-mm__plp-thumbs--flat > a.xcell-mm__plp-thumb,https://xcellparts.com/product-category/motorola-2/moto-g-series-motorola-2/g8-plus-xt2019-2019-moto-g-series-motorola-2,False,False,2026-09-07T04:40:13+00:00,,,,,
XCell Parts,https://xcellparts.com/,MOTOROLA,https://xcellparts.com/product-category/motorola-2,3,click,MOTO G SERIES,https://xcellparts.com/product-category/motorola-2/moto-g-series-motorola-2,1,dom-inspection,G8 PLAY (XT2015 / 2019),https://xcellparts.com/product-category/motorola-2/moto-g-series-motorola-2/g8-play-xt2015-2019-moto-g-series-motorola-2,92,1,92,3,dom-inspection,div#plp-1123046-1123050 > div.xcell-mm__plp-thumbs.xcell-mm__plp-thumbs--flat > a.xcell-mm__plp-thumb,https://xcellparts.com/product-category/motorola-2/moto-g-series-motorola-2/g8-play-xt2015-2019-moto-g-series-motorola-2,False,False,2026-09-07T04:40:13+00:00,,,,,
XCell Parts,https://xcellparts.com/,MOTOROLA,https://xcellparts.com/product-category/motorola-2,3,click,MOTO G SERIES,https://xcellparts.com/product-category/motorola-2/moto-g-series-motorola-2,1,dom-inspection,G7 PLUS (XT1965 / 2019),https://xcellparts.com/product-category/motorola-2/moto-g-series-motorola-2/g7-plus-xt1965-2019-moto-g-series-motorola-2,93,1,93,3,dom-inspection,div#plp-1123046-1123050 > div.xcell-mm__plp-thumbs.xcell-mm__plp-thumbs--flat > a.xcell-mm__plp-thumb,https://xcellparts.com/product-category/motorola-2/moto-g-series-motorola-2/g7-plus-xt1965-2019-moto-g-series-motorola-2,False,False,2026-09-07T04:40:13+00:00,,,,,
XCell Parts,https://xcellparts.com/,MOTOROLA,https://xcellparts.com/product-category/motorola-2,3,click,MOTO G SERIES,https://xcellparts.com/product-category/motorola-2/moto-g-series-motorola-2,1,dom-inspection,G7 (XT1962 / 2019),https://xcellparts.com/product-category/motorola-2/moto-g-series-motorola-2/g7-xt1962-2019-moto-g-series-motorola-2,94,1,94,3,dom-inspection,div#plp-1123046-1123050 > div.xcell-mm__plp-thumbs.xcell-mm__plp-thumbs--flat > a.xcell-mm__plp-thumb,https://xcellparts.com/product-category/motorola-2/moto-g-series-motorola-2/g7-xt1962-2019-moto-g-series-motorola-2,False,False,2026-09-07T04:40:13+00:00,,,,,
XCell Parts,https://xcellparts.com/,MOTOROLA,https://xcellparts.com/product-category/motorola-2,3,click,MOTO G SERIES,https://xcellparts.com/product-category/motorola-2/moto-g-series-motorola-2,1,dom-inspection,G7 POWER (XT1955 / 2019),https://xcellparts.com/product-category/motorola-2/moto-g-series-motorola-2/g7-power-xt1955-2019-moto-g-series-motorola-2,95,1,95,3,dom-inspection,div#plp-1123046-1123050 > div.xcell-mm__plp-thumbs.xcell-mm__plp-thumbs--flat > a.xcell-mm__plp-thumb,https://xcellparts.com/product-category/motorola-2/moto-g-series-motorola-2/g7-power-xt1955-2019-moto-g-series-motorola-2,False,False,2026-09-07T04:40:13+00:00,,,,,
XCell Parts,https://xcellparts.com/,MOTOROLA,https://xcellparts.com/product-category/motorola-2,3,click,MOTO G SERIES,https://xcellparts.com/product-category/motorola-2/moto-g-series-motorola-2,1,dom-inspection,G7 PLAY (XT1952 / 2019),https://xcellparts.com/product-category/motorola-2/moto-g-series-motorola-2/g7-play-xt1952-2019-moto-g-series-motorola-2,96,1,96,3,dom-inspection,div#plp-1123046-1123050 > div.xcell-mm__plp-thumbs.xcell-mm__plp-thumbs--flat > a.xcell-mm__plp-thumb,https://xcellparts.com/product-category/motorola-2/moto-g-series-motorola-2/g7-play-xt1952-2019-moto-g-series-motorola-2,False,False,2026-09-07T04:40:13+00:00,,,,,
XCell Parts,https://xcellparts.com/,MOTOROLA,https://xcellparts.com/product-category/motorola-2,3,click,MOTO G SERIES,https://xcellparts.com/product-category/motorola-2/moto-g-series-motorola-2,1,dom-inspection,G6 PLUS (XT1926 / 2018),https://xcellparts.com/product-category/motorola-2/moto-g-series-motorola-2/g6-plus-xt1926-2018-moto-g-series-motorola-2,97,1,97,3,dom-inspection,div#plp-1123046-1123050 > div.xcell-mm__plp-thumbs.xcell-mm__plp-thumbs--flat > a.xcell-mm__plp-thumb,https://xcellparts.com/product-category/motorola-2/moto-g-series-motorola-2/g6-plus-xt1926-2018-moto-g-series-motorola-2,False,False,2026-09-07T04:40:13+00:00,,,,,
XCell Parts,https://xcellparts.com/,MOTOROLA,https://xcellparts.com/product-category/motorola-2,3,click,MOTO G SERIES,https://xcellparts.com/product-category/motorola-2/moto-g-series-motorola-2,1,dom-inspection,G6 (XT1925 / 2018),https://xcellparts.com/product-category/motorola-2/moto-g-series-motorola-2/g6-xt1925-2018-moto-g-series-motorola-2,98,1,98,3,dom-inspection,div#plp-1123046-1123050 > div.xcell-mm__plp-thumbs.xcell-mm__plp-thumbs--flat > a.xcell-mm__plp-thumb,https://xcellparts.com/product-category/motorola-2/moto-g-series-motorola-2/g6-xt1925-2018-moto-g-series-motorola-2,False,False,2026-09-07T04:40:13+00:00,,,,,
XCell Parts,https://xcellparts.com/,MOTOROLA,https://xcellparts.com/product-category/motorola-2,3,click,MOTO G SERIES,https://xcellparts.com/product-category/motorola-2/moto-g-series-motorola-2,1,dom-inspection,G6 PLAY (XT1922 / 2018),https://xcellparts.com/product-category/motorola-2/moto-g-series-motorola-2/g6-play-xt1922-2018-moto-g-series-motorola-2,99,1,99,3,dom-inspection,div#plp-1123046-1123050 > div.xcell-mm__plp-thumbs.xcell-mm__plp-thumbs--flat > a.xcell-mm__plp-thumb,https://xcellparts.com/product-category/motorola-2/moto-g-series-motorola-2/g6-play-xt1922-2018-moto-g-series-motorola-2,False,False,2026-09-07T04:40:13+00:00,,,,,
XCell Parts,https://xcellparts.com/,MOTOROLA,https://xcellparts.com/product-category/motorola-2,3,click,MOTO G SERIES,https://xcellparts.com/product-category/motorola-2/moto-g-series-motorola-2,1,dom-inspection,G5S PLUS (XT1806 / 2017),https://xcellparts.com/product-category/motorola-2/moto-g-series-motorola-2/g5s-plus-xt1806-2017-moto-g-series-motorola-2,100,1,100,3,dom-inspection,div#plp-1123046-1123050 > div.xcell-mm__plp-thumbs.xcell-mm__plp-thumbs--flat > a.xcell-mm__plp-thumb,https://xcellparts.com/product-category/motorola-2/moto-g-series-motorola-2/g5s-plus-xt1806-2017-moto-g-series-motorola-2,False,False,2026-09-07T04:40:13+00:00,,,,,
XCell Parts,https://xcellparts.com/,MOTOROLA,https://xcellparts.com/product-category/motorola-2,3,click,MOTO G SERIES,https://xcellparts.com/product-category/motorola-2/moto-g-series-motorola-2,1,dom-inspection,G5S (XT1793 / 2017),https://xcellparts.com/product-category/motorola-2/moto-g-series-motorola-2/g5s-xt1793-2017-moto-g-series-motorola-2,101,1,101,3,dom-inspection,div#plp-1123046-1123050 > div.xcell-mm__plp-thumbs.xcell-mm__plp-thumbs--flat > a.xcell-mm__plp-thumb,https://xcellparts.com/product-category/motorola-2/moto-g-series-motorola-2/g5s-xt1793-2017-moto-g-series-motorola-2,False,False,2026-09-07T04:40:13+00:00,,,,,
XCell Parts,https://xcellparts.com/,MOTOROLA,https://xcellparts.com/product-category/motorola-2,3,click,MOTO G SERIES,https://xcellparts.com/product-category/motorola-2/moto-g-series-motorola-2,1,dom-inspection,G5 PLUS (XT1687 / 2017),https://xcellparts.com/product-category/motorola-2/moto-g-series-motorola-2/g5-plus-xt1687-2017-moto-g-series-motorola-2,102,1,102,3,dom-inspection,div#plp-1123046-1123050 > div.xcell-mm__plp-thumbs.xcell-mm__plp-thumbs--flat > a.xcell-mm__plp-thumb,https://xcellparts.com/product-category/motorola-2/moto-g-series-motorola-2/g5-plus-xt1687-2017-moto-g-series-motorola-2,False,False,2026-09-07T04:40:13+00:00,,,,,
XCell Parts,https://xcellparts.com/,MOTOROLA,https://xcellparts.com/product-category/motorola-2,3,click,MOTO G SERIES,https://xcellparts.com/product-category/motorola-2/moto-g-series-motorola-2,1,dom-inspection,G4 PLUS (XT1644 / 2016),https://xcellparts.com/product-category/motorola-2/moto-g-series-motorola-2/g4-plus-xt1644-2016-moto-g-series-motorola-2,103,1,103,3,dom-inspection,div#plp-1123046-1123050 > div.xcell-mm__plp-thumbs.xcell-mm__plp-thumbs--flat > a.xcell-mm__plp-thumb,https://xcellparts.com/product-category/motorola-2/moto-g-series-motorola-2/g4-plus-xt1644-2016-moto-g-series-motorola-2,False,False,2026-09-07T04:40:13+00:00,,,,,
XCell Parts,https://xcellparts.com/,MOTOROLA,https://xcellparts.com/product-category/motorola-2,3,click,MOTO G SERIES,https://xcellparts.com/product-category/motorola-2/moto-g-series-motorola-2,1,dom-inspection,G4 (XT1625 / 2016),https://xcellparts.com/product-category/motorola-2/moto-g-series-motorola-2/g4-xt1625-2016-moto-g-series-motorola-2,104,1,104,3,dom-inspection,div#plp-1123046-1123050 > div.xcell-mm__plp-thumbs.xcell-mm__plp-thumbs--flat > a.xcell-mm__plp-thumb,https://xcellparts.com/product-category/motorola-2/moto-g-series-motorola-2/g4-xt1625-2016-moto-g-series-motorola-2,False,False,2026-09-07T04:40:13+00:00,,,,,
XCell Parts,https://xcellparts.com/,MOTOROLA,https://xcellparts.com/product-category/motorola-2,3,click,MOTO G SERIES,https://xcellparts.com/product-category/motorola-2/moto-g-series-motorola-2,1,dom-inspection,G4 PLAY (XT1607 / 2016),https://xcellparts.com/product-category/motorola-2/moto-g-series-motorola-2/g4-play-xt1607-2016-moto-g-series-motorola-2,105,1,105,3,dom-inspection,div#plp-1123046-1123050 > div.xcell-mm__plp-thumbs.xcell-mm__plp-thumbs--flat > a.xcell-mm__plp-thumb,https://xcellparts.com/product-category/motorola-2/moto-g-series-motorola-2/g4-play-xt1607-2016-moto-g-series-motorola-2,False,False,2026-09-07T04:40:13+00:00,,,,,
XCell Parts,https://xcellparts.com/,MOTOROLA,https://xcellparts.com/product-category/motorola-2,3,click,MOTO G SERIES,https://xcellparts.com/product-category/motorola-2/moto-g-series-motorola-2,1,dom-inspection,G2 (XT1068 / 2014),https://xcellparts.com/product-category/motorola-2/moto-g-series-motorola-2/g2-xt1068-2014-moto-g-series-motorola-2,106,1,106,3,dom-inspection,div#plp-1123046-1123050 > div.xcell-mm__plp-thumbs.xcell-mm__plp-thumbs--flat > a.xcell-mm__plp-thumb,https://xcellparts.com/product-category/motorola-2/moto-g-series-motorola-2/g2-xt1068-2014-moto-g-series-motorola-2,False,False,2026-09-07T04:40:13+00:00,,,,,
XCell Parts,https://xcellparts.com/,MOTOROLA,https://xcellparts.com/product-category/motorola-2,3,click,MOTO G SERIES,https://xcellparts.com/product-category/motorola-2/moto-g-series-motorola-2,1,dom-inspection,G3 (XT1540 / 2015),https://xcellparts.com/product-category/motorola-2/moto-g-series-motorola-2/g3-xt1540-2015-moto-g-series-motorola-2,107,1,107,3,dom-inspection,div#plp-1123046-1123050 > div.xcell-mm__plp-thumbs.xcell-mm__plp-thumbs--flat > a.xcell-mm__plp-thumb,https://xcellparts.com/product-category/motorola-2/moto-g-series-motorola-2/g3-xt1540-2015-moto-g-series-motorola-2,False,False,2026-09-07T04:40:13+00:00,,,,,
XCell Parts,https://xcellparts.com/,MOTOROLA,https://xcellparts.com/product-category/motorola-2,3,click,MOTO G SERIES,https://xcellparts.com/product-category/motorola-2/moto-g-series-motorola-2,1,dom-inspection,G (XT1032 / 2013),https://xcellparts.com/product-category/motorola-2/moto-g-series-motorola-2/g-xt1032-2013-moto-g-series-motorola-2,108,1,108,3,dom-inspection,div#plp-1123046-1123050 > div.xcell-mm__plp-thumbs.xcell-mm__plp-thumbs--flat > a.xcell-mm__plp-thumb,https://xcellparts.com/product-category/motorola-2/moto-g-series-motorola-2/g-xt1032-2013-moto-g-series-motorola-2,False,False,2026-09-07T04:40:13+00:00,,,,,
XCell Parts,https://xcellparts.com/,MOTOROLA,https://xcellparts.com/product-category/motorola-2,3,click,MOTO E SERIES,https://xcellparts.com/product-category/motorola-2/moto-e-series-motorola-2,2,dom-inspection,E15 (XT2523-6 / 2025),https://xcellparts.com/product-category/motorola-2/moto-e-series-motorola-2/e15-xt2523-6-2025-moto-e-series-motorola-2,1,1,1,3,dom-inspection,div#plp-1123046-1123048 > div.xcell-mm__plp-thumbs.xcell-mm__plp-thumbs--flat > a.xcell-mm__plp-thumb,https://xcellparts.com/product-category/motorola-2/moto-e-series-motorola-2/e15-xt2523-6-2025-moto-e-series-motorola-2,False,False,2026-09-07T04:40:13+00:00,,,,,
XCell Parts,https://xcellparts.com/,MOTOROLA,https://xcellparts.com/product-category/motorola-2,3,click,MOTO E SERIES,https://xcellparts.com/product-category/motorola-2/moto-e-series-motorola-2,2,dom-inspection,E13 (XT2345 / 2023),https://xcellparts.com/product-category/motorola-2/moto-e-series-motorola-2/e13-xt2345-2023-moto-e-series-motorola-2,2,1,2,3,dom-inspection,div#plp-1123046-1123048 > div.xcell-mm__plp-thumbs.xcell-mm__plp-thumbs--flat > a.xcell-mm__plp-thumb,https://xcellparts.com/product-category/motorola-2/moto-e-series-motorola-2/e13-xt2345-2023-moto-e-series-motorola-2,False,False,2026-09-07T04:40:13+00:00,,,,,
XCell Parts,https://xcellparts.com/,MOTOROLA,https://xcellparts.com/product-category/motorola-2,3,click,MOTO E SERIES,https://xcellparts.com/product-category/motorola-2/moto-e-series-motorola-2,2,dom-inspection,E32S (XT2229 / 2022),https://xcellparts.com/product-category/motorola-2/moto-e-series-motorola-2/e32s-xt2229-2022-moto-e-series-motorola-2,3,1,3,3,dom-inspection,div#plp-1123046-1123048 > div.xcell-mm__plp-thumbs.xcell-mm__plp-thumbs--flat > a.xcell-mm__plp-thumb,https://xcellparts.com/product-category/motorola-2/moto-e-series-motorola-2/e32s-xt2229-2022-moto-e-series-motorola-2,False,False,2026-09-07T04:40:13+00:00,,,,,
XCell Parts,https://xcellparts.com/,MOTOROLA,https://xcellparts.com/product-category/motorola-2,3,click,MOTO E SERIES,https://xcellparts.com/product-category/motorola-2/moto-e-series-motorola-2,2,dom-inspection,E32 (XT2227 / 2022),https://xcellparts.com/product-category/motorola-2/moto-e-series-motorola-2/e32-xt2227-2022-moto-e-series-motorola-2,4,1,4,3,dom-inspection,div#plp-1123046-1123048 > div.xcell-mm__plp-thumbs.xcell-mm__plp-thumbs--flat > a.xcell-mm__plp-thumb,https://xcellparts.com/product-category/motorola-2/moto-e-series-motorola-2/e32-xt2227-2022-moto-e-series-motorola-2,False,False,2026-09-07T04:40:13+00:00,,,,,
XCell Parts,https://xcellparts.com/,MOTOROLA,https://xcellparts.com/product-category/motorola-2,3,click,MOTO E SERIES,https://xcellparts.com/product-category/motorola-2/moto-e-series-motorola-2,2,dom-inspection,E40 (XT2159 / 2021),https://xcellparts.com/product-category/motorola-2/moto-e-series-motorola-2/e40-xt2159-2021-moto-e-series-motorola-2,5,1,5,3,dom-inspection,div#plp-1123046-1123048 > div.xcell-mm__plp-thumbs.xcell-mm__plp-thumbs--flat > a.xcell-mm__plp-thumb,https://xcellparts.com/product-category/motorola-2/moto-e-series-motorola-2/e40-xt2159-2021-moto-e-series-motorola-2,False,False,2026-09-07T04:40:13+00:00,,,,,
XCell Parts,https://xcellparts.com/,MOTOROLA,https://xcellparts.com/product-category/motorola-2,3,click,MOTO E SERIES,https://xcellparts.com/product-category/motorola-2/moto-e-series-motorola-2,2,dom-inspection,E20 (XT2155 / 2021),https://xcellparts.com/product-category/motorola-2/moto-e-series-motorola-2/e20-xt2155-2021-moto-e-series-motorola-2,6,1,6,3,dom-inspection,div#plp-1123046-1123048 > div.xcell-mm__plp-thumbs.xcell-mm__plp-thumbs--flat > a.xcell-mm__plp-thumb,https://xcellparts.com/product-category/motorola-2/moto-e-series-motorola-2/e20-xt2155-2021-moto-e-series-motorola-2,False,False,2026-09-07T04:40:13+00:00,,,,,
XCell Parts,https://xcellparts.com/,MOTOROLA,https://xcellparts.com/product-category/motorola-2,3,click,MOTO E SERIES,https://xcellparts.com/product-category/motorola-2/moto-e-series-motorola-2,2,dom-inspection,E30 (XT2158-6 / 2021),https://xcellparts.com/product-category/motorola-2/moto-e-series-motorola-2/e30-xt2158-6-2021-moto-e-series-motorola-2,7,1,7,3,dom-inspection,div#plp-1123046-1123048 > div.xcell-mm__plp-thumbs.xcell-mm__plp-thumbs--flat > a.xcell-mm__plp-thumb,https://xcellparts.com/product-category/motorola-2/moto-e-series-motorola-2/e30-xt2158-6-2021-moto-e-series-motorola-2,False,False,2026-09-07T04:40:13+00:00,,,,,
XCell Parts,https://xcellparts.com/,MOTOROLA,https://xcellparts.com/product-category/motorola-2,3,click,MOTO E SERIES,https://xcellparts.com/product-category/motorola-2/moto-e-series-motorola-2,2,dom-inspection,E7I POWER (XT2097-12 / 2021),https://xcellparts.com/product-category/motorola-2/moto-e-series-motorola-2/e7i-power-xt2097-12-2021-moto-e-series-motorola-2,8,1,8,3,dom-inspection,div#plp-1123046-1123048 > div.xcell-mm__plp-thumbs.xcell-mm__plp-thumbs--flat > a.xcell-mm__plp-thumb,https://xcellparts.com/product-category/motorola-2/moto-e-series-motorola-2/e7i-power-xt2097-12-2021-moto-e-series-motorola-2,False,False,2026-09-07T04:40:13+00:00,,,,,
XCell Parts,https://xcellparts.com/,MOTOROLA,https://xcellparts.com/product-category/motorola-2,3,click,MOTO E SERIES,https://xcellparts.com/product-category/motorola-2/moto-e-series-motorola-2,2,dom-inspection,E7 POWER (XT2097 / 2021),https://xcellparts.com/product-category/motorola-2/moto-e-series-motorola-2/e7-power-xt2097-2021-moto-e-series-motorola-2,9,1,9,3,dom-inspection,div#plp-1123046-1123048 > div.xcell-mm__plp-thumbs.xcell-mm__plp-thumbs--flat > a.xcell-mm__plp-thumb,https://xcellparts.com/product-category/motorola-2/moto-e-series-motorola-2/e7-power-xt2097-2021-moto-e-series-motorola-2,False,False,2026-09-07T04:40:13+00:00,,,,,
XCell Parts,https://xcellparts.com/,MOTOROLA,https://xcellparts.com/product-category/motorola-2,3,click,MOTO E SERIES,https://xcellparts.com/product-category/motorola-2/moto-e-series-motorola-2,2,dom-inspection,E6I (XT2053-5 / 2021),https://xcellparts.com/product-category/motorola-2/moto-e-series-motorola-2/e6i-xt2053-5-2021-moto-e-series-motorola-2,10,1,10,3,dom-inspection,div#plp-1123046-1123048 > div.xcell-mm__plp-thumbs.xcell-mm__plp-thumbs--flat > a.xcell-mm__plp-thumb,https://xcellparts.com/product-category/motorola-2/moto-e-series-motorola-2/e6i-xt2053-5-2021-moto-e-series-motorola-2,False,False,2026-09-07T04:40:13+00:00,,,,,
XCell Parts,https://xcellparts.com/,MOTOROLA,https://xcellparts.com/product-category/motorola-2,3,click,MOTO E SERIES,https://xcellparts.com/product-category/motorola-2/moto-e-series-motorola-2,2,dom-inspection,E7 (XT2095 / 2020),https://xcellparts.com/product-category/motorola-2/moto-e-series-motorola-2/e7-xt2095-2020-moto-e-series-motorola-2,11,1,11,3,dom-inspection,div#plp-1123046-1123048 > div.xcell-mm__plp-thumbs.xcell-mm__plp-thumbs--flat > a.xcell-mm__plp-thumb,https://xcellparts.com/product-category/motorola-2/moto-e-series-motorola-2/e7-xt2095-2020-moto-e-series-motorola-2,False,False,2026-09-07T04:40:13+00:00,,,,,
XCell Parts,https://xcellparts.com/,MOTOROLA,https://xcellparts.com/product-category/motorola-2,3,click,MOTO E SERIES,https://xcellparts.com/product-category/motorola-2/moto-e-series-motorola-2,2,dom-inspection,E7 PLUS (XT2081 / 2020),https://xcellparts.com/product-category/motorola-2/moto-e-series-motorola-2/e7-plus-xt2081-2020-moto-e-series-motorola-2,12,1,12,3,dom-inspection,div#plp-1123046-1123048 > div.xcell-mm__plp-thumbs.xcell-mm__plp-thumbs--flat > a.xcell-mm__plp-thumb,https://xcellparts.com/product-category/motorola-2/moto-e-series-motorola-2/e7-plus-xt2081-2020-moto-e-series-motorola-2,False,False,2026-09-07T04:40:13+00:00,,,,,
XCell Parts,https://xcellparts.com/,MOTOROLA,https://xcellparts.com/product-category/motorola-2,3,click,MOTO E SERIES,https://xcellparts.com/product-category/motorola-2/moto-e-series-motorola-2,2,dom-inspection,E6S (XT2053-1 / 2020),https://xcellparts.com/product-category/motorola-2/moto-e-series-motorola-2/e6s-xt2053-1-2020-moto-e-series-motorola-2,13,1,13,3,dom-inspection,div#plp-1123046-1123048 > div.xcell-mm__plp-thumbs.xcell-mm__plp-thumbs--flat > a.xcell-mm__plp-thumb,https://xcellparts.com/product-category/motorola-2/moto-e-series-motorola-2/e6s-xt2053-1-2020-moto-e-series-motorola-2,False,False,2026-09-07T04:40:13+00:00,,,,,
XCell Parts,https://xcellparts.com/,MOTOROLA,https://xcellparts.com/product-category/motorola-2,3,click,MOTO E SERIES,https://xcellparts.com/product-category/motorola-2/moto-e-series-motorola-2,2,dom-inspection,E (XT2052 / 2020),https://xcellparts.com/product-category/motorola-2/moto-e-series-motorola-2/e-xt2052-2020-moto-e-series-motorola-2,14,1,14,3,dom-inspection,div#plp-1123046-1123048 > div.xcell-mm__plp-thumbs.xcell-mm__plp-thumbs--flat > a.xcell-mm__plp-thumb,https://xcellparts.com/product-category/motorola-2/moto-e-series-motorola-2/e-xt2052-2020-moto-e-series-motorola-2,False,False,2026-09-07T04:40:13+00:00,,,,,
XCell Parts,https://xcellparts.com/,MOTOROLA,https://xcellparts.com/product-category/motorola-2,3,click,MOTO E SERIES,https://xcellparts.com/product-category/motorola-2/moto-e-series-motorola-2,2,dom-inspection,E6 PLAY (XT2029 / 2019),https://xcellparts.com/product-category/motorola-2/moto-e-series-motorola-2/e6-play-xt2029-2019-moto-e-series-motorola-2,15,1,15,3,dom-inspection,div#plp-1123046-1123048 > div.xcell-mm__plp-thumbs.xcell-mm__plp-thumbs--flat > a.xcell-mm__plp-thumb,https://xcellparts.com/product-category/motorola-2/moto-e-series-motorola-2/e6-play-xt2029-2019-moto-e-series-motorola-2,False,False,2026-09-07T04:40:13+00:00,,,,,
XCell Parts,https://xcellparts.com/,MOTOROLA,https://xcellparts.com/product-category/motorola-2,3,click,MOTO E SERIES,https://xcellparts.com/product-category/motorola-2/moto-e-series-motorola-2,2,dom-inspection,E6 PLUS (XT2025 / 2019),https://xcellparts.com/product-category/motorola-2/moto-e-series-motorola-2/e6-plus-xt2025-2019-moto-e-series-motorola-2,16,1,16,3,dom-inspection,div#plp-1123046-1123048 > div.xcell-mm__plp-thumbs.xcell-mm__plp-thumbs--flat > a.xcell-mm__plp-thumb,https://xcellparts.com/product-category/motorola-2/moto-e-series-motorola-2/e6-plus-xt2025-2019-moto-e-series-motorola-2,False,False,2026-09-07T04:40:13+00:00,,,,,
XCell Parts,https://xcellparts.com/,MOTOROLA,https://xcellparts.com/product-category/motorola-2,3,click,MOTO E SERIES,https://xcellparts.com/product-category/motorola-2/moto-e-series-motorola-2,2,dom-inspection,E6 (XT2005 / 2019),https://xcellparts.com/product-category/motorola-2/moto-e-series-motorola-2/e6-xt2005-2019-moto-e-series-motorola-2,17,1,17,3,dom-inspection,div#plp-1123046-1123048 > div.xcell-mm__plp-thumbs.xcell-mm__plp-thumbs--flat > a.xcell-mm__plp-thumb,https://xcellparts.com/product-category/motorola-2/moto-e-series-motorola-2/e6-xt2005-2019-moto-e-series-motorola-2,False,False,2026-09-07T04:40:13+00:00,,,,,
XCell Parts,https://xcellparts.com/,MOTOROLA,https://xcellparts.com/product-category/motorola-2,3,click,MOTO E SERIES,https://xcellparts.com/product-category/motorola-2/moto-e-series-motorola-2,2,dom-inspection,E5 PLUS (XT1924 / 2018),https://xcellparts.com/product-category/motorola-2/moto-e-series-motorola-2/e5-plus-xt1924-2018-moto-e-series-motorola-2,18,1,18,3,dom-inspection,div#plp-1123046-1123048 > div.xcell-mm__plp-thumbs.xcell-mm__plp-thumbs--flat > a.xcell-mm__plp-thumb,https://xcellparts.com/product-category/motorola-2/moto-e-series-motorola-2/e5-plus-xt1924-2018-moto-e-series-motorola-2,False,False,2026-09-07T04:40:13+00:00,,,,,
XCell Parts,https://xcellparts.com/,MOTOROLA,https://xcellparts.com/product-category/motorola-2,3,click,MOTO E SERIES,https://xcellparts.com/product-category/motorola-2/moto-e-series-motorola-2,2,dom-inspection,E5 PLAY GO (XT1921 / 2018),https://xcellparts.com/product-category/motorola-2/moto-e-series-motorola-2/e5-play-go-xt1921-2018-moto-e-series-motorola-2,19,1,19,3,dom-inspection,div#plp-1123046-1123048 > div.xcell-mm__plp-thumbs.xcell-mm__plp-thumbs--flat > a.xcell-mm__plp-thumb,https://xcellparts.com/product-category/motorola-2/moto-e-series-motorola-2/e5-play-go-xt1921-2018-moto-e-series-motorola-2,False,False,2026-09-07T04:40:13+00:00,,,,,
XCell Parts,https://xcellparts.com/,MOTOROLA,https://xcellparts.com/product-category/motorola-2,3,click,MOTO E SERIES,https://xcellparts.com/product-category/motorola-2/moto-e-series-motorola-2,2,dom-inspection,E5 (XT1944 / 2018),https://xcellparts.com/product-category/motorola-2/moto-e-series-motorola-2/e5-xt1944-2018-moto-e-series-motorola-2,20,1,20,3,dom-inspection,div#plp-1123046-1123048 > div.xcell-mm__plp-thumbs.xcell-mm__plp-thumbs--flat > a.xcell-mm__plp-thumb,https://xcellparts.com/product-category/motorola-2/moto-e-series-motorola-2/e5-xt1944-2018-moto-e-series-motorola-2,False,False,2026-09-07T04:40:13+00:00,,,,,
XCell Parts,https://xcellparts.com/,MOTOROLA,https://xcellparts.com/product-category/motorola-2,3,click,MOTO E SERIES,https://xcellparts.com/product-category/motorola-2/moto-e-series-motorola-2,2,dom-inspection,E4 PLUS (XT1774 / 2017),https://xcellparts.com/product-category/motorola-2/moto-e-series-motorola-2/e4-plus-xt1774-2017-moto-e-series-motorola-2,21,1,21,3,dom-inspection,div#plp-1123046-1123048 > div.xcell-mm__plp-thumbs.xcell-mm__plp-thumbs--flat > a.xcell-mm__plp-thumb,https://xcellparts.com/product-category/motorola-2/moto-e-series-motorola-2/e4-plus-xt1774-2017-moto-e-series-motorola-2,False,False,2026-09-07T04:40:13+00:00,,,,,
XCell Parts,https://xcellparts.com/,MOTOROLA,https://xcellparts.com/product-category/motorola-2,3,click,MOTO E SERIES,https://xcellparts.com/product-category/motorola-2/moto-e-series-motorola-2,2,dom-inspection,E4 (XT1763 / 2017),https://xcellparts.com/product-category/motorola-2/moto-e-series-motorola-2/e4-xt1763-2017-moto-e-series-motorola-2,22,1,22,3,dom-inspection,div#plp-1123046-1123048 > div.xcell-mm__plp-thumbs.xcell-mm__plp-thumbs--flat > a.xcell-mm__plp-thumb,https://xcellparts.com/product-category/motorola-2/moto-e-series-motorola-2/e4-xt1763-2017-moto-e-series-motorola-2,False,False,2026-09-07T04:40:13+00:00,,,,,
XCell Parts,https://xcellparts.com/,MOTOROLA,https://xcellparts.com/product-category/motorola-2,3,click,MOTO E SERIES,https://xcellparts.com/product-category/motorola-2/moto-e-series-motorola-2,2,dom-inspection,E (XT1022 / 2014),https://xcellparts.com/product-category/motorola-2/moto-e-series-motorola-2/e-xt1022-2014-moto-e-series-motorola-2,23,1,23,3,dom-inspection,div#plp-1123046-1123048 > div.xcell-mm__plp-thumbs.xcell-mm__plp-thumbs--flat > a.xcell-mm__plp-thumb,https://xcellparts.com/product-category/motorola-2/moto-e-series-motorola-2/e-xt1022-2014-moto-e-series-motorola-2,False,False,2026-09-07T04:40:13+00:00,,,,,
XCell Parts,https://xcellparts.com/,MOTOROLA,https://xcellparts.com/product-category/motorola-2,3,click,MOTO EDGE SERIES,https://xcellparts.com/product-category/motorola-2/moto-edge-series-motorola-2,3,dom-inspection,EDGE (XT2609 / 2026),https://xcellparts.com/product-category/motorola-2/moto-edge-series-motorola-2/edge-xt2609-2026,1,1,1,3,dom-inspection,div#plp-1123046-1123049 > div.xcell-mm__plp-thumbs.xcell-mm__plp-thumbs--flat > a.xcell-mm__plp-thumb,https://xcellparts.com/product-category/motorola-2/moto-edge-series-motorola-2/edge-xt2609-2026,False,False,2026-09-07T04:40:13+00:00,,,,,
XCell Parts,https://xcellparts.com/,MOTOROLA,https://xcellparts.com/product-category/motorola-2,3,click,MOTO EDGE SERIES,https://xcellparts.com/product-category/motorola-2/moto-edge-series-motorola-2,3,dom-inspection,EDGE 60 NEO (XT2509-1 / 2025),https://xcellparts.com/product-category/motorola-2/moto-edge-series-motorola-2/edge-60-neo-xt2509-1-2025,2,1,2,3,dom-inspection,div#plp-1123046-1123049 > div.xcell-mm__plp-thumbs.xcell-mm__plp-thumbs--flat > a.xcell-mm__plp-thumb,https://xcellparts.com/product-category/motorola-2/moto-edge-series-motorola-2/edge-60-neo-xt2509-1-2025,False,False,2026-09-07T04:40:13+00:00,,,,,
XCell Parts,https://xcellparts.com/,MOTOROLA,https://xcellparts.com/product-category/motorola-2,3,click,MOTO EDGE SERIES,https://xcellparts.com/product-category/motorola-2/moto-edge-series-motorola-2,3,dom-inspection,EDGE 70 (XT2601 / 2025),https://xcellparts.com/product-category/motorola-2/moto-edge-series-motorola-2/edge-70-xt2601-2025-moto-edge-series-motorola-2,3,1,3,3,dom-inspection,div#plp-1123046-1123049 > div.xcell-mm__plp-thumbs.xcell-mm__plp-thumbs--flat > a.xcell-mm__plp-thumb,https://xcellparts.com/product-category/motorola-2/moto-edge-series-motorola-2/edge-70-xt2601-2025-moto-edge-series-motorola-2,False,False,2026-09-07T04:40:13+00:00,,,,,
XCell Parts,https://xcellparts.com/,MOTOROLA,https://xcellparts.com/product-category/motorola-2,3,click,MOTO EDGE SERIES,https://xcellparts.com/product-category/motorola-2/moto-edge-series-motorola-2,3,dom-inspection,EDGE 70 FUSION (XT2605 / 2026),https://xcellparts.com/product-category/motorola-2/moto-edge-series-motorola-2/edge-70-fusion-xt2605-2026,4,1,4,3,dom-inspection,div#plp-1123046-1123049 > div.xcell-mm__plp-thumbs.xcell-mm__plp-thumbs--flat > a.xcell-mm__plp-thumb,https://xcellparts.com/product-category/motorola-2/moto-edge-series-motorola-2/edge-70-fusion-xt2605-2026,False,False,2026-09-07T04:40:13+00:00,,,,,
XCell Parts,https://xcellparts.com/,MOTOROLA,https://xcellparts.com/product-category/motorola-2,3,click,MOTO EDGE SERIES,https://xcellparts.com/product-category/motorola-2/moto-edge-series-motorola-2,3,dom-inspection,EDGE 70 FUSION PLUS (XT2605 / 2026),https://xcellparts.com/product-category/motorola-2/moto-edge-series-motorola-2/edge-70-fusion-plus-xt2605-2026,5,1,5,3,dom-inspection,div#plp-1123046-1123049 > div.xcell-mm__plp-thumbs.xcell-mm__plp-thumbs--flat > a.xcell-mm__plp-thumb,https://xcellparts.com/product-category/motorola-2/moto-edge-series-motorola-2/edge-70-fusion-plus-xt2605-2026,False,False,2026-09-07T04:40:13+00:00,,,,,
XCell Parts,https://xcellparts.com/,MOTOROLA,https://xcellparts.com/product-category/motorola-2,3,click,MOTO EDGE SERIES,https://xcellparts.com/product-category/motorola-2/moto-edge-series-motorola-2,3,dom-inspection,EDGE (XT2519 / 2025),https://xcellparts.com/product-category/motorola-2/moto-edge-series-motorola-2/edge-xt2519-2025-moto-edge-series-motorola-2,6,1,6,3,dom-inspection,div#plp-1123046-1123049 > div.xcell-mm__plp-thumbs.xcell-mm__plp-thumbs--flat > a.xcell-mm__plp-thumb,https://xcellparts.com/product-category/motorola-2/moto-edge-series-motorola-2/edge-xt2519-2025-moto-edge-series-motorola-2,False,False,2026-09-07T04:40:13+00:00,,,,,
XCell Parts,https://xcellparts.com/,MOTOROLA,https://xcellparts.com/product-category/motorola-2,3,click,MOTO EDGE SERIES,https://xcellparts.com/product-category/motorola-2/moto-edge-series-motorola-2,3,dom-inspection,EDGE 60 STYLUS (XT2517-4 / 2025),https://xcellparts.com/product-category/motorola-2/moto-edge-series-motorola-2/edge-60-stylus-xt2517-4-2025-moto-edge-series-motorola-2,7,1,7,3,dom-inspection,div#plp-1123046-1123049 > div.xcell-mm__plp-thumbs.xcell-mm__plp-thumbs--flat > a.xcell-mm__plp-thumb,https://xcellparts.com/product-category/motorola-2/moto-edge-series-motorola-2/edge-60-stylus-xt2517-4-2025-moto-edge-series-motorola-2,False,False,2026-09-07T04:40:13+00:00,,,,,
XCell Parts,https://xcellparts.com/,MOTOROLA,https://xcellparts.com/product-category/motorola-2,3,click,MOTO EDGE SERIES,https://xcellparts.com/product-category/motorola-2/moto-edge-series-motorola-2,3,dom-inspection,EDGE 60 PRO (XT2507 / 2025),https://xcellparts.com/product-category/motorola-2/moto-edge-series-motorola-2/edge-60-pro-xt2507-2025-moto-edge-series-motorola-2,8,1,8,3,dom-inspection,div#plp-1123046-1123049 > div.xcell-mm__plp-thumbs.xcell-mm__plp-thumbs--flat > a.xcell-mm__plp-thumb,https://xcellparts.com/product-category/motorola-2/moto-edge-series-motorola-2/edge-60-pro-xt2507-2025-moto-edge-series-motorola-2,False,False,2026-09-07T04:40:13+00:00,,,,,
XCell Parts,https://xcellparts.com/,MOTOROLA,https://xcellparts.com/product-category/motorola-2,3,click,MOTO EDGE SERIES,https://xcellparts.com/product-category/motorola-2/moto-edge-series-motorola-2,3,dom-inspection,EDGE 60 (XT2505 / 2025),https://xcellparts.com/product-category/motorola-2/moto-edge-series-motorola-2/edge-60-xt2505-2025-moto-edge-series-motorola-2,9,1,9,3,dom-inspection,div#plp-1123046-1123049 > div.xcell-mm__plp-thumbs.xcell-mm__plp-thumbs--flat > a.xcell-mm__plp-thumb,https://xcellparts.com/product-category/motorola-2/moto-edge-series-motorola-2/edge-60-xt2505-2025-moto-edge-series-motorola-2,False,False,2026-09-07T04:40:13+00:00,,,,,
XCell Parts,https://xcellparts.com/,MOTOROLA,https://xcellparts.com/product-category/motorola-2,3,click,MOTO EDGE SERIES,https://xcellparts.com/product-category/motorola-2/moto-edge-series-motorola-2,3,dom-inspection,EDGE 60 FUSION (XT2503 / 2025),https://xcellparts.com/product-category/motorola-2/moto-edge-series-motorola-2/edge-60-fusion-xt2503-2025-moto-edge-series-motorola-2,10,1,10,3,dom-inspection,div#plp-1123046-1123049 > div.xcell-mm__plp-thumbs.xcell-mm__plp-thumbs--flat > a.xcell-mm__plp-thumb,https://xcellparts.com/product-category/motorola-2/moto-edge-series-motorola-2/edge-60-fusion-xt2503-2025-moto-edge-series-motorola-2,False,False,2026-09-07T04:40:13+00:00,,,,,
XCell Parts,https://xcellparts.com/,MOTOROLA,https://xcellparts.com/product-category/motorola-2,3,click,MOTO EDGE SERIES,https://xcellparts.com/product-category/motorola-2/moto-edge-series-motorola-2,3,dom-inspection,EDGE 50 FUSION (XT2429 / 2024),https://xcellparts.com/product-category/motorola-2/moto-edge-series-motorola-2/edge-50-fusion-xt2429-2024-moto-edge-series-motorola-2,11,1,11,3,dom-inspection,div#plp-1123046-1123049 > div.xcell-mm__plp-thumbs.xcell-mm__plp-thumbs--flat > a.xcell-mm__plp-thumb,https://xcellparts.com/product-category/motorola-2/moto-edge-series-motorola-2/edge-50-fusion-xt2429-2024-moto-edge-series-motorola-2,False,False,2026-09-07T04:40:13+00:00,,,,,
XCell Parts,https://xcellparts.com/,MOTOROLA,https://xcellparts.com/product-category/motorola-2,3,click,MOTO EDGE SERIES,https://xcellparts.com/product-category/motorola-2/moto-edge-series-motorola-2,3,dom-inspection,EDGE 50 NEO (XT2409 / 2024),https://xcellparts.com/product-category/motorola-2/moto-edge-series-motorola-2/edge-50-neo-xt2409-2024-moto-edge-series-motorola-2,12,1,12,3,dom-inspection,div#plp-1123046-1123049 > div.xcell-mm__plp-thumbs.xcell-mm__plp-thumbs--flat > a.xcell-mm__plp-thumb,https://xcellparts.com/product-category/motorola-2/moto-edge-series-motorola-2/edge-50-neo-xt2409-2024-moto-edge-series-motorola-2,False,False,2026-09-07T04:40:13+00:00,,,,,
XCell Parts,https://xcellparts.com/,MOTOROLA,https://xcellparts.com/product-category/motorola-2,3,click,MOTO EDGE SERIES,https://xcellparts.com/product-category/motorola-2/moto-edge-series-motorola-2,3,dom-inspection,EDGE 50 (XT2407-3 / 2024),https://xcellparts.com/product-category/motorola-2/moto-edge-series-motorola-2/edge-50-xt2407-3-2024-moto-edge-series-motorola-2,13,1,13,3,dom-inspection,div#plp-1123046-1123049 > div.xcell-mm__plp-thumbs.xcell-mm__plp-thumbs--flat > a.xcell-mm__plp-thumb,https://xcellparts.com/product-category/motorola-2/moto-edge-series-motorola-2/edge-50-xt2407-3-2024-moto-edge-series-motorola-2,False,False,2026-09-07T04:40:13+00:00,,,,,
XCell Parts,https://xcellparts.com/,MOTOROLA,https://xcellparts.com/product-category/motorola-2,3,click,MOTO EDGE SERIES,https://xcellparts.com/product-category/motorola-2/moto-edge-series-motorola-2,3,dom-inspection,EDGE (XT2405 / 2024),https://xcellparts.com/product-category/motorola-2/moto-edge-series-motorola-2/edge-xt2405-2024-moto-edge-series-motorola-2,14,1,14,3,dom-inspection,div#plp-1123046-1123049 > div.xcell-mm__plp-thumbs.xcell-mm__plp-thumbs--flat > a.xcell-mm__plp-thumb,https://xcellparts.com/product-category/motorola-2/moto-edge-series-motorola-2/edge-xt2405-2024-moto-edge-series-motorola-2,False,False,2026-09-07T04:40:13+00:00,,,,,
XCell Parts,https://xcellparts.com/,MOTOROLA,https://xcellparts.com/product-category/motorola-2,3,click,MOTO EDGE SERIES,https://xcellparts.com/product-category/motorola-2/moto-edge-series-motorola-2,3,dom-inspection,EDGE 50 PRO (XT2403 / 2024),https://xcellparts.com/product-category/motorola-2/moto-edge-series-motorola-2/edge-50-pro-xt2403-2024-moto-edge-series-motorola-2,15,1,15,3,dom-inspection,div#plp-1123046-1123049 > div.xcell-mm__plp-thumbs.xcell-mm__plp-thumbs--flat > a.xcell-mm__plp-thumb,https://xcellparts.com/product-category/motorola-2/moto-edge-series-motorola-2/edge-50-pro-xt2403-2024-moto-edge-series-motorola-2,False,False,2026-09-07T04:40:13+00:00,,,,,
XCell Parts,https://xcellparts.com/,MOTOROLA,https://xcellparts.com/product-category/motorola-2,3,click,MOTO EDGE SERIES,https://xcellparts.com/product-category/motorola-2/moto-edge-series-motorola-2,3,dom-inspection,EDGE 50 ULTRA (XT2401-2 / 2024),https://xcellparts.com/product-category/motorola-2/moto-edge-series-motorola-2/edge-50-ultra-xt2401-2-2024-moto-edge-series-motorola-2,16,1,16,3,dom-inspection,div#plp-1123046-1123049 > div.xcell-mm__plp-thumbs.xcell-mm__plp-thumbs--flat > a.xcell-mm__plp-thumb,https://xcellparts.com/product-category/motorola-2/moto-edge-series-motorola-2/edge-50-ultra-xt2401-2-2024-moto-edge-series-motorola-2,False,False,2026-09-07T04:40:13+00:00,,,,,
XCell Parts,https://xcellparts.com/,MOTOROLA,https://xcellparts.com/product-category/motorola-2,3,click,MOTO EDGE SERIES,https://xcellparts.com/product-category/motorola-2/moto-edge-series-motorola-2,3,dom-inspection,EDGE 40 NEO (XT2307-1 / 2023),https://xcellparts.com/product-category/motorola-2/moto-edge-series-motorola-2/edge-40-neo-xt2307-1-2023-moto-edge-series-motorola-2,17,1,17,3,dom-inspection,div#plp-1123046-1123049 > div.xcell-mm__plp-thumbs.xcell-mm__plp-thumbs--flat > a.xcell-mm__plp-thumb,https://xcellparts.com/product-category/motorola-2/moto-edge-series-motorola-2/edge-40-neo-xt2307-1-2023-moto-edge-series-motorola-2,False,False,2026-09-07T04:40:13+00:00,,,,,
XCell Parts,https://xcellparts.com/,MOTOROLA,https://xcellparts.com/product-category/motorola-2,3,click,MOTO EDGE SERIES,https://xcellparts.com/product-category/motorola-2/moto-edge-series-motorola-2,3,dom-inspection,EDGE (XT2305-1 / 2023),https://xcellparts.com/product-category/motorola-2/moto-edge-series-motorola-2/edge-xt2305-1-2023-moto-edge-series-motorola-2,18,1,18,3,dom-inspection,div#plp-1123046-1123049 > div.xcell-mm__plp-thumbs.xcell-mm__plp-thumbs--flat > a.xcell-mm__plp-thumb,https://xcellparts.com/product-category/motorola-2/moto-edge-series-motorola-2/edge-xt2305-1-2023-moto-edge-series-motorola-2,False,False,2026-09-07T04:40:13+00:00,,,,,
XCell Parts,https://xcellparts.com/,MOTOROLA,https://xcellparts.com/product-category/motorola-2,3,click,MOTO EDGE SERIES,https://xcellparts.com/product-category/motorola-2/moto-edge-series-motorola-2,3,dom-inspection,EDGE 40 (XT2303-2 / 2023),https://xcellparts.com/product-category/motorola-2/moto-edge-series-motorola-2/edge-40-xt2303-2-2023-moto-edge-series-motorola-2,19,1,19,3,dom-inspection,div#plp-1123046-1123049 > div.xcell-mm__plp-thumbs.xcell-mm__plp-thumbs--flat > a.xcell-mm__plp-thumb,https://xcellparts.com/product-category/motorola-2/moto-edge-series-motorola-2/edge-40-xt2303-2-2023-moto-edge-series-motorola-2,False,False,2026-09-07T04:40:13+00:00,,,,,
XCell Parts,https://xcellparts.com/,MOTOROLA,https://xcellparts.com/product-category/motorola-2,3,click,MOTO EDGE SERIES,https://xcellparts.com/product-category/motorola-2/moto-edge-series-motorola-2,3,dom-inspection,EDGE X40 5G (XT2301-5 / 2023),https://xcellparts.com/product-category/motorola-2/moto-edge-series-motorola-2/edge-x40-5g-xt2301-5-2023-moto-edge-series-motorola-2,20,1,20,3,dom-inspection,div#plp-1123046-1123049 > div.xcell-mm__plp-thumbs.xcell-mm__plp-thumbs--flat > a.xcell-mm__plp-thumb,https://xcellparts.com/product-category/motorola-2/moto-edge-series-motorola-2/edge-x40-5g-xt2301-5-2023-moto-edge-series-motorola-2,False,False,2026-09-07T04:40:13+00:00,,,,,
XCell Parts,https://xcellparts.com/,MOTOROLA,https://xcellparts.com/product-category/motorola-2,3,click,MOTO EDGE SERIES,https://xcellparts.com/product-category/motorola-2/moto-edge-series-motorola-2,3,dom-inspection,EDGE 40 PRO (XT2301-4 / 2023),https://xcellparts.com/product-category/motorola-2/moto-edge-series-motorola-2/edge-40-pro-xt2301-4-2023-moto-edge-series-motorola-2,21,1,21,3,dom-inspection,div#plp-1123046-1123049 > div.xcell-mm__plp-thumbs.xcell-mm__plp-thumbs--flat > a.xcell-mm__plp-thumb,https://xcellparts.com/product-category/motorola-2/moto-edge-series-motorola-2/edge-40-pro-xt2301-4-2023-moto-edge-series-motorola-2,False,False,2026-09-07T04:40:13+00:00,,,,,
XCell Parts,https://xcellparts.com/,MOTOROLA,https://xcellparts.com/product-category/motorola-2,3,click,MOTO EDGE SERIES,https://xcellparts.com/product-category/motorola-2/moto-edge-series-motorola-2,3,dom-inspection,EDGE PLUS (XT2301-1 / 2023),https://xcellparts.com/product-category/motorola-2/moto-edge-series-motorola-2/edge-plus-xt2301-1-2023-moto-edge-series-motorola-2,22,1,22,3,dom-inspection,div#plp-1123046-1123049 > div.xcell-mm__plp-thumbs.xcell-mm__plp-thumbs--flat > a.xcell-mm__plp-thumb,https://xcellparts.com/product-category/motorola-2/moto-edge-series-motorola-2/edge-plus-xt2301-1-2023-moto-edge-series-motorola-2,False,False,2026-09-07T04:40:13+00:00,,,,,
XCell Parts,https://xcellparts.com/,MOTOROLA,https://xcellparts.com/product-category/motorola-2,3,click,MOTO EDGE SERIES,https://xcellparts.com/product-category/motorola-2/moto-edge-series-motorola-2,3,dom-inspection,EDGE 30 NEO (XT2245-1 / 2022),https://xcellparts.com/product-category/motorola-2/moto-edge-series-motorola-2/edge-30-neo-xt2245-1-2022-moto-edge-series-motorola-2,23,1,23,3,dom-inspection,div#plp-1123046-1123049 > div.xcell-mm__plp-thumbs.xcell-mm__plp-thumbs--flat > a.xcell-mm__plp-thumb,https://xcellparts.com/product-category/motorola-2/moto-edge-series-motorola-2/edge-30-neo-xt2245-1-2022-moto-edge-series-motorola-2,False,False,2026-09-07T04:40:13+00:00,,,,,
XCell Parts,https://xcellparts.com/,MOTOROLA,https://xcellparts.com/product-category/motorola-2,3,click,MOTO EDGE SERIES,https://xcellparts.com/product-category/motorola-2/moto-edge-series-motorola-2,3,dom-inspection,EDGE 30 FUSION (XT2243 / 2022),https://xcellparts.com/product-category/motorola-2/moto-edge-series-motorola-2/edge-30-fusion-xt2243-2022-moto-edge-series-motorola-2,24,1,24,3,dom-inspection,div#plp-1123046-1123049 > div.xcell-mm__plp-thumbs.xcell-mm__plp-thumbs--flat > a.xcell-mm__plp-thumb,https://xcellparts.com/product-category/motorola-2/moto-edge-series-motorola-2/edge-30-fusion-xt2243-2022-moto-edge-series-motorola-2,False,False,2026-09-07T04:40:13+00:00,,,,,
XCell Parts,https://xcellparts.com/,MOTOROLA,https://xcellparts.com/product-category/motorola-2,3,click,MOTO EDGE SERIES,https://xcellparts.com/product-category/motorola-2/moto-edge-series-motorola-2,3,dom-inspection,EDGE (XT2205-1 / 2022),https://xcellparts.com/product-category/motorola-2/moto-edge-series-motorola-2/edge-xt2205-1-2022-moto-edge-series-motorola-2,25,1,25,3,dom-inspection,div#plp-1123046-1123049 > div.xcell-mm__plp-thumbs.xcell-mm__plp-thumbs--flat > a.xcell-mm__plp-thumb,https://xcellparts.com/product-category/motorola-2/moto-edge-series-motorola-2/edge-xt2205-1-2022-moto-edge-series-motorola-2,False,False,2026-09-07T04:40:13+00:00,,,,,
XCell Parts,https://xcellparts.com/,MOTOROLA,https://xcellparts.com/product-category/motorola-2,3,click,MOTO EDGE SERIES,https://xcellparts.com/product-category/motorola-2/moto-edge-series-motorola-2,3,dom-inspection,EDGE 30 (XT2203 / 2022),https://xcellparts.com/product-category/motorola-2/moto-edge-series-motorola-2/edge-30-xt2203-2022-moto-edge-series-motorola-2,26,1,26,3,dom-inspection,div#plp-1123046-1123049 > div.xcell-mm__plp-thumbs.xcell-mm__plp-thumbs--flat > a.xcell-mm__plp-thumb,https://xcellparts.com/product-category/motorola-2/moto-edge-series-motorola-2/edge-30-xt2203-2022-moto-edge-series-motorola-2,False,False,2026-09-07T04:40:13+00:00,,,,,
XCell Parts,https://xcellparts.com/,MOTOROLA,https://xcellparts.com/product-category/motorola-2,3,click,MOTO EDGE SERIES,https://xcellparts.com/product-category/motorola-2/moto-edge-series-motorola-2,3,dom-inspection,EDGE PLUS (XT2201-4 / 2022),https://xcellparts.com/product-category/motorola-2/moto-edge-series-motorola-2/edge-plus-xt2201-4-2022-moto-edge-series-motorola-2,27,1,27,3,dom-inspection,div#plp-1123046-1123049 > div.xcell-mm__plp-thumbs.xcell-mm__plp-thumbs--flat > a.xcell-mm__plp-thumb,https://xcellparts.com/product-category/motorola-2/moto-edge-series-motorola-2/edge-plus-xt2201-4-2022-moto-edge-series-motorola-2,False,False,2026-09-07T04:40:13+00:00,,,,,
XCell Parts,https://xcellparts.com/,MOTOROLA,https://xcellparts.com/product-category/motorola-2,3,click,MOTO EDGE SERIES,https://xcellparts.com/product-category/motorola-2/moto-edge-series-motorola-2,3,dom-inspection,EDGE 30 PRO (XT2201-1 / 2022),https://xcellparts.com/product-category/motorola-2/moto-edge-series-motorola-2/edge-30-pro-xt2201-1-2022-moto-edge-series-motorola-2,28,1,28,3,dom-inspection,div#plp-1123046-1123049 > div.xcell-mm__plp-thumbs.xcell-mm__plp-thumbs--flat > a.xcell-mm__plp-thumb,https://xcellparts.com/product-category/motorola-2/moto-edge-series-motorola-2/edge-30-pro-xt2201-1-2022-moto-edge-series-motorola-2,False,False,2026-09-07T04:40:13+00:00,,,,,
XCell Parts,https://xcellparts.com/,MOTOROLA,https://xcellparts.com/product-category/motorola-2,3,click,MOTO EDGE SERIES,https://xcellparts.com/product-category/motorola-2/moto-edge-series-motorola-2,3,dom-inspection,EDGE 30 ULTRA (XT2201 / 2022),https://xcellparts.com/product-category/motorola-2/moto-edge-series-motorola-2/edge-30-ultra-xt2201-2022-moto-edge-series-motorola-2,29,1,29,3,dom-inspection,div#plp-1123046-1123049 > div.xcell-mm__plp-thumbs.xcell-mm__plp-thumbs--flat > a.xcell-mm__plp-thumb,https://xcellparts.com/product-category/motorola-2/moto-edge-series-motorola-2/edge-30-ultra-xt2201-2022-moto-edge-series-motorola-2,False,False,2026-09-07T04:40:13+00:00,,,,,
XCell Parts,https://xcellparts.com/,MOTOROLA,https://xcellparts.com/product-category/motorola-2,3,click,MOTO EDGE SERIES,https://xcellparts.com/product-category/motorola-2/moto-edge-series-motorola-2,3,dom-inspection,EDGE S30 (XT2175 / 2021),https://xcellparts.com/product-category/motorola-2/moto-edge-series-motorola-2/edge-s30-xt2175-2021-moto-edge-series-motorola-2,30,1,30,3,dom-inspection,div#plp-1123046-1123049 > div.xcell-mm__plp-thumbs.xcell-mm__plp-thumbs--flat > a.xcell-mm__plp-thumb,https://xcellparts.com/product-category/motorola-2/moto-edge-series-motorola-2/edge-s30-xt2175-2021-moto-edge-series-motorola-2,False,False,2026-09-07T04:40:13+00:00,,,,,
XCell Parts,https://xcellparts.com/,MOTOROLA,https://xcellparts.com/product-category/motorola-2,3,click,MOTO EDGE SERIES,https://xcellparts.com/product-category/motorola-2/moto-edge-series-motorola-2,3,dom-inspection,EDGE 20 PRO (XT2153-1 / 2021),https://xcellparts.com/product-category/motorola-2/moto-edge-series-motorola-2/edge-20-pro-xt2153-1-2021-moto-edge-series-motorola-2,31,1,31,3,dom-inspection,div#plp-1123046-1123049 > div.xcell-mm__plp-thumbs.xcell-mm__plp-thumbs--flat > a.xcell-mm__plp-thumb,https://xcellparts.com/product-category/motorola-2/moto-edge-series-motorola-2/edge-20-pro-xt2153-1-2021-moto-edge-series-motorola-2,False,False,2026-09-07T04:40:13+00:00,,,,,
XCell Parts,https://xcellparts.com/,MOTOROLA,https://xcellparts.com/product-category/motorola-2,3,click,MOTO EDGE SERIES,https://xcellparts.com/product-category/motorola-2/moto-edge-series-motorola-2,3,dom-inspection,EDGE 20 (XT2143 / 2021),https://xcellparts.com/product-category/motorola-2/moto-edge-series-motorola-2/edge-20-xt2143-2021-moto-edge-series-motorola-2,32,1,32,3,dom-inspection,div#plp-1123046-1123049 > div.xcell-mm__plp-thumbs.xcell-mm__plp-thumbs--flat > a.xcell-mm__plp-thumb,https://xcellparts.com/product-category/motorola-2/moto-edge-series-motorola-2/edge-20-xt2143-2021-moto-edge-series-motorola-2,False,False,2026-09-07T04:40:13+00:00,,,,,
XCell Parts,https://xcellparts.com/,MOTOROLA,https://xcellparts.com/product-category/motorola-2,3,click,MOTO EDGE SERIES,https://xcellparts.com/product-category/motorola-2/moto-edge-series-motorola-2,3,dom-inspection,EDGE 20 FUSION (XT2139-2 / 2021),https://xcellparts.com/product-category/motorola-2/moto-edge-series-motorola-2/edge-20-fusion-xt2139-2-2021-moto-edge-series-motorola-2,33,1,33,3,dom-inspection,div#plp-1123046-1123049 > div.xcell-mm__plp-thumbs.xcell-mm__plp-thumbs--flat > a.xcell-mm__plp-thumb,https://xcellparts.com/product-category/motorola-2/moto-edge-series-motorola-2/edge-20-fusion-xt2139-2-2021-moto-edge-series-motorola-2,False,False,2026-09-07T04:40:13+00:00,,,,,
XCell Parts,https://xcellparts.com/,MOTOROLA,https://xcellparts.com/product-category/motorola-2,3,click,MOTO EDGE SERIES,https://xcellparts.com/product-category/motorola-2/moto-edge-series-motorola-2,3,dom-inspection,EDGE 20 LITE (XT2139-1 / 2021),https://xcellparts.com/product-category/motorola-2/moto-edge-series-motorola-2/edge-20-lite-xt2139-1-2021-moto-edge-series-motorola-2,34,1,34,3,dom-inspection,div#plp-1123046-1123049 > div.xcell-mm__plp-thumbs.xcell-mm__plp-thumbs--flat > a.xcell-mm__plp-thumb,https://xcellparts.com/product-category/motorola-2/moto-edge-series-motorola-2/edge-20-lite-xt2139-1-2021-moto-edge-series-motorola-2,False,False,2026-09-07T04:40:13+00:00,,,,,
XCell Parts,https://xcellparts.com/,MOTOROLA,https://xcellparts.com/product-category/motorola-2,3,click,MOTO EDGE SERIES,https://xcellparts.com/product-category/motorola-2/moto-edge-series-motorola-2,3,dom-inspection,EDGE 5G (XT2141 / 2021),https://xcellparts.com/product-category/motorola-2/moto-edge-series-motorola-2/edge-5g-xt2141-2021-moto-edge-series-motorola-2,35,1,35,3,dom-inspection,div#plp-1123046-1123049 > div.xcell-mm__plp-thumbs.xcell-mm__plp-thumbs--flat > a.xcell-mm__plp-thumb,https://xcellparts.com/product-category/motorola-2/moto-edge-series-motorola-2/edge-5g-xt2141-2021-moto-edge-series-motorola-2,False,False,2026-09-07T04:40:13+00:00,,,,,
XCell Parts,https://xcellparts.com/,MOTOROLA,https://xcellparts.com/product-category/motorola-2,3,click,MOTO EDGE SERIES,https://xcellparts.com/product-category/motorola-2/moto-edge-series-motorola-2,3,dom-inspection,EDGE X30 5G (XT2201-2/6 / 2021),https://xcellparts.com/product-category/motorola-2/moto-edge-series-motorola-2/edge-x30-5g-xt2201-2-6-2021-moto-edge-series-motorola-2,36,1,36,3,dom-inspection,div#plp-1123046-1123049 > div.xcell-mm__plp-thumbs.xcell-mm__plp-thumbs--flat > a.xcell-mm__plp-thumb,https://xcellparts.com/product-category/motorola-2/moto-edge-series-motorola-2/edge-x30-5g-xt2201-2-6-2021-moto-edge-series-motorola-2,False,False,2026-09-07T04:40:13+00:00,,,,,
XCell Parts,https://xcellparts.com/,MOTOROLA,https://xcellparts.com/product-category/motorola-2,3,click,MOTO EDGE SERIES,https://xcellparts.com/product-category/motorola-2/moto-edge-series-motorola-2,3,dom-inspection,EDGE 5G (XT2063 / 2020),https://xcellparts.com/product-category/motorola-2/moto-edge-series-motorola-2/edge-5g-xt2063-2020-moto-edge-series-motorola-2,37,1,37,3,dom-inspection,div#plp-1123046-1123049 > div.xcell-mm__plp-thumbs.xcell-mm__plp-thumbs--flat > a.xcell-mm__plp-thumb,https://xcellparts.com/product-category/motorola-2/moto-edge-series-motorola-2/edge-5g-xt2063-2020-moto-edge-series-motorola-2,False,False,2026-09-07T04:40:13+00:00,,,,,
XCell Parts,https://xcellparts.com/,MOTOROLA,https://xcellparts.com/product-category/motorola-2,3,click,MOTO EDGE SERIES,https://xcellparts.com/product-category/motorola-2/moto-edge-series-motorola-2,3,dom-inspection,EDGE PLUS (XT2061 / 2020),https://xcellparts.com/product-category/motorola-2/moto-edge-series-motorola-2/edge-plus-xt2061-2020-moto-edge-series-motorola-2,38,1,38,3,dom-inspection,div#plp-1123046-1123049 > div.xcell-mm__plp-thumbs.xcell-mm__plp-thumbs--flat > a.xcell-mm__plp-thumb,https://xcellparts.com/product-category/motorola-2/moto-edge-series-motorola-2/edge-plus-xt2061-2020-moto-edge-series-motorola-2,False,False,2026-09-07T04:40:13+00:00,,,,,
XCell Parts,https://xcellparts.com/,MOTOROLA,https://xcellparts.com/product-category/motorola-2,3,click,MOTO RAZR,https://xcellparts.com/product-category/motorola-2/moto-razr-motorola-2,4,dom-inspection,RAZR 5G (XT2553 / 2025),https://xcellparts.com/product-category/motorola-2/moto-razr-motorola-2/razr-5g-xt2553-2025-moto-razr-motorola-2,1,1,1,3,dom-inspection,div#plp-1123046-1123054 > div.xcell-mm__plp-thumbs.xcell-mm__plp-thumbs--flat > a.xcell-mm__plp-thumb,https://xcellparts.com/product-category/motorola-2/moto-razr-motorola-2/razr-5g-xt2553-2025-moto-razr-motorola-2,False,False,2026-09-07T04:40:13+00:00,,,,,
XCell Parts,https://xcellparts.com/,MOTOROLA,https://xcellparts.com/product-category/motorola-2,3,click,MOTO RAZR,https://xcellparts.com/product-category/motorola-2/moto-razr-motorola-2,4,dom-inspection,RAZR PLUS (XT2551 / 2025),https://xcellparts.com/product-category/motorola-2/moto-razr-motorola-2/razr-plus-xt2551-2025-moto-razr-motorola-2,2,1,2,3,dom-inspection,div#plp-1123046-1123054 > div.xcell-mm__plp-thumbs.xcell-mm__plp-thumbs--flat > a.xcell-mm__plp-thumb,https://xcellparts.com/product-category/motorola-2/moto-razr-motorola-2/razr-plus-xt2551-2025-moto-razr-motorola-2,False,False,2026-09-07T04:40:13+00:00,,,,,
XCell Parts,https://xcellparts.com/,MOTOROLA,https://xcellparts.com/product-category/motorola-2,3,click,MOTO RAZR,https://xcellparts.com/product-category/motorola-2/moto-razr-motorola-2,4,dom-inspection,RAZR 5G (XT2453-3 / 2024),https://xcellparts.com/product-category/motorola-2/moto-razr-motorola-2/razr-5g-xt2453-3-2024-moto-razr-motorola-2,3,1,3,3,dom-inspection,div#plp-1123046-1123054 > div.xcell-mm__plp-thumbs.xcell-mm__plp-thumbs--flat > a.xcell-mm__plp-thumb,https://xcellparts.com/product-category/motorola-2/moto-razr-motorola-2/razr-5g-xt2453-3-2024-moto-razr-motorola-2,False,False,2026-09-07T04:40:13+00:00,,,,,
XCell Parts,https://xcellparts.com/,MOTOROLA,https://xcellparts.com/product-category/motorola-2,3,click,MOTO RAZR,https://xcellparts.com/product-category/motorola-2/moto-razr-motorola-2,4,dom-inspection,RAZR PLUS (XT2451 / 2024),https://xcellparts.com/product-category/motorola-2/moto-razr-motorola-2/razr-plus-xt2451-2024-moto-razr-motorola-2,4,1,4,3,dom-inspection,div#plp-1123046-1123054 > div.xcell-mm__plp-thumbs.xcell-mm__plp-thumbs--flat > a.xcell-mm__plp-thumb,https://xcellparts.com/product-category/motorola-2/moto-razr-motorola-2/razr-plus-xt2451-2024-moto-razr-motorola-2,False,False,2026-09-07T04:40:13+00:00,,,,,
XCell Parts,https://xcellparts.com/,MOTOROLA,https://xcellparts.com/product-category/motorola-2,3,click,MOTO RAZR,https://xcellparts.com/product-category/motorola-2/moto-razr-motorola-2,4,dom-inspection,RAZR 5G (XT2323-6 / 2023),https://xcellparts.com/product-category/motorola-2/moto-razr-motorola-2/razr-5g-xt2323-6-2023-moto-razr-motorola-2,5,1,5,3,dom-inspection,div#plp-1123046-1123054 > div.xcell-mm__plp-thumbs.xcell-mm__plp-thumbs--flat > a.xcell-mm__plp-thumb,https://xcellparts.com/product-category/motorola-2/moto-razr-motorola-2/razr-5g-xt2323-6-2023-moto-razr-motorola-2,False,False,2026-09-07T04:40:13+00:00,,,,,
XCell Parts,https://xcellparts.com/,MOTOROLA,https://xcellparts.com/product-category/motorola-2,3,click,MOTO RAZR,https://xcellparts.com/product-category/motorola-2/moto-razr-motorola-2,4,dom-inspection,RAZR PLUS (XT2321-3 / 2023),https://xcellparts.com/product-category/motorola-2/moto-razr-motorola-2/razr-plus-xt2321-3-2023-moto-razr-motorola-2,6,1,6,3,dom-inspection,div#plp-1123046-1123054 > div.xcell-mm__plp-thumbs.xcell-mm__plp-thumbs--flat > a.xcell-mm__plp-thumb,https://xcellparts.com/product-category/motorola-2/moto-razr-motorola-2/razr-plus-xt2321-3-2023-moto-razr-motorola-2,False,False,2026-09-07T04:40:13+00:00,,,,,
XCell Parts,https://xcellparts.com/,MOTOROLA,https://xcellparts.com/product-category/motorola-2,3,click,MOTO RAZR,https://xcellparts.com/product-category/motorola-2/moto-razr-motorola-2,4,dom-inspection,RAZR 5G (XT2251-1 / 2022),https://xcellparts.com/product-category/motorola-2/moto-razr-motorola-2/razr-5g-xt2251-1-2022-moto-razr-motorola-2,7,1,7,3,dom-inspection,div#plp-1123046-1123054 > div.xcell-mm__plp-thumbs.xcell-mm__plp-thumbs--flat > a.xcell-mm__plp-thumb,https://xcellparts.com/product-category/motorola-2/moto-razr-motorola-2/razr-5g-xt2251-1-2022-moto-razr-motorola-2,False,False,2026-09-07T04:40:13+00:00,,,,,
XCell Parts,https://xcellparts.com/,MOTOROLA,https://xcellparts.com/product-category/motorola-2,3,click,MOTO RAZR,https://xcellparts.com/product-category/motorola-2/moto-razr-motorola-2,4,dom-inspection,RAZR 5G (XT2071 / 2020),https://xcellparts.com/product-category/motorola-2/moto-razr-motorola-2/razr-5g-xt2071-2020-moto-razr-motorola-2,8,1,8,3,dom-inspection,div#plp-1123046-1123054 > div.xcell-mm__plp-thumbs.xcell-mm__plp-thumbs--flat > a.xcell-mm__plp-thumb,https://xcellparts.com/product-category/motorola-2/moto-razr-motorola-2/razr-5g-xt2071-2020-moto-razr-motorola-2,False,False,2026-09-07T04:40:13+00:00,,,,,
XCell Parts,https://xcellparts.com/,MOTOROLA,https://xcellparts.com/product-category/motorola-2,3,click,MOTO RAZR,https://xcellparts.com/product-category/motorola-2/moto-razr-motorola-2,4,dom-inspection,RAZR (XT2000 / 2019),https://xcellparts.com/product-category/motorola-2/moto-razr-motorola-2/razr-xt2000-2019-moto-razr-motorola-2,9,1,9,3,dom-inspection,div#plp-1123046-1123054 > div.xcell-mm__plp-thumbs.xcell-mm__plp-thumbs--flat > a.xcell-mm__plp-thumb,https://xcellparts.com/product-category/motorola-2/moto-razr-motorola-2/razr-xt2000-2019-moto-razr-motorola-2,False,False,2026-09-07T04:40:13+00:00,,,,,
XCell Parts,https://xcellparts.com/,MOTOROLA,https://xcellparts.com/product-category/motorola-2,3,click,MOTO RAZR,https://xcellparts.com/product-category/motorola-2/moto-razr-motorola-2,4,dom-inspection,RAZR HD (XT925 / 2012 ),https://xcellparts.com/product-category/motorola-2/moto-razr-motorola-2/razr-hd-xt925-2012-moto-razr-motorola-2,10,1,10,3,dom-inspection,div#plp-1123046-1123054 > div.xcell-mm__plp-thumbs.xcell-mm__plp-thumbs--flat > a.xcell-mm__plp-thumb,https://xcellparts.com/product-category/motorola-2/moto-razr-motorola-2/razr-hd-xt925-2012-moto-razr-motorola-2,False,False,2026-09-07T04:40:13+00:00,,,,,
XCell Parts,https://xcellparts.com/,MOTOROLA,https://xcellparts.com/product-category/motorola-2,3,click,MOTO RAZR,https://xcellparts.com/product-category/motorola-2/moto-razr-motorola-2,4,dom-inspection,RAZR M (XT907 / 2012),https://xcellparts.com/product-category/motorola-2/moto-razr-motorola-2/razr-m-xt907-2012-moto-razr-motorola-2,11,1,11,3,dom-inspection,div#plp-1123046-1123054 > div.xcell-mm__plp-thumbs.xcell-mm__plp-thumbs--flat > a.xcell-mm__plp-thumb,https://xcellparts.com/product-category/motorola-2/moto-razr-motorola-2/razr-m-xt907-2012-moto-razr-motorola-2,False,False,2026-09-07T04:40:13+00:00,,,,,
XCell Parts,https://xcellparts.com/,MOTOROLA,https://xcellparts.com/product-category/motorola-2,3,click,MOTO RAZR,https://xcellparts.com/product-category/motorola-2/moto-razr-motorola-2,4,dom-inspection,RAZR MAXX (XT910 / 2011),https://xcellparts.com/product-category/motorola-2/moto-razr-motorola-2/razr-maxx-xt910-2011-moto-razr-motorola-2,12,1,12,3,dom-inspection,div#plp-1123046-1123054 > div.xcell-mm__plp-thumbs.xcell-mm__plp-thumbs--flat > a.xcell-mm__plp-thumb,https://xcellparts.com/product-category/motorola-2/moto-razr-motorola-2/razr-maxx-xt910-2011-moto-razr-motorola-2,False,False,2026-09-07T04:40:13+00:00,,,,,
XCell Parts,https://xcellparts.com/,MOTOROLA,https://xcellparts.com/product-category/motorola-2,3,click,MOTO ONE SERIES,https://xcellparts.com/product-category/motorola-2/moto-one-series-motorola-2,5,dom-inspection,ONE 5G ACE (XT2113-1/2 / 2021),https://xcellparts.com/product-category/motorola-2/moto-one-series-motorola-2/one-5g-ace-xt2113-1-2-2021-moto-one-series-motorola-2,1,1,1,3,dom-inspection,div#plp-1123046-1123052 > div.xcell-mm__plp-thumbs.xcell-mm__plp-thumbs--flat > a.xcell-mm__plp-thumb,https://xcellparts.com/product-category/motorola-2/moto-one-series-motorola-2/one-5g-ace-xt2113-1-2-2021-moto-one-series-motorola-2,False,False,2026-09-07T04:40:13+00:00,,,,,
XCell Parts,https://xcellparts.com/,MOTOROLA,https://xcellparts.com/product-category/motorola-2,3,click,MOTO ONE SERIES,https://xcellparts.com/product-category/motorola-2/moto-one-series-motorola-2,5,dom-inspection,ONE 5G (XT2075-1 / 2020),https://xcellparts.com/product-category/motorola-2/moto-one-series-motorola-2/one-5g-xt2075-1-2020-moto-one-series-motorola-2,2,1,2,3,dom-inspection,div#plp-1123046-1123052 > div.xcell-mm__plp-thumbs.xcell-mm__plp-thumbs--flat > a.xcell-mm__plp-thumb,https://xcellparts.com/product-category/motorola-2/moto-one-series-motorola-2/one-5g-xt2075-1-2020-moto-one-series-motorola-2,False,False,2026-09-07T04:40:13+00:00,,,,,
XCell Parts,https://xcellparts.com/,MOTOROLA,https://xcellparts.com/product-category/motorola-2,3,click,MOTO ONE SERIES,https://xcellparts.com/product-category/motorola-2/moto-one-series-motorola-2,5,dom-inspection,ONE FUSION (XT2073 / 2020),https://xcellparts.com/product-category/motorola-2/moto-one-series-motorola-2/one-fusion-xt2073-2020-moto-one-series-motorola-2,3,1,3,3,dom-inspection,div#plp-1123046-1123052 > div.xcell-mm__plp-thumbs.xcell-mm__plp-thumbs--flat > a.xcell-mm__plp-thumb,https://xcellparts.com/product-category/motorola-2/moto-one-series-motorola-2/one-fusion-xt2073-2020-moto-one-series-motorola-2,False,False,2026-09-07T04:40:13+00:00,,,,,
XCell Parts,https://xcellparts.com/,MOTOROLA,https://xcellparts.com/product-category/motorola-2,3,click,MOTO ONE SERIES,https://xcellparts.com/product-category/motorola-2/moto-one-series-motorola-2,5,dom-inspection,ONE FUSION PLUS (XT2067 / 2020),https://xcellparts.com/product-category/motorola-2/moto-one-series-motorola-2/one-fusion-plus-xt2067-2020-moto-one-series-motorola-2,4,1,4,3,dom-inspection,div#plp-1123046-1123052 > div.xcell-mm__plp-thumbs.xcell-mm__plp-thumbs--flat > a.xcell-mm__plp-thumb,https://xcellparts.com/product-category/motorola-2/moto-one-series-motorola-2/one-fusion-plus-xt2067-2020-moto-one-series-motorola-2,False,False,2026-09-07T04:40:13+00:00,,,,,
XCell Parts,https://xcellparts.com/,MOTOROLA,https://xcellparts.com/product-category/motorola-2,3,click,MOTO ONE SERIES,https://xcellparts.com/product-category/motorola-2/moto-one-series-motorola-2,5,dom-inspection,ONE ZOOM (XT2010 / 2019),https://xcellparts.com/product-category/motorola-2/moto-one-series-motorola-2/one-zoom-xt2010-2019-moto-one-series-motorola-2,5,1,5,3,dom-inspection,div#plp-1123046-1123052 > div.xcell-mm__plp-thumbs.xcell-mm__plp-thumbs--flat > a.xcell-mm__plp-thumb,https://xcellparts.com/product-category/motorola-2/moto-one-series-motorola-2/one-zoom-xt2010-2019-moto-one-series-motorola-2,False,False,2026-09-07T04:40:13+00:00,,,,,
XCell Parts,https://xcellparts.com/,MOTOROLA,https://xcellparts.com/product-category/motorola-2,3,click,MOTO ONE SERIES,https://xcellparts.com/product-category/motorola-2/moto-one-series-motorola-2,5,dom-inspection,ONE VISION PLUS (XT1970-1 / 2020),https://xcellparts.com/product-category/motorola-2/moto-one-series-motorola-2/one-vision-plus-xt1970-1-2020-moto-one-series-motorola-2,6,1,6,3,dom-inspection,div#plp-1123046-1123052 > div.xcell-mm__plp-thumbs.xcell-mm__plp-thumbs--flat > a.xcell-mm__plp-thumb,https://xcellparts.com/product-category/motorola-2/moto-one-series-motorola-2/one-vision-plus-xt1970-1-2020-moto-one-series-motorola-2,False,False,2026-09-07T04:40:13+00:00,,,,,
XCell Parts,https://xcellparts.com/,MOTOROLA,https://xcellparts.com/product-category/motorola-2,3,click,MOTO ONE SERIES,https://xcellparts.com/product-category/motorola-2/moto-one-series-motorola-2,5,dom-inspection,ONE HYPER (XT2027 / 2019),https://xcellparts.com/product-category/motorola-2/moto-one-series-motorola-2/one-hyper-xt2027-2019-moto-one-series-motorola-2,7,1,7,3,dom-inspection,div#plp-1123046-1123052 > div.xcell-mm__plp-thumbs.xcell-mm__plp-thumbs--flat > a.xcell-mm__plp-thumb,https://xcellparts.com/product-category/motorola-2/moto-one-series-motorola-2/one-hyper-xt2027-2019-moto-one-series-motorola-2,False,False,2026-09-07T04:40:13+00:00,,,,,
XCell Parts,https://xcellparts.com/,MOTOROLA,https://xcellparts.com/product-category/motorola-2,3,click,MOTO ONE SERIES,https://xcellparts.com/product-category/motorola-2/moto-one-series-motorola-2,5,dom-inspection,ONE MACRO (XT2016 / 2019),https://xcellparts.com/product-category/motorola-2/moto-one-series-motorola-2/one-macro-xt2016-2019-moto-one-series-motorola-2,8,1,8,3,dom-inspection,div#plp-1123046-1123052 > div.xcell-mm__plp-thumbs.xcell-mm__plp-thumbs--flat > a.xcell-mm__plp-thumb,https://xcellparts.com/product-category/motorola-2/moto-one-series-motorola-2/one-macro-xt2016-2019-moto-one-series-motorola-2,False,False,2026-09-07T04:40:13+00:00,,,,,
XCell Parts,https://xcellparts.com/,MOTOROLA,https://xcellparts.com/product-category/motorola-2,3,click,MOTO ONE SERIES,https://xcellparts.com/product-category/motorola-2/moto-one-series-motorola-2,5,dom-inspection,ONE ACTION (XT2013 / 2019),https://xcellparts.com/product-category/motorola-2/moto-one-series-motorola-2/one-action-xt2013-2019-moto-one-series-motorola-2,9,1,9,3,dom-inspection,div#plp-1123046-1123052 > div.xcell-mm__plp-thumbs.xcell-mm__plp-thumbs--flat > a.xcell-mm__plp-thumb,https://xcellparts.com/product-category/motorola-2/moto-one-series-motorola-2/one-action-xt2013-2019-moto-one-series-motorola-2,False,False,2026-09-07T04:40:13+00:00,,,,,
XCell Parts,https://xcellparts.com/,MOTOROLA,https://xcellparts.com/product-category/motorola-2,3,click,MOTO ONE SERIES,https://xcellparts.com/product-category/motorola-2/moto-one-series-motorola-2,5,dom-inspection,ONE VISION (XT1970 / 2019),https://xcellparts.com/product-category/motorola-2/moto-one-series-motorola-2/one-vision-xt1970-2019-moto-one-series-motorola-2,10,1,10,3,dom-inspection,div#plp-1123046-1123052 > div.xcell-mm__plp-thumbs.xcell-mm__plp-thumbs--flat > a.xcell-mm__plp-thumb,https://xcellparts.com/product-category/motorola-2/moto-one-series-motorola-2/one-vision-xt1970-2019-moto-one-series-motorola-2,False,False,2026-09-07T04:40:13+00:00,,,,,
XCell Parts,https://xcellparts.com/,MOTOROLA,https://xcellparts.com/product-category/motorola-2,3,click,MOTO ONE SERIES,https://xcellparts.com/product-category/motorola-2/moto-one-series-motorola-2,5,dom-inspection,ONE POWER (XT1942 / 2018),https://xcellparts.com/product-category/motorola-2/moto-one-series-motorola-2/one-power-xt1942-2018-moto-one-series-motorola-2,11,1,11,3,dom-inspection,div#plp-1123046-1123052 > div.xcell-mm__plp-thumbs.xcell-mm__plp-thumbs--flat > a.xcell-mm__plp-thumb,https://xcellparts.com/product-category/motorola-2/moto-one-series-motorola-2/one-power-xt1942-2018-moto-one-series-motorola-2,False,False,2026-09-07T04:40:13+00:00,,,,,
XCell Parts,https://xcellparts.com/,MOTOROLA,https://xcellparts.com/product-category/motorola-2,3,click,MOTO ONE SERIES,https://xcellparts.com/product-category/motorola-2/moto-one-series-motorola-2,5,dom-inspection,ONE (XT1941 / 2018),https://xcellparts.com/product-category/motorola-2/moto-one-series-motorola-2/one-xt1941-2018-moto-one-series-motorola-2,12,1,12,3,dom-inspection,div#plp-1123046-1123052 > div.xcell-mm__plp-thumbs.xcell-mm__plp-thumbs--flat > a.xcell-mm__plp-thumb,https://xcellparts.com/product-category/motorola-2/moto-one-series-motorola-2/one-xt1941-2018-moto-one-series-motorola-2,False,False,2026-09-07T04:40:13+00:00,,,,,
XCell Parts,https://xcellparts.com/,MOTOROLA,https://xcellparts.com/product-category/motorola-2,3,click,MOTO Z SERIES,https://xcellparts.com/product-category/motorola-2/moto-z-series-motorola-2,6,dom-inspection,Z4 (XT1980 / 2019),https://xcellparts.com/product-category/motorola-2/moto-z-series-motorola-2/z4-xt1980-2019-moto-z-series-motorola-2,1,1,1,3,dom-inspection,div#plp-1123046-1123056 > div.xcell-mm__plp-thumbs.xcell-mm__plp-thumbs--flat > a.xcell-mm__plp-thumb,https://xcellparts.com/product-category/motorola-2/moto-z-series-motorola-2/z4-xt1980-2019-moto-z-series-motorola-2,False,False,2026-09-07T04:40:13+00:00,,,,,
XCell Parts,https://xcellparts.com/,MOTOROLA,https://xcellparts.com/product-category/motorola-2,3,click,MOTO Z SERIES,https://xcellparts.com/product-category/motorola-2/moto-z-series-motorola-2,6,dom-inspection,Z3 PLAY (XT1929 / 2018),https://xcellparts.com/product-category/motorola-2/moto-z-series-motorola-2/z3-play-xt1929-2018-moto-z-series-motorola-2,2,1,2,3,dom-inspection,div#plp-1123046-1123056 > div.xcell-mm__plp-thumbs.xcell-mm__plp-thumbs--flat > a.xcell-mm__plp-thumb,https://xcellparts.com/product-category/motorola-2/moto-z-series-motorola-2/z3-play-xt1929-2018-moto-z-series-motorola-2,False,False,2026-09-07T04:40:13+00:00,,,,,
XCell Parts,https://xcellparts.com/,MOTOROLA,https://xcellparts.com/product-category/motorola-2,3,click,MOTO Z SERIES,https://xcellparts.com/product-category/motorola-2/moto-z-series-motorola-2,6,dom-inspection,Z2 FORCE (XT1789 / 2017),https://xcellparts.com/product-category/motorola-2/moto-z-series-motorola-2/z2-force-xt1789-2017-moto-z-series-motorola-2,3,1,3,3,dom-inspection,div#plp-1123046-1123056 > div.xcell-mm__plp-thumbs.xcell-mm__plp-thumbs--flat > a.xcell-mm__plp-thumb,https://xcellparts.com/product-category/motorola-2/moto-z-series-motorola-2/z2-force-xt1789-2017-moto-z-series-motorola-2,False,False,2026-09-07T04:40:13+00:00,,,,,
XCell Parts,https://xcellparts.com/,MOTOROLA,https://xcellparts.com/product-category/motorola-2,3,click,MOTO Z SERIES,https://xcellparts.com/product-category/motorola-2/moto-z-series-motorola-2,6,dom-inspection,Z2 PLAY (XT1710 / 2017),https://xcellparts.com/product-category/motorola-2/moto-z-series-motorola-2/z2-play-xt1710-2017-moto-z-series-motorola-2,4,1,4,3,dom-inspection,div#plp-1123046-1123056 > div.xcell-mm__plp-thumbs.xcell-mm__plp-thumbs--flat > a.xcell-mm__plp-thumb,https://xcellparts.com/product-category/motorola-2/moto-z-series-motorola-2/z2-play-xt1710-2017-moto-z-series-motorola-2,False,False,2026-09-07T04:40:13+00:00,,,,,
XCell Parts,https://xcellparts.com/,MOTOROLA,https://xcellparts.com/product-category/motorola-2,3,click,MOTO Z SERIES,https://xcellparts.com/product-category/motorola-2/moto-z-series-motorola-2,6,dom-inspection,Z DROID (XT1650-01 / 2016),https://xcellparts.com/product-category/motorola-2/moto-z-series-motorola-2/z-droid-xt1650-01-2016-moto-z-series-motorola-2,5,1,5,3,dom-inspection,div#plp-1123046-1123056 > div.xcell-mm__plp-thumbs.xcell-mm__plp-thumbs--flat > a.xcell-mm__plp-thumb,https://xcellparts.com/product-category/motorola-2/moto-z-series-motorola-2/z-droid-xt1650-01-2016-moto-z-series-motorola-2,False,False,2026-09-07T04:40:13+00:00,,,,,
XCell Parts,https://xcellparts.com/,MOTOROLA,https://xcellparts.com/product-category/motorola-2,3,click,MOTO Z SERIES,https://xcellparts.com/product-category/motorola-2/moto-z-series-motorola-2,6,dom-inspection,Z FORCE DROID (XT1650-02 / 2016),https://xcellparts.com/product-category/motorola-2/moto-z-series-motorola-2/z-force-droid-xt1650-02-2016-moto-z-series-motorola-2,6,1,6,3,dom-inspection,div#plp-1123046-1123056 > div.xcell-mm__plp-thumbs.xcell-mm__plp-thumbs--flat > a.xcell-mm__plp-thumb,https://xcellparts.com/product-category/motorola-2/moto-z-series-motorola-2/z-force-droid-xt1650-02-2016-moto-z-series-motorola-2,False,False,2026-09-07T04:40:13+00:00,,,,,
XCell Parts,https://xcellparts.com/,MOTOROLA,https://xcellparts.com/product-category/motorola-2,3,click,MOTO Z SERIES,https://xcellparts.com/product-category/motorola-2/moto-z-series-motorola-2,6,dom-inspection,Z PLAY DROID (XT1635-01 / 2016,https://xcellparts.com/product-category/motorola-2/moto-z-series-motorola-2/z-play-droid-xt1635-01-2016-moto-z-series-motorola-2,7,1,7,3,dom-inspection,div#plp-1123046-1123056 > div.xcell-mm__plp-thumbs.xcell-mm__plp-thumbs--flat > a.xcell-mm__plp-thumb,https://xcellparts.com/product-category/motorola-2/moto-z-series-motorola-2/z-play-droid-xt1635-01-2016-moto-z-series-motorola-2,False,False,2026-09-07T04:40:13+00:00,,,,,
XCell Parts,https://xcellparts.com/,MOTOROLA,https://xcellparts.com/product-category/motorola-2,3,click,MOTO DROID SERIES,https://xcellparts.com/product-category/motorola-2/moto-droid-series-motorola-2,7,dom-inspection,DROID TURBO 2 (XT1580 / 2015 ),https://xcellparts.com/product-category/motorola-2/moto-droid-series-motorola-2/droid-turbo-2-xt1580-2015-moto-droid-series-motorola-2,1,1,1,3,dom-inspection,div#plp-1123046-1123047 > div.xcell-mm__plp-thumbs.xcell-mm__plp-thumbs--flat > a.xcell-mm__plp-thumb,https://xcellparts.com/product-category/motorola-2/moto-droid-series-motorola-2/droid-turbo-2-xt1580-2015-moto-droid-series-motorola-2,False,False,2026-09-07T04:40:13+00:00,,,,,
XCell Parts,https://xcellparts.com/,MOTOROLA,https://xcellparts.com/product-category/motorola-2,3,click,MOTO DROID SERIES,https://xcellparts.com/product-category/motorola-2/moto-droid-series-motorola-2,7,dom-inspection,DROID MAXX 2 (XT1560 / 2015),https://xcellparts.com/product-category/motorola-2/moto-droid-series-motorola-2/droid-maxx-2-xt1560-2015-moto-droid-series-motorola-2,2,1,2,3,dom-inspection,div#plp-1123046-1123047 > div.xcell-mm__plp-thumbs.xcell-mm__plp-thumbs--flat > a.xcell-mm__plp-thumb,https://xcellparts.com/product-category/motorola-2/moto-droid-series-motorola-2/droid-maxx-2-xt1560-2015-moto-droid-series-motorola-2,False,False,2026-09-07T04:40:13+00:00,,,,,
XCell Parts,https://xcellparts.com/,MOTOROLA,https://xcellparts.com/product-category/motorola-2,3,click,MOTO DROID SERIES,https://xcellparts.com/product-category/motorola-2/moto-droid-series-motorola-2,7,dom-inspection,DROID TURBO (XT1254 / 2014),https://xcellparts.com/product-category/motorola-2/moto-droid-series-motorola-2/droid-turbo-xt1254-2014-moto-droid-series-motorola-2,3,1,3,3,dom-inspection,div#plp-1123046-1123047 > div.xcell-mm__plp-thumbs.xcell-mm__plp-thumbs--flat > a.xcell-mm__plp-thumb,https://xcellparts.com/product-category/motorola-2/moto-droid-series-motorola-2/droid-turbo-xt1254-2014-moto-droid-series-motorola-2,False,False,2026-09-07T04:40:13+00:00,,,,,
XCell Parts,https://xcellparts.com/,MOTOROLA,https://xcellparts.com/product-category/motorola-2,3,click,MOTO DROID SERIES,https://xcellparts.com/product-category/motorola-2/moto-droid-series-motorola-2,7,dom-inspection,DROID MAXX (XT1080 / 2013),https://xcellparts.com/product-category/motorola-2/moto-droid-series-motorola-2/droid-maxx-xt1080-2013-moto-droid-series-motorola-2,4,1,4,3,dom-inspection,div#plp-1123046-1123047 > div.xcell-mm__plp-thumbs.xcell-mm__plp-thumbs--flat > a.xcell-mm__plp-thumb,https://xcellparts.com/product-category/motorola-2/moto-droid-series-motorola-2/droid-maxx-xt1080-2013-moto-droid-series-motorola-2,False,False,2026-09-07T04:40:13+00:00,,,,,
XCell Parts,https://xcellparts.com/,MOTOROLA,https://xcellparts.com/product-category/motorola-2,3,click,MOTO DROID SERIES,https://xcellparts.com/product-category/motorola-2/moto-droid-series-motorola-2,7,dom-inspection,DROID MINI (XT1030 / 2013),https://xcellparts.com/product-category/motorola-2/moto-droid-series-motorola-2/droid-mini-xt1030-2013-moto-droid-series-motorola-2,5,1,5,3,dom-inspection,div#plp-1123046-1123047 > div.xcell-mm__plp-thumbs.xcell-mm__plp-thumbs--flat > a.xcell-mm__plp-thumb,https://xcellparts.com/product-category/motorola-2/moto-droid-series-motorola-2/droid-mini-xt1030-2013-moto-droid-series-motorola-2,False,False,2026-09-07T04:40:13+00:00,,,,,
XCell Parts,https://xcellparts.com/,MOTOROLA,https://xcellparts.com/product-category/motorola-2,3,click,MOTO M SERIES,https://xcellparts.com/product-category/motorola-2/moto-m-series-motorola-2,8,dom-inspection,M (XT1662 / 2016),https://xcellparts.com/product-category/motorola-2/moto-m-series-motorola-2/m-xt1662-2016-moto-m-series-motorola-2,1,1,1,3,dom-inspection,div#plp-1123046-1123051 > div.xcell-mm__plp-thumbs.xcell-mm__plp-thumbs--flat > a.xcell-mm__plp-thumb,https://xcellparts.com/product-category/motorola-2/moto-m-series-motorola-2/m-xt1662-2016-moto-m-series-motorola-2,False,False,2026-09-07T04:40:13+00:00,,,,,
XCell Parts,https://xcellparts.com/,MOTOROLA,https://xcellparts.com/product-category/motorola-2,3,click,MOTO OTHERS,https://xcellparts.com/product-category/motorola-2/moto-others-motorola-2,9,dom-inspection,MOTO C (XT1755),https://xcellparts.com/product-category/motorola-2/moto-others-motorola-2/moto-c-xt1755-moto-others-motorola-2,1,1,1,3,dom-inspection,div#plp-1123046-1123053 > div.xcell-mm__plp-thumbs.xcell-mm__plp-thumbs--flat > a.xcell-mm__plp-thumb,https://xcellparts.com/product-category/motorola-2/moto-others-motorola-2/moto-c-xt1755-moto-others-motorola-2,False,False,2026-09-07T04:40:13+00:00,,,,,
XCell Parts,https://xcellparts.com/,MOTOROLA,https://xcellparts.com/product-category/motorola-2,3,click,MOTO OTHERS,https://xcellparts.com/product-category/motorola-2/moto-others-motorola-2,9,dom-inspection,MOTO NEXUS 6 (XT1100),https://xcellparts.com/product-category/motorola-2/moto-others-motorola-2/moto-nexus-6-xt1100-moto-others-motorola-2,2,1,2,3,dom-inspection,div#plp-1123046-1123053 > div.xcell-mm__plp-thumbs.xcell-mm__plp-thumbs--flat > a.xcell-mm__plp-thumb,https://xcellparts.com/product-category/motorola-2/moto-others-motorola-2/moto-nexus-6-xt1100-moto-others-motorola-2,False,False,2026-09-07T04:40:13+00:00,,,,,
XCell Parts,https://xcellparts.com/,MOTOROLA,https://xcellparts.com/product-category/motorola-2,3,click,MOTO OTHERS,https://xcellparts.com/product-category/motorola-2/moto-others-motorola-2,9,dom-inspection,THINKPHONE,https://xcellparts.com/product-category/motorola-2/moto-others-motorola-2/thinkphone-moto-others-motorola-2,3,1,3,3,dom-inspection,div#plp-1123046-1123053 > div.xcell-mm__plp-thumbs.xcell-mm__plp-thumbs--flat > a.xcell-mm__plp-thumb,https://xcellparts.com/product-category/motorola-2/moto-others-motorola-2/thinkphone-moto-others-motorola-2,False,False,2026-09-07T04:40:13+00:00,,,,,
XCell Parts,https://xcellparts.com/,MOTOROLA,https://xcellparts.com/product-category/motorola-2,3,click,MOTO OTHERS,https://xcellparts.com/product-category/motorola-2/moto-others-motorola-2,9,dom-inspection,DEFY (XT2083 / 2021),https://xcellparts.com/product-category/motorola-2/moto-others-motorola-2/defy-xt2083-2021-moto-others-motorola-2,4,1,4,3,dom-inspection,div#plp-1123046-1123053 > div.xcell-mm__plp-thumbs.xcell-mm__plp-thumbs--flat > a.xcell-mm__plp-thumb,https://xcellparts.com/product-category/motorola-2/moto-others-motorola-2/defy-xt2083-2021-moto-others-motorola-2,False,False,2026-09-07T04:40:13+00:00,,,,,
XCell Parts,https://xcellparts.com/,MOTOROLA,https://xcellparts.com/product-category/motorola-2,3,click,MOTO X SERIES,https://xcellparts.com/product-category/motorola-2/moto-x-series-motorola-2,10,dom-inspection,X30 PRO (XT2241 / 2022),https://xcellparts.com/product-category/motorola-2/moto-x-series-motorola-2/x30-pro-xt2241-2022-moto-x-series-motorola-2,1,1,1,3,dom-inspection,div#plp-1123046-1123055 > div.xcell-mm__plp-thumbs.xcell-mm__plp-thumbs--flat > a.xcell-mm__plp-thumb,https://xcellparts.com/product-category/motorola-2/moto-x-series-motorola-2/x30-pro-xt2241-2022-moto-x-series-motorola-2,False,False,2026-09-07T04:40:13+00:00,,,,,
XCell Parts,https://xcellparts.com/,MOTOROLA,https://xcellparts.com/product-category/motorola-2,3,click,MOTO X SERIES,https://xcellparts.com/product-category/motorola-2/moto-x-series-motorola-2,10,dom-inspection,X4 (XT1900 / 2017),https://xcellparts.com/product-category/motorola-2/moto-x-series-motorola-2/x4-xt1900-2017-moto-x-series-motorola-2,2,1,2,3,dom-inspection,div#plp-1123046-1123055 > div.xcell-mm__plp-thumbs.xcell-mm__plp-thumbs--flat > a.xcell-mm__plp-thumb,https://xcellparts.com/product-category/motorola-2/moto-x-series-motorola-2/x4-xt1900-2017-moto-x-series-motorola-2,False,False,2026-09-07T04:40:13+00:00,,,,,
XCell Parts,https://xcellparts.com/,MOTOROLA,https://xcellparts.com/product-category/motorola-2,3,click,MOTO X SERIES,https://xcellparts.com/product-category/motorola-2/moto-x-series-motorola-2,10,dom-inspection,X PURE EDITION (XT1575 / 2015),https://xcellparts.com/product-category/motorola-2/moto-x-series-motorola-2/x-pure-edition-xt1575-2015-moto-x-series-motorola-2,3,1,3,3,dom-inspection,div#plp-1123046-1123055 > div.xcell-mm__plp-thumbs.xcell-mm__plp-thumbs--flat > a.xcell-mm__plp-thumb,https://xcellparts.com/product-category/motorola-2/moto-x-series-motorola-2/x-pure-edition-xt1575-2015-moto-x-series-motorola-2,False,False,2026-09-07T04:40:13+00:00,,,,,
XCell Parts,https://xcellparts.com/,MOTOROLA,https://xcellparts.com/product-category/motorola-2,3,click,MOTO X SERIES,https://xcellparts.com/product-category/motorola-2/moto-x-series-motorola-2,10,dom-inspection,X2 (XT1096 / 2014),https://xcellparts.com/product-category/motorola-2/moto-x-series-motorola-2/x2-xt1096-2014-moto-x-series-motorola-2,4,1,4,3,dom-inspection,div#plp-1123046-1123055 > div.xcell-mm__plp-thumbs.xcell-mm__plp-thumbs--flat > a.xcell-mm__plp-thumb,https://xcellparts.com/product-category/motorola-2/moto-x-series-motorola-2/x2-xt1096-2014-moto-x-series-motorola-2,False,False,2026-09-07T04:40:13+00:00,,,,,
XCell Parts,https://xcellparts.com/,MOTOROLA,https://xcellparts.com/product-category/motorola-2,3,click,MOTO X SERIES,https://xcellparts.com/product-category/motorola-2/moto-x-series-motorola-2,10,dom-inspection,X (XT1058 / 2013),https://xcellparts.com/product-category/motorola-2/moto-x-series-motorola-2/x-xt1058-2013-moto-x-series-motorola-2,5,1,5,3,dom-inspection,div#plp-1123046-1123055 > div.xcell-mm__plp-thumbs.xcell-mm__plp-thumbs--flat > a.xcell-mm__plp-thumb,https://xcellparts.com/product-category/motorola-2/moto-x-series-motorola-2/x-xt1058-2013-moto-x-series-motorola-2,False,False,2026-09-07T04:40:13+00:00,,,,,
XCell Parts,https://xcellparts.com/,GOOGLE,https://xcellparts.com/product-category/google-2,4,click,PIXEL,https://xcellparts.com/product-category/google-2/pixel-google-2,1,dom-inspection,PIXEL 11 PRO FOLD,https://xcellparts.com/product-category/google-2/pixel-google-2/pixel-11-pro-fold,1,1,1,3,dom-inspection,div#plp-1125062-1125063 > div.xcell-mm__plp-thumbs.xcell-mm__plp-thumbs--flat > a.xcell-mm__plp-thumb,https://xcellparts.com/product-category/google-2/pixel-google-2/pixel-11-pro-fold,False,False,2026-09-07T04:40:13+00:00,,,,,
XCell Parts,https://xcellparts.com/,GOOGLE,https://xcellparts.com/product-category/google-2,4,click,PIXEL,https://xcellparts.com/product-category/google-2/pixel-google-2,1,dom-inspection,PIXEL 11 PRO,https://xcellparts.com/product-category/google-2/pixel-google-2/pixel-11-pro,2,1,2,3,dom-inspection,div#plp-1125062-1125063 > div.xcell-mm__plp-thumbs.xcell-mm__plp-thumbs--flat > a.xcell-mm__plp-thumb,https://xcellparts.com/product-category/google-2/pixel-google-2/pixel-11-pro,False,False,2026-09-07T04:40:13+00:00,,,,,
XCell Parts,https://xcellparts.com/,GOOGLE,https://xcellparts.com/product-category/google-2,4,click,PIXEL,https://xcellparts.com/product-category/google-2/pixel-google-2,1,dom-inspection,PIXEL 11 PRO XL,https://xcellparts.com/product-category/google-2/pixel-google-2/pixel-11-pro-xl,3,1,3,3,dom-inspection,div#plp-1125062-1125063 > div.xcell-mm__plp-thumbs.xcell-mm__plp-thumbs--flat > a.xcell-mm__plp-thumb,https://xcellparts.com/product-category/google-2/pixel-google-2/pixel-11-pro-xl,False,False,2026-09-07T04:40:13+00:00,,,,,
XCell Parts,https://xcellparts.com/,GOOGLE,https://xcellparts.com/product-category/google-2,4,click,PIXEL,https://xcellparts.com/product-category/google-2/pixel-google-2,1,dom-inspection,PIXEL 11,https://xcellparts.com/product-category/google-2/pixel-google-2/pixel-11,4,1,4,3,dom-inspection,div#plp-1125062-1125063 > div.xcell-mm__plp-thumbs.xcell-mm__plp-thumbs--flat > a.xcell-mm__plp-thumb,https://xcellparts.com/product-category/google-2/pixel-google-2/pixel-11,False,False,2026-09-07T04:40:13+00:00,,,,,
XCell Parts,https://xcellparts.com/,GOOGLE,https://xcellparts.com/product-category/google-2,4,click,PIXEL,https://xcellparts.com/product-category/google-2/pixel-google-2,1,dom-inspection,PIXEL 10A,https://xcellparts.com/product-category/google-2/pixel-google-2/pixel-10a-pixel-google-2,5,1,5,3,dom-inspection,div#plp-1125062-1125063 > div.xcell-mm__plp-thumbs.xcell-mm__plp-thumbs--flat > a.xcell-mm__plp-thumb,https://xcellparts.com/product-category/google-2/pixel-google-2/pixel-10a-pixel-google-2,False,False,2026-09-07T04:40:13+00:00,,,,,
XCell Parts,https://xcellparts.com/,GOOGLE,https://xcellparts.com/product-category/google-2,4,click,PIXEL,https://xcellparts.com/product-category/google-2/pixel-google-2,1,dom-inspection,PIXEL 10 PRO FOLD,https://xcellparts.com/product-category/google-2/pixel-google-2/pixel-10-pro-fold-pixel-google-2,6,1,6,3,dom-inspection,div#plp-1125062-1125063 > div.xcell-mm__plp-thumbs.xcell-mm__plp-thumbs--flat > a.xcell-mm__plp-thumb,https://xcellparts.com/product-category/google-2/pixel-google-2/pixel-10-pro-fold-pixel-google-2,False,False,2026-09-07T04:40:13+00:00,,,,,
XCell Parts,https://xcellparts.com/,GOOGLE,https://xcellparts.com/product-category/google-2,4,click,PIXEL,https://xcellparts.com/product-category/google-2/pixel-google-2,1,dom-inspection,PIXEL 10 PRO XL,https://xcellparts.com/product-category/google-2/pixel-google-2/pixel-10-pro-xl-pixel-google-2,7,1,7,3,dom-inspection,div#plp-1125062-1125063 > div.xcell-mm__plp-thumbs.xcell-mm__plp-thumbs--flat > a.xcell-mm__plp-thumb,https://xcellparts.com/product-category/google-2/pixel-google-2/pixel-10-pro-xl-pixel-google-2,False,False,2026-09-07T04:40:13+00:00,,,,,
XCell Parts,https://xcellparts.com/,GOOGLE,https://xcellparts.com/product-category/google-2,4,click,PIXEL,https://xcellparts.com/product-category/google-2/pixel-google-2,1,dom-inspection,PIXEL 10 PRO,https://xcellparts.com/product-category/google-2/pixel-google-2/pixel-10-pro-pixel-google-2,8,1,8,3,dom-inspection,div#plp-1125062-1125063 > div.xcell-mm__plp-thumbs.xcell-mm__plp-thumbs--flat > a.xcell-mm__plp-thumb,https://xcellparts.com/product-category/google-2/pixel-google-2/pixel-10-pro-pixel-google-2,False,False,2026-09-07T04:40:13+00:00,,,,,
XCell Parts,https://xcellparts.com/,GOOGLE,https://xcellparts.com/product-category/google-2,4,click,PIXEL,https://xcellparts.com/product-category/google-2/pixel-google-2,1,dom-inspection,PIXEL 10,https://xcellparts.com/product-category/google-2/pixel-google-2/pixel-10-pixel-google-2,9,1,9,3,dom-inspection,div#plp-1125062-1125063 > div.xcell-mm__plp-thumbs.xcell-mm__plp-thumbs--flat > a.xcell-mm__plp-thumb,https://xcellparts.com/product-category/google-2/pixel-google-2/pixel-10-pixel-google-2,False,False,2026-09-07T04:40:13+00:00,,,,,
XCell Parts,https://xcellparts.com/,GOOGLE,https://xcellparts.com/product-category/google-2,4,click,PIXEL,https://xcellparts.com/product-category/google-2/pixel-google-2,1,dom-inspection,PIXEL 9A,https://xcellparts.com/product-category/google-2/pixel-google-2/pixel-9a-pixel-google-2,10,1,10,3,dom-inspection,div#plp-1125062-1125063 > div.xcell-mm__plp-thumbs.xcell-mm__plp-thumbs--flat > a.xcell-mm__plp-thumb,https://xcellparts.com/product-category/google-2/pixel-google-2/pixel-9a-pixel-google-2,False,False,2026-09-07T04:40:13+00:00,,,,,
XCell Parts,https://xcellparts.com/,GOOGLE,https://xcellparts.com/product-category/google-2,4,click,PIXEL,https://xcellparts.com/product-category/google-2/pixel-google-2,1,dom-inspection,PIXEL 9 PRO FOLD,https://xcellparts.com/product-category/google-2/pixel-google-2/pixel-9-pro-fold-pixel-google-2,11,1,11,3,dom-inspection,div#plp-1125062-1125063 > div.xcell-mm__plp-thumbs.xcell-mm__plp-thumbs--flat > a.xcell-mm__plp-thumb,https://xcellparts.com/product-category/google-2/pixel-google-2/pixel-9-pro-fold-pixel-google-2,False,False,2026-09-07T04:40:13+00:00,,,,,
XCell Parts,https://xcellparts.com/,GOOGLE,https://xcellparts.com/product-category/google-2,4,click,PIXEL,https://xcellparts.com/product-category/google-2/pixel-google-2,1,dom-inspection,PIXEL 9 PRO XL,https://xcellparts.com/product-category/google-2/pixel-google-2/pixel-9-pro-xl-pixel-google-2,12,1,12,3,dom-inspection,div#plp-1125062-1125063 > div.xcell-mm__plp-thumbs.xcell-mm__plp-thumbs--flat > a.xcell-mm__plp-thumb,https://xcellparts.com/product-category/google-2/pixel-google-2/pixel-9-pro-xl-pixel-google-2,False,False,2026-09-07T04:40:13+00:00,,,,,
XCell Parts,https://xcellparts.com/,GOOGLE,https://xcellparts.com/product-category/google-2,4,click,PIXEL,https://xcellparts.com/product-category/google-2/pixel-google-2,1,dom-inspection,PIXEL 9 PRO,https://xcellparts.com/product-category/google-2/pixel-google-2/pixel-9-pro-pixel-google-2,13,1,13,3,dom-inspection,div#plp-1125062-1125063 > div.xcell-mm__plp-thumbs.xcell-mm__plp-thumbs--flat > a.xcell-mm__plp-thumb,https://xcellparts.com/product-category/google-2/pixel-google-2/pixel-9-pro-pixel-google-2,False,False,2026-09-07T04:40:13+00:00,,,,,
XCell Parts,https://xcellparts.com/,GOOGLE,https://xcellparts.com/product-category/google-2,4,click,PIXEL,https://xcellparts.com/product-category/google-2/pixel-google-2,1,dom-inspection,PIXEL 9,https://xcellparts.com/product-category/google-2/pixel-google-2/pixel-9-pixel-google-2,14,1,14,3,dom-inspection,div#plp-1125062-1125063 > div.xcell-mm__plp-thumbs.xcell-mm__plp-thumbs--flat > a.xcell-mm__plp-thumb,https://xcellparts.com/product-category/google-2/pixel-google-2/pixel-9-pixel-google-2,False,False,2026-09-07T04:40:13+00:00,,,,,
XCell Parts,https://xcellparts.com/,GOOGLE,https://xcellparts.com/product-category/google-2,4,click,PIXEL,https://xcellparts.com/product-category/google-2/pixel-google-2,1,dom-inspection,PIXEL FOLD,https://xcellparts.com/product-category/google-2/pixel-google-2/pixel-fold-pixel-google-2,15,1,15,3,dom-inspection,div#plp-1125062-1125063 > div.xcell-mm__plp-thumbs.xcell-mm__plp-thumbs--flat > a.xcell-mm__plp-thumb,https://xcellparts.com/product-category/google-2/pixel-google-2/pixel-fold-pixel-google-2,False,False,2026-09-07T04:40:13+00:00,,,,,
XCell Parts,https://xcellparts.com/,GOOGLE,https://xcellparts.com/product-category/google-2,4,click,PIXEL,https://xcellparts.com/product-category/google-2/pixel-google-2,1,dom-inspection,PIXEL 8A,https://xcellparts.com/product-category/google-2/pixel-google-2/pixel-8a-pixel-google-2,16,1,16,3,dom-inspection,div#plp-1125062-1125063 > div.xcell-mm__plp-thumbs.xcell-mm__plp-thumbs--flat > a.xcell-mm__plp-thumb,https://xcellparts.com/product-category/google-2/pixel-google-2/pixel-8a-pixel-google-2,False,False,2026-09-07T04:40:13+00:00,,,,,
XCell Parts,https://xcellparts.com/,GOOGLE,https://xcellparts.com/product-category/google-2,4,click,PIXEL,https://xcellparts.com/product-category/google-2/pixel-google-2,1,dom-inspection,PIXEL 8 PRO,https://xcellparts.com/product-category/google-2/pixel-google-2/pixel-8-pro-pixel-google-2,17,1,17,3,dom-inspection,div#plp-1125062-1125063 > div.xcell-mm__plp-thumbs.xcell-mm__plp-thumbs--flat > a.xcell-mm__plp-thumb,https://xcellparts.com/product-category/google-2/pixel-google-2/pixel-8-pro-pixel-google-2,False,False,2026-09-07T04:40:13+00:00,,,,,
XCell Parts,https://xcellparts.com/,GOOGLE,https://xcellparts.com/product-category/google-2,4,click,PIXEL,https://xcellparts.com/product-category/google-2/pixel-google-2,1,dom-inspection,PIXEL 8,https://xcellparts.com/product-category/google-2/pixel-google-2/pixel-8-pixel-google-2,18,1,18,3,dom-inspection,div#plp-1125062-1125063 > div.xcell-mm__plp-thumbs.xcell-mm__plp-thumbs--flat > a.xcell-mm__plp-thumb,https://xcellparts.com/product-category/google-2/pixel-google-2/pixel-8-pixel-google-2,False,False,2026-09-07T04:40:13+00:00,,,,,
XCell Parts,https://xcellparts.com/,GOOGLE,https://xcellparts.com/product-category/google-2,4,click,PIXEL,https://xcellparts.com/product-category/google-2/pixel-google-2,1,dom-inspection,PIXEL 7A,https://xcellparts.com/product-category/google-2/pixel-google-2/pixel-7a-pixel-google-2,19,1,19,3,dom-inspection,div#plp-1125062-1125063 > div.xcell-mm__plp-thumbs.xcell-mm__plp-thumbs--flat > a.xcell-mm__plp-thumb,https://xcellparts.com/product-category/google-2/pixel-google-2/pixel-7a-pixel-google-2,False,False,2026-09-07T04:40:13+00:00,,,,,
XCell Parts,https://xcellparts.com/,GOOGLE,https://xcellparts.com/product-category/google-2,4,click,PIXEL,https://xcellparts.com/product-category/google-2/pixel-google-2,1,dom-inspection,PIXEL 7 PRO,https://xcellparts.com/product-category/google-2/pixel-google-2/pixel-7-pro-pixel-google-2,20,1,20,3,dom-inspection,div#plp-1125062-1125063 > div.xcell-mm__plp-thumbs.xcell-mm__plp-thumbs--flat > a.xcell-mm__plp-thumb,https://xcellparts.com/product-category/google-2/pixel-google-2/pixel-7-pro-pixel-google-2,False,False,2026-09-07T04:40:13+00:00,,,,,
XCell Parts,https://xcellparts.com/,GOOGLE,https://xcellparts.com/product-category/google-2,4,click,PIXEL,https://xcellparts.com/product-category/google-2/pixel-google-2,1,dom-inspection,PIXEL 7,https://xcellparts.com/product-category/google-2/pixel-google-2/pixel-7-pixel-google-2,21,1,21,3,dom-inspection,div#plp-1125062-1125063 > div.xcell-mm__plp-thumbs.xcell-mm__plp-thumbs--flat > a.xcell-mm__plp-thumb,https://xcellparts.com/product-category/google-2/pixel-google-2/pixel-7-pixel-google-2,False,False,2026-09-07T04:40:13+00:00,,,,,
XCell Parts,https://xcellparts.com/,GOOGLE,https://xcellparts.com/product-category/google-2,4,click,PIXEL,https://xcellparts.com/product-category/google-2/pixel-google-2,1,dom-inspection,PIXEL 6A,https://xcellparts.com/product-category/google-2/pixel-google-2/pixel-6a-pixel-google-2,22,1,22,3,dom-inspection,div#plp-1125062-1125063 > div.xcell-mm__plp-thumbs.xcell-mm__plp-thumbs--flat > a.xcell-mm__plp-thumb,https://xcellparts.com/product-category/google-2/pixel-google-2/pixel-6a-pixel-google-2,False,False,2026-09-07T04:40:13+00:00,,,,,
XCell Parts,https://xcellparts.com/,GOOGLE,https://xcellparts.com/product-category/google-2,4,click,PIXEL,https://xcellparts.com/product-category/google-2/pixel-google-2,1,dom-inspection,PIXEL 6 PRO,https://xcellparts.com/product-category/google-2/pixel-google-2/pixel-6-pro-pixel-google-2,23,1,23,3,dom-inspection,div#plp-1125062-1125063 > div.xcell-mm__plp-thumbs.xcell-mm__plp-thumbs--flat > a.xcell-mm__plp-thumb,https://xcellparts.com/product-category/google-2/pixel-google-2/pixel-6-pro-pixel-google-2,False,False,2026-09-07T04:40:13+00:00,,,,,
XCell Parts,https://xcellparts.com/,GOOGLE,https://xcellparts.com/product-category/google-2,4,click,PIXEL,https://xcellparts.com/product-category/google-2/pixel-google-2,1,dom-inspection,PIXEL 6,https://xcellparts.com/product-category/google-2/pixel-google-2/pixel-6-pixel-google-2,24,1,24,3,dom-inspection,div#plp-1125062-1125063 > div.xcell-mm__plp-thumbs.xcell-mm__plp-thumbs--flat > a.xcell-mm__plp-thumb,https://xcellparts.com/product-category/google-2/pixel-google-2/pixel-6-pixel-google-2,False,False,2026-09-07T04:40:13+00:00,,,,,
XCell Parts,https://xcellparts.com/,GOOGLE,https://xcellparts.com/product-category/google-2,4,click,PIXEL,https://xcellparts.com/product-category/google-2/pixel-google-2,1,dom-inspection,PIXEL 5A 5G,https://xcellparts.com/product-category/google-2/pixel-google-2/pixel-5a-5g-pixel-google-2,25,1,25,3,dom-inspection,div#plp-1125062-1125063 > div.xcell-mm__plp-thumbs.xcell-mm__plp-thumbs--flat > a.xcell-mm__plp-thumb,https://xcellparts.com/product-category/google-2/pixel-google-2/pixel-5a-5g-pixel-google-2,False,False,2026-09-07T04:40:13+00:00,,,,,
XCell Parts,https://xcellparts.com/,GOOGLE,https://xcellparts.com/product-category/google-2,4,click,PIXEL,https://xcellparts.com/product-category/google-2/pixel-google-2,1,dom-inspection,PIXEL 5 5G,https://xcellparts.com/product-category/google-2/pixel-google-2/pixel-5-5g-pixel-google-2,26,1,26,3,dom-inspection,div#plp-1125062-1125063 > div.xcell-mm__plp-thumbs.xcell-mm__plp-thumbs--flat > a.xcell-mm__plp-thumb,https://xcellparts.com/product-category/google-2/pixel-google-2/pixel-5-5g-pixel-google-2,False,False,2026-09-07T04:40:13+00:00,,,,,
XCell Parts,https://xcellparts.com/,GOOGLE,https://xcellparts.com/product-category/google-2,4,click,PIXEL,https://xcellparts.com/product-category/google-2/pixel-google-2,1,dom-inspection,PIXEL 4A 5G,https://xcellparts.com/product-category/google-2/pixel-google-2/pixel-4a-5g-pixel-google-2,27,1,27,3,dom-inspection,div#plp-1125062-1125063 > div.xcell-mm__plp-thumbs.xcell-mm__plp-thumbs--flat > a.xcell-mm__plp-thumb,https://xcellparts.com/product-category/google-2/pixel-google-2/pixel-4a-5g-pixel-google-2,False,False,2026-09-07T04:40:13+00:00,,,,,
XCell Parts,https://xcellparts.com/,GOOGLE,https://xcellparts.com/product-category/google-2,4,click,PIXEL,https://xcellparts.com/product-category/google-2/pixel-google-2,1,dom-inspection,PIXEL 4A,https://xcellparts.com/product-category/google-2/pixel-google-2/pixel-4a-pixel-google-2,28,1,28,3,dom-inspection,div#plp-1125062-1125063 > div.xcell-mm__plp-thumbs.xcell-mm__plp-thumbs--flat > a.xcell-mm__plp-thumb,https://xcellparts.com/product-category/google-2/pixel-google-2/pixel-4a-pixel-google-2,False,False,2026-09-07T04:40:13+00:00,,,,,
XCell Parts,https://xcellparts.com/,GOOGLE,https://xcellparts.com/product-category/google-2,4,click,PIXEL,https://xcellparts.com/product-category/google-2/pixel-google-2,1,dom-inspection,PIXEL 4 XL,https://xcellparts.com/product-category/google-2/pixel-google-2/pixel-4-xl-pixel-google-2,29,1,29,3,dom-inspection,div#plp-1125062-1125063 > div.xcell-mm__plp-thumbs.xcell-mm__plp-thumbs--flat > a.xcell-mm__plp-thumb,https://xcellparts.com/product-category/google-2/pixel-google-2/pixel-4-xl-pixel-google-2,False,False,2026-09-07T04:40:13+00:00,,,,,
XCell Parts,https://xcellparts.com/,GOOGLE,https://xcellparts.com/product-category/google-2,4,click,PIXEL,https://xcellparts.com/product-category/google-2/pixel-google-2,1,dom-inspection,PIXEL 4,https://xcellparts.com/product-category/google-2/pixel-google-2/pixel-4-pixel-google-2,30,1,30,3,dom-inspection,div#plp-1125062-1125063 > div.xcell-mm__plp-thumbs.xcell-mm__plp-thumbs--flat > a.xcell-mm__plp-thumb,https://xcellparts.com/product-category/google-2/pixel-google-2/pixel-4-pixel-google-2,False,False,2026-09-07T04:40:13+00:00,,,,,
XCell Parts,https://xcellparts.com/,GOOGLE,https://xcellparts.com/product-category/google-2,4,click,PIXEL,https://xcellparts.com/product-category/google-2/pixel-google-2,1,dom-inspection,PIXEL 3A XL,https://xcellparts.com/product-category/google-2/pixel-google-2/pixel-3a-xl-pixel-google-2,31,1,31,3,dom-inspection,div#plp-1125062-1125063 > div.xcell-mm__plp-thumbs.xcell-mm__plp-thumbs--flat > a.xcell-mm__plp-thumb,https://xcellparts.com/product-category/google-2/pixel-google-2/pixel-3a-xl-pixel-google-2,False,False,2026-09-07T04:40:13+00:00,,,,,
XCell Parts,https://xcellparts.com/,GOOGLE,https://xcellparts.com/product-category/google-2,4,click,PIXEL,https://xcellparts.com/product-category/google-2/pixel-google-2,1,dom-inspection,PIXEL 3A,https://xcellparts.com/product-category/google-2/pixel-google-2/pixel-3a-pixel-google-2,32,1,32,3,dom-inspection,div#plp-1125062-1125063 > div.xcell-mm__plp-thumbs.xcell-mm__plp-thumbs--flat > a.xcell-mm__plp-thumb,https://xcellparts.com/product-category/google-2/pixel-google-2/pixel-3a-pixel-google-2,False,False,2026-09-07T04:40:13+00:00,,,,,
XCell Parts,https://xcellparts.com/,GOOGLE,https://xcellparts.com/product-category/google-2,4,click,PIXEL,https://xcellparts.com/product-category/google-2/pixel-google-2,1,dom-inspection,PIXEL 3 XL,https://xcellparts.com/product-category/google-2/pixel-google-2/pixel-3-xl-pixel-google-2,33,1,33,3,dom-inspection,div#plp-1125062-1125063 > div.xcell-mm__plp-thumbs.xcell-mm__plp-thumbs--flat > a.xcell-mm__plp-thumb,https://xcellparts.com/product-category/google-2/pixel-google-2/pixel-3-xl-pixel-google-2,False,False,2026-09-07T04:40:13+00:00,,,,,
XCell Parts,https://xcellparts.com/,GOOGLE,https://xcellparts.com/product-category/google-2,4,click,PIXEL,https://xcellparts.com/product-category/google-2/pixel-google-2,1,dom-inspection,PIXEL 3,https://xcellparts.com/product-category/google-2/pixel-google-2/pixel-3-pixel-google-2,34,1,34,3,dom-inspection,div#plp-1125062-1125063 > div.xcell-mm__plp-thumbs.xcell-mm__plp-thumbs--flat > a.xcell-mm__plp-thumb,https://xcellparts.com/product-category/google-2/pixel-google-2/pixel-3-pixel-google-2,False,False,2026-09-07T04:40:13+00:00,,,,,
XCell Parts,https://xcellparts.com/,GOOGLE,https://xcellparts.com/product-category/google-2,4,click,PIXEL,https://xcellparts.com/product-category/google-2/pixel-google-2,1,dom-inspection,PIXEL 2 XL,https://xcellparts.com/product-category/google-2/pixel-google-2/pixel-2-xl-pixel-google-2,35,1,35,3,dom-inspection,div#plp-1125062-1125063 > div.xcell-mm__plp-thumbs.xcell-mm__plp-thumbs--flat > a.xcell-mm__plp-thumb,https://xcellparts.com/product-category/google-2/pixel-google-2/pixel-2-xl-pixel-google-2,False,False,2026-09-07T04:40:13+00:00,,,,,
XCell Parts,https://xcellparts.com/,GOOGLE,https://xcellparts.com/product-category/google-2,4,click,PIXEL,https://xcellparts.com/product-category/google-2/pixel-google-2,1,dom-inspection,PIXEL 2,https://xcellparts.com/product-category/google-2/pixel-google-2/pixel-2-pixel-google-2,36,1,36,3,dom-inspection,div#plp-1125062-1125063 > div.xcell-mm__plp-thumbs.xcell-mm__plp-thumbs--flat > a.xcell-mm__plp-thumb,https://xcellparts.com/product-category/google-2/pixel-google-2/pixel-2-pixel-google-2,False,False,2026-09-07T04:40:13+00:00,,,,,
XCell Parts,https://xcellparts.com/,GOOGLE,https://xcellparts.com/product-category/google-2,4,click,PIXEL,https://xcellparts.com/product-category/google-2/pixel-google-2,1,dom-inspection,PIXEL 1 XL,https://xcellparts.com/product-category/google-2/pixel-google-2/pixel-1-xl-pixel-google-2,37,1,37,3,dom-inspection,div#plp-1125062-1125063 > div.xcell-mm__plp-thumbs.xcell-mm__plp-thumbs--flat > a.xcell-mm__plp-thumb,https://xcellparts.com/product-category/google-2/pixel-google-2/pixel-1-xl-pixel-google-2,False,False,2026-09-07T04:40:13+00:00,,,,,
XCell Parts,https://xcellparts.com/,GOOGLE,https://xcellparts.com/product-category/google-2,4,click,PIXEL,https://xcellparts.com/product-category/google-2/pixel-google-2,1,dom-inspection,PIXEL 1,https://xcellparts.com/product-category/google-2/pixel-google-2/pixel-1-pixel-google-2,38,1,38,3,dom-inspection,div#plp-1125062-1125063 > div.xcell-mm__plp-thumbs.xcell-mm__plp-thumbs--flat > a.xcell-mm__plp-thumb,https://xcellparts.com/product-category/google-2/pixel-google-2/pixel-1-pixel-google-2,False,False,2026-09-07T04:40:13+00:00,,,,,
XCell Parts,https://xcellparts.com/,GOOGLE,https://xcellparts.com/product-category/google-2,4,click,PIXEL BOOK,https://xcellparts.com/product-category/google-2/pixel-book-google-2,2,dom-inspection,PIXELBOOK,https://xcellparts.com/product-category/google-2/pixel-book-google-2/pixelbook-pixel-book-google-2,1,1,1,3,dom-inspection,div#plp-1125062-1125064 > div.xcell-mm__plp-thumbs.xcell-mm__plp-thumbs--flat > a.xcell-mm__plp-thumb,https://xcellparts.com/product-category/google-2/pixel-book-google-2/pixelbook-pixel-book-google-2,False,False,2026-09-07T04:40:13+00:00,,,,,
XCell Parts,https://xcellparts.com/,GOOGLE,https://xcellparts.com/product-category/google-2,4,click,PIXEL BOOK,https://xcellparts.com/product-category/google-2/pixel-book-google-2,2,dom-inspection,PIXELBOOK GO,https://xcellparts.com/product-category/google-2/pixel-book-google-2/pixelbook-go-pixel-book-google-2,2,1,2,3,dom-inspection,div#plp-1125062-1125064 > div.xcell-mm__plp-thumbs.xcell-mm__plp-thumbs--flat > a.xcell-mm__plp-thumb,https://xcellparts.com/product-category/google-2/pixel-book-google-2/pixelbook-go-pixel-book-google-2,False,False,2026-09-07T04:40:13+00:00,,,,,
XCell Parts,https://xcellparts.com/,GOOGLE,https://xcellparts.com/product-category/google-2,4,click,PIXEL TABLET,https://xcellparts.com/product-category/google-2/pixel-tablet-google-2,3,dom-inspection,PIXEL TABLET (GTU8P / 2023),https://xcellparts.com/product-category/google-2/pixel-tablet-google-2/pixel-tablet-gtu8p-2023-pixel-tablet-google-2,1,1,1,3,dom-inspection,div#plp-1125062-1125065 > div.xcell-mm__plp-thumbs.xcell-mm__plp-thumbs--flat > a.xcell-mm__plp-thumb,https://xcellparts.com/product-category/google-2/pixel-tablet-google-2/pixel-tablet-gtu8p-2023-pixel-tablet-google-2,False,False,2026-09-07T04:40:13+00:00,,,,,
XCell Parts,https://xcellparts.com/,GOOGLE,https://xcellparts.com/product-category/google-2,4,click,WATCH SERIES,https://xcellparts.com/product-category/google-2/watch-series,4,dom-inspection,SERIES 1 (41MM),https://xcellparts.com/product-category/google-2/watch-series/series-1-41mm-watch-series,1,1,1,3,dom-inspection,div#plp-1125062-1125066 > div.xcell-mm__plp-thumbs.xcell-mm__plp-thumbs--flat > a.xcell-mm__plp-thumb,https://xcellparts.com/product-category/google-2/watch-series/series-1-41mm-watch-series,False,False,2026-09-07T04:40:13+00:00,,,,,
XCell Parts,https://xcellparts.com/,TABLET,https://xcellparts.com/product-category/tablet,5,click,TAB SERIES,https://xcellparts.com/product-category/tablet/tab-series,1,dom-inspection,"TAB 4 10.1"" (T530 / 2014)",https://xcellparts.com/product-category/tablet/tab-series/tab-4-10-1-t530-2014,1,1,1,3,dom-inspection,div#plp-287-16056 > div.xcell-mm__plp-thumbs.xcell-mm__plp-thumbs--flat > a.xcell-mm__plp-thumb,https://xcellparts.com/product-category/tablet/tab-series/tab-4-10-1-t530-2014,False,False,2026-09-07T04:40:13+00:00,,,,,
XCell Parts,https://xcellparts.com/,TABLET,https://xcellparts.com/product-category/tablet,5,click,TAB SERIES,https://xcellparts.com/product-category/tablet/tab-series,1,dom-inspection,"TAB 4 8.0""(T310 / 2014)",https://xcellparts.com/product-category/tablet/tab-series/tab-4-8-0t310-2014,2,1,2,3,dom-inspection,div#plp-287-16056 > div.xcell-mm__plp-thumbs.xcell-mm__plp-thumbs--flat > a.xcell-mm__plp-thumb,https://xcellparts.com/product-category/tablet/tab-series/tab-4-8-0t310-2014,False,False,2026-09-07T04:40:13+00:00,,,,,
XCell Parts,https://xcellparts.com/,TABLET,https://xcellparts.com/product-category/tablet,5,click,TAB SERIES,https://xcellparts.com/product-category/tablet/tab-series,1,dom-inspection,"TAB 4 8.0"" (T330 / 2014)",https://xcellparts.com/product-category/tablet/tab-series/tab-4-8-0-t330-2014,3,1,3,3,dom-inspection,div#plp-287-16056 > div.xcell-mm__plp-thumbs.xcell-mm__plp-thumbs--flat > a.xcell-mm__plp-thumb,https://xcellparts.com/product-category/tablet/tab-series/tab-4-8-0-t330-2014,False,False,2026-09-07T04:40:13+00:00,,,,,
XCell Parts,https://xcellparts.com/,TABLET,https://xcellparts.com/product-category/tablet,5,click,TAB SERIES,https://xcellparts.com/product-category/tablet/tab-series,1,dom-inspection,"TAB 4 7.0""(T230 / 2014)",https://xcellparts.com/product-category/tablet/tab-series/tab-4-7-0t230-2014,4,1,4,3,dom-inspection,div#plp-287-16056 > div.xcell-mm__plp-thumbs.xcell-mm__plp-thumbs--flat > a.xcell-mm__plp-thumb,https://xcellparts.com/product-category/tablet/tab-series/tab-4-7-0t230-2014,False,False,2026-09-07T04:40:13+00:00,,,,,
XCell Parts,https://xcellparts.com/,TABLET,https://xcellparts.com/product-category/tablet,5,click,TAB SERIES,https://xcellparts.com/product-category/tablet/tab-series,1,dom-inspection,"TAB 3 LITE""(T110 / 2014)",https://xcellparts.com/product-category/tablet/tab-series/tab-3-litet110-2014,5,1,5,3,dom-inspection,div#plp-287-16056 > div.xcell-mm__plp-thumbs.xcell-mm__plp-thumbs--flat > a.xcell-mm__plp-thumb,https://xcellparts.com/product-category/tablet/tab-series/tab-3-litet110-2014,False,False,2026-09-07T04:40:13+00:00,,,,,
XCell Parts,https://xcellparts.com/,TABLET,https://xcellparts.com/product-category/tablet,5,click,TAB SERIES,https://xcellparts.com/product-category/tablet/tab-series,1,dom-inspection,"TAB 3 10.1""(P5200 / 2013)",https://xcellparts.com/product-category/tablet/tab-series/tab-3-10-1p5200-2013,6,1,6,3,dom-inspection,div#plp-287-16056 > div.xcell-mm__plp-thumbs.xcell-mm__plp-thumbs--flat > a.xcell-mm__plp-thumb,https://xcellparts.com/product-category/tablet/tab-series/tab-3-10-1p5200-2013,False,False,2026-09-07T04:40:13+00:00,,,,,
XCell Parts,https://xcellparts.com/,TABLET,https://xcellparts.com/product-category/tablet,5,click,TAB SERIES,https://xcellparts.com/product-category/tablet/tab-series,1,dom-inspection,"TAB 3 7.0""(T210 / 2013)",https://xcellparts.com/product-category/tablet/tab-series/tab-3-7-0t210-2013,7,1,7,3,dom-inspection,div#plp-287-16056 > div.xcell-mm__plp-thumbs.xcell-mm__plp-thumbs--flat > a.xcell-mm__plp-thumb,https://xcellparts.com/product-category/tablet/tab-series/tab-3-7-0t210-2013,False,False,2026-09-07T04:40:13+00:00,,,,,
XCell Parts,https://xcellparts.com/,TABLET,https://xcellparts.com/product-category/tablet,5,click,TAB SERIES,https://xcellparts.com/product-category/tablet/tab-series,1,dom-inspection,"TAB 2 10.1""(P5100 / 2012)",https://xcellparts.com/product-category/tablet/tab-series/tab-2-10-1p5100-2012,8,1,8,3,dom-inspection,div#plp-287-16056 > div.xcell-mm__plp-thumbs.xcell-mm__plp-thumbs--flat > a.xcell-mm__plp-thumb,https://xcellparts.com/product-category/tablet/tab-series/tab-2-10-1p5100-2012,False,False,2026-09-07T04:40:13+00:00,,,,,
XCell Parts,https://xcellparts.com/,TABLET,https://xcellparts.com/product-category/tablet,5,click,TAB SERIES,https://xcellparts.com/product-category/tablet/tab-series,1,dom-inspection,"TAB 2 7.0""(P3100 / 2012)",https://xcellparts.com/product-category/tablet/tab-series/tab-2-7-0p3100-2012,9,1,9,3,dom-inspection,div#plp-287-16056 > div.xcell-mm__plp-thumbs.xcell-mm__plp-thumbs--flat > a.xcell-mm__plp-thumb,https://xcellparts.com/product-category/tablet/tab-series/tab-2-7-0p3100-2012,False,False,2026-09-07T04:40:13+00:00,,,,,
XCell Parts,https://xcellparts.com/,TABLET,https://xcellparts.com/product-category/tablet,5,click,TAB SERIES,https://xcellparts.com/product-category/tablet/tab-series,1,dom-inspection,"TAB 10.1""(P7500 / 2011)",https://xcellparts.com/product-category/tablet/tab-series/tab-10-1p7500-2011,10,1,10,3,dom-inspection,div#plp-287-16056 > div.xcell-mm__plp-thumbs.xcell-mm__plp-thumbs--flat > a.xcell-mm__plp-thumb,https://xcellparts.com/product-category/tablet/tab-series/tab-10-1p7500-2011,False,False,2026-09-07T04:40:13+00:00,,,,,
XCell Parts,https://xcellparts.com/,TABLET,https://xcellparts.com/product-category/tablet,5,click,TAB SERIES,https://xcellparts.com/product-category/tablet/tab-series,1,dom-inspection,"TAB 8.9""(P7300 / 2011)",https://xcellparts.com/product-category/tablet/tab-series/tab-8-9p7300-2011,11,1,11,3,dom-inspection,div#plp-287-16056 > div.xcell-mm__plp-thumbs.xcell-mm__plp-thumbs--flat > a.xcell-mm__plp-thumb,https://xcellparts.com/product-category/tablet/tab-series/tab-8-9p7300-2011,False,False,2026-09-07T04:40:13+00:00,,,,,
XCell Parts,https://xcellparts.com/,TABLET,https://xcellparts.com/product-category/tablet,5,click,TAB SERIES,https://xcellparts.com/product-category/tablet/tab-series,1,dom-inspection,TAB 7.0 PLUS (P6200 / 2011),https://xcellparts.com/product-category/tablet/tab-series/tab-7-0-plus-p6200-2011,12,1,12,3,dom-inspection,div#plp-287-16056 > div.xcell-mm__plp-thumbs.xcell-mm__plp-thumbs--flat > a.xcell-mm__plp-thumb,https://xcellparts.com/product-category/tablet/tab-series/tab-7-0-plus-p6200-2011,False,False,2026-09-07T04:40:13+00:00,,,,,
XCell Parts,https://xcellparts.com/,TABLET,https://xcellparts.com/product-category/tablet,5,click,TAB A SERIES,https://xcellparts.com/product-category/tablet/tab-a-series,2,dom-inspection,"TAB A11 PLUS 11"" (X230 / 2025)",https://xcellparts.com/product-category/tablet/tab-a-series/tab-a11-plus-11-x230-2025,1,1,1,3,dom-inspection,div#plp-287-16050 > div.xcell-mm__plp-thumbs.xcell-mm__plp-thumbs--flat > a.xcell-mm__plp-thumb,https://xcellparts.com/product-category/tablet/tab-a-series/tab-a11-plus-11-x230-2025,False,False,2026-09-07T04:40:13+00:00,,,,,
XCell Parts,https://xcellparts.com/,TABLET,https://xcellparts.com/product-category/tablet,5,click,TAB A SERIES,https://xcellparts.com/product-category/tablet/tab-a-series,2,dom-inspection,"TAB A11 8.7"" (X133 / 2025)",https://xcellparts.com/product-category/tablet/tab-a-series/tab-a11-8-7-x133-2025,2,1,2,3,dom-inspection,div#plp-287-16050 > div.xcell-mm__plp-thumbs.xcell-mm__plp-thumbs--flat > a.xcell-mm__plp-thumb,https://xcellparts.com/product-category/tablet/tab-a-series/tab-a11-8-7-x133-2025,False,False,2026-09-07T04:40:13+00:00,,,,,
XCell Parts,https://xcellparts.com/,TABLET,https://xcellparts.com/product-category/tablet,5,click,TAB A SERIES,https://xcellparts.com/product-category/tablet/tab-a-series,2,dom-inspection,"TAB A9+ 11"" (X210 / 2023)",https://xcellparts.com/product-category/tablet/tab-a-series/tab-a9-11-x210-2023,3,1,3,3,dom-inspection,div#plp-287-16050 > div.xcell-mm__plp-thumbs.xcell-mm__plp-thumbs--flat > a.xcell-mm__plp-thumb,https://xcellparts.com/product-category/tablet/tab-a-series/tab-a9-11-x210-2023,False,False,2026-09-07T04:40:13+00:00,,,,,
XCell Parts,https://xcellparts.com/,TABLET,https://xcellparts.com/product-category/tablet,5,click,TAB A SERIES,https://xcellparts.com/product-category/tablet/tab-a-series,2,dom-inspection,"TAB A9 8.7"" (X115 / 2023)",https://xcellparts.com/product-category/tablet/tab-a-series/tab-a9-8-7-x115-2023,4,1,4,3,dom-inspection,div#plp-287-16050 > div.xcell-mm__plp-thumbs.xcell-mm__plp-thumbs--flat > a.xcell-mm__plp-thumb,https://xcellparts.com/product-category/tablet/tab-a-series/tab-a9-8-7-x115-2023,False,False,2026-09-07T04:40:13+00:00,,,,,
XCell Parts,https://xcellparts.com/,TABLET,https://xcellparts.com/product-category/tablet,5,click,TAB A SERIES,https://xcellparts.com/product-category/tablet/tab-a-series,2,dom-inspection,"TAB A8 10.5""(X200 / 2021)",https://xcellparts.com/product-category/tablet/tab-a-series/tab-a8-10-5x200-2021,5,1,5,3,dom-inspection,div#plp-287-16050 > div.xcell-mm__plp-thumbs.xcell-mm__plp-thumbs--flat > a.xcell-mm__plp-thumb,https://xcellparts.com/product-category/tablet/tab-a-series/tab-a8-10-5x200-2021,False,False,2026-09-07T04:40:13+00:00,,,,,
XCell Parts,https://xcellparts.com/,TABLET,https://xcellparts.com/product-category/tablet,5,click,TAB A SERIES,https://xcellparts.com/product-category/tablet/tab-a-series,2,dom-inspection,"TAB A7 8.4""(T220 / 2021)",https://xcellparts.com/product-category/tablet/tab-a-series/tab-a7-8-4t220-2021,6,1,6,3,dom-inspection,div#plp-287-16050 > div.xcell-mm__plp-thumbs.xcell-mm__plp-thumbs--flat > a.xcell-mm__plp-thumb,https://xcellparts.com/product-category/tablet/tab-a-series/tab-a7-8-4t220-2021,False,False,2026-09-07T04:40:13+00:00,,,,,
XCell Parts,https://xcellparts.com/,TABLET,https://xcellparts.com/product-category/tablet,5,click,TAB A SERIES,https://xcellparts.com/product-category/tablet/tab-a-series,2,dom-inspection,"TAB A7 10.4""(T500 / 2020)",https://xcellparts.com/product-category/tablet/tab-a-series/tab-a7-10-4t500-2020,7,1,7,3,dom-inspection,div#plp-287-16050 > div.xcell-mm__plp-thumbs.xcell-mm__plp-thumbs--flat > a.xcell-mm__plp-thumb,https://xcellparts.com/product-category/tablet/tab-a-series/tab-a7-10-4t500-2020,False,False,2026-09-07T04:40:13+00:00,,,,,
XCell Parts,https://xcellparts.com/,TABLET,https://xcellparts.com/product-category/tablet,5,click,TAB A SERIES,https://xcellparts.com/product-category/tablet/tab-a-series,2,dom-inspection,"TAB A 8.4""(T307 / 2020)",https://xcellparts.com/product-category/tablet/tab-a-series/tab-a-8-4t307-2020,8,1,8,3,dom-inspection,div#plp-287-16050 > div.xcell-mm__plp-thumbs.xcell-mm__plp-thumbs--flat > a.xcell-mm__plp-thumb,https://xcellparts.com/product-category/tablet/tab-a-series/tab-a-8-4t307-2020,False,False,2026-09-07T04:40:13+00:00,,,,,
XCell Parts,https://xcellparts.com/,TABLET,https://xcellparts.com/product-category/tablet,5,click,TAB A SERIES,https://xcellparts.com/product-category/tablet/tab-a-series,2,dom-inspection,"TAB A 10.1""(T510 / 2019)",https://xcellparts.com/product-category/tablet/tab-a-series/tab-a-10-1t510-2019,9,1,9,3,dom-inspection,div#plp-287-16050 > div.xcell-mm__plp-thumbs.xcell-mm__plp-thumbs--flat > a.xcell-mm__plp-thumb,https://xcellparts.com/product-category/tablet/tab-a-series/tab-a-10-1t510-2019,False,False,2026-09-07T04:40:13+00:00,,,,,
XCell Parts,https://xcellparts.com/,TABLET,https://xcellparts.com/product-category/tablet,5,click,TAB A SERIES,https://xcellparts.com/product-category/tablet/tab-a-series,2,dom-inspection,"TAB A 8.0""(T290 / 2019)",https://xcellparts.com/product-category/tablet/tab-a-series/tab-a-8-0t290-2019,10,1,10,3,dom-inspection,div#plp-287-16050 > div.xcell-mm__plp-thumbs.xcell-mm__plp-thumbs--flat > a.xcell-mm__plp-thumb,https://xcellparts.com/product-category/tablet/tab-a-series/tab-a-8-0t290-2019,False,False,2026-09-07T04:40:13+00:00,,,,,
XCell Parts,https://xcellparts.com/,TABLET,https://xcellparts.com/product-category/tablet,5,click,TAB A SERIES,https://xcellparts.com/product-category/tablet/tab-a-series,2,dom-inspection,"TAB A 10.5""(T590 / 2018)",https://xcellparts.com/product-category/tablet/tab-a-series/tab-a-10-5t590-2018,11,1,11,3,dom-inspection,div#plp-287-16050 > div.xcell-mm__plp-thumbs.xcell-mm__plp-thumbs--flat > a.xcell-mm__plp-thumb,https://xcellparts.com/product-category/tablet/tab-a-series/tab-a-10-5t590-2018,False,False,2026-09-07T04:40:13+00:00,,,,,
XCell Parts,https://xcellparts.com/,TABLET,https://xcellparts.com/product-category/tablet,5,click,TAB A SERIES,https://xcellparts.com/product-category/tablet/tab-a-series,2,dom-inspection,"TAB A 8.0""(T387 / 2018)",https://xcellparts.com/product-category/tablet/tab-a-series/tab-a-8-0t387-2018,12,1,12,3,dom-inspection,div#plp-287-16050 > div.xcell-mm__plp-thumbs.xcell-mm__plp-thumbs--flat > a.xcell-mm__plp-thumb,https://xcellparts.com/product-category/tablet/tab-a-series/tab-a-8-0t387-2018,False,False,2026-09-07T04:40:13+00:00,,,,,
XCell Parts,https://xcellparts.com/,TABLET,https://xcellparts.com/product-category/tablet,5,click,TAB A SERIES,https://xcellparts.com/product-category/tablet/tab-a-series,2,dom-inspection,"TAB A 8.0""(T380 / 2017)",https://xcellparts.com/product-category/tablet/tab-a-series/tab-a-8-0t380-2017,13,1,13,3,dom-inspection,div#plp-287-16050 > div.xcell-mm__plp-thumbs.xcell-mm__plp-thumbs--flat > a.xcell-mm__plp-thumb,https://xcellparts.com/product-category/tablet/tab-a-series/tab-a-8-0t380-2017,False,False,2026-09-07T04:40:13+00:00,,,,,
XCell Parts,https://xcellparts.com/,TABLET,https://xcellparts.com/product-category/tablet,5,click,TAB A SERIES,https://xcellparts.com/product-category/tablet/tab-a-series,2,dom-inspection,"TAB A 10.1""(T580 / 2016)",https://xcellparts.com/product-category/tablet/tab-a-series/tab-a-10-1t580-2016,14,1,14,3,dom-inspection,div#plp-287-16050 > div.xcell-mm__plp-thumbs.xcell-mm__plp-thumbs--flat > a.xcell-mm__plp-thumb,https://xcellparts.com/product-category/tablet/tab-a-series/tab-a-10-1t580-2016,False,False,2026-09-07T04:40:13+00:00,,,,,
XCell Parts,https://xcellparts.com/,TABLET,https://xcellparts.com/product-category/tablet,5,click,TAB A SERIES,https://xcellparts.com/product-category/tablet/tab-a-series,2,dom-inspection,"TAB A 7.0""(T280 / 2016)",https://xcellparts.com/product-category/tablet/tab-a-series/tab-a-7-0t280-2016,15,1,15,3,dom-inspection,div#plp-287-16050 > div.xcell-mm__plp-thumbs.xcell-mm__plp-thumbs--flat > a.xcell-mm__plp-thumb,https://xcellparts.com/product-category/tablet/tab-a-series/tab-a-7-0t280-2016,False,False,2026-09-07T04:40:13+00:00,,,,,
XCell Parts,https://xcellparts.com/,TABLET,https://xcellparts.com/product-category/tablet,5,click,TAB A SERIES,https://xcellparts.com/product-category/tablet/tab-a-series,2,dom-inspection,"TAB A 9.7""(T550 / 2015)",https://xcellparts.com/product-category/tablet/tab-a-series/tab-a-9-7t550-2015,16,1,16,3,dom-inspection,div#plp-287-16050 > div.xcell-mm__plp-thumbs.xcell-mm__plp-thumbs--flat > a.xcell-mm__plp-thumb,https://xcellparts.com/product-category/tablet/tab-a-series/tab-a-9-7t550-2015,False,False,2026-09-07T04:40:13+00:00,,,,,
XCell Parts,https://xcellparts.com/,TABLET,https://xcellparts.com/product-category/tablet,5,click,TAB A SERIES,https://xcellparts.com/product-category/tablet/tab-a-series,2,dom-inspection,"TAB A 8.0""(T350 / 2015)",https://xcellparts.com/product-category/tablet/tab-a-series/tab-a-8-0t350-2015,17,1,17,3,dom-inspection,div#plp-287-16050 > div.xcell-mm__plp-thumbs.xcell-mm__plp-thumbs--flat > a.xcell-mm__plp-thumb,https://xcellparts.com/product-category/tablet/tab-a-series/tab-a-8-0t350-2015,False,False,2026-09-07T04:40:13+00:00,,,,,
XCell Parts,https://xcellparts.com/,TABLET,https://xcellparts.com/product-category/tablet,5,click,TAB S SERIES,https://xcellparts.com/product-category/tablet/tab-s-series,3,dom-inspection,"TAB S11 ULTRA 14.6"" (X930 / 2025)",https://xcellparts.com/product-category/tablet/tab-s-series/tab-s11-ultra-14-6-x930-2025,1,1,1,3,dom-inspection,div#plp-287-16055 > div.xcell-mm__plp-thumbs.xcell-mm__plp-thumbs--flat > a.xcell-mm__plp-thumb,https://xcellparts.com/product-category/tablet/tab-s-series/tab-s11-ultra-14-6-x930-2025,False,False,2026-09-07T04:40:13+00:00,,,,,
XCell Parts,https://xcellparts.com/,TABLET,https://xcellparts.com/product-category/tablet,5,click,TAB S SERIES,https://xcellparts.com/product-category/tablet/tab-s-series,3,dom-inspection,"TAB S10 FE PLUS 13.1"" (X620 / 2025)",https://xcellparts.com/product-category/tablet/tab-s-series/tab-s10-fe-plus-13-1-x620-2025,2,1,2,3,dom-inspection,div#plp-287-16055 > div.xcell-mm__plp-thumbs.xcell-mm__plp-thumbs--flat > a.xcell-mm__plp-thumb,https://xcellparts.com/product-category/tablet/tab-s-series/tab-s10-fe-plus-13-1-x620-2025,False,False,2026-09-07T04:40:13+00:00,,,,,
XCell Parts,https://xcellparts.com/,TABLET,https://xcellparts.com/product-category/tablet,5,click,TAB S SERIES,https://xcellparts.com/product-category/tablet/tab-s-series,3,dom-inspection,"TAB S10 FE 10.9"" (X520 / 2025)",https://xcellparts.com/product-category/tablet/tab-s-series/tab-s10-fe-10-9-x520-2025,3,1,3,3,dom-inspection,div#plp-287-16055 > div.xcell-mm__plp-thumbs.xcell-mm__plp-thumbs--flat > a.xcell-mm__plp-thumb,https://xcellparts.com/product-category/tablet/tab-s-series/tab-s10-fe-10-9-x520-2025,False,False,2026-09-07T04:40:13+00:00,,,,,
XCell Parts,https://xcellparts.com/,TABLET,https://xcellparts.com/product-category/tablet,5,click,TAB S SERIES,https://xcellparts.com/product-category/tablet/tab-s-series,3,dom-inspection,"TAB S10 LITE 10.9"" (X400 / 2025)",https://xcellparts.com/product-category/tablet/tab-s-series/tab-s10-lite-10-9-x400-2025,4,1,4,3,dom-inspection,div#plp-287-16055 > div.xcell-mm__plp-thumbs.xcell-mm__plp-thumbs--flat > a.xcell-mm__plp-thumb,https://xcellparts.com/product-category/tablet/tab-s-series/tab-s10-lite-10-9-x400-2025,False,False,2026-09-07T04:40:13+00:00,,,,,
XCell Parts,https://xcellparts.com/,TABLET,https://xcellparts.com/product-category/tablet,5,click,TAB S SERIES,https://xcellparts.com/product-category/tablet/tab-s-series,3,dom-inspection,"TAB S10 ULTRA 14.6"" (X920 / 2024)",https://xcellparts.com/product-category/tablet/tab-s-series/tab-s10-ultra-14-6-x920-2024,5,1,5,3,dom-inspection,div#plp-287-16055 > div.xcell-mm__plp-thumbs.xcell-mm__plp-thumbs--flat > a.xcell-mm__plp-thumb,https://xcellparts.com/product-category/tablet/tab-s-series/tab-s10-ultra-14-6-x920-2024,False,False,2026-09-07T04:40:13+00:00,,,,,
XCell Parts,https://xcellparts.com/,TABLET,https://xcellparts.com/product-category/tablet,5,click,TAB S SERIES,https://xcellparts.com/product-category/tablet/tab-s-series,3,dom-inspection,"TAB S10 PLUS 12.4"" (X820 / 2024)",https://xcellparts.com/product-category/tablet/tab-s-series/tab-s10-plus-12-4-x820-2024,6,1,6,3,dom-inspection,div#plp-287-16055 > div.xcell-mm__plp-thumbs.xcell-mm__plp-thumbs--flat > a.xcell-mm__plp-thumb,https://xcellparts.com/product-category/tablet/tab-s-series/tab-s10-plus-12-4-x820-2024,False,False,2026-09-07T04:40:13+00:00,,,,,
XCell Parts,https://xcellparts.com/,TABLET,https://xcellparts.com/product-category/tablet,5,click,TAB S SERIES,https://xcellparts.com/product-category/tablet/tab-s-series,3,dom-inspection,TAB S9 FE PLUS (X610 / 2023),https://xcellparts.com/product-category/tablet/tab-s-series/tab-s9-fe-plus-x610-2023,7,1,7,3,dom-inspection,div#plp-287-16055 > div.xcell-mm__plp-thumbs.xcell-mm__plp-thumbs--flat > a.xcell-mm__plp-thumb,https://xcellparts.com/product-category/tablet/tab-s-series/tab-s9-fe-plus-x610-2023,False,False,2026-09-07T04:40:13+00:00,,,,,
XCell Parts,https://xcellparts.com/,TABLET,https://xcellparts.com/product-category/tablet,5,click,TAB S SERIES,https://xcellparts.com/product-category/tablet/tab-s-series,3,dom-inspection,TAB S9 FE (X510 / 2023),https://xcellparts.com/product-category/tablet/tab-s-series/tab-s9-fe-x510-2023,8,1,8,3,dom-inspection,div#plp-287-16055 > div.xcell-mm__plp-thumbs.xcell-mm__plp-thumbs--flat > a.xcell-mm__plp-thumb,https://xcellparts.com/product-category/tablet/tab-s-series/tab-s9-fe-x510-2023,False,False,2026-09-07T04:40:13+00:00,,,,,
XCell Parts,https://xcellparts.com/,TABLET,https://xcellparts.com/product-category/tablet,5,click,TAB S SERIES,https://xcellparts.com/product-category/tablet/tab-s-series,3,dom-inspection,"TAB S9 ULTRA 14.6"" (X910 / 2023)",https://xcellparts.com/product-category/tablet/tab-s-series/tab-s9-ultra-14-6-x910-2023,9,1,9,3,dom-inspection,div#plp-287-16055 > div.xcell-mm__plp-thumbs.xcell-mm__plp-thumbs--flat > a.xcell-mm__plp-thumb,https://xcellparts.com/product-category/tablet/tab-s-series/tab-s9-ultra-14-6-x910-2023,False,False,2026-09-07T04:40:13+00:00,,,,,
XCell Parts,https://xcellparts.com/,TABLET,https://xcellparts.com/product-category/tablet,5,click,TAB S SERIES,https://xcellparts.com/product-category/tablet/tab-s-series,3,dom-inspection,"TAB S9 PLUS 12.4"" (X810 / 2023)",https://xcellparts.com/product-category/tablet/tab-s-series/tab-s9-plus-12-4-x810-2023,10,1,10,3,dom-inspection,div#plp-287-16055 > div.xcell-mm__plp-thumbs.xcell-mm__plp-thumbs--flat > a.xcell-mm__plp-thumb,https://xcellparts.com/product-category/tablet/tab-s-series/tab-s9-plus-12-4-x810-2023,False,False,2026-09-07T04:40:13+00:00,,,,,
XCell Parts,https://xcellparts.com/,TABLET,https://xcellparts.com/product-category/tablet,5,click,TAB S SERIES,https://xcellparts.com/product-category/tablet/tab-s-series,3,dom-inspection,"TAB S9 11"" (X710 / 2023)",https://xcellparts.com/product-category/tablet/tab-s-series/tab-s9-11-x710-2023,11,1,11,3,dom-inspection,div#plp-287-16055 > div.xcell-mm__plp-thumbs.xcell-mm__plp-thumbs--flat > a.xcell-mm__plp-thumb,https://xcellparts.com/product-category/tablet/tab-s-series/tab-s9-11-x710-2023,False,False,2026-09-07T04:40:13+00:00,,,,,
XCell Parts,https://xcellparts.com/,TABLET,https://xcellparts.com/product-category/tablet,5,click,TAB S SERIES,https://xcellparts.com/product-category/tablet/tab-s-series,3,dom-inspection,TAB S8 ULTRA (X900 / 2022),https://xcellparts.com/product-category/tablet/tab-s-series/tab-s8-ultra-x900-2022,12,1,12,3,dom-inspection,div#plp-287-16055 > div.xcell-mm__plp-thumbs.xcell-mm__plp-thumbs--flat > a.xcell-mm__plp-thumb,https://xcellparts.com/product-category/tablet/tab-s-series/tab-s8-ultra-x900-2022,False,False,2026-09-07T04:40:13+00:00,,,,,
XCell Parts,https://xcellparts.com/,TABLET,https://xcellparts.com/product-category/tablet,5,click,TAB S SERIES,https://xcellparts.com/product-category/tablet/tab-s-series,3,dom-inspection,TAB S8 PLUS (X800 / 2022),https://xcellparts.com/product-category/tablet/tab-s-series/tab-s8-plus-x800-2022,13,1,13,3,dom-inspection,div#plp-287-16055 > div.xcell-mm__plp-thumbs.xcell-mm__plp-thumbs--flat > a.xcell-mm__plp-thumb,https://xcellparts.com/product-category/tablet/tab-s-series/tab-s8-plus-x800-2022,False,False,2026-09-07T04:40:13+00:00,,,,,
XCell Parts,https://xcellparts.com/,TABLET,https://xcellparts.com/product-category/tablet,5,click,TAB S SERIES,https://xcellparts.com/product-category/tablet/tab-s-series,3,dom-inspection,TAB S8 (X700 / 2022),https://xcellparts.com/product-category/tablet/tab-s-series/tab-s8-x700-2022,14,1,14,3,dom-inspection,div#plp-287-16055 > div.xcell-mm__plp-thumbs.xcell-mm__plp-thumbs--flat > a.xcell-mm__plp-thumb,https://xcellparts.com/product-category/tablet/tab-s-series/tab-s8-x700-2022,False,False,2026-09-07T04:40:13+00:00,,,,,
XCell Parts,https://xcellparts.com/,TABLET,https://xcellparts.com/product-category/tablet,5,click,TAB S SERIES,https://xcellparts.com/product-category/tablet/tab-s-series,3,dom-inspection,"TAB S7 FE 12.4""(T730 / 2021)",https://xcellparts.com/product-category/tablet/tab-s-series/tab-s7-fe-12-4t730-2021,15,1,15,3,dom-inspection,div#plp-287-16055 > div.xcell-mm__plp-thumbs.xcell-mm__plp-thumbs--flat > a.xcell-mm__plp-thumb,https://xcellparts.com/product-category/tablet/tab-s-series/tab-s7-fe-12-4t730-2021,False,False,2026-09-07T04:40:13+00:00,,,,,
XCell Parts,https://xcellparts.com/,TABLET,https://xcellparts.com/product-category/tablet,5,click,TAB S SERIES,https://xcellparts.com/product-category/tablet/tab-s-series,3,dom-inspection,"TAB S7 PLUS 12.4""(T970 / 2020)",https://xcellparts.com/product-category/tablet/tab-s-series/tab-s7-plus-12-4t970-2020,16,1,16,3,dom-inspection,div#plp-287-16055 > div.xcell-mm__plp-thumbs.xcell-mm__plp-thumbs--flat > a.xcell-mm__plp-thumb,https://xcellparts.com/product-category/tablet/tab-s-series/tab-s7-plus-12-4t970-2020,False,False,2026-09-07T04:40:13+00:00,,,,,
XCell Parts,https://xcellparts.com/,TABLET,https://xcellparts.com/product-category/tablet,5,click,TAB S SERIES,https://xcellparts.com/product-category/tablet/tab-s-series,3,dom-inspection,"TAB S7 11""(T870 / 2020)",https://xcellparts.com/product-category/tablet/tab-s-series/tab-s7-11t870-2020,17,1,17,3,dom-inspection,div#plp-287-16055 > div.xcell-mm__plp-thumbs.xcell-mm__plp-thumbs--flat > a.xcell-mm__plp-thumb,https://xcellparts.com/product-category/tablet/tab-s-series/tab-s7-11t870-2020,False,False,2026-09-07T04:40:13+00:00,,,,,
XCell Parts,https://xcellparts.com/,TABLET,https://xcellparts.com/product-category/tablet,5,click,TAB S SERIES,https://xcellparts.com/product-category/tablet/tab-s-series,3,dom-inspection,"TAB S6 LITE 10.4""(P615 /2020)",https://xcellparts.com/product-category/tablet/tab-s-series/tab-s6-lite-10-4p615-2020,18,1,18,3,dom-inspection,div#plp-287-16055 > div.xcell-mm__plp-thumbs.xcell-mm__plp-thumbs--flat > a.xcell-mm__plp-thumb,https://xcellparts.com/product-category/tablet/tab-s-series/tab-s6-lite-10-4p615-2020,False,False,2026-09-07T04:40:13+00:00,,,,,
XCell Parts,https://xcellparts.com/,TABLET,https://xcellparts.com/product-category/tablet,5,click,TAB S SERIES,https://xcellparts.com/product-category/tablet/tab-s-series,3,dom-inspection,"TAB S6 10.5""(T860 / 2019)",https://xcellparts.com/product-category/tablet/tab-s-series/tab-s6-10-5t860-2019,19,1,19,3,dom-inspection,div#plp-287-16055 > div.xcell-mm__plp-thumbs.xcell-mm__plp-thumbs--flat > a.xcell-mm__plp-thumb,https://xcellparts.com/product-category/tablet/tab-s-series/tab-s6-10-5t860-2019,False,False,2026-09-07T04:40:13+00:00,,,,,
XCell Parts,https://xcellparts.com/,TABLET,https://xcellparts.com/product-category/tablet,5,click,TAB S SERIES,https://xcellparts.com/product-category/tablet/tab-s-series,3,dom-inspection,"TAB S5E 10.5""(T720 / 2019)",https://xcellparts.com/product-category/tablet/tab-s-series/tab-s5e-10-5t720-2019,20,1,20,3,dom-inspection,div#plp-287-16055 > div.xcell-mm__plp-thumbs.xcell-mm__plp-thumbs--flat > a.xcell-mm__plp-thumb,https://xcellparts.com/product-category/tablet/tab-s-series/tab-s5e-10-5t720-2019,False,False,2026-09-07T04:40:13+00:00,,,,,
XCell Parts,https://xcellparts.com/,TABLET,https://xcellparts.com/product-category/tablet,5,click,TAB S SERIES,https://xcellparts.com/product-category/tablet/tab-s-series,3,dom-inspection,"TAB S4 10.5""(T830 / 2018)",https://xcellparts.com/product-category/tablet/tab-s-series/tab-s4-10-5t830-2018,21,1,21,3,dom-inspection,div#plp-287-16055 > div.xcell-mm__plp-thumbs.xcell-mm__plp-thumbs--flat > a.xcell-mm__plp-thumb,https://xcellparts.com/product-category/tablet/tab-s-series/tab-s4-10-5t830-2018,False,False,2026-09-07T04:40:13+00:00,,,,,
XCell Parts,https://xcellparts.com/,TABLET,https://xcellparts.com/product-category/tablet,5,click,TAB S SERIES,https://xcellparts.com/product-category/tablet/tab-s-series,3,dom-inspection,"TAB S3 9.7""(T820 / 2017)",https://xcellparts.com/product-category/tablet/tab-s-series/tab-s3-9-7t820-2017,22,1,22,3,dom-inspection,div#plp-287-16055 > div.xcell-mm__plp-thumbs.xcell-mm__plp-thumbs--flat > a.xcell-mm__plp-thumb,https://xcellparts.com/product-category/tablet/tab-s-series/tab-s3-9-7t820-2017,False,False,2026-09-07T04:40:13+00:00,,,,,
XCell Parts,https://xcellparts.com/,TABLET,https://xcellparts.com/product-category/tablet,5,click,TAB S SERIES,https://xcellparts.com/product-category/tablet/tab-s-series,3,dom-inspection,"TAB S2 9.7""(T810 / 2015)",https://xcellparts.com/product-category/tablet/tab-s-series/tab-s2-9-7t810-2015,23,1,23,3,dom-inspection,div#plp-287-16055 > div.xcell-mm__plp-thumbs.xcell-mm__plp-thumbs--flat > a.xcell-mm__plp-thumb,https://xcellparts.com/product-category/tablet/tab-s-series/tab-s2-9-7t810-2015,False,False,2026-09-07T04:40:13+00:00,,,,,
XCell Parts,https://xcellparts.com/,TABLET,https://xcellparts.com/product-category/tablet,5,click,TAB S SERIES,https://xcellparts.com/product-category/tablet/tab-s-series,3,dom-inspection,"TAB S2 8.0""(T710 / 2015)",https://xcellparts.com/product-category/tablet/tab-s-series/tab-s2-8-0t710-2015,24,1,24,3,dom-inspection,div#plp-287-16055 > div.xcell-mm__plp-thumbs.xcell-mm__plp-thumbs--flat > a.xcell-mm__plp-thumb,https://xcellparts.com/product-category/tablet/tab-s-series/tab-s2-8-0t710-2015,False,False,2026-09-07T04:40:13+00:00,,,,,
XCell Parts,https://xcellparts.com/,TABLET,https://xcellparts.com/product-category/tablet,5,click,TAB S SERIES,https://xcellparts.com/product-category/tablet/tab-s-series,3,dom-inspection,"TAB S 10.5""(T800 / 2014)",https://xcellparts.com/product-category/tablet/tab-s-series/tab-s-10-5t800-2014,25,1,25,3,dom-inspection,div#plp-287-16055 > div.xcell-mm__plp-thumbs.xcell-mm__plp-thumbs--flat > a.xcell-mm__plp-thumb,https://xcellparts.com/product-category/tablet/tab-s-series/tab-s-10-5t800-2014,False,False,2026-09-07T04:40:13+00:00,,,,,
XCell Parts,https://xcellparts.com/,TABLET,https://xcellparts.com/product-category/tablet,5,click,TAB S SERIES,https://xcellparts.com/product-category/tablet/tab-s-series,3,dom-inspection,"TAB S 8.4""(T700 / 2014)",https://xcellparts.com/product-category/tablet/tab-s-series/tab-s-8-4t700-2014,26,1,26,3,dom-inspection,div#plp-287-16055 > div.xcell-mm__plp-thumbs.xcell-mm__plp-thumbs--flat > a.xcell-mm__plp-thumb,https://xcellparts.com/product-category/tablet/tab-s-series/tab-s-8-4t700-2014,False,False,2026-09-07T04:40:13+00:00,,,,,
XCell Parts,https://xcellparts.com/,TABLET,https://xcellparts.com/product-category/tablet,5,click,TAB ACTIVE SERIES,https://xcellparts.com/product-category/tablet/tab-active-series,4,dom-inspection,"TAB ACTIVE 5 PRO 10.1"" (X350/2025)",https://xcellparts.com/product-category/tablet/tab-active-series/tab-active-5-pro-10-1-x350-2025,1,1,1,3,dom-inspection,div#plp-287-16051 > div.xcell-mm__plp-thumbs.xcell-mm__plp-thumbs--flat > a.xcell-mm__plp-thumb,https://xcellparts.com/product-category/tablet/tab-active-series/tab-active-5-pro-10-1-x350-2025,False,False,2026-09-07T04:40:13+00:00,,,,,
XCell Parts,https://xcellparts.com/,TABLET,https://xcellparts.com/product-category/tablet,5,click,TAB ACTIVE SERIES,https://xcellparts.com/product-category/tablet/tab-active-series,4,dom-inspection,"TAB ACTIVE 5 8.0"" (X306 / 2024)",https://xcellparts.com/product-category/tablet/tab-active-series/tab-active-5-8-0-x306-2024,2,1,2,3,dom-inspection,div#plp-287-16051 > div.xcell-mm__plp-thumbs.xcell-mm__plp-thumbs--flat > a.xcell-mm__plp-thumb,https://xcellparts.com/product-category/tablet/tab-active-series/tab-active-5-8-0-x306-2024,False,False,2026-09-07T04:40:13+00:00,,,,,
XCell Parts,https://xcellparts.com/,TABLET,https://xcellparts.com/product-category/tablet,5,click,TAB ACTIVE SERIES,https://xcellparts.com/product-category/tablet/tab-active-series,4,dom-inspection,"TAB ACTIVE 3 8.0""(T570 / 2020)",https://xcellparts.com/product-category/tablet/tab-active-series/tab-active-3-8-0t570-2020,3,1,3,3,dom-inspection,div#plp-287-16051 > div.xcell-mm__plp-thumbs.xcell-mm__plp-thumbs--flat > a.xcell-mm__plp-thumb,https://xcellparts.com/product-category/tablet/tab-active-series/tab-active-3-8-0t570-2020,False,False,2026-09-07T04:40:13+00:00,,,,,
XCell Parts,https://xcellparts.com/,TABLET,https://xcellparts.com/product-category/tablet,5,click,TAB ACTIVE SERIES,https://xcellparts.com/product-category/tablet/tab-active-series,4,dom-inspection,"TAB ACTIVE PRO 10.1""(T540 / 2019)",https://xcellparts.com/product-category/tablet/tab-active-series/tab-active-pro-10-1t540-2019,4,1,4,3,dom-inspection,div#plp-287-16051 > div.xcell-mm__plp-thumbs.xcell-mm__plp-thumbs--flat > a.xcell-mm__plp-thumb,https://xcellparts.com/product-category/tablet/tab-active-series/tab-active-pro-10-1t540-2019,False,False,2026-09-07T04:40:13+00:00,,,,,
XCell Parts,https://xcellparts.com/,TABLET,https://xcellparts.com/product-category/tablet,5,click,TAB ACTIVE SERIES,https://xcellparts.com/product-category/tablet/tab-active-series,4,dom-inspection,"TAB ACTIVE 2 8.0""(T395 / 2017)",https://xcellparts.com/product-category/tablet/tab-active-series/tab-active-2-8-0t395-2017,5,1,5,3,dom-inspection,div#plp-287-16051 > div.xcell-mm__plp-thumbs.xcell-mm__plp-thumbs--flat > a.xcell-mm__plp-thumb,https://xcellparts.com/product-category/tablet/tab-active-series/tab-active-2-8-0t395-2017,False,False,2026-09-07T04:40:13+00:00,,,,,
XCell Parts,https://xcellparts.com/,TABLET,https://xcellparts.com/product-category/tablet,5,click,TAB ACTIVE SERIES,https://xcellparts.com/product-category/tablet/tab-active-series,4,dom-inspection,"TAB ACTIVE LTE 8.0""(T365 / 2014)",https://xcellparts.com/product-category/tablet/tab-active-series/tab-active-lte-8-0t365-2014,6,1,6,3,dom-inspection,div#plp-287-16051 > div.xcell-mm__plp-thumbs.xcell-mm__plp-thumbs--flat > a.xcell-mm__plp-thumb,https://xcellparts.com/product-category/tablet/tab-active-series/tab-active-lte-8-0t365-2014,False,False,2026-09-07T04:40:13+00:00,,,,,
XCell Parts,https://xcellparts.com/,TABLET,https://xcellparts.com/product-category/tablet,5,click,TAB ACTIVE SERIES,https://xcellparts.com/product-category/tablet/tab-active-series,4,dom-inspection,"TAB ACTIVE 8.0"" (T360 / 2014)",https://xcellparts.com/product-category/tablet/tab-active-series/tab-active-8-0-t360-2014,7,1,7,3,dom-inspection,div#plp-287-16051 > div.xcell-mm__plp-thumbs.xcell-mm__plp-thumbs--flat > a.xcell-mm__plp-thumb,https://xcellparts.com/product-category/tablet/tab-active-series/tab-active-8-0-t360-2014,False,False,2026-09-07T04:40:13+00:00,,,,,
XCell Parts,https://xcellparts.com/,TABLET,https://xcellparts.com/product-category/tablet,5,click,TAB NOTE SERIES,https://xcellparts.com/product-category/tablet/tab-note-series,5,dom-inspection,"NOTE PRO 12.2""(P900 / 2014)",https://xcellparts.com/product-category/tablet/tab-note-series/note-pro-12-2p900-2014,1,1,1,3,dom-inspection,div#plp-287-16053 > div.xcell-mm__plp-thumbs.xcell-mm__plp-thumbs--flat > a.xcell-mm__plp-thumb,https://xcellparts.com/product-category/tablet/tab-note-series/note-pro-12-2p900-2014,False,False,2026-09-07T04:40:13+00:00,,,,,
XCell Parts,https://xcellparts.com/,TABLET,https://xcellparts.com/product-category/tablet,5,click,TAB NOTE SERIES,https://xcellparts.com/product-category/tablet/tab-note-series,5,dom-inspection,"NOTE 10.1""(P600 / 2014)",https://xcellparts.com/product-category/tablet/tab-note-series/note-10-1p600-2014,2,1,2,3,dom-inspection,div#plp-287-16053 > div.xcell-mm__plp-thumbs.xcell-mm__plp-thumbs--flat > a.xcell-mm__plp-thumb,https://xcellparts.com/product-category/tablet/tab-note-series/note-10-1p600-2014,False,False,2026-09-07T04:40:13+00:00,,,,,
XCell Parts,https://xcellparts.com/,TABLET,https://xcellparts.com/product-category/tablet,5,click,TAB NOTE SERIES,https://xcellparts.com/product-category/tablet/tab-note-series,5,dom-inspection,"NOTE 8.0""(N5100 / 2013)",https://xcellparts.com/product-category/tablet/tab-note-series/note-8-0n5100-2013,3,1,3,3,dom-inspection,div#plp-287-16053 > div.xcell-mm__plp-thumbs.xcell-mm__plp-thumbs--flat > a.xcell-mm__plp-thumb,https://xcellparts.com/product-category/tablet/tab-note-series/note-8-0n5100-2013,False,False,2026-09-07T04:40:13+00:00,,,,,
XCell Parts,https://xcellparts.com/,TABLET,https://xcellparts.com/product-category/tablet,5,click,TAB NOTE SERIES,https://xcellparts.com/product-category/tablet/tab-note-series,5,dom-inspection,"NOTE 10.1""(N8000 / 2012)",https://xcellparts.com/product-category/tablet/tab-note-series/note-10-1n8000-2012,4,1,4,3,dom-inspection,div#plp-287-16053 > div.xcell-mm__plp-thumbs.xcell-mm__plp-thumbs--flat > a.xcell-mm__plp-thumb,https://xcellparts.com/product-category/tablet/tab-note-series/note-10-1n8000-2012,False,False,2026-09-07T04:40:13+00:00,,,,,
XCell Parts,https://xcellparts.com/,TABLET,https://xcellparts.com/product-category/tablet,5,click,TAB E SERIES,https://xcellparts.com/product-category/tablet/tab-e-series,6,dom-inspection,"T377 TAB E 8.0""(T377 / 2016)",https://xcellparts.com/product-category/tablet/tab-e-series/t377-tab-e-8-0t377-2016,1,1,1,3,dom-inspection,div#plp-287-16052 > div.xcell-mm__plp-thumbs.xcell-mm__plp-thumbs--flat > a.xcell-mm__plp-thumb,https://xcellparts.com/product-category/tablet/tab-e-series/t377-tab-e-8-0t377-2016,False,False,2026-09-07T04:40:13+00:00,,,,,
XCell Parts,https://xcellparts.com/,TABLET,https://xcellparts.com/product-category/tablet,5,click,TAB E SERIES,https://xcellparts.com/product-category/tablet/tab-e-series,6,dom-inspection,"T560 TAB E 9.6""(T560 / 2015)",https://xcellparts.com/product-category/tablet/tab-e-series/t560-tab-e-9-6t560-2015,2,1,2,3,dom-inspection,div#plp-287-16052 > div.xcell-mm__plp-thumbs.xcell-mm__plp-thumbs--flat > a.xcell-mm__plp-thumb,https://xcellparts.com/product-category/tablet/tab-e-series/t560-tab-e-9-6t560-2015,False,False,2026-09-07T04:40:13+00:00,,,,,
XCell Parts,https://xcellparts.com/,TABLET,https://xcellparts.com/product-category/tablet,5,click,TAB PRO SERIES,https://xcellparts.com/product-category/tablet/tab-pro-series,7,dom-inspection,"TAB PRO 12.2""(T900 / 2014)",https://xcellparts.com/product-category/tablet/tab-pro-series/tab-pro-12-2t900-2014,1,1,1,3,dom-inspection,div#plp-287-16054 > div.xcell-mm__plp-thumbs.xcell-mm__plp-thumbs--flat > a.xcell-mm__plp-thumb,https://xcellparts.com/product-category/tablet/tab-pro-series/tab-pro-12-2t900-2014,False,False,2026-09-07T04:40:13+00:00,,,,,
XCell Parts,https://xcellparts.com/,TABLET,https://xcellparts.com/product-category/tablet,5,click,TAB PRO SERIES,https://xcellparts.com/product-category/tablet/tab-pro-series,7,dom-inspection,"TAB PRO 10.1""(T520 / 2014)",https://xcellparts.com/product-category/tablet/tab-pro-series/tab-pro-10-1t520-2014,2,1,2,3,dom-inspection,div#plp-287-16054 > div.xcell-mm__plp-thumbs.xcell-mm__plp-thumbs--flat > a.xcell-mm__plp-thumb,https://xcellparts.com/product-category/tablet/tab-pro-series/tab-pro-10-1t520-2014,False,False,2026-09-07T04:40:13+00:00,,,,,
XCell Parts,https://xcellparts.com/,TABLET,https://xcellparts.com/product-category/tablet,5,click,TAB PRO SERIES,https://xcellparts.com/product-category/tablet/tab-pro-series,7,dom-inspection,"TAB PRO 8.4""(T320 / 2014)",https://xcellparts.com/product-category/tablet/tab-pro-series/tab-pro-8-4t320-2014,3,1,3,3,dom-inspection,div#plp-287-16054 > div.xcell-mm__plp-thumbs.xcell-mm__plp-thumbs--flat > a.xcell-mm__plp-thumb,https://xcellparts.com/product-category/tablet/tab-pro-series/tab-pro-8-4t320-2014,False,False,2026-09-07T04:40:13+00:00,,,,,
XCell Parts,https://xcellparts.com/,OTHERS,https://xcellparts.com/product-category/others,6,click,ALCATEL,https://xcellparts.com/product-category/others/alcatel,1,dom-inspection,ALCATEL 1 SERIES,https://xcellparts.com/product-category/others/alcatel/alcatel-1-series,1,1,1,3,dom-inspection,div#split-5023-5061 > a.xcell-mm__plp-group-head,https://xcellparts.com/product-category/others/alcatel/alcatel-1-series,False,False,2026-09-07T04:40:13+00:00,,,,,
XCell Parts,https://xcellparts.com/,OTHERS,https://xcellparts.com/product-category/others,6,click,ALCATEL,https://xcellparts.com/product-category/others/alcatel,1,dom-inspection,1S (6025 / 2021),https://xcellparts.com/product-category/others/alcatel/alcatel-1-series/1s-6025-2021,2,1,2,3,dom-inspection,div#split-5023-5061 > div.xcell-mm__plp-thumbs.xcell-mm__plp-thumbs--flat > a.xcell-mm__plp-thumb,https://xcellparts.com/product-category/others/alcatel/alcatel-1-series/1s-6025-2021,False,False,2026-09-07T04:40:13+00:00,,,,,
XCell Parts,https://xcellparts.com/,OTHERS,https://xcellparts.com/product-category/others,6,click,ALCATEL,https://xcellparts.com/product-category/others/alcatel,1,dom-inspection,1V (5007 / 2020),https://xcellparts.com/product-category/others/alcatel/alcatel-1-series/1v-5007-2020,3,1,3,3,dom-inspection,div#split-5023-5061 > div.xcell-mm__plp-thumbs.xcell-mm__plp-thumbs--flat > a.xcell-mm__plp-thumb,https://xcellparts.com/product-category/others/alcatel/alcatel-1-series/1v-5007-2020,False,False,2026-09-07T04:40:13+00:00,,,,,
XCell Parts,https://xcellparts.com/,OTHERS,https://xcellparts.com/product-category/others,6,click,ALCATEL,https://xcellparts.com/product-category/others/alcatel,1,dom-inspection,1SE (5030 / 2020),https://xcellparts.com/product-category/others/alcatel/alcatel-1-series/1se-5030-2020,4,1,4,3,dom-inspection,div#split-5023-5061 > div.xcell-mm__plp-thumbs.xcell-mm__plp-thumbs--flat > a.xcell-mm__plp-thumb,https://xcellparts.com/product-category/others/alcatel/alcatel-1-series/1se-5030-2020,False,False,2026-09-07T04:40:13+00:00,,,,,
XCell Parts,https://xcellparts.com/,OTHERS,https://xcellparts.com/product-category/others,6,click,ALCATEL,https://xcellparts.com/product-category/others/alcatel,1,dom-inspection,1S (5028 / 2020),https://xcellparts.com/product-category/others/alcatel/alcatel-1-series/1s-5028-2020,5,1,5,3,dom-inspection,div#split-5023-5061 > div.xcell-mm__plp-thumbs.xcell-mm__plp-thumbs--flat > a.xcell-mm__plp-thumb,https://xcellparts.com/product-category/others/alcatel/alcatel-1-series/1s-5028-2020,False,False,2026-09-07T04:40:13+00:00,,,,,
XCell Parts,https://xcellparts.com/,OTHERS,https://xcellparts.com/product-category/others,6,click,ALCATEL,https://xcellparts.com/product-category/others/alcatel,1,dom-inspection,1B (5002 / 2020),https://xcellparts.com/product-category/others/alcatel/alcatel-1-series/1b-5002-2020,6,1,6,3,dom-inspection,div#split-5023-5061 > div.xcell-mm__plp-thumbs.xcell-mm__plp-thumbs--flat > a.xcell-mm__plp-thumb,https://xcellparts.com/product-category/others/alcatel/alcatel-1-series/1b-5002-2020,False,False,2026-09-07T04:40:13+00:00,,,,,
XCell Parts,https://xcellparts.com/,OTHERS,https://xcellparts.com/product-category/others,6,click,ALCATEL,https://xcellparts.com/product-category/others/alcatel,1,dom-inspection,1X (5008 / 2019),https://xcellparts.com/product-category/others/alcatel/alcatel-1-series/1x-5008-2019,7,1,7,3,dom-inspection,div#split-5023-5061 > div.xcell-mm__plp-thumbs.xcell-mm__plp-thumbs--flat > a.xcell-mm__plp-thumb,https://xcellparts.com/product-category/others/alcatel/alcatel-1-series/1x-5008-2019,False,False,2026-09-07T04:40:13+00:00,,,,,
XCell Parts,https://xcellparts.com/,OTHERS,https://xcellparts.com/product-category/others,6,click,ALCATEL,https://xcellparts.com/product-category/others/alcatel,1,dom-inspection,1S (5024 / 2019),https://xcellparts.com/product-category/others/alcatel/alcatel-1-series/1s-5024-2019,8,1,8,3,dom-inspection,div#split-5023-5061 > div.xcell-mm__plp-thumbs.xcell-mm__plp-thumbs--flat > a.xcell-mm__plp-thumb,https://xcellparts.com/product-category/others/alcatel/alcatel-1-series/1s-5024-2019,False,False,2026-09-07T04:40:13+00:00,,,,,
XCell Parts,https://xcellparts.com/,OTHERS,https://xcellparts.com/product-category/others,6,click,ALCATEL,https://xcellparts.com/product-category/others/alcatel,1,dom-inspection,1X (5059 / 2018),https://xcellparts.com/product-category/others/alcatel/alcatel-1-series/1x-5059-2018,9,1,9,3,dom-inspection,div#split-5023-5061 > div.xcell-mm__plp-thumbs.xcell-mm__plp-thumbs--flat > a.xcell-mm__plp-thumb,https://xcellparts.com/product-category/others/alcatel/alcatel-1-series/1x-5059-2018,False,False,2026-09-07T04:40:13+00:00,,,,,
XCell Parts,https://xcellparts.com/,OTHERS,https://xcellparts.com/product-category/others,6,click,ALCATEL,https://xcellparts.com/product-category/others/alcatel,1,dom-inspection,1 (5033 / 2018),https://xcellparts.com/product-category/others/alcatel/alcatel-1-series/1-5033-2018,10,1,10,3,dom-inspection,div#split-5023-5061 > div.xcell-mm__plp-thumbs.xcell-mm__plp-thumbs--flat > a.xcell-mm__plp-thumb,https://xcellparts.com/product-category/others/alcatel/alcatel-1-series/1-5033-2018,False,False,2026-09-07T04:40:13+00:00,,,,,
XCell Parts,https://xcellparts.com/,OTHERS,https://xcellparts.com/product-category/others,6,click,ALCATEL,https://xcellparts.com/product-category/others/alcatel,1,dom-inspection,ALCATEL 3 SERIES,https://xcellparts.com/product-category/others/alcatel/alcatel-3-series,11,2,1,3,dom-inspection,div#split-5023-5062 > a.xcell-mm__plp-group-head,https://xcellparts.com/product-category/others/alcatel/alcatel-3-series,False,False,2026-09-07T04:40:13+00:00,,,,,
XCell Parts,https://xcellparts.com/,OTHERS,https://xcellparts.com/product-category/others,6,click,ALCATEL,https://xcellparts.com/product-category/others/alcatel,1,dom-inspection,3X (5048 / 2019),https://xcellparts.com/product-category/others/alcatel/alcatel-3-series/3x-5048-2019,12,2,2,3,dom-inspection,div#split-5023-5062 > div.xcell-mm__plp-thumbs.xcell-mm__plp-thumbs--flat > a.xcell-mm__plp-thumb,https://xcellparts.com/product-category/others/alcatel/alcatel-3-series/3x-5048-2019,False,False,2026-09-07T04:40:13+00:00,,,,,
XCell Parts,https://xcellparts.com/,OTHERS,https://xcellparts.com/product-category/others,6,click,ALCATEL,https://xcellparts.com/product-category/others/alcatel,1,dom-inspection,3V (5032 / 2019),https://xcellparts.com/product-category/others/alcatel/alcatel-3-series/3v-5032-2019,13,2,3,3,dom-inspection,div#split-5023-5062 > div.xcell-mm__plp-thumbs.xcell-mm__plp-thumbs--flat > a.xcell-mm__plp-thumb,https://xcellparts.com/product-category/others/alcatel/alcatel-3-series/3v-5032-2019,False,False,2026-09-07T04:40:13+00:00,,,,,
XCell Parts,https://xcellparts.com/,OTHERS,https://xcellparts.com/product-category/others,6,click,ALCATEL,https://xcellparts.com/product-category/others/alcatel,1,dom-inspection,3C (5006 / 2019),https://xcellparts.com/product-category/others/alcatel/alcatel-3-series/3c-5006-2019,14,2,4,3,dom-inspection,div#split-5023-5062 > div.xcell-mm__plp-thumbs.xcell-mm__plp-thumbs--flat > a.xcell-mm__plp-thumb,https://xcellparts.com/product-category/others/alcatel/alcatel-3-series/3c-5006-2019,False,False,2026-09-07T04:40:13+00:00,,,,,
XCell Parts,https://xcellparts.com/,OTHERS,https://xcellparts.com/product-category/others,6,click,ALCATEL,https://xcellparts.com/product-category/others/alcatel,1,dom-inspection,3X (5058 / 2018),https://xcellparts.com/product-category/others/alcatel/alcatel-3-series/3x-5058-2018,15,2,5,3,dom-inspection,div#split-5023-5062 > div.xcell-mm__plp-thumbs.xcell-mm__plp-thumbs--flat > a.xcell-mm__plp-thumb,https://xcellparts.com/product-category/others/alcatel/alcatel-3-series/3x-5058-2018,False,False,2026-09-07T04:40:13+00:00,,,,,
XCell Parts,https://xcellparts.com/,OTHERS,https://xcellparts.com/product-category/others,6,click,ALCATEL,https://xcellparts.com/product-category/others/alcatel,1,dom-inspection,3V (5099 / 2018),https://xcellparts.com/product-category/others/alcatel/alcatel-3-series/3v-5099-2018,16,2,6,3,dom-inspection,div#split-5023-5062 > div.xcell-mm__plp-thumbs.xcell-mm__plp-thumbs--flat > a.xcell-mm__plp-thumb,https://xcellparts.com/product-category/others/alcatel/alcatel-3-series/3v-5099-2018,False,False,2026-09-07T04:40:13+00:00,,,,,
XCell Parts,https://xcellparts.com/,OTHERS,https://xcellparts.com/product-category/others,6,click,ALCATEL,https://xcellparts.com/product-category/others/alcatel,1,dom-inspection,3T (9024 / 2018),https://xcellparts.com/product-category/others/alcatel/alcatel-3-series/3t-9024-2018,17,2,7,3,dom-inspection,div#split-5023-5062 > div.xcell-mm__plp-thumbs.xcell-mm__plp-thumbs--flat > a.xcell-mm__plp-thumb,https://xcellparts.com/product-category/others/alcatel/alcatel-3-series/3t-9024-2018,False,False,2026-09-07T04:40:13+00:00,,,,,
XCell Parts,https://xcellparts.com/,OTHERS,https://xcellparts.com/product-category/others,6,click,ALCATEL,https://xcellparts.com/product-category/others/alcatel,1,dom-inspection,3 (5052 / 2018),https://xcellparts.com/product-category/others/alcatel/alcatel-3-series/3-5052-2018,18,2,8,3,dom-inspection,div#split-5023-5062 > div.xcell-mm__plp-thumbs.xcell-mm__plp-thumbs--flat > a.xcell-mm__plp-thumb,https://xcellparts.com/product-category/others/alcatel/alcatel-3-series/3-5052-2018,False,False,2026-09-07T04:40:13+00:00,,,,,
XCell Parts,https://xcellparts.com/,OTHERS,https://xcellparts.com/product-category/others,6,click,ALCATEL,https://xcellparts.com/product-category/others/alcatel,1,dom-inspection,3L (5029 / 2020),https://xcellparts.com/product-category/others/alcatel/alcatel-3-series/3l-5029-2020,19,2,9,3,dom-inspection,div#split-5023-5062 > div.xcell-mm__plp-thumbs.xcell-mm__plp-thumbs--flat > a.xcell-mm__plp-thumb,https://xcellparts.com/product-category/others/alcatel/alcatel-3-series/3l-5029-2020,False,False,2026-09-07T04:40:13+00:00,,,,,
XCell Parts,https://xcellparts.com/,OTHERS,https://xcellparts.com/product-category/others,6,click,ALCATEL,https://xcellparts.com/product-category/others/alcatel,1,dom-inspection,ALCATEL OTHERS SERIES,https://xcellparts.com/product-category/others/alcatel/alcatel-others-series,20,3,1,3,dom-inspection,div#split-5023-5063 > a.xcell-mm__plp-group-head,https://xcellparts.com/product-category/others/alcatel/alcatel-others-series,False,False,2026-09-07T04:40:13+00:00,,,,,
XCell Parts,https://xcellparts.com/,OTHERS,https://xcellparts.com/product-category/others,6,click,ALCATEL,https://xcellparts.com/product-category/others/alcatel,1,dom-inspection,7 (6062 / 2018),https://xcellparts.com/product-category/others/alcatel/alcatel-others-series/7-6062-2018,21,3,2,3,dom-inspection,div#split-5023-5063 > div.xcell-mm__plp-thumbs.xcell-mm__plp-thumbs--flat > a.xcell-mm__plp-thumb,https://xcellparts.com/product-category/others/alcatel/alcatel-others-series/7-6062-2018,False,False,2026-09-07T04:40:13+00:00,,,,,
XCell Parts,https://xcellparts.com/,OTHERS,https://xcellparts.com/product-category/others,6,click,ALCATEL,https://xcellparts.com/product-category/others/alcatel,1,dom-inspection,REVVL 2 (2018),https://xcellparts.com/product-category/others/alcatel/alcatel-others-series/revvl-2-2018,22,3,3,3,dom-inspection,div#split-5023-5063 > div.xcell-mm__plp-thumbs.xcell-mm__plp-thumbs--flat > a.xcell-mm__plp-thumb,https://xcellparts.com/product-category/others/alcatel/alcatel-others-series/revvl-2-2018,False,False,2026-09-07T04:40:13+00:00,,,,,
XCell Parts,https://xcellparts.com/,OTHERS,https://xcellparts.com/product-category/others,6,click,ALCATEL,https://xcellparts.com/product-category/others/alcatel,1,dom-inspection,TETRA (5041C / 2018),https://xcellparts.com/product-category/others/alcatel/alcatel-others-series/tetra-5041c-2018,23,3,4,3,dom-inspection,div#split-5023-5063 > div.xcell-mm__plp-thumbs.xcell-mm__plp-thumbs--flat > a.xcell-mm__plp-thumb,https://xcellparts.com/product-category/others/alcatel/alcatel-others-series/tetra-5041c-2018,False,False,2026-09-07T04:40:13+00:00,,,,,
XCell Parts,https://xcellparts.com/,OTHERS,https://xcellparts.com/product-category/others,6,click,ALCATEL,https://xcellparts.com/product-category/others/alcatel,1,dom-inspection,A30 FIERCE (5049 / 2017),https://xcellparts.com/product-category/others/alcatel/alcatel-others-series/a30-fierce-5049-2017,24,3,5,3,dom-inspection,div#split-5023-5063 > div.xcell-mm__plp-thumbs.xcell-mm__plp-thumbs--flat > a.xcell-mm__plp-thumb,https://xcellparts.com/product-category/others/alcatel/alcatel-others-series/a30-fierce-5049-2017,False,False,2026-09-07T04:40:13+00:00,,,,,
XCell Parts,https://xcellparts.com/,OTHERS,https://xcellparts.com/product-category/others,6,click,ALCATEL,https://xcellparts.com/product-category/others/alcatel,1,dom-inspection,A3 (5046 / 2017),https://xcellparts.com/product-category/others/alcatel/alcatel-others-series/a3-5046-2017,25,3,6,3,dom-inspection,div#split-5023-5063 > div.xcell-mm__plp-thumbs.xcell-mm__plp-thumbs--flat > a.xcell-mm__plp-thumb,https://xcellparts.com/product-category/others/alcatel/alcatel-others-series/a3-5046-2017,False,False,2026-09-07T04:40:13+00:00,,,,,
XCell Parts,https://xcellparts.com/,OTHERS,https://xcellparts.com/product-category/others,6,click,ALCATEL,https://xcellparts.com/product-category/others/alcatel,1,dom-inspection,IDOL 5 (2017),https://xcellparts.com/product-category/others/alcatel/alcatel-others-series/idol-5-2017,26,3,7,3,dom-inspection,div#split-5023-5063 > div.xcell-mm__plp-thumbs.xcell-mm__plp-thumbs--flat > a.xcell-mm__plp-thumb,https://xcellparts.com/product-category/others/alcatel/alcatel-others-series/idol-5-2017,False,False,2026-09-07T04:40:13+00:00,,,,,
XCell Parts,https://xcellparts.com/,OTHERS,https://xcellparts.com/product-category/others,6,click,ALCATEL,https://xcellparts.com/product-category/others/alcatel,1,dom-inspection,IDOL 4S (6070 / 2016),https://xcellparts.com/product-category/others/alcatel/alcatel-others-series/idol-4s-6070-2016,27,3,8,3,dom-inspection,div#split-5023-5063 > div.xcell-mm__plp-thumbs.xcell-mm__plp-thumbs--flat > a.xcell-mm__plp-thumb,https://xcellparts.com/product-category/others/alcatel/alcatel-others-series/idol-4s-6070-2016,False,False,2026-09-07T04:40:13+00:00,,,,,
XCell Parts,https://xcellparts.com/,OTHERS,https://xcellparts.com/product-category/others,6,click,ALCATEL,https://xcellparts.com/product-category/others/alcatel,1,dom-inspection,IDOL 4 (6055 / 2016),https://xcellparts.com/product-category/others/alcatel/alcatel-others-series/idol-4-6055-2016,28,3,9,3,dom-inspection,div#split-5023-5063 > div.xcell-mm__plp-thumbs.xcell-mm__plp-thumbs--flat > a.xcell-mm__plp-thumb,https://xcellparts.com/product-category/others/alcatel/alcatel-others-series/idol-4-6055-2016,False,False,2026-09-07T04:40:13+00:00,,,,,
XCell Parts,https://xcellparts.com/,OTHERS,https://xcellparts.com/product-category/others,6,click,ALCATEL,https://xcellparts.com/product-category/others/alcatel,1,dom-inspection,FIERCE XL (5054 / 2016),https://xcellparts.com/product-category/others/alcatel/alcatel-others-series/fierce-xl-5054-2016,29,3,10,3,dom-inspection,div#split-5023-5063 > div.xcell-mm__plp-thumbs.xcell-mm__plp-thumbs--flat > a.xcell-mm__plp-thumb,https://xcellparts.com/product-category/others/alcatel/alcatel-others-series/fierce-xl-5054-2016,False,False,2026-09-07T04:40:13+00:00,,,,,
XCell Parts,https://xcellparts.com/,OTHERS,https://xcellparts.com/product-category/others,6,click,ALCATEL,https://xcellparts.com/product-category/others/alcatel,1,dom-inspection,IDOL 3 (6045 / 2015),https://xcellparts.com/product-category/others/alcatel/alcatel-others-series/idol-3-6045-2015,30,3,11,3,dom-inspection,div#split-5023-5063 > div.xcell-mm__plp-thumbs.xcell-mm__plp-thumbs--flat > a.xcell-mm__plp-thumb,https://xcellparts.com/product-category/others/alcatel/alcatel-others-series/idol-3-6045-2015,False,False,2026-09-07T04:40:13+00:00,,,,,
XCell Parts,https://xcellparts.com/,OTHERS,https://xcellparts.com/product-category/others,6,click,ALCATEL,https://xcellparts.com/product-category/others/alcatel,1,dom-inspection,POP 2 (5042 / 2014),https://xcellparts.com/product-category/others/alcatel/alcatel-others-series/pop-2-5042-2014,31,3,12,3,dom-inspection,div#split-5023-5063 > div.xcell-mm__plp-thumbs.xcell-mm__plp-thumbs--flat > a.xcell-mm__plp-thumb,https://xcellparts.com/product-category/others/alcatel/alcatel-others-series/pop-2-5042-2014,False,False,2026-09-07T04:40:13+00:00,,,,,
XCell Parts,https://xcellparts.com/,OTHERS,https://xcellparts.com/product-category/others,6,click,ALCATEL,https://xcellparts.com/product-category/others/alcatel,1,dom-inspection,ALCATEL TAB SERIES,https://xcellparts.com/product-category/others/alcatel/alcatel-tab-series,32,4,1,3,dom-inspection,div#split-5023-5064 > a.xcell-mm__plp-group-head,https://xcellparts.com/product-category/others/alcatel/alcatel-tab-series,False,False,2026-09-07T04:40:13+00:00,,,,,
XCell Parts,https://xcellparts.com/,OTHERS,https://xcellparts.com/product-category/others,6,click,ALCATEL,https://xcellparts.com/product-category/others/alcatel,1,dom-inspection,JOY TAB 2 (9032 / 2020),https://xcellparts.com/product-category/others/alcatel/alcatel-tab-series/joy-tab-2-9032-2020,33,4,2,3,dom-inspection,div#split-5023-5064 > div.xcell-mm__plp-thumbs.xcell-mm__plp-thumbs--flat > a.xcell-mm__plp-thumb,https://xcellparts.com/product-category/others/alcatel/alcatel-tab-series/joy-tab-2-9032-2020,False,False,2026-09-07T04:40:13+00:00,,,,,
XCell Parts,https://xcellparts.com/,OTHERS,https://xcellparts.com/product-category/others,6,click,ALCATEL,https://xcellparts.com/product-category/others/alcatel,1,dom-inspection,JOY TAB (9029 / 2019),https://xcellparts.com/product-category/others/alcatel/alcatel-tab-series/joy-tab-9029-2019,34,4,3,3,dom-inspection,div#split-5023-5064 > div.xcell-mm__plp-thumbs.xcell-mm__plp-thumbs--flat > a.xcell-mm__plp-thumb,https://xcellparts.com/product-category/others/alcatel/alcatel-tab-series/joy-tab-9029-2019,False,False,2026-09-07T04:40:13+00:00,,,,,
XCell Parts,https://xcellparts.com/,OTHERS,https://xcellparts.com/product-category/others,6,click,ALCATEL,https://xcellparts.com/product-category/others/alcatel,1,dom-inspection,JOY TAB 3T 8.0 (9027 / 2018),https://xcellparts.com/product-category/others/alcatel/alcatel-tab-series/joy-tab-3t-8-0-9027-2018,35,4,4,3,dom-inspection,div#split-5023-5064 > div.xcell-mm__plp-thumbs.xcell-mm__plp-thumbs--flat > a.xcell-mm__plp-thumb,https://xcellparts.com/product-category/others/alcatel/alcatel-tab-series/joy-tab-3t-8-0-9027-2018,False,False,2026-09-07T04:40:13+00:00,,,,,
XCell Parts,https://xcellparts.com/,OTHERS,https://xcellparts.com/product-category/others,6,click,ALCATEL,https://xcellparts.com/product-category/others/alcatel,1,dom-inspection,TREK HD TAB (9020 / 2015),https://xcellparts.com/product-category/others/alcatel/alcatel-tab-series/trek-hd-tab-9020-2015,36,4,5,3,dom-inspection,div#split-5023-5064 > div.xcell-mm__plp-thumbs.xcell-mm__plp-thumbs--flat > a.xcell-mm__plp-thumb,https://xcellparts.com/product-category/others/alcatel/alcatel-tab-series/trek-hd-tab-9020-2015,False,False,2026-09-07T04:40:13+00:00,,,,,
XCell Parts,https://xcellparts.com/,OTHERS,https://xcellparts.com/product-category/others,6,click,ALCATEL,https://xcellparts.com/product-category/others/alcatel,1,dom-inspection,TAB PIXI 7 (9006 / 2014),https://xcellparts.com/product-category/others/alcatel/alcatel-tab-series/tab-pixi-7-9006-2014,37,4,6,3,dom-inspection,div#split-5023-5064 > div.xcell-mm__plp-thumbs.xcell-mm__plp-thumbs--flat > a.xcell-mm__plp-thumb,https://xcellparts.com/product-category/others/alcatel/alcatel-tab-series/tab-pixi-7-9006-2014,False,False,2026-09-07T04:40:13+00:00,,,,,
XCell Parts,https://xcellparts.com/,OTHERS,https://xcellparts.com/product-category/others,6,click,AMAZON,https://xcellparts.com/product-category/others/amazon,2,dom-inspection,HD FIRE MAX 11 2023,https://xcellparts.com/product-category/others/amazon/hd-fire-max-11-2023,1,1,1,3,dom-inspection,div#plp-3672-5024 > div.xcell-mm__plp-thumbs.xcell-mm__plp-thumbs--flat > a.xcell-mm__plp-thumb,https://xcellparts.com/product-category/others/amazon/hd-fire-max-11-2023,False,False,2026-09-07T04:40:13+00:00,,,,,
XCell Parts,https://xcellparts.com/,OTHERS,https://xcellparts.com/product-category/others,6,click,AMAZON,https://xcellparts.com/product-category/others/amazon,2,dom-inspection,HD 10 2023,https://xcellparts.com/product-category/others/amazon/hd-10-2023,2,1,2,3,dom-inspection,div#plp-3672-5024 > div.xcell-mm__plp-thumbs.xcell-mm__plp-thumbs--flat > a.xcell-mm__plp-thumb,https://xcellparts.com/product-category/others/amazon/hd-10-2023,False,False,2026-09-07T04:40:13+00:00,,,,,
XCell Parts,https://xcellparts.com/,OTHERS,https://xcellparts.com/product-category/others,6,click,AMAZON,https://xcellparts.com/product-category/others/amazon,2,dom-inspection,HD 10 2021,https://xcellparts.com/product-category/others/amazon/hd-10-2021,3,1,3,3,dom-inspection,div#plp-3672-5024 > div.xcell-mm__plp-thumbs.xcell-mm__plp-thumbs--flat > a.xcell-mm__plp-thumb,https://xcellparts.com/product-category/others/amazon/hd-10-2021,False,False,2026-09-07T04:40:13+00:00,,,,,
XCell Parts,https://xcellparts.com/,OTHERS,https://xcellparts.com/product-category/others,6,click,AMAZON,https://xcellparts.com/product-category/others/amazon,2,dom-inspection,HD 10 2019,https://xcellparts.com/product-category/others/amazon/hd-10-2019,4,1,4,3,dom-inspection,div#plp-3672-5024 > div.xcell-mm__plp-thumbs.xcell-mm__plp-thumbs--flat > a.xcell-mm__plp-thumb,https://xcellparts.com/product-category/others/amazon/hd-10-2019,False,False,2026-09-07T04:40:13+00:00,,,,,
XCell Parts,https://xcellparts.com/,OTHERS,https://xcellparts.com/product-category/others,6,click,AMAZON,https://xcellparts.com/product-category/others/amazon,2,dom-inspection,HD 10 2017,https://xcellparts.com/product-category/others/amazon/hd-10-2017,5,1,5,3,dom-inspection,div#plp-3672-5024 > div.xcell-mm__plp-thumbs.xcell-mm__plp-thumbs--flat > a.xcell-mm__plp-thumb,https://xcellparts.com/product-category/others/amazon/hd-10-2017,False,False,2026-09-07T04:40:13+00:00,,,,,
XCell Parts,https://xcellparts.com/,OTHERS,https://xcellparts.com/product-category/others,6,click,AMAZON,https://xcellparts.com/product-category/others/amazon,2,dom-inspection,HD 10 2015,https://xcellparts.com/product-category/others/amazon/hd-10-2015,6,1,6,3,dom-inspection,div#plp-3672-5024 > div.xcell-mm__plp-thumbs.xcell-mm__plp-thumbs--flat > a.xcell-mm__plp-thumb,https://xcellparts.com/product-category/others/amazon/hd-10-2015,False,False,2026-09-07T04:40:13+00:00,,,,,
XCell Parts,https://xcellparts.com/,OTHERS,https://xcellparts.com/product-category/others,6,click,AMAZON,https://xcellparts.com/product-category/others/amazon,2,dom-inspection,HD 8 2022,https://xcellparts.com/product-category/others/amazon/hd-8-2022,7,1,7,3,dom-inspection,div#plp-3672-5024 > div.xcell-mm__plp-thumbs.xcell-mm__plp-thumbs--flat > a.xcell-mm__plp-thumb,https://xcellparts.com/product-category/others/amazon/hd-8-2022,False,False,2026-09-07T04:40:13+00:00,,,,,
XCell Parts,https://xcellparts.com/,OTHERS,https://xcellparts.com/product-category/others,6,click,AMAZON,https://xcellparts.com/product-category/others/amazon,2,dom-inspection,HD 8 2020,https://xcellparts.com/product-category/others/amazon/hd-8-2020,8,1,8,3,dom-inspection,div#plp-3672-5024 > div.xcell-mm__plp-thumbs.xcell-mm__plp-thumbs--flat > a.xcell-mm__plp-thumb,https://xcellparts.com/product-category/others/amazon/hd-8-2020,False,False,2026-09-07T04:40:13+00:00,,,,,
XCell Parts,https://xcellparts.com/,OTHERS,https://xcellparts.com/product-category/others,6,click,AMAZON,https://xcellparts.com/product-category/others/amazon,2,dom-inspection,HD 8 2018,https://xcellparts.com/product-category/others/amazon/hd-8-2018,9,1,9,3,dom-inspection,div#plp-3672-5024 > div.xcell-mm__plp-thumbs.xcell-mm__plp-thumbs--flat > a.xcell-mm__plp-thumb,https://xcellparts.com/product-category/others/amazon/hd-8-2018,False,False,2026-09-07T04:40:13+00:00,,,,,
XCell Parts,https://xcellparts.com/,OTHERS,https://xcellparts.com/product-category/others,6,click,AMAZON,https://xcellparts.com/product-category/others/amazon,2,dom-inspection,HD 8 2017,https://xcellparts.com/product-category/others/amazon/hd-8-2017,10,1,10,3,dom-inspection,div#plp-3672-5024 > div.xcell-mm__plp-thumbs.xcell-mm__plp-thumbs--flat > a.xcell-mm__plp-thumb,https://xcellparts.com/product-category/others/amazon/hd-8-2017,False,False,2026-09-07T04:40:13+00:00,,,,,
XCell Parts,https://xcellparts.com/,OTHERS,https://xcellparts.com/product-category/others,6,click,AMAZON,https://xcellparts.com/product-category/others/amazon,2,dom-inspection,HD 8 2016,https://xcellparts.com/product-category/others/amazon/hd-8-2016,11,1,11,3,dom-inspection,div#plp-3672-5024 > div.xcell-mm__plp-thumbs.xcell-mm__plp-thumbs--flat > a.xcell-mm__plp-thumb,https://xcellparts.com/product-category/others/amazon/hd-8-2016,False,False,2026-09-07T04:40:13+00:00,,,,,
XCell Parts,https://xcellparts.com/,OTHERS,https://xcellparts.com/product-category/others,6,click,AMAZON,https://xcellparts.com/product-category/others/amazon,2,dom-inspection,HD 8 2015,https://xcellparts.com/product-category/others/amazon/hd-8-2015,12,1,12,3,dom-inspection,div#plp-3672-5024 > div.xcell-mm__plp-thumbs.xcell-mm__plp-thumbs--flat > a.xcell-mm__plp-thumb,https://xcellparts.com/product-category/others/amazon/hd-8-2015,False,False,2026-09-07T04:40:13+00:00,,,,,
XCell Parts,https://xcellparts.com/,OTHERS,https://xcellparts.com/product-category/others,6,click,AMAZON,https://xcellparts.com/product-category/others/amazon,2,dom-inspection,HD 7 2019,https://xcellparts.com/product-category/others/amazon/hd-7-2019,13,1,13,3,dom-inspection,div#plp-3672-5024 > div.xcell-mm__plp-thumbs.xcell-mm__plp-thumbs--flat > a.xcell-mm__plp-thumb,https://xcellparts.com/product-category/others/amazon/hd-7-2019,False,False,2026-09-07T04:40:13+00:00,,,,,
XCell Parts,https://xcellparts.com/,OTHERS,https://xcellparts.com/product-category/others,6,click,AMAZON,https://xcellparts.com/product-category/others/amazon,2,dom-inspection,HD 7 2017,https://xcellparts.com/product-category/others/amazon/hd-7-2017,14,1,14,3,dom-inspection,div#plp-3672-5024 > div.xcell-mm__plp-thumbs.xcell-mm__plp-thumbs--flat > a.xcell-mm__plp-thumb,https://xcellparts.com/product-category/others/amazon/hd-7-2017,False,False,2026-09-07T04:40:13+00:00,,,,,
XCell Parts,https://xcellparts.com/,OTHERS,https://xcellparts.com/product-category/others,6,click,AMAZON,https://xcellparts.com/product-category/others/amazon,2,dom-inspection,HD 7 2015,https://xcellparts.com/product-category/others/amazon/hd-7-2015,15,1,15,3,dom-inspection,div#plp-3672-5024 > div.xcell-mm__plp-thumbs.xcell-mm__plp-thumbs--flat > a.xcell-mm__plp-thumb,https://xcellparts.com/product-category/others/amazon/hd-7-2015,False,False,2026-09-07T04:40:13+00:00,,,,,
XCell Parts,https://xcellparts.com/,OTHERS,https://xcellparts.com/product-category/others,6,click,AMAZON,https://xcellparts.com/product-category/others/amazon,2,dom-inspection,HD 7 2013,https://xcellparts.com/product-category/others/amazon/hd-7-2013,16,1,16,3,dom-inspection,div#plp-3672-5024 > div.xcell-mm__plp-thumbs.xcell-mm__plp-thumbs--flat > a.xcell-mm__plp-thumb,https://xcellparts.com/product-category/others/amazon/hd-7-2013,False,False,2026-09-07T04:40:13+00:00,,,,,
XCell Parts,https://xcellparts.com/,OTHERS,https://xcellparts.com/product-category/others,6,click,AMAZON,https://xcellparts.com/product-category/others/amazon,2,dom-inspection,HDX 8.9 2013,https://xcellparts.com/product-category/others/amazon/hdx-8-9-2013,17,1,17,3,dom-inspection,div#plp-3672-5024 > div.xcell-mm__plp-thumbs.xcell-mm__plp-thumbs--flat > a.xcell-mm__plp-thumb,https://xcellparts.com/product-category/others/amazon/hdx-8-9-2013,False,False,2026-09-07T04:40:13+00:00,,,,,
XCell Parts,https://xcellparts.com/,OTHERS,https://xcellparts.com/product-category/others,6,click,AMAZON,https://xcellparts.com/product-category/others/amazon,2,dom-inspection,HDX 7 2013,https://xcellparts.com/product-category/others/amazon/hdx-7-2013,18,1,18,3,dom-inspection,div#plp-3672-5024 > div.xcell-mm__plp-thumbs.xcell-mm__plp-thumbs--flat > a.xcell-mm__plp-thumb,https://xcellparts.com/product-category/others/amazon/hdx-7-2013,False,False,2026-09-07T04:40:13+00:00,,,,,
XCell Parts,https://xcellparts.com/,OTHERS,https://xcellparts.com/product-category/others,6,click,ASUS,https://xcellparts.com/product-category/others/asus,3,dom-inspection,ASUS NEXUS,https://xcellparts.com/product-category/others/asus/asus-nexus,1,1,1,3,dom-inspection,div#plp-3672-5025 > div.xcell-mm__plp-series > div.xcell-mm__plp-group > a.xcell-mm__plp-group-head,https://xcellparts.com/product-category/others/asus/asus-nexus,False,False,2026-09-07T04:40:13+00:00,,,,,
XCell Parts,https://xcellparts.com/,OTHERS,https://xcellparts.com/product-category/others,6,click,ASUS,https://xcellparts.com/product-category/others/asus,3,dom-inspection,ASUS NEXUS 7 2,https://xcellparts.com/product-category/others/asus/asus-nexus/asus-nexus-7-2,2,1,2,3,dom-inspection,div#plp-3672-5025 > div.xcell-mm__plp-series > div.xcell-mm__plp-group > div.xcell-mm__plp-thumbs.xcell-mm__plp-thumbs--flat > a.xcell-mm__plp-thumb,https://xcellparts.com/product-category/others/asus/asus-nexus/asus-nexus-7-2,False,False,2026-09-07T04:40:13+00:00,,,,,
XCell Parts,https://xcellparts.com/,OTHERS,https://xcellparts.com/product-category/others,6,click,ASUS,https://xcellparts.com/product-category/others/asus,3,dom-inspection,ASUS NEXUS 7 1,https://xcellparts.com/product-category/others/asus/asus-nexus/asus-nexus-7-1,3,1,3,3,dom-inspection,div#plp-3672-5025 > div.xcell-mm__plp-series > div.xcell-mm__plp-group > div.xcell-mm__plp-thumbs.xcell-mm__plp-thumbs--flat > a.xcell-mm__plp-thumb,https://xcellparts.com/product-category/others/asus/asus-nexus/asus-nexus-7-1,False,False,2026-09-07T04:40:13+00:00,,,,,
XCell Parts,https://xcellparts.com/,OTHERS,https://xcellparts.com/product-category/others,6,click,ASUS,https://xcellparts.com/product-category/others/asus,3,dom-inspection,ASUS ZENFONE SERIES,https://xcellparts.com/product-category/others/asus/asus-zenfone-series,4,1,4,3,dom-inspection,div#plp-3672-5025 > div.xcell-mm__plp-series > div.xcell-mm__plp-group > a.xcell-mm__plp-group-head,https://xcellparts.com/product-category/others/asus/asus-zenfone-series,False,False,2026-09-07T04:40:13+00:00,,,,,
XCell Parts,https://xcellparts.com/,OTHERS,https://xcellparts.com/product-category/others,6,click,ASUS,https://xcellparts.com/product-category/others/asus,3,dom-inspection,ZENFONE V,https://xcellparts.com/product-category/others/asus/asus-zenfone-series/zenfone-v,5,1,5,3,dom-inspection,div#plp-3672-5025 > div.xcell-mm__plp-series > div.xcell-mm__plp-group > div.xcell-mm__plp-thumbs.xcell-mm__plp-thumbs--flat > a.xcell-mm__plp-thumb,https://xcellparts.com/product-category/others/asus/asus-zenfone-series/zenfone-v,False,False,2026-09-07T04:40:13+00:00,,,,,
XCell Parts,https://xcellparts.com/,OTHERS,https://xcellparts.com/product-category/others,6,click,ASUS,https://xcellparts.com/product-category/others/asus,3,dom-inspection,ASUS ZENPAD SERIES,https://xcellparts.com/product-category/others/asus/asus-zenpad-series,6,1,6,3,dom-inspection,div#plp-3672-5025 > div.xcell-mm__plp-series > div.xcell-mm__plp-group > a.xcell-mm__plp-group-head,https://xcellparts.com/product-category/others/asus/asus-zenpad-series,False,False,2026-09-07T04:40:13+00:00,,,,,
XCell Parts,https://xcellparts.com/,OTHERS,https://xcellparts.com/product-category/others,6,click,ASUS,https://xcellparts.com/product-category/others/asus,3,dom-inspection,ZENPAD 3S 10 WIFI,https://xcellparts.com/product-category/others/asus/asus-zenpad-series/zenpad-3s-10-wifi,7,1,7,3,dom-inspection,div#plp-3672-5025 > div.xcell-mm__plp-series > div.xcell-mm__plp-group > div.xcell-mm__plp-thumbs.xcell-mm__plp-thumbs--flat > a.xcell-mm__plp-thumb,https://xcellparts.com/product-category/others/asus/asus-zenpad-series/zenpad-3s-10-wifi,False,False,2026-09-07T04:40:13+00:00,,,,,
XCell Parts,https://xcellparts.com/,OTHERS,https://xcellparts.com/product-category/others,6,click,ASUS,https://xcellparts.com/product-category/others/asus,3,dom-inspection,ZENPAD Z10,https://xcellparts.com/product-category/others/asus/asus-zenpad-series/zenpad-z10,8,1,8,3,dom-inspection,div#plp-3672-5025 > div.xcell-mm__plp-series > div.xcell-mm__plp-group > div.xcell-mm__plp-thumbs.xcell-mm__plp-thumbs--flat > a.xcell-mm__plp-thumb,https://xcellparts.com/product-category/others/asus/asus-zenpad-series/zenpad-z10,False,False,2026-09-07T04:40:13+00:00,,,,,
XCell Parts,https://xcellparts.com/,OTHERS,https://xcellparts.com/product-category/others,6,click,ASUS,https://xcellparts.com/product-category/others/asus,3,dom-inspection,ZENPAD Z10 LTE,https://xcellparts.com/product-category/others/asus/asus-zenpad-series/zenpad-z10-lte,9,1,9,3,dom-inspection,div#plp-3672-5025 > div.xcell-mm__plp-series > div.xcell-mm__plp-group > div.xcell-mm__plp-thumbs.xcell-mm__plp-thumbs--flat > a.xcell-mm__plp-thumb,https://xcellparts.com/product-category/others/asus/asus-zenpad-series/zenpad-z10-lte,False,False,2026-09-07T04:40:13+00:00,,,,,
XCell Parts,https://xcellparts.com/,OTHERS,https://xcellparts.com/product-category/others,6,click,ASUS,https://xcellparts.com/product-category/others/asus,3,dom-inspection,ZENPAD Z8,https://xcellparts.com/product-category/others/asus/asus-zenpad-series/zenpad-z8,10,1,10,3,dom-inspection,div#plp-3672-5025 > div.xcell-mm__plp-series > div.xcell-mm__plp-group > div.xcell-mm__plp-thumbs.xcell-mm__plp-thumbs--flat > a.xcell-mm__plp-thumb,https://xcellparts.com/product-category/others/asus/asus-zenpad-series/zenpad-z8,False,False,2026-09-07T04:40:13+00:00,,,,,
XCell Parts,https://xcellparts.com/,OTHERS,https://xcellparts.com/product-category/others,6,click,ASUS,https://xcellparts.com/product-category/others/asus,3,dom-inspection,ZENPAD Z8S,https://xcellparts.com/product-category/others/asus/asus-zenpad-series/zenpad-z8s,11,1,11,3,dom-inspection,div#plp-3672-5025 > div.xcell-mm__plp-series > div.xcell-mm__plp-group > div.xcell-mm__plp-thumbs.xcell-mm__plp-thumbs--flat > a.xcell-mm__plp-thumb,https://xcellparts.com/product-category/others/asus/asus-zenpad-series/zenpad-z8s,False,False,2026-09-07T04:40:13+00:00,,,,,
XCell Parts,https://xcellparts.com/,OTHERS,https://xcellparts.com/product-category/others,6,click,AT&T,https://xcellparts.com/product-category/others/att,4,dom-inspection,AT&T MOTIVATE PRO 2 5G,https://xcellparts.com/product-category/others/att/att-motivate-pro-2-5g,1,1,1,3,dom-inspection,div#plp-3672-39151 > div.xcell-mm__plp-thumbs.xcell-mm__plp-thumbs--flat > a.xcell-mm__plp-thumb,https://xcellparts.com/product-category/others/att/att-motivate-pro-2-5g,False,False,2026-09-07T04:40:13+00:00,,,,,
XCell Parts,https://xcellparts.com/,OTHERS,https://xcellparts.com/product-category/others,6,click,AT&T,https://xcellparts.com/product-category/others/att,4,dom-inspection,AT&T MOTIVATE MAX,https://xcellparts.com/product-category/others/att/att-motivate-max,2,1,2,3,dom-inspection,div#plp-3672-39151 > div.xcell-mm__plp-thumbs.xcell-mm__plp-thumbs--flat > a.xcell-mm__plp-thumb,https://xcellparts.com/product-category/others/att/att-motivate-max,False,False,2026-09-07T04:40:13+00:00,,,,,
XCell Parts,https://xcellparts.com/,OTHERS,https://xcellparts.com/product-category/others,6,click,AT&T,https://xcellparts.com/product-category/others/att,4,dom-inspection,AT&T INSIGHT,https://xcellparts.com/product-category/others/att/att-insight,3,1,3,3,dom-inspection,div#plp-3672-39151 > div.xcell-mm__plp-thumbs.xcell-mm__plp-thumbs--flat > a.xcell-mm__plp-thumb,https://xcellparts.com/product-category/others/att/att-insight,False,False,2026-09-07T04:40:13+00:00,,,,,
XCell Parts,https://xcellparts.com/,OTHERS,https://xcellparts.com/product-category/others,6,click,AT&T,https://xcellparts.com/product-category/others/att,4,dom-inspection,AT&T MAESTRO PLUS,https://xcellparts.com/product-category/others/att/att-maestro-plus,4,1,4,3,dom-inspection,div#plp-3672-39151 > div.xcell-mm__plp-thumbs.xcell-mm__plp-thumbs--flat > a.xcell-mm__plp-thumb,https://xcellparts.com/product-category/others/att/att-maestro-plus,False,False,2026-09-07T04:40:13+00:00,,,,,
XCell Parts,https://xcellparts.com/,OTHERS,https://xcellparts.com/product-category/others,6,click,AT&T,https://xcellparts.com/product-category/others/att,4,dom-inspection,AT&T RADIANT MAX,https://xcellparts.com/product-category/others/att/att-radiant-max,5,1,5,3,dom-inspection,div#plp-3672-39151 > div.xcell-mm__plp-thumbs.xcell-mm__plp-thumbs--flat > a.xcell-mm__plp-thumb,https://xcellparts.com/product-category/others/att/att-radiant-max,False,False,2026-09-07T04:40:13+00:00,,,,,
XCell Parts,https://xcellparts.com/,OTHERS,https://xcellparts.com/product-category/others,6,click,AT&T,https://xcellparts.com/product-category/others/att,4,dom-inspection,AT&T MOTIVATE 3,https://xcellparts.com/product-category/others/att/att-motivate-3,6,1,6,3,dom-inspection,div#plp-3672-39151 > div.xcell-mm__plp-thumbs.xcell-mm__plp-thumbs--flat > a.xcell-mm__plp-thumb,https://xcellparts.com/product-category/others/att/att-motivate-3,False,False,2026-09-07T04:40:13+00:00,,,,,
XCell Parts,https://xcellparts.com/,OTHERS,https://xcellparts.com/product-category/others,6,click,AT&T,https://xcellparts.com/product-category/others/att,4,dom-inspection,AT&T MAESTRO 3,https://xcellparts.com/product-category/others/att/att-maestro-3,7,1,7,3,dom-inspection,div#plp-3672-39151 > div.xcell-mm__plp-thumbs.xcell-mm__plp-thumbs--flat > a.xcell-mm__plp-thumb,https://xcellparts.com/product-category/others/att/att-maestro-3,False,False,2026-09-07T04:40:13+00:00,,,,,
XCell Parts,https://xcellparts.com/,OTHERS,https://xcellparts.com/product-category/others,6,click,BOOST MOBILE,https://xcellparts.com/product-category/others/boost-mobile,5,dom-inspection,CELERO 5G SC (2024),https://xcellparts.com/product-category/others/boost-mobile/celero-5g-sc-2024,1,1,1,3,dom-inspection,div#plp-3672-5028 > div.xcell-mm__plp-thumbs.xcell-mm__plp-thumbs--flat > a.xcell-mm__plp-thumb,https://xcellparts.com/product-category/others/boost-mobile/celero-5g-sc-2024,False,False,2026-09-07T04:40:13+00:00,,,,,
XCell Parts,https://xcellparts.com/,OTHERS,https://xcellparts.com/product-category/others,6,click,BOOST MOBILE,https://xcellparts.com/product-category/others/boost-mobile,5,dom-inspection,CELERO 5G PLUS (2024),https://xcellparts.com/product-category/others/boost-mobile/celero-5g-plus-2024,2,1,2,3,dom-inspection,div#plp-3672-5028 > div.xcell-mm__plp-thumbs.xcell-mm__plp-thumbs--flat > a.xcell-mm__plp-thumb,https://xcellparts.com/product-category/others/boost-mobile/celero-5g-plus-2024,False,False,2026-09-07T04:40:13+00:00,,,,,
XCell Parts,https://xcellparts.com/,OTHERS,https://xcellparts.com/product-category/others,6,click,BOOST MOBILE,https://xcellparts.com/product-category/others/boost-mobile,5,dom-inspection,CELERO 5G (2024),https://xcellparts.com/product-category/others/boost-mobile/celero-5g-2024,3,1,3,3,dom-inspection,div#plp-3672-5028 > div.xcell-mm__plp-thumbs.xcell-mm__plp-thumbs--flat > a.xcell-mm__plp-thumb,https://xcellparts.com/product-category/others/boost-mobile/celero-5g-2024,False,False,2026-09-07T04:40:13+00:00,,,,,
XCell Parts,https://xcellparts.com/,OTHERS,https://xcellparts.com/product-category/others,6,click,BOOST MOBILE,https://xcellparts.com/product-category/others/boost-mobile,5,dom-inspection,CELERO 5G PLUS (2023),https://xcellparts.com/product-category/others/boost-mobile/celero-5g-plus-2023,4,1,4,3,dom-inspection,div#plp-3672-5028 > div.xcell-mm__plp-thumbs.xcell-mm__plp-thumbs--flat > a.xcell-mm__plp-thumb,https://xcellparts.com/product-category/others/boost-mobile/celero-5g-plus-2023,False,False,2026-09-07T04:40:13+00:00,,,,,
XCell Parts,https://xcellparts.com/,OTHERS,https://xcellparts.com/product-category/others,6,click,BOOST MOBILE,https://xcellparts.com/product-category/others/boost-mobile,5,dom-inspection,CELERO 5G (2023),https://xcellparts.com/product-category/others/boost-mobile/celero-5g-2023,5,1,5,3,dom-inspection,div#plp-3672-5028 > div.xcell-mm__plp-thumbs.xcell-mm__plp-thumbs--flat > a.xcell-mm__plp-thumb,https://xcellparts.com/product-category/others/boost-mobile/celero-5g-2023,False,False,2026-09-07T04:40:13+00:00,,,,,
XCell Parts,https://xcellparts.com/,OTHERS,https://xcellparts.com/product-category/others,6,click,BOOST MOBILE,https://xcellparts.com/product-category/others/boost-mobile,5,dom-inspection,CELERO 5G (2021),https://xcellparts.com/product-category/others/boost-mobile/celero-5g-2021,6,1,6,3,dom-inspection,div#plp-3672-5028 > div.xcell-mm__plp-thumbs.xcell-mm__plp-thumbs--flat > a.xcell-mm__plp-thumb,https://xcellparts.com/product-category/others/boost-mobile/celero-5g-2021,False,False,2026-09-07T04:40:13+00:00,,,,,
XCell Parts,https://xcellparts.com/,OTHERS,https://xcellparts.com/product-category/others,6,click,CAT,https://xcellparts.com/product-category/others/cat,6,dom-inspection,CAT S75,https://xcellparts.com/product-category/others/cat/cat-s75,1,1,1,3,dom-inspection,div#plp-3672-5029 > div.xcell-mm__plp-thumbs.xcell-mm__plp-thumbs--flat > a.xcell-mm__plp-thumb,https://xcellparts.com/product-category/others/cat/cat-s75,False,False,2026-09-07T04:40:13+00:00,,,,,
XCell Parts,https://xcellparts.com/,OTHERS,https://xcellparts.com/product-category/others,6,click,CAT,https://xcellparts.com/product-category/others/cat,6,dom-inspection,CAT S62 PRO,https://xcellparts.com/product-category/others/cat/cat-s62-pro,2,1,2,3,dom-inspection,div#plp-3672-5029 > div.xcell-mm__plp-thumbs.xcell-mm__plp-thumbs--flat > a.xcell-mm__plp-thumb,https://xcellparts.com/product-category/others/cat/cat-s62-pro,False,False,2026-09-07T04:40:13+00:00,,,,,
XCell Parts,https://xcellparts.com/,OTHERS,https://xcellparts.com/product-category/others,6,click,CAT,https://xcellparts.com/product-category/others/cat,6,dom-inspection,CAT S62,https://xcellparts.com/product-category/others/cat/cat-s62,3,1,3,3,dom-inspection,div#plp-3672-5029 > div.xcell-mm__plp-thumbs.xcell-mm__plp-thumbs--flat > a.xcell-mm__plp-thumb,https://xcellparts.com/product-category/others/cat/cat-s62,False,False,2026-09-07T04:40:13+00:00,,,,,
XCell Parts,https://xcellparts.com/,OTHERS,https://xcellparts.com/product-category/others,6,click,CAT,https://xcellparts.com/product-category/others/cat,6,dom-inspection,CAT S61,https://xcellparts.com/product-category/others/cat/cat-s61,4,1,4,3,dom-inspection,div#plp-3672-5029 > div.xcell-mm__plp-thumbs.xcell-mm__plp-thumbs--flat > a.xcell-mm__plp-thumb,https://xcellparts.com/product-category/others/cat/cat-s61,False,False,2026-09-07T04:40:13+00:00,,,,,
XCell Parts,https://xcellparts.com/,OTHERS,https://xcellparts.com/product-category/others,6,click,CAT,https://xcellparts.com/product-category/others/cat,6,dom-inspection,CAT S60,https://xcellparts.com/product-category/others/cat/cat-s60,5,1,5,3,dom-inspection,div#plp-3672-5029 > div.xcell-mm__plp-thumbs.xcell-mm__plp-thumbs--flat > a.xcell-mm__plp-thumb,https://xcellparts.com/product-category/others/cat/cat-s60,False,False,2026-09-07T04:40:13+00:00,,,,,
XCell Parts,https://xcellparts.com/,OTHERS,https://xcellparts.com/product-category/others,6,click,CAT,https://xcellparts.com/product-category/others/cat,6,dom-inspection,CAT S53,https://xcellparts.com/product-category/others/cat/cat-s53,6,1,6,3,dom-inspection,div#plp-3672-5029 > div.xcell-mm__plp-thumbs.xcell-mm__plp-thumbs--flat > a.xcell-mm__plp-thumb,https://xcellparts.com/product-category/others/cat/cat-s53,False,False,2026-09-07T04:40:13+00:00,,,,,
XCell Parts,https://xcellparts.com/,OTHERS,https://xcellparts.com/product-category/others,6,click,CAT,https://xcellparts.com/product-category/others/cat,6,dom-inspection,CAT S52,https://xcellparts.com/product-category/others/cat/cat-s52,7,1,7,3,dom-inspection,div#plp-3672-5029 > div.xcell-mm__plp-thumbs.xcell-mm__plp-thumbs--flat > a.xcell-mm__plp-thumb,https://xcellparts.com/product-category/others/cat/cat-s52,False,False,2026-09-07T04:40:13+00:00,,,,,
XCell Parts,https://xcellparts.com/,OTHERS,https://xcellparts.com/product-category/others,6,click,CAT,https://xcellparts.com/product-category/others/cat,6,dom-inspection,CAT S48C,https://xcellparts.com/product-category/others/cat/cat-s48c,8,1,8,3,dom-inspection,div#plp-3672-5029 > div.xcell-mm__plp-thumbs.xcell-mm__plp-thumbs--flat > a.xcell-mm__plp-thumb,https://xcellparts.com/product-category/others/cat/cat-s48c,False,False,2026-09-07T04:40:13+00:00,,,,,
XCell Parts,https://xcellparts.com/,OTHERS,https://xcellparts.com/product-category/others,6,click,CAT,https://xcellparts.com/product-category/others/cat,6,dom-inspection,CAT S41,https://xcellparts.com/product-category/others/cat/cat-s41,9,1,9,3,dom-inspection,div#plp-3672-5029 > div.xcell-mm__plp-thumbs.xcell-mm__plp-thumbs--flat > a.xcell-mm__plp-thumb,https://xcellparts.com/product-category/others/cat/cat-s41,False,False,2026-09-07T04:40:13+00:00,,,,,
XCell Parts,https://xcellparts.com/,OTHERS,https://xcellparts.com/product-category/others,6,click,CAT,https://xcellparts.com/product-category/others/cat,6,dom-inspection,CAT S32,https://xcellparts.com/product-category/others/cat/cat-s32,10,1,10,3,dom-inspection,div#plp-3672-5029 > div.xcell-mm__plp-thumbs.xcell-mm__plp-thumbs--flat > a.xcell-mm__plp-thumb,https://xcellparts.com/product-category/others/cat/cat-s32,False,False,2026-09-07T04:40:13+00:00,,,,,
XCell Parts,https://xcellparts.com/,OTHERS,https://xcellparts.com/product-category/others,6,click,CAT,https://xcellparts.com/product-category/others/cat,6,dom-inspection,CAT S31,https://xcellparts.com/product-category/others/cat/cat-s31,11,1,11,3,dom-inspection,div#plp-3672-5029 > div.xcell-mm__plp-thumbs.xcell-mm__plp-thumbs--flat > a.xcell-mm__plp-thumb,https://xcellparts.com/product-category/others/cat/cat-s31,False,False,2026-09-07T04:40:13+00:00,,,,,
XCell Parts,https://xcellparts.com/,OTHERS,https://xcellparts.com/product-category/others,6,click,CRICKET,https://xcellparts.com/product-category/others/cricket,7,dom-inspection,OVATION SERIES,https://xcellparts.com/product-category/others/cricket/ovation-series,1,1,1,3,dom-inspection,div#plp-3672-5031 > div.xcell-mm__plp-series > div.xcell-mm__plp-group > a.xcell-mm__plp-group-head,https://xcellparts.com/product-category/others/cricket/ovation-series,False,False,2026-09-07T04:40:13+00:00,,,,,
XCell Parts,https://xcellparts.com/,OTHERS,https://xcellparts.com/product-category/others,6,click,CRICKET,https://xcellparts.com/product-category/others/cricket,7,dom-inspection,OVATION 3,https://xcellparts.com/product-category/others/cricket/ovation-series/ovation-3,2,1,2,3,dom-inspection,div#plp-3672-5031 > div.xcell-mm__plp-series > div.xcell-mm__plp-group > div.xcell-mm__plp-thumbs.xcell-mm__plp-thumbs--flat > a.xcell-mm__plp-thumb,https://xcellparts.com/product-category/others/cricket/ovation-series/ovation-3,False,False,2026-09-07T04:40:13+00:00,,,,,
XCell Parts,https://xcellparts.com/,OTHERS,https://xcellparts.com/product-category/others,6,click,CRICKET,https://xcellparts.com/product-category/others/cricket,7,dom-inspection,OVATION 2,https://xcellparts.com/product-category/others/cricket/ovation-series/ovation-2,3,1,3,3,dom-inspection,div#plp-3672-5031 > div.xcell-mm__plp-series > div.xcell-mm__plp-group > div.xcell-mm__plp-thumbs.xcell-mm__plp-thumbs--flat > a.xcell-mm__plp-thumb,https://xcellparts.com/product-category/others/cricket/ovation-series/ovation-2,False,False,2026-09-07T04:40:13+00:00,,,,,
XCell Parts,https://xcellparts.com/,OTHERS,https://xcellparts.com/product-category/others,6,click,CRICKET,https://xcellparts.com/product-category/others/cricket,7,dom-inspection,ICON SERIES,https://xcellparts.com/product-category/others/cricket/icon-series,4,1,4,3,dom-inspection,div#plp-3672-5031 > div.xcell-mm__plp-series > div.xcell-mm__plp-group > a.xcell-mm__plp-group-head,https://xcellparts.com/product-category/others/cricket/icon-series,False,False,2026-09-07T04:40:13+00:00,,,,,
XCell Parts,https://xcellparts.com/,OTHERS,https://xcellparts.com/product-category/others,6,click,CRICKET,https://xcellparts.com/product-category/others/cricket,7,dom-inspection,ICON (2026),https://xcellparts.com/product-category/others/cricket/icon-series/icon-2026,5,1,5,3,dom-inspection,div#plp-3672-5031 > div.xcell-mm__plp-series > div.xcell-mm__plp-group > div.xcell-mm__plp-thumbs.xcell-mm__plp-thumbs--flat > a.xcell-mm__plp-thumb,https://xcellparts.com/product-category/others/cricket/icon-series/icon-2026,False,False,2026-09-07T04:40:13+00:00,,,,,
XCell Parts,https://xcellparts.com/,OTHERS,https://xcellparts.com/product-category/others,6,click,CRICKET,https://xcellparts.com/product-category/others/cricket,7,dom-inspection,ICON PLUS (2026),https://xcellparts.com/product-category/others/cricket/icon-series/icon-plus-2026,6,1,6,3,dom-inspection,div#plp-3672-5031 > div.xcell-mm__plp-series > div.xcell-mm__plp-group > div.xcell-mm__plp-thumbs.xcell-mm__plp-thumbs--flat > a.xcell-mm__plp-thumb,https://xcellparts.com/product-category/others/cricket/icon-series/icon-plus-2026,False,False,2026-09-07T04:40:13+00:00,,,,,
XCell Parts,https://xcellparts.com/,OTHERS,https://xcellparts.com/product-category/others,6,click,CRICKET,https://xcellparts.com/product-category/others/cricket,7,dom-inspection,ICON 6,https://xcellparts.com/product-category/others/cricket/icon-series/icon-6,7,1,7,3,dom-inspection,div#plp-3672-5031 > div.xcell-mm__plp-series > div.xcell-mm__plp-group > div.xcell-mm__plp-thumbs.xcell-mm__plp-thumbs--flat > a.xcell-mm__plp-thumb,https://xcellparts.com/product-category/others/cricket/icon-series/icon-6,False,False,2026-09-07T04:40:13+00:00,,,,,
XCell Parts,https://xcellparts.com/,OTHERS,https://xcellparts.com/product-category/others,6,click,CRICKET,https://xcellparts.com/product-category/others/cricket,7,dom-inspection,ICON 5,https://xcellparts.com/product-category/others/cricket/icon-series/icon-5,8,1,8,3,dom-inspection,div#plp-3672-5031 > div.xcell-mm__plp-series > div.xcell-mm__plp-group > div.xcell-mm__plp-thumbs.xcell-mm__plp-thumbs--flat > a.xcell-mm__plp-thumb,https://xcellparts.com/product-category/others/cricket/icon-series/icon-5,False,False,2026-09-07T04:40:13+00:00,,,,,
XCell Parts,https://xcellparts.com/,OTHERS,https://xcellparts.com/product-category/others,6,click,CRICKET,https://xcellparts.com/product-category/others/cricket,7,dom-inspection,ICON 4,https://xcellparts.com/product-category/others/cricket/icon-series/icon-4,9,1,9,3,dom-inspection,div#plp-3672-5031 > div.xcell-mm__plp-series > div.xcell-mm__plp-group > div.xcell-mm__plp-thumbs.xcell-mm__plp-thumbs--flat > a.xcell-mm__plp-thumb,https://xcellparts.com/product-category/others/cricket/icon-series/icon-4,False,False,2026-09-07T04:40:13+00:00,,,,,
XCell Parts,https://xcellparts.com/,OTHERS,https://xcellparts.com/product-category/others,6,click,CRICKET,https://xcellparts.com/product-category/others/cricket,7,dom-inspection,ICON 3,https://xcellparts.com/product-category/others/cricket/icon-series/icon-3,10,1,10,3,dom-inspection,div#plp-3672-5031 > div.xcell-mm__plp-series > div.xcell-mm__plp-group > div.xcell-mm__plp-thumbs.xcell-mm__plp-thumbs--flat > a.xcell-mm__plp-thumb,https://xcellparts.com/product-category/others/cricket/icon-series/icon-3,False,False,2026-09-07T04:40:13+00:00,,,,,
XCell Parts,https://xcellparts.com/,OTHERS,https://xcellparts.com/product-category/others,6,click,CRICKET,https://xcellparts.com/product-category/others/cricket,7,dom-inspection,ICON 2,https://xcellparts.com/product-category/others/cricket/icon-series/icon-2,11,1,11,3,dom-inspection,div#plp-3672-5031 > div.xcell-mm__plp-series > div.xcell-mm__plp-group > div.xcell-mm__plp-thumbs.xcell-mm__plp-thumbs--flat > a.xcell-mm__plp-thumb,https://xcellparts.com/product-category/others/cricket/icon-series/icon-2,False,False,2026-09-07T04:40:13+00:00,,,,,
XCell Parts,https://xcellparts.com/,OTHERS,https://xcellparts.com/product-category/others,6,click,CRICKET,https://xcellparts.com/product-category/others/cricket,7,dom-inspection,DEBUT SERIES,https://xcellparts.com/product-category/others/cricket/debut-series,12,1,12,3,dom-inspection,div#plp-3672-5031 > div.xcell-mm__plp-series > div.xcell-mm__plp-group > a.xcell-mm__plp-group-head,https://xcellparts.com/product-category/others/cricket/debut-series,False,False,2026-09-07T04:40:13+00:00,,,,,
XCell Parts,https://xcellparts.com/,OTHERS,https://xcellparts.com/product-category/others,6,click,CRICKET,https://xcellparts.com/product-category/others/cricket,7,dom-inspection,DEBUT SMART,https://xcellparts.com/product-category/others/cricket/debut-series/debut-smart,13,1,13,3,dom-inspection,div#plp-3672-5031 > div.xcell-mm__plp-series > div.xcell-mm__plp-group > div.xcell-mm__plp-thumbs.xcell-mm__plp-thumbs--flat > a.xcell-mm__plp-thumb,https://xcellparts.com/product-category/others/cricket/debut-series/debut-smart,False,False,2026-09-07T04:40:13+00:00,,,,,
XCell Parts,https://xcellparts.com/,OTHERS,https://xcellparts.com/product-category/others,6,click,CRICKET,https://xcellparts.com/product-category/others/cricket,7,dom-inspection,DEBUT SMART 2,https://xcellparts.com/product-category/others/cricket/debut-series/debut-smart-2,14,1,14,3,dom-inspection,div#plp-3672-5031 > div.xcell-mm__plp-series > div.xcell-mm__plp-group > div.xcell-mm__plp-thumbs.xcell-mm__plp-thumbs--flat > a.xcell-mm__plp-thumb,https://xcellparts.com/product-category/others/cricket/debut-series/debut-smart-2,False,False,2026-09-07T04:40:13+00:00,,,,,
XCell Parts,https://xcellparts.com/,OTHERS,https://xcellparts.com/product-category/others,6,click,CRICKET,https://xcellparts.com/product-category/others/cricket,7,dom-inspection,DEBUT S3,https://xcellparts.com/product-category/others/cricket/debut-series/debut-s3,15,1,15,3,dom-inspection,div#plp-3672-5031 > div.xcell-mm__plp-series > div.xcell-mm__plp-group > div.xcell-mm__plp-thumbs.xcell-mm__plp-thumbs--flat > a.xcell-mm__plp-thumb,https://xcellparts.com/product-category/others/cricket/debut-series/debut-s3,False,False,2026-09-07T04:40:13+00:00,,,,,
XCell Parts,https://xcellparts.com/,OTHERS,https://xcellparts.com/product-category/others,6,click,CRICKET,https://xcellparts.com/product-category/others/cricket,7,dom-inspection,INNOVATE SERIES,https://xcellparts.com/product-category/others/cricket/innovate-series,16,1,16,3,dom-inspection,div#plp-3672-5031 > div.xcell-mm__plp-series > div.xcell-mm__plp-group > a.xcell-mm__plp-group-head,https://xcellparts.com/product-category/others/cricket/innovate-series,False,False,2026-09-07T04:40:13+00:00,,,,,
XCell Parts,https://xcellparts.com/,OTHERS,https://xcellparts.com/product-category/others,6,click,CRICKET,https://xcellparts.com/product-category/others/cricket,7,dom-inspection,INNOVATE E 5G,https://xcellparts.com/product-category/others/cricket/innovate-series/innovate-e-5g,17,1,17,3,dom-inspection,div#plp-3672-5031 > div.xcell-mm__plp-series > div.xcell-mm__plp-group > div.xcell-mm__plp-thumbs.xcell-mm__plp-thumbs--flat > a.xcell-mm__plp-thumb,https://xcellparts.com/product-category/others/cricket/innovate-series/innovate-e-5g,False,False,2026-09-07T04:40:13+00:00,,,,,
XCell Parts,https://xcellparts.com/,OTHERS,https://xcellparts.com/product-category/others,6,click,CRICKET,https://xcellparts.com/product-category/others/cricket,7,dom-inspection,MAGIC SERIES,https://xcellparts.com/product-category/others/cricket/magic-series-cricket,18,1,18,3,dom-inspection,div#plp-3672-5031 > div.xcell-mm__plp-series > div.xcell-mm__plp-group > a.xcell-mm__plp-group-head,https://xcellparts.com/product-category/others/cricket/magic-series-cricket,False,False,2026-09-07T04:40:13+00:00,,,,,
XCell Parts,https://xcellparts.com/,OTHERS,https://xcellparts.com/product-category/others,6,click,CRICKET,https://xcellparts.com/product-category/others/cricket,7,dom-inspection,CRICKET MAGIC 2 5G,https://xcellparts.com/product-category/others/cricket/magic-series-cricket/cricket-magic-2-5g,19,1,19,3,dom-inspection,div#plp-3672-5031 > div.xcell-mm__plp-series > div.xcell-mm__plp-group > div.xcell-mm__plp-thumbs.xcell-mm__plp-thumbs--flat > a.xcell-mm__plp-thumb,https://xcellparts.com/product-category/others/cricket/magic-series-cricket/cricket-magic-2-5g,False,False,2026-09-07T04:40:13+00:00,,,,,
XCell Parts,https://xcellparts.com/,OTHERS,https://xcellparts.com/product-category/others,6,click,CRICKET,https://xcellparts.com/product-category/others/cricket,7,dom-inspection,CRICKET MAGIC 5G,https://xcellparts.com/product-category/others/cricket/magic-series-cricket/cricket-magic-5g,20,1,20,3,dom-inspection,div#plp-3672-5031 > div.xcell-mm__plp-series > div.xcell-mm__plp-group > div.xcell-mm__plp-thumbs.xcell-mm__plp-thumbs--flat > a.xcell-mm__plp-thumb,https://xcellparts.com/product-category/others/cricket/magic-series-cricket/cricket-magic-5g,False,False,2026-09-07T04:40:13+00:00,,,,,
XCell Parts,https://xcellparts.com/,OTHERS,https://xcellparts.com/product-category/others,6,click,CRICKET,https://xcellparts.com/product-category/others/cricket,7,dom-inspection,OUTLAST SERIES,https://xcellparts.com/product-category/others/cricket/outlast-series,21,1,21,3,dom-inspection,div#plp-3672-5031 > div.xcell-mm__plp-series > div.xcell-mm__plp-group > a.xcell-mm__plp-group-head,https://xcellparts.com/product-category/others/cricket/outlast-series,False,False,2026-09-07T04:40:13+00:00,,,,,
XCell Parts,https://xcellparts.com/,OTHERS,https://xcellparts.com/product-category/others,6,click,CRICKET,https://xcellparts.com/product-category/others/cricket,7,dom-inspection,OUTLAST 5G,https://xcellparts.com/product-category/others/cricket/outlast-series/outlast-5g,22,1,22,3,dom-inspection,div#plp-3672-5031 > div.xcell-mm__plp-series > div.xcell-mm__plp-group > div.xcell-mm__plp-thumbs.xcell-mm__plp-thumbs--flat > a.xcell-mm__plp-thumb,https://xcellparts.com/product-category/others/cricket/outlast-series/outlast-5g,False,False,2026-09-07T04:40:13+00:00,,,,,
XCell Parts,https://xcellparts.com/,OTHERS,https://xcellparts.com/product-category/others,6,click,COOLPAD,https://xcellparts.com/product-category/others/coolpad-others,8,dom-inspection,COOLPAD 377,https://xcellparts.com/product-category/others/coolpad-others/coolpad-377-coolpad-others,1,1,1,3,dom-inspection,div#plp-3672-1125524 > div.xcell-mm__plp-thumbs.xcell-mm__plp-thumbs--flat > a.xcell-mm__plp-thumb,https://xcellparts.com/product-category/others/coolpad-others/coolpad-377-coolpad-others,False,False,2026-09-07T04:40:13+00:00,,,,,
XCell Parts,https://xcellparts.com/,OTHERS,https://xcellparts.com/product-category/others,6,click,COOLPAD,https://xcellparts.com/product-category/others/coolpad-others,8,dom-inspection,COOLPAD E570,https://xcellparts.com/product-category/others/coolpad-others/coolpad-e570-coolpad-others,2,1,2,3,dom-inspection,div#plp-3672-1125524 > div.xcell-mm__plp-thumbs.xcell-mm__plp-thumbs--flat > a.xcell-mm__plp-thumb,https://xcellparts.com/product-category/others/coolpad-others/coolpad-e570-coolpad-others,False,False,2026-09-07T04:40:13+00:00,,,,,
XCell Parts,https://xcellparts.com/,OTHERS,https://xcellparts.com/product-category/others,6,click,COOLPAD,https://xcellparts.com/product-category/others/coolpad-others,8,dom-inspection,FANCY 3 (E503),https://xcellparts.com/product-category/others/coolpad-others/fancy-3-e503-coolpad-others,3,1,3,3,dom-inspection,div#plp-3672-1125524 > div.xcell-mm__plp-thumbs.xcell-mm__plp-thumbs--flat > a.xcell-mm__plp-thumb,https://xcellparts.com/product-category/others/coolpad-others/fancy-3-e503-coolpad-others,False,False,2026-09-07T04:40:13+00:00,,,,,
XCell Parts,https://xcellparts.com/,OTHERS,https://xcellparts.com/product-category/others,6,click,COOLPAD,https://xcellparts.com/product-category/others/coolpad-others,8,dom-inspection,IVVI K1-NT,https://xcellparts.com/product-category/others/coolpad-others/ivvi-k1-nt-coolpad-others,4,1,4,3,dom-inspection,div#plp-3672-1125524 > div.xcell-mm__plp-thumbs.xcell-mm__plp-thumbs--flat > a.xcell-mm__plp-thumb,https://xcellparts.com/product-category/others/coolpad-others/ivvi-k1-nt-coolpad-others,False,False,2026-09-07T04:40:13+00:00,,,,,
XCell Parts,https://xcellparts.com/,OTHERS,https://xcellparts.com/product-category/others,6,click,COOLPAD,https://xcellparts.com/product-category/others/coolpad-others,8,dom-inspection,LEGACY (3705 / 2019),https://xcellparts.com/product-category/others/coolpad-others/legacy-3705-2019-coolpad-others,5,1,5,3,dom-inspection,div#plp-3672-1125524 > div.xcell-mm__plp-thumbs.xcell-mm__plp-thumbs--flat > a.xcell-mm__plp-thumb,https://xcellparts.com/product-category/others/coolpad-others/legacy-3705-2019-coolpad-others,False,False,2026-09-07T04:40:13+00:00,,,,,
XCell Parts,https://xcellparts.com/,OTHERS,https://xcellparts.com/product-category/others,6,click,COOLPAD,https://xcellparts.com/product-category/others/coolpad-others,8,dom-inspection,LEGACY BRISA (3706 / 2020),https://xcellparts.com/product-category/others/coolpad-others/legacy-brisa-3706-2020-coolpad-others,6,1,6,3,dom-inspection,div#plp-3672-1125524 > div.xcell-mm__plp-thumbs.xcell-mm__plp-thumbs--flat > a.xcell-mm__plp-thumb,https://xcellparts.com/product-category/others/coolpad-others/legacy-brisa-3706-2020-coolpad-others,False,False,2026-09-07T04:40:13+00:00,,,,,
XCell Parts,https://xcellparts.com/,OTHERS,https://xcellparts.com/product-category/others,6,click,COOLPAD,https://xcellparts.com/product-category/others/coolpad-others,8,dom-inspection,LEGACY S (3648A / 2019),https://xcellparts.com/product-category/others/coolpad-others/legacy-s-3648a-2019-coolpad-others,7,1,7,3,dom-inspection,div#plp-3672-1125524 > div.xcell-mm__plp-thumbs.xcell-mm__plp-thumbs--flat > a.xcell-mm__plp-thumb,https://xcellparts.com/product-category/others/coolpad-others/legacy-s-3648a-2019-coolpad-others,False,False,2026-09-07T04:40:13+00:00,,,,,
XCell Parts,https://xcellparts.com/,OTHERS,https://xcellparts.com/product-category/others,6,click,COOLPAD,https://xcellparts.com/product-category/others/coolpad-others,8,dom-inspection,NOTE 3 (8676 / 2015),https://xcellparts.com/product-category/others/coolpad-others/note-3-8676-2015-coolpad-others,8,1,8,3,dom-inspection,div#plp-3672-1125524 > div.xcell-mm__plp-thumbs.xcell-mm__plp-thumbs--flat > a.xcell-mm__plp-thumb,https://xcellparts.com/product-category/others/coolpad-others/note-3-8676-2015-coolpad-others,False,False,2026-09-07T04:40:13+00:00,,,,,
XCell Parts,https://xcellparts.com/,OTHERS,https://xcellparts.com/product-category/others,6,click,COOLPAD,https://xcellparts.com/product-category/others/coolpad-others,8,dom-inspection,PORTO S (E570 / 2016),https://xcellparts.com/product-category/others/coolpad-others/porto-s-e570-2016-coolpad-others,9,1,9,3,dom-inspection,div#plp-3672-1125524 > div.xcell-mm__plp-thumbs.xcell-mm__plp-thumbs--flat > a.xcell-mm__plp-thumb,https://xcellparts.com/product-category/others/coolpad-others/porto-s-e570-2016-coolpad-others,False,False,2026-09-07T04:40:13+00:00,,,,,
XCell Parts,https://xcellparts.com/,OTHERS,https://xcellparts.com/product-category/others,6,click,COOLPAD,https://xcellparts.com/product-category/others/coolpad-others,8,dom-inspection,SHINE (R106 / 2015),https://xcellparts.com/product-category/others/coolpad-others/shine-r106-2015-coolpad-others,10,1,10,3,dom-inspection,div#plp-3672-1125524 > div.xcell-mm__plp-thumbs.xcell-mm__plp-thumbs--flat > a.xcell-mm__plp-thumb,https://xcellparts.com/product-category/others/coolpad-others/shine-r106-2015-coolpad-others,False,False,2026-09-07T04:40:13+00:00,,,,,
XCell Parts,https://xcellparts.com/,OTHERS,https://xcellparts.com/product-category/others,6,click,DELL,https://xcellparts.com/product-category/others/dell,9,dom-inspection,DELL 11 3100,https://xcellparts.com/product-category/others/dell/dell-11-3100,1,1,1,3,dom-inspection,div#plp-3672-5032 > div.xcell-mm__plp-thumbs.xcell-mm__plp-thumbs--flat > a.xcell-mm__plp-thumb,https://xcellparts.com/product-category/others/dell/dell-11-3100,False,False,2026-09-07T04:40:13+00:00,,,,,
XCell Parts,https://xcellparts.com/,OTHERS,https://xcellparts.com/product-category/others,6,click,ESSENTIAL,https://xcellparts.com/product-category/others/essential,10,dom-inspection,PHONE (PH-1),https://xcellparts.com/product-category/others/essential/phone-ph-1,1,1,1,3,dom-inspection,div#plp-3672-5033 > div.xcell-mm__plp-thumbs.xcell-mm__plp-thumbs--flat > a.xcell-mm__plp-thumb,https://xcellparts.com/product-category/others/essential/phone-ph-1,False,False,2026-09-07T04:40:13+00:00,,,,,
XCell Parts,https://xcellparts.com/,OTHERS,https://xcellparts.com/product-category/others,6,click,HONOR,https://xcellparts.com/product-category/others/honor,11,dom-inspection,MAGIC SERIES,https://xcellparts.com/product-category/others/honor/magic-series,1,1,1,3,dom-inspection,div#split-5035-662522 > a.xcell-mm__plp-group-head,https://xcellparts.com/product-category/others/honor/magic-series,False,False,2026-09-07T04:40:13+00:00,,,,,
XCell Parts,https://xcellparts.com/,OTHERS,https://xcellparts.com/product-category/others,6,click,HONOR,https://xcellparts.com/product-category/others/honor,11,dom-inspection,HONOR MAGIC 5 LITE (2023),https://xcellparts.com/product-category/others/honor/magic-series/honor-magic-5-lite-2023,2,1,2,3,dom-inspection,div#split-5035-662522 > div.xcell-mm__plp-thumbs.xcell-mm__plp-thumbs--flat > a.xcell-mm__plp-thumb,https://xcellparts.com/product-category/others/honor/magic-series/honor-magic-5-lite-2023,False,False,2026-09-07T04:40:13+00:00,,,,,
XCell Parts,https://xcellparts.com/,OTHERS,https://xcellparts.com/product-category/others,6,click,HONOR,https://xcellparts.com/product-category/others/honor,11,dom-inspection,HONOR SERIES,https://xcellparts.com/product-category/others/honor/honor-series,3,2,1,3,dom-inspection,div#split-5035-5104 > a.xcell-mm__plp-group-head,https://xcellparts.com/product-category/others/honor/honor-series,False,False,2026-09-07T04:40:13+00:00,,,,,
XCell Parts,https://xcellparts.com/,OTHERS,https://xcellparts.com/product-category/others,6,click,HONOR,https://xcellparts.com/product-category/others/honor,11,dom-inspection,HONOR 200 (2024),https://xcellparts.com/product-category/others/honor/honor-series/honor-200-2024,4,2,2,3,dom-inspection,div#split-5035-5104 > div.xcell-mm__plp-thumbs.xcell-mm__plp-thumbs--flat > a.xcell-mm__plp-thumb,https://xcellparts.com/product-category/others/honor/honor-series/honor-200-2024,False,False,2026-09-07T04:40:13+00:00,,,,,
XCell Parts,https://xcellparts.com/,OTHERS,https://xcellparts.com/product-category/others,6,click,HONOR,https://xcellparts.com/product-category/others/honor,11,dom-inspection,HONOR 100 PRO (2023),https://xcellparts.com/product-category/others/honor/honor-series/honor-100-pro-2023,5,2,3,3,dom-inspection,div#split-5035-5104 > div.xcell-mm__plp-thumbs.xcell-mm__plp-thumbs--flat > a.xcell-mm__plp-thumb,https://xcellparts.com/product-category/others/honor/honor-series/honor-100-pro-2023,False,False,2026-09-07T04:40:13+00:00,,,,,
XCell Parts,https://xcellparts.com/,OTHERS,https://xcellparts.com/product-category/others,6,click,HONOR,https://xcellparts.com/product-category/others/honor,11,dom-inspection,HONOR 100 (2023),https://xcellparts.com/product-category/others/honor/honor-series/honor-100-2023,6,2,4,3,dom-inspection,div#split-5035-5104 > div.xcell-mm__plp-thumbs.xcell-mm__plp-thumbs--flat > a.xcell-mm__plp-thumb,https://xcellparts.com/product-category/others/honor/honor-series/honor-100-2023,False,False,2026-09-07T04:40:13+00:00,,,,,
XCell Parts,https://xcellparts.com/,OTHERS,https://xcellparts.com/product-category/others,6,click,HONOR,https://xcellparts.com/product-category/others/honor,11,dom-inspection,HONOR 90 PRO (2023),https://xcellparts.com/product-category/others/honor/honor-series/honor-90-pro-2023,7,2,5,3,dom-inspection,div#split-5035-5104 > div.xcell-mm__plp-thumbs.xcell-mm__plp-thumbs--flat > a.xcell-mm__plp-thumb,https://xcellparts.com/product-category/others/honor/honor-series/honor-90-pro-2023,False,False,2026-09-07T04:40:13+00:00,,,,,
XCell Parts,https://xcellparts.com/,OTHERS,https://xcellparts.com/product-category/others,6,click,HONOR,https://xcellparts.com/product-category/others/honor,11,dom-inspection,HONOR 90 (2023),https://xcellparts.com/product-category/others/honor/honor-series/honor-90-2023,8,2,6,3,dom-inspection,div#split-5035-5104 > div.xcell-mm__plp-thumbs.xcell-mm__plp-thumbs--flat > a.xcell-mm__plp-thumb,https://xcellparts.com/product-category/others/honor/honor-series/honor-90-2023,False,False,2026-09-07T04:40:13+00:00,,,,,
XCell Parts,https://xcellparts.com/,OTHERS,https://xcellparts.com/product-category/others,6,click,HONOR,https://xcellparts.com/product-category/others/honor,11,dom-inspection,HONOR 80 PRO (2022),https://xcellparts.com/product-category/others/honor/honor-series/honor-80-pro-2022,9,2,7,3,dom-inspection,div#split-5035-5104 > div.xcell-mm__plp-thumbs.xcell-mm__plp-thumbs--flat > a.xcell-mm__plp-thumb,https://xcellparts.com/product-category/others/honor/honor-series/honor-80-pro-2022,False,False,2026-09-07T04:40:13+00:00,,,,,
XCell Parts,https://xcellparts.com/,OTHERS,https://xcellparts.com/product-category/others,6,click,HONOR,https://xcellparts.com/product-category/others/honor,11,dom-inspection,HONOR 80 GT (2023),https://xcellparts.com/product-category/others/honor/honor-series/honor-80-gt-2023,10,2,8,3,dom-inspection,div#split-5035-5104 > div.xcell-mm__plp-thumbs.xcell-mm__plp-thumbs--flat > a.xcell-mm__plp-thumb,https://xcellparts.com/product-category/others/honor/honor-series/honor-80-gt-2023,False,False,2026-09-07T04:40:13+00:00,,,,,
XCell Parts,https://xcellparts.com/,OTHERS,https://xcellparts.com/product-category/others,6,click,HONOR,https://xcellparts.com/product-category/others/honor,11,dom-inspection,HONOR 80 SE (2022),https://xcellparts.com/product-category/others/honor/honor-series/honor-80-se-2022,11,2,9,3,dom-inspection,div#split-5035-5104 > div.xcell-mm__plp-thumbs.xcell-mm__plp-thumbs--flat > a.xcell-mm__plp-thumb,https://xcellparts.com/product-category/others/honor/honor-series/honor-80-se-2022,False,False,2026-09-07T04:40:13+00:00,,,,,
XCell Parts,https://xcellparts.com/,OTHERS,https://xcellparts.com/product-category/others,6,click,HONOR,https://xcellparts.com/product-category/others/honor,11,dom-inspection,HONOR 70 (2022),https://xcellparts.com/product-category/others/honor/honor-series/honor-70-2022,12,2,10,3,dom-inspection,div#split-5035-5104 > div.xcell-mm__plp-thumbs.xcell-mm__plp-thumbs--flat > a.xcell-mm__plp-thumb,https://xcellparts.com/product-category/others/honor/honor-series/honor-70-2022,False,False,2026-09-07T04:40:13+00:00,,,,,
XCell Parts,https://xcellparts.com/,OTHERS,https://xcellparts.com/product-category/others,6,click,HONOR,https://xcellparts.com/product-category/others/honor,11,dom-inspection,HONOR 60 (2021),https://xcellparts.com/product-category/others/honor/honor-series/honor-60-2021,13,2,11,3,dom-inspection,div#split-5035-5104 > div.xcell-mm__plp-thumbs.xcell-mm__plp-thumbs--flat > a.xcell-mm__plp-thumb,https://xcellparts.com/product-category/others/honor/honor-series/honor-60-2021,False,False,2026-09-07T04:40:13+00:00,,,,,
XCell Parts,https://xcellparts.com/,OTHERS,https://xcellparts.com/product-category/others,6,click,HONOR,https://xcellparts.com/product-category/others/honor,11,dom-inspection,HONOR 50 PRO (2021),https://xcellparts.com/product-category/others/honor/honor-series/honor-50-pro-2021,14,2,12,3,dom-inspection,div#split-5035-5104 > div.xcell-mm__plp-thumbs.xcell-mm__plp-thumbs--flat > a.xcell-mm__plp-thumb,https://xcellparts.com/product-category/others/honor/honor-series/honor-50-pro-2021,False,False,2026-09-07T04:40:13+00:00,,,,,
XCell Parts,https://xcellparts.com/,OTHERS,https://xcellparts.com/product-category/others,6,click,HONOR,https://xcellparts.com/product-category/others/honor,11,dom-inspection,HONOR 50 (2021),https://xcellparts.com/product-category/others/honor/honor-series/honor-50-2021,15,2,13,3,dom-inspection,div#split-5035-5104 > div.xcell-mm__plp-thumbs.xcell-mm__plp-thumbs--flat > a.xcell-mm__plp-thumb,https://xcellparts.com/product-category/others/honor/honor-series/honor-50-2021,False,False,2026-09-07T04:40:13+00:00,,,,,
XCell Parts,https://xcellparts.com/,OTHERS,https://xcellparts.com/product-category/others,6,click,HONOR,https://xcellparts.com/product-category/others/honor,11,dom-inspection,HONOR 30 YOUTH (2020),https://xcellparts.com/product-category/others/honor/honor-series/honor-30-youth-2020,16,2,14,3,dom-inspection,div#split-5035-5104 > div.xcell-mm__plp-thumbs.xcell-mm__plp-thumbs--flat > a.xcell-mm__plp-thumb,https://xcellparts.com/product-category/others/honor/honor-series/honor-30-youth-2020,False,False,2026-09-07T04:40:13+00:00,,,,,
XCell Parts,https://xcellparts.com/,OTHERS,https://xcellparts.com/product-category/others,6,click,HONOR,https://xcellparts.com/product-category/others/honor,11,dom-inspection,HONOR 30 PRO (2020),https://xcellparts.com/product-category/others/honor/honor-series/honor-30-pro-2020,17,2,15,3,dom-inspection,div#split-5035-5104 > div.xcell-mm__plp-thumbs.xcell-mm__plp-thumbs--flat > a.xcell-mm__plp-thumb,https://xcellparts.com/product-category/others/honor/honor-series/honor-30-pro-2020,False,False,2026-09-07T04:40:13+00:00,,,,,
XCell Parts,https://xcellparts.com/,OTHERS,https://xcellparts.com/product-category/others,6,click,HONOR,https://xcellparts.com/product-category/others/honor,11,dom-inspection,HONOR 30 (2020),https://xcellparts.com/product-category/others/honor/honor-series/honor-30-2020,18,2,16,3,dom-inspection,div#split-5035-5104 > div.xcell-mm__plp-thumbs.xcell-mm__plp-thumbs--flat > a.xcell-mm__plp-thumb,https://xcellparts.com/product-category/others/honor/honor-series/honor-30-2020,False,False,2026-09-07T04:40:13+00:00,,,,,
XCell Parts,https://xcellparts.com/,OTHERS,https://xcellparts.com/product-category/others,6,click,HONOR,https://xcellparts.com/product-category/others/honor,11,dom-inspection,HONOR 20 LITE (2019),https://xcellparts.com/product-category/others/honor/honor-series/honor-20-lite-2019,19,2,17,3,dom-inspection,div#split-5035-5104 > div.xcell-mm__plp-thumbs.xcell-mm__plp-thumbs--flat > a.xcell-mm__plp-thumb,https://xcellparts.com/product-category/others/honor/honor-series/honor-20-lite-2019,False,False,2026-09-07T04:40:13+00:00,,,,,
XCell Parts,https://xcellparts.com/,OTHERS,https://xcellparts.com/product-category/others,6,click,HONOR,https://xcellparts.com/product-category/others/honor,11,dom-inspection,HONOR 20 PRO (2019),https://xcellparts.com/product-category/others/honor/honor-series/honor-20-pro-2019,20,2,18,3,dom-inspection,div#split-5035-5104 > div.xcell-mm__plp-thumbs.xcell-mm__plp-thumbs--flat > a.xcell-mm__plp-thumb,https://xcellparts.com/product-category/others/honor/honor-series/honor-20-pro-2019,False,False,2026-09-07T04:40:13+00:00,,,,,
XCell Parts,https://xcellparts.com/,OTHERS,https://xcellparts.com/product-category/others,6,click,HONOR,https://xcellparts.com/product-category/others/honor,11,dom-inspection,HONOR 20 (2019),https://xcellparts.com/product-category/others/honor/honor-series/honor-20-2019,21,2,19,3,dom-inspection,div#split-5035-5104 > div.xcell-mm__plp-thumbs.xcell-mm__plp-thumbs--flat > a.xcell-mm__plp-thumb,https://xcellparts.com/product-category/others/honor/honor-series/honor-20-2019,False,False,2026-09-07T04:40:13+00:00,,,,,
XCell Parts,https://xcellparts.com/,OTHERS,https://xcellparts.com/product-category/others,6,click,HONOR,https://xcellparts.com/product-category/others/honor,11,dom-inspection,HONOR 10 LITE (2018),https://xcellparts.com/product-category/others/honor/honor-series/honor-10-lite-2018,22,2,20,3,dom-inspection,div#split-5035-5104 > div.xcell-mm__plp-thumbs.xcell-mm__plp-thumbs--flat > a.xcell-mm__plp-thumb,https://xcellparts.com/product-category/others/honor/honor-series/honor-10-lite-2018,False,False,2026-09-07T04:40:13+00:00,,,,,
XCell Parts,https://xcellparts.com/,OTHERS,https://xcellparts.com/product-category/others,6,click,HONOR,https://xcellparts.com/product-category/others/honor,11,dom-inspection,HONOR 10 (2018),https://xcellparts.com/product-category/others/honor/honor-series/honor-10-2018,23,2,21,3,dom-inspection,div#split-5035-5104 > div.xcell-mm__plp-thumbs.xcell-mm__plp-thumbs--flat > a.xcell-mm__plp-thumb,https://xcellparts.com/product-category/others/honor/honor-series/honor-10-2018,False,False,2026-09-07T04:40:13+00:00,,,,,
XCell Parts,https://xcellparts.com/,OTHERS,https://xcellparts.com/product-category/others,6,click,HONOR,https://xcellparts.com/product-category/others/honor,11,dom-inspection,HONOR 9X (2019),https://xcellparts.com/product-category/others/honor/honor-series/honor-9x-2019,24,2,22,3,dom-inspection,div#split-5035-5104 > div.xcell-mm__plp-thumbs.xcell-mm__plp-thumbs--flat > a.xcell-mm__plp-thumb,https://xcellparts.com/product-category/others/honor/honor-series/honor-9x-2019,False,False,2026-09-07T04:40:13+00:00,,,,,
XCell Parts,https://xcellparts.com/,OTHERS,https://xcellparts.com/product-category/others,6,click,HONOR,https://xcellparts.com/product-category/others/honor,11,dom-inspection,HONOR 9N / 9i (2018),https://xcellparts.com/product-category/others/honor/honor-series/honor-9n-9i-2018,25,2,23,3,dom-inspection,div#split-5035-5104 > div.xcell-mm__plp-thumbs.xcell-mm__plp-thumbs--flat > a.xcell-mm__plp-thumb,https://xcellparts.com/product-category/others/honor/honor-series/honor-9n-9i-2018,False,False,2026-09-07T04:40:13+00:00,,,,,
XCell Parts,https://xcellparts.com/,OTHERS,https://xcellparts.com/product-category/others,6,click,HONOR,https://xcellparts.com/product-category/others/honor,11,dom-inspection,HONOR 9 (2017),https://xcellparts.com/product-category/others/honor/honor-series/honor-9-2017,26,2,24,3,dom-inspection,div#split-5035-5104 > div.xcell-mm__plp-thumbs.xcell-mm__plp-thumbs--flat > a.xcell-mm__plp-thumb,https://xcellparts.com/product-category/others/honor/honor-series/honor-9-2017,False,False,2026-09-07T04:40:13+00:00,,,,,
XCell Parts,https://xcellparts.com/,OTHERS,https://xcellparts.com/product-category/others,6,click,HONOR,https://xcellparts.com/product-category/others/honor,11,dom-inspection,HONOR 8X (2018),https://xcellparts.com/product-category/others/honor/honor-series/honor-8x-2018,27,2,25,3,dom-inspection,div#split-5035-5104 > div.xcell-mm__plp-thumbs.xcell-mm__plp-thumbs--flat > a.xcell-mm__plp-thumb,https://xcellparts.com/product-category/others/honor/honor-series/honor-8x-2018,False,False,2026-09-07T04:40:13+00:00,,,,,
XCell Parts,https://xcellparts.com/,OTHERS,https://xcellparts.com/product-category/others,6,click,HONOR,https://xcellparts.com/product-category/others/honor,11,dom-inspection,HONOR 8 (2016),https://xcellparts.com/product-category/others/honor/honor-series/honor-8-2016,28,2,26,3,dom-inspection,div#split-5035-5104 > div.xcell-mm__plp-thumbs.xcell-mm__plp-thumbs--flat > a.xcell-mm__plp-thumb,https://xcellparts.com/product-category/others/honor/honor-series/honor-8-2016,False,False,2026-09-07T04:40:13+00:00,,,,,
XCell Parts,https://xcellparts.com/,OTHERS,https://xcellparts.com/product-category/others,6,click,HONOR,https://xcellparts.com/product-category/others/honor,11,dom-inspection,HONOR 7X (2017),https://xcellparts.com/product-category/others/honor/honor-series/honor-7x-2017,29,2,27,3,dom-inspection,div#split-5035-5104 > div.xcell-mm__plp-thumbs.xcell-mm__plp-thumbs--flat > a.xcell-mm__plp-thumb,https://xcellparts.com/product-category/others/honor/honor-series/honor-7x-2017,False,False,2026-09-07T04:40:13+00:00,,,,,
XCell Parts,https://xcellparts.com/,OTHERS,https://xcellparts.com/product-category/others,6,click,HONOR,https://xcellparts.com/product-category/others/honor,11,dom-inspection,HONOR 7 (2015),https://xcellparts.com/product-category/others/honor/honor-series/honor-7-2015,30,2,28,3,dom-inspection,div#split-5035-5104 > div.xcell-mm__plp-thumbs.xcell-mm__plp-thumbs--flat > a.xcell-mm__plp-thumb,https://xcellparts.com/product-category/others/honor/honor-series/honor-7-2015,False,False,2026-09-07T04:40:13+00:00,,,,,
XCell Parts,https://xcellparts.com/,OTHERS,https://xcellparts.com/product-category/others,6,click,HONOR,https://xcellparts.com/product-category/others/honor,11,dom-inspection,HONOR 6X (2016),https://xcellparts.com/product-category/others/honor/honor-series/honor-6x-2016,31,2,29,3,dom-inspection,div#split-5035-5104 > div.xcell-mm__plp-thumbs.xcell-mm__plp-thumbs--flat > a.xcell-mm__plp-thumb,https://xcellparts.com/product-category/others/honor/honor-series/honor-6x-2016,False,False,2026-09-07T04:40:13+00:00,,,,,
XCell Parts,https://xcellparts.com/,OTHERS,https://xcellparts.com/product-category/others,6,click,HONOR,https://xcellparts.com/product-category/others/honor,11,dom-inspection,HONOR 5X / X5 (2015),https://xcellparts.com/product-category/others/honor/honor-series/honor-5x-x5-2015,32,2,30,3,dom-inspection,div#split-5035-5104 > div.xcell-mm__plp-thumbs.xcell-mm__plp-thumbs--flat > a.xcell-mm__plp-thumb,https://xcellparts.com/product-category/others/honor/honor-series/honor-5x-x5-2015,False,False,2026-09-07T04:40:13+00:00,,,,,
XCell Parts,https://xcellparts.com/,OTHERS,https://xcellparts.com/product-category/others,6,click,HONOR,https://xcellparts.com/product-category/others/honor,11,dom-inspection,PLAY SERIES,https://xcellparts.com/product-category/others/honor/play-series,33,3,1,3,dom-inspection,div#split-5035-5106 > a.xcell-mm__plp-group-head,https://xcellparts.com/product-category/others/honor/play-series,False,False,2026-09-07T04:40:13+00:00,,,,,
XCell Parts,https://xcellparts.com/,OTHERS,https://xcellparts.com/product-category/others,6,click,HONOR,https://xcellparts.com/product-category/others/honor,11,dom-inspection,HONOR PLAY 8T (2023),https://xcellparts.com/product-category/others/honor/play-series/honor-play-8t-2023,34,3,2,3,dom-inspection,div#split-5035-5106 > div.xcell-mm__plp-thumbs.xcell-mm__plp-thumbs--flat > a.xcell-mm__plp-thumb,https://xcellparts.com/product-category/others/honor/play-series/honor-play-8t-2023,False,False,2026-09-07T04:40:13+00:00,,,,,
XCell Parts,https://xcellparts.com/,OTHERS,https://xcellparts.com/product-category/others,6,click,HONOR,https://xcellparts.com/product-category/others/honor,11,dom-inspection,HONOR PLAY 6T (2022),https://xcellparts.com/product-category/others/honor/play-series/honor-play-6t-2022,35,3,3,3,dom-inspection,div#split-5035-5106 > div.xcell-mm__plp-thumbs.xcell-mm__plp-thumbs--flat > a.xcell-mm__plp-thumb,https://xcellparts.com/product-category/others/honor/play-series/honor-play-6t-2022,False,False,2026-09-07T04:40:13+00:00,,,,,
XCell Parts,https://xcellparts.com/,OTHERS,https://xcellparts.com/product-category/others,6,click,HONOR,https://xcellparts.com/product-category/others/honor,11,dom-inspection,HONOR PLAY 8A (2019),https://xcellparts.com/product-category/others/honor/play-series/honor-play-8a-2019,36,3,4,3,dom-inspection,div#split-5035-5106 > div.xcell-mm__plp-thumbs.xcell-mm__plp-thumbs--flat > a.xcell-mm__plp-thumb,https://xcellparts.com/product-category/others/honor/play-series/honor-play-8a-2019,False,False,2026-09-07T04:40:13+00:00,,,,,
XCell Parts,https://xcellparts.com/,OTHERS,https://xcellparts.com/product-category/others,6,click,HONOR,https://xcellparts.com/product-category/others/honor,11,dom-inspection,HONOR PLAY (2018),https://xcellparts.com/product-category/others/honor/play-series/honor-play-2018,37,3,5,3,dom-inspection,div#split-5035-5106 > div.xcell-mm__plp-thumbs.xcell-mm__plp-thumbs--flat > a.xcell-mm__plp-thumb,https://xcellparts.com/product-category/others/honor/play-series/honor-play-2018,False,False,2026-09-07T04:40:13+00:00,,,,,
XCell Parts,https://xcellparts.com/,OTHERS,https://xcellparts.com/product-category/others,6,click,HONOR,https://xcellparts.com/product-category/others/honor,11,dom-inspection,V SERIES,https://xcellparts.com/product-category/others/honor/v-series,38,4,1,3,dom-inspection,div#split-5035-5107 > a.xcell-mm__plp-group-head,https://xcellparts.com/product-category/others/honor/v-series,False,False,2026-09-07T04:40:13+00:00,,,,,
XCell Parts,https://xcellparts.com/,OTHERS,https://xcellparts.com/product-category/others,6,click,HONOR,https://xcellparts.com/product-category/others/honor,11,dom-inspection,HONOR V30 PRO (2019),https://xcellparts.com/product-category/others/honor/v-series/honor-v30-pro-2019,39,4,2,3,dom-inspection,div#split-5035-5107 > div.xcell-mm__plp-thumbs.xcell-mm__plp-thumbs--flat > a.xcell-mm__plp-thumb,https://xcellparts.com/product-category/others/honor/v-series/honor-v30-pro-2019,False,False,2026-09-07T04:40:13+00:00,,,,,
XCell Parts,https://xcellparts.com/,OTHERS,https://xcellparts.com/product-category/others,6,click,HONOR,https://xcellparts.com/product-category/others/honor,11,dom-inspection,HONOR V8 (2016),https://xcellparts.com/product-category/others/honor/v-series/honor-v8-2016,40,4,3,3,dom-inspection,div#split-5035-5107 > div.xcell-mm__plp-thumbs.xcell-mm__plp-thumbs--flat > a.xcell-mm__plp-thumb,https://xcellparts.com/product-category/others/honor/v-series/honor-v8-2016,False,False,2026-09-07T04:40:13+00:00,,,,,
XCell Parts,https://xcellparts.com/,OTHERS,https://xcellparts.com/product-category/others,6,click,HONOR,https://xcellparts.com/product-category/others/honor,11,dom-inspection,VIEW SERIES,https://xcellparts.com/product-category/others/honor/view-series,41,5,1,3,dom-inspection,div#split-5035-5108 > a.xcell-mm__plp-group-head,https://xcellparts.com/product-category/others/honor/view-series,False,False,2026-09-07T04:40:13+00:00,,,,,
XCell Parts,https://xcellparts.com/,OTHERS,https://xcellparts.com/product-category/others,6,click,HONOR,https://xcellparts.com/product-category/others/honor,11,dom-inspection,HONOR VIEW 30 (2019),https://xcellparts.com/product-category/others/honor/view-series/honor-view-30-2019,42,5,2,3,dom-inspection,div#split-5035-5108 > div.xcell-mm__plp-thumbs.xcell-mm__plp-thumbs--flat > a.xcell-mm__plp-thumb,https://xcellparts.com/product-category/others/honor/view-series/honor-view-30-2019,False,False,2026-09-07T04:40:13+00:00,,,,,
XCell Parts,https://xcellparts.com/,OTHERS,https://xcellparts.com/product-category/others,6,click,HONOR,https://xcellparts.com/product-category/others/honor,11,dom-inspection,HONOR VIEW 20 (2018),https://xcellparts.com/product-category/others/honor/view-series/honor-view-20-2018,43,5,3,3,dom-inspection,div#split-5035-5108 > div.xcell-mm__plp-thumbs.xcell-mm__plp-thumbs--flat > a.xcell-mm__plp-thumb,https://xcellparts.com/product-category/others/honor/view-series/honor-view-20-2018,False,False,2026-09-07T04:40:13+00:00,,,,,
XCell Parts,https://xcellparts.com/,OTHERS,https://xcellparts.com/product-category/others,6,click,HONOR,https://xcellparts.com/product-category/others/honor,11,dom-inspection,X SERIES,https://xcellparts.com/product-category/others/honor/x-series,44,6,1,3,dom-inspection,div#split-5035-5109 > a.xcell-mm__plp-group-head,https://xcellparts.com/product-category/others/honor/x-series,False,False,2026-09-07T04:40:13+00:00,,,,,
XCell Parts,https://xcellparts.com/,OTHERS,https://xcellparts.com/product-category/others,6,click,HONOR,https://xcellparts.com/product-category/others/honor,11,dom-inspection,HONOR X9 (2022),https://xcellparts.com/product-category/others/honor/x-series/honor-x9-2022,45,6,2,3,dom-inspection,div#split-5035-5109 > div.xcell-mm__plp-thumbs.xcell-mm__plp-thumbs--flat > a.xcell-mm__plp-thumb,https://xcellparts.com/product-category/others/honor/x-series/honor-x9-2022,False,False,2026-09-07T04:40:13+00:00,,,,,
XCell Parts,https://xcellparts.com/,OTHERS,https://xcellparts.com/product-category/others,6,click,HONOR,https://xcellparts.com/product-category/others/honor,11,dom-inspection,HONOR X8A (2023),https://xcellparts.com/product-category/others/honor/x-series/honor-x8a-2023,46,6,3,3,dom-inspection,div#split-5035-5109 > div.xcell-mm__plp-thumbs.xcell-mm__plp-thumbs--flat > a.xcell-mm__plp-thumb,https://xcellparts.com/product-category/others/honor/x-series/honor-x8a-2023,False,False,2026-09-07T04:40:13+00:00,,,,,
XCell Parts,https://xcellparts.com/,OTHERS,https://xcellparts.com/product-category/others,6,click,HONOR,https://xcellparts.com/product-category/others/honor,11,dom-inspection,HONOR X7C (2024),https://xcellparts.com/product-category/others/honor/x-series/honor-x7c-2024,47,6,4,3,dom-inspection,div#split-5035-5109 > div.xcell-mm__plp-thumbs.xcell-mm__plp-thumbs--flat > a.xcell-mm__plp-thumb,https://xcellparts.com/product-category/others/honor/x-series/honor-x7c-2024,False,False,2026-09-07T04:40:13+00:00,,,,,
XCell Parts,https://xcellparts.com/,OTHERS,https://xcellparts.com/product-category/others,6,click,HONOR,https://xcellparts.com/product-category/others/honor,11,dom-inspection,HONOR X7A (2023),https://xcellparts.com/product-category/others/honor/x-series/honor-x7a-2023,48,6,5,3,dom-inspection,div#split-5035-5109 > div.xcell-mm__plp-thumbs.xcell-mm__plp-thumbs--flat > a.xcell-mm__plp-thumb,https://xcellparts.com/product-category/others/honor/x-series/honor-x7a-2023,False,False,2026-09-07T04:40:13+00:00,,,,,
XCell Parts,https://xcellparts.com/,OTHERS,https://xcellparts.com/product-category/others,6,click,HONOR,https://xcellparts.com/product-category/others/honor,11,dom-inspection,HONOR X60I (2024),https://xcellparts.com/product-category/others/honor/x-series/honor-x60i-2024,49,6,6,3,dom-inspection,div#split-5035-5109 > div.xcell-mm__plp-thumbs.xcell-mm__plp-thumbs--flat > a.xcell-mm__plp-thumb,https://xcellparts.com/product-category/others/honor/x-series/honor-x60i-2024,False,False,2026-09-07T04:40:13+00:00,,,,,
XCell Parts,https://xcellparts.com/,OTHERS,https://xcellparts.com/product-category/others,6,click,HONOR,https://xcellparts.com/product-category/others/honor,11,dom-inspection,HONOR X6B (2024),https://xcellparts.com/product-category/others/honor/x-series/honor-x6b-2024,50,6,7,3,dom-inspection,div#split-5035-5109 > div.xcell-mm__plp-thumbs.xcell-mm__plp-thumbs--flat > a.xcell-mm__plp-thumb,https://xcellparts.com/product-category/others/honor/x-series/honor-x6b-2024,False,False,2026-09-07T04:40:13+00:00,,,,,
XCell Parts,https://xcellparts.com/,OTHERS,https://xcellparts.com/product-category/others,6,click,HONOR,https://xcellparts.com/product-category/others/honor,11,dom-inspection,HONOR X6A (2023),https://xcellparts.com/product-category/others/honor/x-series/honor-x6a-2023,51,6,8,3,dom-inspection,div#split-5035-5109 > div.xcell-mm__plp-thumbs.xcell-mm__plp-thumbs--flat > a.xcell-mm__plp-thumb,https://xcellparts.com/product-category/others/honor/x-series/honor-x6a-2023,False,False,2026-09-07T04:40:13+00:00,,,,,
XCell Parts,https://xcellparts.com/,OTHERS,https://xcellparts.com/product-category/others,6,click,HONOR,https://xcellparts.com/product-category/others/honor,11,dom-inspection,HONOR X6 (2022),https://xcellparts.com/product-category/others/honor/x-series/honor-x6-2022,52,6,9,3,dom-inspection,div#split-5035-5109 > div.xcell-mm__plp-thumbs.xcell-mm__plp-thumbs--flat > a.xcell-mm__plp-thumb,https://xcellparts.com/product-category/others/honor/x-series/honor-x6-2022,False,False,2026-09-07T04:40:13+00:00,,,,,
XCell Parts,https://xcellparts.com/,OTHERS,https://xcellparts.com/product-category/others,6,click,HONOR,https://xcellparts.com/product-category/others/honor,11,dom-inspection,HONOR X5B (2024),https://xcellparts.com/product-category/others/honor/x-series/honor-x5b-2024,53,6,10,3,dom-inspection,div#split-5035-5109 > div.xcell-mm__plp-thumbs.xcell-mm__plp-thumbs--flat > a.xcell-mm__plp-thumb,https://xcellparts.com/product-category/others/honor/x-series/honor-x5b-2024,False,False,2026-09-07T04:40:13+00:00,,,,,
XCell Parts,https://xcellparts.com/,OTHERS,https://xcellparts.com/product-category/others,6,click,HONOR,https://xcellparts.com/product-category/others/honor,11,dom-inspection,HONOR X50 GT (2024),https://xcellparts.com/product-category/others/honor/x-series/honor-x50-gt-2024,54,6,11,3,dom-inspection,div#split-5035-5109 > div.xcell-mm__plp-thumbs.xcell-mm__plp-thumbs--flat > a.xcell-mm__plp-thumb,https://xcellparts.com/product-category/others/honor/x-series/honor-x50-gt-2024,False,False,2026-09-07T04:40:13+00:00,,,,,
XCell Parts,https://xcellparts.com/,OTHERS,https://xcellparts.com/product-category/others,6,click,HONOR,https://xcellparts.com/product-category/others/honor,11,dom-inspection,HONOR X30i (2021),https://xcellparts.com/product-category/others/honor/x-series/honor-x30i-2021,55,6,12,3,dom-inspection,div#split-5035-5109 > div.xcell-mm__plp-thumbs.xcell-mm__plp-thumbs--flat > a.xcell-mm__plp-thumb,https://xcellparts.com/product-category/others/honor/x-series/honor-x30i-2021,False,False,2026-09-07T04:40:13+00:00,,,,,
XCell Parts,https://xcellparts.com/,OTHERS,https://xcellparts.com/product-category/others,6,click,HUAWEI,https://xcellparts.com/product-category/others/huawei,12,dom-inspection,HUAWEI MATE SERIES,https://xcellparts.com/product-category/others/huawei/huawei-mate-series,1,1,1,3,dom-inspection,div#split-5037-5114 > a.xcell-mm__plp-group-head,https://xcellparts.com/product-category/others/huawei/huawei-mate-series,False,False,2026-09-07T04:40:13+00:00,,,,,
XCell Parts,https://xcellparts.com/,OTHERS,https://xcellparts.com/product-category/others,6,click,HUAWEI,https://xcellparts.com/product-category/others/huawei,12,dom-inspection,MATE 60,https://xcellparts.com/product-category/others/huawei/huawei-mate-series/mate-60,2,1,2,3,dom-inspection,div#split-5037-5114 > div.xcell-mm__plp-thumbs.xcell-mm__plp-thumbs--flat > a.xcell-mm__plp-thumb,https://xcellparts.com/product-category/others/huawei/huawei-mate-series/mate-60,False,False,2026-09-07T04:40:13+00:00,,,,,
XCell Parts,https://xcellparts.com/,OTHERS,https://xcellparts.com/product-category/others,6,click,HUAWEI,https://xcellparts.com/product-category/others/huawei,12,dom-inspection,MATE 50 PRO,https://xcellparts.com/product-category/others/huawei/huawei-mate-series/mate-50-pro,3,1,3,3,dom-inspection,div#split-5037-5114 > div.xcell-mm__plp-thumbs.xcell-mm__plp-thumbs--flat > a.xcell-mm__plp-thumb,https://xcellparts.com/product-category/others/huawei/huawei-mate-series/mate-50-pro,False,False,2026-09-07T04:40:13+00:00,,,,,
XCell Parts,https://xcellparts.com/,OTHERS,https://xcellparts.com/product-category/others,6,click,HUAWEI,https://xcellparts.com/product-category/others/huawei,12,dom-inspection,MATE 50,https://xcellparts.com/product-category/others/huawei/huawei-mate-series/mate-50,4,1,4,3,dom-inspection,div#split-5037-5114 > div.xcell-mm__plp-thumbs.xcell-mm__plp-thumbs--flat > a.xcell-mm__plp-thumb,https://xcellparts.com/product-category/others/huawei/huawei-mate-series/mate-50,False,False,2026-09-07T04:40:13+00:00,,,,,
XCell Parts,https://xcellparts.com/,OTHERS,https://xcellparts.com/product-category/others,6,click,HUAWEI,https://xcellparts.com/product-category/others/huawei,12,dom-inspection,MATE 40 PRO,https://xcellparts.com/product-category/others/huawei/huawei-mate-series/mate-40-pro,5,1,5,3,dom-inspection,div#split-5037-5114 > div.xcell-mm__plp-thumbs.xcell-mm__plp-thumbs--flat > a.xcell-mm__plp-thumb,https://xcellparts.com/product-category/others/huawei/huawei-mate-series/mate-40-pro,False,False,2026-09-07T04:40:13+00:00,,,,,
XCell Parts,https://xcellparts.com/,OTHERS,https://xcellparts.com/product-category/others,6,click,HUAWEI,https://xcellparts.com/product-category/others/huawei,12,dom-inspection,MATE 40,https://xcellparts.com/product-category/others/huawei/huawei-mate-series/mate-40,6,1,6,3,dom-inspection,div#split-5037-5114 > div.xcell-mm__plp-thumbs.xcell-mm__plp-thumbs--flat > a.xcell-mm__plp-thumb,https://xcellparts.com/product-category/others/huawei/huawei-mate-series/mate-40,False,False,2026-09-07T04:40:13+00:00,,,,,
XCell Parts,https://xcellparts.com/,OTHERS,https://xcellparts.com/product-category/others,6,click,HUAWEI,https://xcellparts.com/product-category/others/huawei,12,dom-inspection,MATE 30 PRO,https://xcellparts.com/product-category/others/huawei/huawei-mate-series/mate-30-pro,7,1,7,3,dom-inspection,div#split-5037-5114 > div.xcell-mm__plp-thumbs.xcell-mm__plp-thumbs--flat > a.xcell-mm__plp-thumb,https://xcellparts.com/product-category/others/huawei/huawei-mate-series/mate-30-pro,False,False,2026-09-07T04:40:13+00:00,,,,,
XCell Parts,https://xcellparts.com/,OTHERS,https://xcellparts.com/product-category/others,6,click,HUAWEI,https://xcellparts.com/product-category/others/huawei,12,dom-inspection,MATE 30 LITE,https://xcellparts.com/product-category/others/huawei/huawei-mate-series/mate-30-lite,8,1,8,3,dom-inspection,div#split-5037-5114 > div.xcell-mm__plp-thumbs.xcell-mm__plp-thumbs--flat > a.xcell-mm__plp-thumb,https://xcellparts.com/product-category/others/huawei/huawei-mate-series/mate-30-lite,False,False,2026-09-07T04:40:13+00:00,,,,,
XCell Parts,https://xcellparts.com/,OTHERS,https://xcellparts.com/product-category/others,6,click,HUAWEI,https://xcellparts.com/product-category/others/huawei,12,dom-inspection,MATE 30,https://xcellparts.com/product-category/others/huawei/huawei-mate-series/mate-30,9,1,9,3,dom-inspection,div#split-5037-5114 > div.xcell-mm__plp-thumbs.xcell-mm__plp-thumbs--flat > a.xcell-mm__plp-thumb,https://xcellparts.com/product-category/others/huawei/huawei-mate-series/mate-30,False,False,2026-09-07T04:40:13+00:00,,,,,
XCell Parts,https://xcellparts.com/,OTHERS,https://xcellparts.com/product-category/others,6,click,HUAWEI,https://xcellparts.com/product-category/others/huawei,12,dom-inspection,MATE 20 PRO,https://xcellparts.com/product-category/others/huawei/huawei-mate-series/mate-20-pro,10,1,10,3,dom-inspection,div#split-5037-5114 > div.xcell-mm__plp-thumbs.xcell-mm__plp-thumbs--flat > a.xcell-mm__plp-thumb,https://xcellparts.com/product-category/others/huawei/huawei-mate-series/mate-20-pro,False,False,2026-09-07T04:40:13+00:00,,,,,
XCell Parts,https://xcellparts.com/,OTHERS,https://xcellparts.com/product-category/others,6,click,HUAWEI,https://xcellparts.com/product-category/others/huawei,12,dom-inspection,MATE 20 LITE,https://xcellparts.com/product-category/others/huawei/huawei-mate-series/mate-20-lite,11,1,11,3,dom-inspection,div#split-5037-5114 > div.xcell-mm__plp-thumbs.xcell-mm__plp-thumbs--flat > a.xcell-mm__plp-thumb,https://xcellparts.com/product-category/others/huawei/huawei-mate-series/mate-20-lite,False,False,2026-09-07T04:40:13+00:00,,,,,
XCell Parts,https://xcellparts.com/,OTHERS,https://xcellparts.com/product-category/others,6,click,HUAWEI,https://xcellparts.com/product-category/others/huawei,12,dom-inspection,MATE 20 X,https://xcellparts.com/product-category/others/huawei/huawei-mate-series/mate-20-x,12,1,12,3,dom-inspection,div#split-5037-5114 > div.xcell-mm__plp-thumbs.xcell-mm__plp-thumbs--flat > a.xcell-mm__plp-thumb,https://xcellparts.com/product-category/others/huawei/huawei-mate-series/mate-20-x,False,False,2026-09-07T04:40:13+00:00,,,,,
XCell Parts,https://xcellparts.com/,OTHERS,https://xcellparts.com/product-category/others,6,click,HUAWEI,https://xcellparts.com/product-category/others/huawei,12,dom-inspection,MATE 20,https://xcellparts.com/product-category/others/huawei/huawei-mate-series/mate-20,13,1,13,3,dom-inspection,div#split-5037-5114 > div.xcell-mm__plp-thumbs.xcell-mm__plp-thumbs--flat > a.xcell-mm__plp-thumb,https://xcellparts.com/product-category/others/huawei/huawei-mate-series/mate-20,False,False,2026-09-07T04:40:13+00:00,,,,,
XCell Parts,https://xcellparts.com/,OTHERS,https://xcellparts.com/product-category/others,6,click,HUAWEI,https://xcellparts.com/product-category/others/huawei,12,dom-inspection,MATE 10 PRO,https://xcellparts.com/product-category/others/huawei/huawei-mate-series/mate-10-pro,14,1,14,3,dom-inspection,div#split-5037-5114 > div.xcell-mm__plp-thumbs.xcell-mm__plp-thumbs--flat > a.xcell-mm__plp-thumb,https://xcellparts.com/product-category/others/huawei/huawei-mate-series/mate-10-pro,False,False,2026-09-07T04:40:13+00:00,,,,,
XCell Parts,https://xcellparts.com/,OTHERS,https://xcellparts.com/product-category/others,6,click,HUAWEI,https://xcellparts.com/product-category/others/huawei,12,dom-inspection,MATE 10 LITE,https://xcellparts.com/product-category/others/huawei/huawei-mate-series/mate-10-lite,15,1,15,3,dom-inspection,div#split-5037-5114 > div.xcell-mm__plp-thumbs.xcell-mm__plp-thumbs--flat > a.xcell-mm__plp-thumb,https://xcellparts.com/product-category/others/huawei/huawei-mate-series/mate-10-lite,False,False,2026-09-07T04:40:13+00:00,,,,,
XCell Parts,https://xcellparts.com/,OTHERS,https://xcellparts.com/product-category/others,6,click,HUAWEI,https://xcellparts.com/product-category/others/huawei,12,dom-inspection,MATE 10,https://xcellparts.com/product-category/others/huawei/huawei-mate-series/mate-10,16,1,16,3,dom-inspection,div#split-5037-5114 > div.xcell-mm__plp-thumbs.xcell-mm__plp-thumbs--flat > a.xcell-mm__plp-thumb,https://xcellparts.com/product-category/others/huawei/huawei-mate-series/mate-10,False,False,2026-09-07T04:40:13+00:00,,,,,
XCell Parts,https://xcellparts.com/,OTHERS,https://xcellparts.com/product-category/others,6,click,HUAWEI,https://xcellparts.com/product-category/others/huawei,12,dom-inspection,MATE 9 LITE,https://xcellparts.com/product-category/others/huawei/huawei-mate-series/mate-9-lite,17,1,17,3,dom-inspection,div#split-5037-5114 > div.xcell-mm__plp-thumbs.xcell-mm__plp-thumbs--flat > a.xcell-mm__plp-thumb,https://xcellparts.com/product-category/others/huawei/huawei-mate-series/mate-9-lite,False,False,2026-09-07T04:40:13+00:00,,,,,
XCell Parts,https://xcellparts.com/,OTHERS,https://xcellparts.com/product-category/others,6,click,HUAWEI,https://xcellparts.com/product-category/others/huawei,12,dom-inspection,MATE 9 PRO,https://xcellparts.com/product-category/others/huawei/huawei-mate-series/mate-9-pro,18,1,18,3,dom-inspection,div#split-5037-5114 > div.xcell-mm__plp-thumbs.xcell-mm__plp-thumbs--flat > a.xcell-mm__plp-thumb,https://xcellparts.com/product-category/others/huawei/huawei-mate-series/mate-9-pro,False,False,2026-09-07T04:40:13+00:00,,,,,
XCell Parts,https://xcellparts.com/,OTHERS,https://xcellparts.com/product-category/others,6,click,HUAWEI,https://xcellparts.com/product-category/others/huawei,12,dom-inspection,MATE 9,https://xcellparts.com/product-category/others/huawei/huawei-mate-series/mate-9,19,1,19,3,dom-inspection,div#split-5037-5114 > div.xcell-mm__plp-thumbs.xcell-mm__plp-thumbs--flat > a.xcell-mm__plp-thumb,https://xcellparts.com/product-category/others/huawei/huawei-mate-series/mate-9,False,False,2026-09-07T04:40:13+00:00,,,,,
XCell Parts,https://xcellparts.com/,OTHERS,https://xcellparts.com/product-category/others,6,click,HUAWEI,https://xcellparts.com/product-category/others/huawei,12,dom-inspection,MATE 8,https://xcellparts.com/product-category/others/huawei/huawei-mate-series/mate-8,20,1,20,3,dom-inspection,div#split-5037-5114 > div.xcell-mm__plp-thumbs.xcell-mm__plp-thumbs--flat > a.xcell-mm__plp-thumb,https://xcellparts.com/product-category/others/huawei/huawei-mate-series/mate-8,False,False,2026-09-07T04:40:13+00:00,,,,,
XCell Parts,https://xcellparts.com/,OTHERS,https://xcellparts.com/product-category/others,6,click,HUAWEI,https://xcellparts.com/product-category/others/huawei,12,dom-inspection,MATE X,https://xcellparts.com/product-category/others/huawei/huawei-mate-series/mate-x,21,1,21,3,dom-inspection,div#split-5037-5114 > div.xcell-mm__plp-thumbs.xcell-mm__plp-thumbs--flat > a.xcell-mm__plp-thumb,https://xcellparts.com/product-category/others/huawei/huawei-mate-series/mate-x,False,False,2026-09-07T04:40:13+00:00,,,,,
XCell Parts,https://xcellparts.com/,OTHERS,https://xcellparts.com/product-category/others,6,click,HUAWEI,https://xcellparts.com/product-category/others/huawei,12,dom-inspection,MATE SE (L34),https://xcellparts.com/product-category/others/huawei/huawei-mate-series/mate-se-l34,22,1,22,3,dom-inspection,div#split-5037-5114 > div.xcell-mm__plp-thumbs.xcell-mm__plp-thumbs--flat > a.xcell-mm__plp-thumb,https://xcellparts.com/product-category/others/huawei/huawei-mate-series/mate-se-l34,False,False,2026-09-07T04:40:13+00:00,,,,,
XCell Parts,https://xcellparts.com/,OTHERS,https://xcellparts.com/product-category/others,6,click,HUAWEI,https://xcellparts.com/product-category/others/huawei,12,dom-inspection,ASCEND MATE 7,https://xcellparts.com/product-category/others/huawei/huawei-mate-series/ascend-mate-7,23,1,23,3,dom-inspection,div#split-5037-5114 > div.xcell-mm__plp-thumbs.xcell-mm__plp-thumbs--flat > a.xcell-mm__plp-thumb,https://xcellparts.com/product-category/others/huawei/huawei-mate-series/ascend-mate-7,False,False,2026-09-07T04:40:13+00:00,,,,,
XCell Parts,https://xcellparts.com/,OTHERS,https://xcellparts.com/product-category/others,6,click,HUAWEI,https://xcellparts.com/product-category/others/huawei,12,dom-inspection,ASCEND MATE 2,https://xcellparts.com/product-category/others/huawei/huawei-mate-series/ascend-mate-2,24,1,24,3,dom-inspection,div#split-5037-5114 > div.xcell-mm__plp-thumbs.xcell-mm__plp-thumbs--flat > a.xcell-mm__plp-thumb,https://xcellparts.com/product-category/others/huawei/huawei-mate-series/ascend-mate-2,False,False,2026-09-07T04:40:13+00:00,,,,,
XCell Parts,https://xcellparts.com/,OTHERS,https://xcellparts.com/product-category/others,6,click,HUAWEI,https://xcellparts.com/product-category/others/huawei,12,dom-inspection,HUAWEI NOVA SERIES,https://xcellparts.com/product-category/others/huawei/huawei-nova-series,25,2,1,3,dom-inspection,div#split-5037-5115 > a.xcell-mm__plp-group-head,https://xcellparts.com/product-category/others/huawei/huawei-nova-series,False,False,2026-09-07T04:40:13+00:00,,,,,
XCell Parts,https://xcellparts.com/,OTHERS,https://xcellparts.com/product-category/others,6,click,HUAWEI,https://xcellparts.com/product-category/others/huawei,12,dom-inspection,NOVA Y91,https://xcellparts.com/product-category/others/huawei/huawei-nova-series/nova-y91,26,2,2,3,dom-inspection,div#split-5037-5115 > div.xcell-mm__plp-thumbs.xcell-mm__plp-thumbs--flat > a.xcell-mm__plp-thumb,https://xcellparts.com/product-category/others/huawei/huawei-nova-series/nova-y91,False,False,2026-09-07T04:40:13+00:00,,,,,
XCell Parts,https://xcellparts.com/,OTHERS,https://xcellparts.com/product-category/others,6,click,HUAWEI,https://xcellparts.com/product-category/others/huawei,12,dom-inspection,NOVA Y90,https://xcellparts.com/product-category/others/huawei/huawei-nova-series/nova-y90,27,2,3,3,dom-inspection,div#split-5037-5115 > div.xcell-mm__plp-thumbs.xcell-mm__plp-thumbs--flat > a.xcell-mm__plp-thumb,https://xcellparts.com/product-category/others/huawei/huawei-nova-series/nova-y90,False,False,2026-09-07T04:40:13+00:00,,,,,
XCell Parts,https://xcellparts.com/,OTHERS,https://xcellparts.com/product-category/others,6,click,HUAWEI,https://xcellparts.com/product-category/others/huawei,12,dom-inspection,NOVA Y72,https://xcellparts.com/product-category/others/huawei/huawei-nova-series/nova-y72,28,2,4,3,dom-inspection,div#split-5037-5115 > div.xcell-mm__plp-thumbs.xcell-mm__plp-thumbs--flat > a.xcell-mm__plp-thumb,https://xcellparts.com/product-category/others/huawei/huawei-nova-series/nova-y72,False,False,2026-09-07T04:40:13+00:00,,,,,
XCell Parts,https://xcellparts.com/,OTHERS,https://xcellparts.com/product-category/others,6,click,HUAWEI,https://xcellparts.com/product-category/others/huawei,12,dom-inspection,NOVA Y70 PLUS,https://xcellparts.com/product-category/others/huawei/huawei-nova-series/nova-y70-plus,29,2,5,3,dom-inspection,div#split-5037-5115 > div.xcell-mm__plp-thumbs.xcell-mm__plp-thumbs--flat > a.xcell-mm__plp-thumb,https://xcellparts.com/product-category/others/huawei/huawei-nova-series/nova-y70-plus,False,False,2026-09-07T04:40:13+00:00,,,,,
XCell Parts,https://xcellparts.com/,OTHERS,https://xcellparts.com/product-category/others,6,click,HUAWEI,https://xcellparts.com/product-category/others/huawei,12,dom-inspection,NOVA Y60,https://xcellparts.com/product-category/others/huawei/huawei-nova-series/nova-y60,30,2,6,3,dom-inspection,div#split-5037-5115 > div.xcell-mm__plp-thumbs.xcell-mm__plp-thumbs--flat > a.xcell-mm__plp-thumb,https://xcellparts.com/product-category/others/huawei/huawei-nova-series/nova-y60,False,False,2026-09-07T04:40:13+00:00,,,,,
XCell Parts,https://xcellparts.com/,OTHERS,https://xcellparts.com/product-category/others,6,click,HUAWEI,https://xcellparts.com/product-category/others/huawei,12,dom-inspection,NOVA 12I,https://xcellparts.com/product-category/others/huawei/huawei-nova-series/nova-12i,31,2,7,3,dom-inspection,div#split-5037-5115 > div.xcell-mm__plp-thumbs.xcell-mm__plp-thumbs--flat > a.xcell-mm__plp-thumb,https://xcellparts.com/product-category/others/huawei/huawei-nova-series/nova-12i,False,False,2026-09-07T04:40:13+00:00,,,,,
XCell Parts,https://xcellparts.com/,OTHERS,https://xcellparts.com/product-category/others,6,click,HUAWEI,https://xcellparts.com/product-category/others/huawei,12,dom-inspection,NOVA 11,https://xcellparts.com/product-category/others/huawei/huawei-nova-series/nova-11,32,2,8,3,dom-inspection,div#split-5037-5115 > div.xcell-mm__plp-thumbs.xcell-mm__plp-thumbs--flat > a.xcell-mm__plp-thumb,https://xcellparts.com/product-category/others/huawei/huawei-nova-series/nova-11,False,False,2026-09-07T04:40:13+00:00,,,,,
XCell Parts,https://xcellparts.com/,OTHERS,https://xcellparts.com/product-category/others,6,click,HUAWEI,https://xcellparts.com/product-category/others/huawei,12,dom-inspection,NOVA 10Z,https://xcellparts.com/product-category/others/huawei/huawei-nova-series/nova-10z,33,2,9,3,dom-inspection,div#split-5037-5115 > div.xcell-mm__plp-thumbs.xcell-mm__plp-thumbs--flat > a.xcell-mm__plp-thumb,https://xcellparts.com/product-category/others/huawei/huawei-nova-series/nova-10z,False,False,2026-09-07T04:40:13+00:00,,,,,
XCell Parts,https://xcellparts.com/,OTHERS,https://xcellparts.com/product-category/others,6,click,HUAWEI,https://xcellparts.com/product-category/others/huawei,12,dom-inspection,NOVA 10 SE,https://xcellparts.com/product-category/others/huawei/huawei-nova-series/nova-10-se,34,2,10,3,dom-inspection,div#split-5037-5115 > div.xcell-mm__plp-thumbs.xcell-mm__plp-thumbs--flat > a.xcell-mm__plp-thumb,https://xcellparts.com/product-category/others/huawei/huawei-nova-series/nova-10-se,False,False,2026-09-07T04:40:13+00:00,,,,,
XCell Parts,https://xcellparts.com/,OTHERS,https://xcellparts.com/product-category/others,6,click,HUAWEI,https://xcellparts.com/product-category/others/huawei,12,dom-inspection,NOVA 10 PRO,https://xcellparts.com/product-category/others/huawei/huawei-nova-series/nova-10-pro,35,2,11,3,dom-inspection,div#split-5037-5115 > div.xcell-mm__plp-thumbs.xcell-mm__plp-thumbs--flat > a.xcell-mm__plp-thumb,https://xcellparts.com/product-category/others/huawei/huawei-nova-series/nova-10-pro,False,False,2026-09-07T04:40:13+00:00,,,,,
XCell Parts,https://xcellparts.com/,OTHERS,https://xcellparts.com/product-category/others,6,click,HUAWEI,https://xcellparts.com/product-category/others/huawei,12,dom-inspection,NOVA 10,https://xcellparts.com/product-category/others/huawei/huawei-nova-series/nova-10,36,2,12,3,dom-inspection,div#split-5037-5115 > div.xcell-mm__plp-thumbs.xcell-mm__plp-thumbs--flat > a.xcell-mm__plp-thumb,https://xcellparts.com/product-category/others/huawei/huawei-nova-series/nova-10,False,False,2026-09-07T04:40:13+00:00,,,,,
XCell Parts,https://xcellparts.com/,OTHERS,https://xcellparts.com/product-category/others,6,click,HUAWEI,https://xcellparts.com/product-category/others/huawei,12,dom-inspection,NOVA 9 SE,https://xcellparts.com/product-category/others/huawei/huawei-nova-series/nova-9-se,37,2,13,3,dom-inspection,div#split-5037-5115 > div.xcell-mm__plp-thumbs.xcell-mm__plp-thumbs--flat > a.xcell-mm__plp-thumb,https://xcellparts.com/product-category/others/huawei/huawei-nova-series/nova-9-se,False,False,2026-09-07T04:40:13+00:00,,,,,
XCell Parts,https://xcellparts.com/,OTHERS,https://xcellparts.com/product-category/others,6,click,HUAWEI,https://xcellparts.com/product-category/others/huawei,12,dom-inspection,NOVA 8I,https://xcellparts.com/product-category/others/huawei/huawei-nova-series/nova-8i,38,2,14,3,dom-inspection,div#split-5037-5115 > div.xcell-mm__plp-thumbs.xcell-mm__plp-thumbs--flat > a.xcell-mm__plp-thumb,https://xcellparts.com/product-category/others/huawei/huawei-nova-series/nova-8i,False,False,2026-09-07T04:40:13+00:00,,,,,
XCell Parts,https://xcellparts.com/,OTHERS,https://xcellparts.com/product-category/others,6,click,HUAWEI,https://xcellparts.com/product-category/others/huawei,12,dom-inspection,NOVA 6,https://xcellparts.com/product-category/others/huawei/huawei-nova-series/nova-6,39,2,15,3,dom-inspection,div#split-5037-5115 > div.xcell-mm__plp-thumbs.xcell-mm__plp-thumbs--flat > a.xcell-mm__plp-thumb,https://xcellparts.com/product-category/others/huawei/huawei-nova-series/nova-6,False,False,2026-09-07T04:40:13+00:00,,,,,
XCell Parts,https://xcellparts.com/,OTHERS,https://xcellparts.com/product-category/others,6,click,HUAWEI,https://xcellparts.com/product-category/others/huawei,12,dom-inspection,NOVA 5I PRO,https://xcellparts.com/product-category/others/huawei/huawei-nova-series/nova-5i-pro,40,2,16,3,dom-inspection,div#split-5037-5115 > div.xcell-mm__plp-thumbs.xcell-mm__plp-thumbs--flat > a.xcell-mm__plp-thumb,https://xcellparts.com/product-category/others/huawei/huawei-nova-series/nova-5i-pro,False,False,2026-09-07T04:40:13+00:00,,,,,
XCell Parts,https://xcellparts.com/,OTHERS,https://xcellparts.com/product-category/others,6,click,HUAWEI,https://xcellparts.com/product-category/others/huawei,12,dom-inspection,NOVA 5,https://xcellparts.com/product-category/others/huawei/huawei-nova-series/nova-5,41,2,17,3,dom-inspection,div#split-5037-5115 > div.xcell-mm__plp-thumbs.xcell-mm__plp-thumbs--flat > a.xcell-mm__plp-thumb,https://xcellparts.com/product-category/others/huawei/huawei-nova-series/nova-5,False,False,2026-09-07T04:40:13+00:00,,,,,
XCell Parts,https://xcellparts.com/,OTHERS,https://xcellparts.com/product-category/others,6,click,HUAWEI,https://xcellparts.com/product-category/others/huawei,12,dom-inspection,NOVA 4E,https://xcellparts.com/product-category/others/huawei/huawei-nova-series/nova-4e,42,2,18,3,dom-inspection,div#split-5037-5115 > div.xcell-mm__plp-thumbs.xcell-mm__plp-thumbs--flat > a.xcell-mm__plp-thumb,https://xcellparts.com/product-category/others/huawei/huawei-nova-series/nova-4e,False,False,2026-09-07T04:40:13+00:00,,,,,
XCell Parts,https://xcellparts.com/,OTHERS,https://xcellparts.com/product-category/others,6,click,HUAWEI,https://xcellparts.com/product-category/others/huawei,12,dom-inspection,NOVA 3E,https://xcellparts.com/product-category/others/huawei/huawei-nova-series/nova-3e,43,2,19,3,dom-inspection,div#split-5037-5115 > div.xcell-mm__plp-thumbs.xcell-mm__plp-thumbs--flat > a.xcell-mm__plp-thumb,https://xcellparts.com/product-category/others/huawei/huawei-nova-series/nova-3e,False,False,2026-09-07T04:40:13+00:00,,,,,
XCell Parts,https://xcellparts.com/,OTHERS,https://xcellparts.com/product-category/others,6,click,HUAWEI,https://xcellparts.com/product-category/others/huawei,12,dom-inspection,NOVA 3I,https://xcellparts.com/product-category/others/huawei/huawei-nova-series/nova-3i,44,2,20,3,dom-inspection,div#split-5037-5115 > div.xcell-mm__plp-thumbs.xcell-mm__plp-thumbs--flat > a.xcell-mm__plp-thumb,https://xcellparts.com/product-category/others/huawei/huawei-nova-series/nova-3i,False,False,2026-09-07T04:40:13+00:00,,,,,
XCell Parts,https://xcellparts.com/,OTHERS,https://xcellparts.com/product-category/others,6,click,HUAWEI,https://xcellparts.com/product-category/others/huawei,12,dom-inspection,NOVA 3,https://xcellparts.com/product-category/others/huawei/huawei-nova-series/nova-3,45,2,21,3,dom-inspection,div#split-5037-5115 > div.xcell-mm__plp-thumbs.xcell-mm__plp-thumbs--flat > a.xcell-mm__plp-thumb,https://xcellparts.com/product-category/others/huawei/huawei-nova-series/nova-3,False,False,2026-09-07T04:40:13+00:00,,,,,
XCell Parts,https://xcellparts.com/,OTHERS,https://xcellparts.com/product-category/others,6,click,HUAWEI,https://xcellparts.com/product-category/others/huawei,12,dom-inspection,NOVA 2 PLUS,https://xcellparts.com/product-category/others/huawei/huawei-nova-series/nova-2-plus,46,2,22,3,dom-inspection,div#split-5037-5115 > div.xcell-mm__plp-thumbs.xcell-mm__plp-thumbs--flat > a.xcell-mm__plp-thumb,https://xcellparts.com/product-category/others/huawei/huawei-nova-series/nova-2-plus,False,False,2026-09-07T04:40:13+00:00,,,,,
XCell Parts,https://xcellparts.com/,OTHERS,https://xcellparts.com/product-category/others,6,click,HUAWEI,https://xcellparts.com/product-category/others/huawei,12,dom-inspection,NOVA PLUS,https://xcellparts.com/product-category/others/huawei/huawei-nova-series/nova-plus,47,2,23,3,dom-inspection,div#split-5037-5115 > div.xcell-mm__plp-thumbs.xcell-mm__plp-thumbs--flat > a.xcell-mm__plp-thumb,https://xcellparts.com/product-category/others/huawei/huawei-nova-series/nova-plus,False,False,2026-09-07T04:40:13+00:00,,,,,
XCell Parts,https://xcellparts.com/,OTHERS,https://xcellparts.com/product-category/others,6,click,HUAWEI,https://xcellparts.com/product-category/others/huawei,12,dom-inspection,HUAWEI OTHERS,https://xcellparts.com/product-category/others/huawei/huawei-others,48,3,1,3,dom-inspection,div#split-5037-5116 > a.xcell-mm__plp-group-head,https://xcellparts.com/product-category/others/huawei/huawei-others,False,False,2026-09-07T04:40:13+00:00,,,,,
XCell Parts,https://xcellparts.com/,OTHERS,https://xcellparts.com/product-category/others,6,click,HUAWEI,https://xcellparts.com/product-category/others/huawei,12,dom-inspection,GX8,https://xcellparts.com/product-category/others/huawei/huawei-others/gx8,49,3,2,3,dom-inspection,div#split-5037-5116 > div.xcell-mm__plp-thumbs.xcell-mm__plp-thumbs--flat > a.xcell-mm__plp-thumb,https://xcellparts.com/product-category/others/huawei/huawei-others/gx8,False,False,2026-09-07T04:40:13+00:00,,,,,
XCell Parts,https://xcellparts.com/,OTHERS,https://xcellparts.com/product-category/others,6,click,HUAWEI,https://xcellparts.com/product-category/others/huawei,12,dom-inspection,NEXUS 6P,https://xcellparts.com/product-category/others/huawei/huawei-others/nexus-6p,50,3,3,3,dom-inspection,div#split-5037-5116 > div.xcell-mm__plp-thumbs.xcell-mm__plp-thumbs--flat > a.xcell-mm__plp-thumb,https://xcellparts.com/product-category/others/huawei/huawei-others/nexus-6p,False,False,2026-09-07T04:40:13+00:00,,,,,
XCell Parts,https://xcellparts.com/,OTHERS,https://xcellparts.com/product-category/others,6,click,HUAWEI,https://xcellparts.com/product-category/others/huawei,12,dom-inspection,GR5 2017,https://xcellparts.com/product-category/others/huawei/huawei-others/gr5-2017,51,3,4,3,dom-inspection,div#split-5037-5116 > div.xcell-mm__plp-thumbs.xcell-mm__plp-thumbs--flat > a.xcell-mm__plp-thumb,https://xcellparts.com/product-category/others/huawei/huawei-others/gr5-2017,False,False,2026-09-07T04:40:13+00:00,,,,,
XCell Parts,https://xcellparts.com/,OTHERS,https://xcellparts.com/product-category/others,6,click,HUAWEI,https://xcellparts.com/product-category/others/huawei,12,dom-inspection,GR5 OLDER,https://xcellparts.com/product-category/others/huawei/huawei-others/gr5-older,52,3,5,3,dom-inspection,div#split-5037-5116 > div.xcell-mm__plp-thumbs.xcell-mm__plp-thumbs--flat > a.xcell-mm__plp-thumb,https://xcellparts.com/product-category/others/huawei/huawei-others/gr5-older,False,False,2026-09-07T04:40:13+00:00,,,,,
XCell Parts,https://xcellparts.com/,OTHERS,https://xcellparts.com/product-category/others,6,click,HUAWEI,https://xcellparts.com/product-category/others/huawei,12,dom-inspection,HUAWEI P SERIES,https://xcellparts.com/product-category/others/huawei/huawei-p-series,53,4,1,3,dom-inspection,div#split-5037-5117 > a.xcell-mm__plp-group-head,https://xcellparts.com/product-category/others/huawei/huawei-p-series,False,False,2026-09-07T04:40:13+00:00,,,,,
XCell Parts,https://xcellparts.com/,OTHERS,https://xcellparts.com/product-category/others,6,click,HUAWEI,https://xcellparts.com/product-category/others/huawei,12,dom-inspection,P60 (2023),https://xcellparts.com/product-category/others/huawei/huawei-p-series/p60-2023,54,4,2,3,dom-inspection,div#split-5037-5117 > div.xcell-mm__plp-thumbs.xcell-mm__plp-thumbs--flat > a.xcell-mm__plp-thumb,https://xcellparts.com/product-category/others/huawei/huawei-p-series/p60-2023,False,False,2026-09-07T04:40:13+00:00,,,,,
XCell Parts,https://xcellparts.com/,OTHERS,https://xcellparts.com/product-category/others,6,click,HUAWEI,https://xcellparts.com/product-category/others/huawei,12,dom-inspection,P50 PRO (2021),https://xcellparts.com/product-category/others/huawei/huawei-p-series/p50-pro-2021,55,4,3,3,dom-inspection,div#split-5037-5117 > div.xcell-mm__plp-thumbs.xcell-mm__plp-thumbs--flat > a.xcell-mm__plp-thumb,https://xcellparts.com/product-category/others/huawei/huawei-p-series/p50-pro-2021,False,False,2026-09-07T04:40:13+00:00,,,,,
XCell Parts,https://xcellparts.com/,OTHERS,https://xcellparts.com/product-category/others,6,click,HUAWEI,https://xcellparts.com/product-category/others/huawei,12,dom-inspection,P50 (2021),https://xcellparts.com/product-category/others/huawei/huawei-p-series/p50-2021,56,4,4,3,dom-inspection,div#split-5037-5117 > div.xcell-mm__plp-thumbs.xcell-mm__plp-thumbs--flat > a.xcell-mm__plp-thumb,https://xcellparts.com/product-category/others/huawei/huawei-p-series/p50-2021,False,False,2026-09-07T04:40:13+00:00,,,,,
XCell Parts,https://xcellparts.com/,OTHERS,https://xcellparts.com/product-category/others,6,click,HUAWEI,https://xcellparts.com/product-category/others/huawei,12,dom-inspection,P40 PRO (2020),https://xcellparts.com/product-category/others/huawei/huawei-p-series/p40-pro-2020,57,4,5,3,dom-inspection,div#split-5037-5117 > div.xcell-mm__plp-thumbs.xcell-mm__plp-thumbs--flat > a.xcell-mm__plp-thumb,https://xcellparts.com/product-category/others/huawei/huawei-p-series/p40-pro-2020,False,False,2026-09-07T04:40:13+00:00,,,,,
XCell Parts,https://xcellparts.com/,OTHERS,https://xcellparts.com/product-category/others,6,click,HUAWEI,https://xcellparts.com/product-category/others/huawei,12,dom-inspection,P40 LITE 5G (2020),https://xcellparts.com/product-category/others/huawei/huawei-p-series/p40-lite-5g-2020,58,4,6,3,dom-inspection,div#split-5037-5117 > div.xcell-mm__plp-thumbs.xcell-mm__plp-thumbs--flat > a.xcell-mm__plp-thumb,https://xcellparts.com/product-category/others/huawei/huawei-p-series/p40-lite-5g-2020,False,False,2026-09-07T04:40:13+00:00,,,,,
XCell Parts,https://xcellparts.com/,OTHERS,https://xcellparts.com/product-category/others,6,click,HUAWEI,https://xcellparts.com/product-category/others/huawei,12,dom-inspection,P40 LITE E (2020),https://xcellparts.com/product-category/others/huawei/huawei-p-series/p40-lite-e-2020,59,4,7,3,dom-inspection,div#split-5037-5117 > div.xcell-mm__plp-thumbs.xcell-mm__plp-thumbs--flat > a.xcell-mm__plp-thumb,https://xcellparts.com/product-category/others/huawei/huawei-p-series/p40-lite-e-2020,False,False,2026-09-07T04:40:13+00:00,,,,,
XCell Parts,https://xcellparts.com/,OTHERS,https://xcellparts.com/product-category/others,6,click,HUAWEI,https://xcellparts.com/product-category/others/huawei,12,dom-inspection,P40 LITE (2020),https://xcellparts.com/product-category/others/huawei/huawei-p-series/p40-lite-2020,60,4,8,3,dom-inspection,div#split-5037-5117 > div.xcell-mm__plp-thumbs.xcell-mm__plp-thumbs--flat > a.xcell-mm__plp-thumb,https://xcellparts.com/product-category/others/huawei/huawei-p-series/p40-lite-2020,False,False,2026-09-07T04:40:13+00:00,,,,,
XCell Parts,https://xcellparts.com/,OTHERS,https://xcellparts.com/product-category/others,6,click,HUAWEI,https://xcellparts.com/product-category/others/huawei,12,dom-inspection,P40 (2020),https://xcellparts.com/product-category/others/huawei/huawei-p-series/p40-2020,61,4,9,3,dom-inspection,div#split-5037-5117 > div.xcell-mm__plp-thumbs.xcell-mm__plp-thumbs--flat > a.xcell-mm__plp-thumb,https://xcellparts.com/product-category/others/huawei/huawei-p-series/p40-2020,False,False,2026-09-07T04:40:13+00:00,,,,,
XCell Parts,https://xcellparts.com/,OTHERS,https://xcellparts.com/product-category/others,6,click,HUAWEI,https://xcellparts.com/product-category/others/huawei,12,dom-inspection,P30 PRO (2019),https://xcellparts.com/product-category/others/huawei/huawei-p-series/p30-pro-2019,62,4,10,3,dom-inspection,div#split-5037-5117 > div.xcell-mm__plp-thumbs.xcell-mm__plp-thumbs--flat > a.xcell-mm__plp-thumb,https://xcellparts.com/product-category/others/huawei/huawei-p-series/p30-pro-2019,False,False,2026-09-07T04:40:13+00:00,,,,,
XCell Parts,https://xcellparts.com/,OTHERS,https://xcellparts.com/product-category/others,6,click,HUAWEI,https://xcellparts.com/product-category/others/huawei,12,dom-inspection,P30 LITE (2019),https://xcellparts.com/product-category/others/huawei/huawei-p-series/p30-lite-2019,63,4,11,3,dom-inspection,div#split-5037-5117 > div.xcell-mm__plp-thumbs.xcell-mm__plp-thumbs--flat > a.xcell-mm__plp-thumb,https://xcellparts.com/product-category/others/huawei/huawei-p-series/p30-lite-2019,False,False,2026-09-07T04:40:13+00:00,,,,,
XCell Parts,https://xcellparts.com/,OTHERS,https://xcellparts.com/product-category/others,6,click,HUAWEI,https://xcellparts.com/product-category/others/huawei,12,dom-inspection,P30 (2019),https://xcellparts.com/product-category/others/huawei/huawei-p-series/p30-2019,64,4,12,3,dom-inspection,div#split-5037-5117 > div.xcell-mm__plp-thumbs.xcell-mm__plp-thumbs--flat > a.xcell-mm__plp-thumb,https://xcellparts.com/product-category/others/huawei/huawei-p-series/p30-2019,False,False,2026-09-07T04:40:13+00:00,,,,,
XCell Parts,https://xcellparts.com/,OTHERS,https://xcellparts.com/product-category/others,6,click,HUAWEI,https://xcellparts.com/product-category/others/huawei,12,dom-inspection,P20 PRO (2018),https://xcellparts.com/product-category/others/huawei/huawei-p-series/p20-pro-2018,65,4,13,3,dom-inspection,div#split-5037-5117 > div.xcell-mm__plp-thumbs.xcell-mm__plp-thumbs--flat > a.xcell-mm__plp-thumb,https://xcellparts.com/product-category/others/huawei/huawei-p-series/p20-pro-2018,False,False,2026-09-07T04:40:13+00:00,,,,,
XCell Parts,https://xcellparts.com/,OTHERS,https://xcellparts.com/product-category/others,6,click,HUAWEI,https://xcellparts.com/product-category/others/huawei,12,dom-inspection,P20 (2018),https://xcellparts.com/product-category/others/huawei/huawei-p-series/p20-2018,66,4,14,3,dom-inspection,div#split-5037-5117 > div.xcell-mm__plp-thumbs.xcell-mm__plp-thumbs--flat > a.xcell-mm__plp-thumb,https://xcellparts.com/product-category/others/huawei/huawei-p-series/p20-2018,False,False,2026-09-07T04:40:13+00:00,,,,,
XCell Parts,https://xcellparts.com/,OTHERS,https://xcellparts.com/product-category/others,6,click,HUAWEI,https://xcellparts.com/product-category/others/huawei,12,dom-inspection,P10 PLUS (2017),https://xcellparts.com/product-category/others/huawei/huawei-p-series/p10-plus-2017,67,4,15,3,dom-inspection,div#split-5037-5117 > div.xcell-mm__plp-thumbs.xcell-mm__plp-thumbs--flat > a.xcell-mm__plp-thumb,https://xcellparts.com/product-category/others/huawei/huawei-p-series/p10-plus-2017,False,False,2026-09-07T04:40:13+00:00,,,,,
XCell Parts,https://xcellparts.com/,OTHERS,https://xcellparts.com/product-category/others,6,click,HUAWEI,https://xcellparts.com/product-category/others/huawei,12,dom-inspection,P10 LITE (2017),https://xcellparts.com/product-category/others/huawei/huawei-p-series/p10-lite-2017,68,4,16,3,dom-inspection,div#split-5037-5117 > div.xcell-mm__plp-thumbs.xcell-mm__plp-thumbs--flat > a.xcell-mm__plp-thumb,https://xcellparts.com/product-category/others/huawei/huawei-p-series/p10-lite-2017,False,False,2026-09-07T04:40:13+00:00,,,,,
XCell Parts,https://xcellparts.com/,OTHERS,https://xcellparts.com/product-category/others,6,click,HUAWEI,https://xcellparts.com/product-category/others/huawei,12,dom-inspection,P10 (2017),https://xcellparts.com/product-category/others/huawei/huawei-p-series/p10-2017,69,4,17,3,dom-inspection,div#split-5037-5117 > div.xcell-mm__plp-thumbs.xcell-mm__plp-thumbs--flat > a.xcell-mm__plp-thumb,https://xcellparts.com/product-category/others/huawei/huawei-p-series/p10-2017,False,False,2026-09-07T04:40:13+00:00,,,,,
XCell Parts,https://xcellparts.com/,OTHERS,https://xcellparts.com/product-category/others,6,click,HUAWEI,https://xcellparts.com/product-category/others/huawei,12,dom-inspection,P10 SELFIE,https://xcellparts.com/product-category/others/huawei/huawei-p-series/p10-selfie,70,4,18,3,dom-inspection,div#split-5037-5117 > div.xcell-mm__plp-thumbs.xcell-mm__plp-thumbs--flat > a.xcell-mm__plp-thumb,https://xcellparts.com/product-category/others/huawei/huawei-p-series/p10-selfie,False,False,2026-09-07T04:40:13+00:00,,,,,
XCell Parts,https://xcellparts.com/,OTHERS,https://xcellparts.com/product-category/others,6,click,HUAWEI,https://xcellparts.com/product-category/others/huawei,12,dom-inspection,P9 PLUS (2016),https://xcellparts.com/product-category/others/huawei/huawei-p-series/p9-plus-2016,71,4,19,3,dom-inspection,div#split-5037-5117 > div.xcell-mm__plp-thumbs.xcell-mm__plp-thumbs--flat > a.xcell-mm__plp-thumb,https://xcellparts.com/product-category/others/huawei/huawei-p-series/p9-plus-2016,False,False,2026-09-07T04:40:13+00:00,,,,,
XCell Parts,https://xcellparts.com/,OTHERS,https://xcellparts.com/product-category/others,6,click,HUAWEI,https://xcellparts.com/product-category/others/huawei,12,dom-inspection,P9 LITE (2016),https://xcellparts.com/product-category/others/huawei/huawei-p-series/p9-lite-2016,72,4,20,3,dom-inspection,div#split-5037-5117 > div.xcell-mm__plp-thumbs.xcell-mm__plp-thumbs--flat > a.xcell-mm__plp-thumb,https://xcellparts.com/product-category/others/huawei/huawei-p-series/p9-lite-2016,False,False,2026-09-07T04:40:13+00:00,,,,,
XCell Parts,https://xcellparts.com/,OTHERS,https://xcellparts.com/product-category/others,6,click,HUAWEI,https://xcellparts.com/product-category/others/huawei,12,dom-inspection,P9 (2016),https://xcellparts.com/product-category/others/huawei/huawei-p-series/p9-2016,73,4,21,3,dom-inspection,div#split-5037-5117 > div.xcell-mm__plp-thumbs.xcell-mm__plp-thumbs--flat > a.xcell-mm__plp-thumb,https://xcellparts.com/product-category/others/huawei/huawei-p-series/p9-2016,False,False,2026-09-07T04:40:13+00:00,,,,,
XCell Parts,https://xcellparts.com/,OTHERS,https://xcellparts.com/product-category/others,6,click,HUAWEI,https://xcellparts.com/product-category/others/huawei,12,dom-inspection,P SMART 7S,https://xcellparts.com/product-category/others/huawei/huawei-p-series/p-smart-7s,74,4,22,3,dom-inspection,div#split-5037-5117 > div.xcell-mm__plp-thumbs.xcell-mm__plp-thumbs--flat > a.xcell-mm__plp-thumb,https://xcellparts.com/product-category/others/huawei/huawei-p-series/p-smart-7s,False,False,2026-09-07T04:40:13+00:00,,,,,
XCell Parts,https://xcellparts.com/,OTHERS,https://xcellparts.com/product-category/others,6,click,HUAWEI,https://xcellparts.com/product-category/others/huawei,12,dom-inspection,P SMART S (2021),https://xcellparts.com/product-category/others/huawei/huawei-p-series/p-smart-s-2021,75,4,23,3,dom-inspection,div#split-5037-5117 > div.xcell-mm__plp-thumbs.xcell-mm__plp-thumbs--flat > a.xcell-mm__plp-thumb,https://xcellparts.com/product-category/others/huawei/huawei-p-series/p-smart-s-2021,False,False,2026-09-07T04:40:13+00:00,,,,,
XCell Parts,https://xcellparts.com/,OTHERS,https://xcellparts.com/product-category/others,6,click,HUAWEI,https://xcellparts.com/product-category/others/huawei,12,dom-inspection,P SMART (2021),https://xcellparts.com/product-category/others/huawei/huawei-p-series/p-smart-2021,76,4,24,3,dom-inspection,div#split-5037-5117 > div.xcell-mm__plp-thumbs.xcell-mm__plp-thumbs--flat > a.xcell-mm__plp-thumb,https://xcellparts.com/product-category/others/huawei/huawei-p-series/p-smart-2021,False,False,2026-09-07T04:40:13+00:00,,,,,
XCell Parts,https://xcellparts.com/,OTHERS,https://xcellparts.com/product-category/others,6,click,HUAWEI,https://xcellparts.com/product-category/others/huawei,12,dom-inspection,P SMART Z (2019),https://xcellparts.com/product-category/others/huawei/huawei-p-series/p-smart-z-2019,77,4,25,3,dom-inspection,div#split-5037-5117 > div.xcell-mm__plp-thumbs.xcell-mm__plp-thumbs--flat > a.xcell-mm__plp-thumb,https://xcellparts.com/product-category/others/huawei/huawei-p-series/p-smart-z-2019,False,False,2026-09-07T04:40:13+00:00,,,,,
XCell Parts,https://xcellparts.com/,OTHERS,https://xcellparts.com/product-category/others,6,click,HUAWEI,https://xcellparts.com/product-category/others/huawei,12,dom-inspection,P SMART (2019),https://xcellparts.com/product-category/others/huawei/huawei-p-series/p-smart-2019,78,4,26,3,dom-inspection,div#split-5037-5117 > div.xcell-mm__plp-thumbs.xcell-mm__plp-thumbs--flat > a.xcell-mm__plp-thumb,https://xcellparts.com/product-category/others/huawei/huawei-p-series/p-smart-2019,False,False,2026-09-07T04:40:13+00:00,,,,,
XCell Parts,https://xcellparts.com/,OTHERS,https://xcellparts.com/product-category/others,6,click,HUAWEI,https://xcellparts.com/product-category/others/huawei,12,dom-inspection,P SMART PLUS (2019),https://xcellparts.com/product-category/others/huawei/huawei-p-series/p-smart-plus-2019,79,4,27,3,dom-inspection,div#split-5037-5117 > div.xcell-mm__plp-thumbs.xcell-mm__plp-thumbs--flat > a.xcell-mm__plp-thumb,https://xcellparts.com/product-category/others/huawei/huawei-p-series/p-smart-plus-2019,False,False,2026-09-07T04:40:13+00:00,,,,,
XCell Parts,https://xcellparts.com/,OTHERS,https://xcellparts.com/product-category/others,6,click,HUAWEI,https://xcellparts.com/product-category/others/huawei,12,dom-inspection,P SMART (2017),https://xcellparts.com/product-category/others/huawei/huawei-p-series/p-smart-2017,80,4,28,3,dom-inspection,div#split-5037-5117 > div.xcell-mm__plp-thumbs.xcell-mm__plp-thumbs--flat > a.xcell-mm__plp-thumb,https://xcellparts.com/product-category/others/huawei/huawei-p-series/p-smart-2017,False,False,2026-09-07T04:40:13+00:00,,,,,
XCell Parts,https://xcellparts.com/,OTHERS,https://xcellparts.com/product-category/others,6,click,HUAWEI,https://xcellparts.com/product-category/others/huawei,12,dom-inspection,HUAWEI Y SERIES,https://xcellparts.com/product-category/others/huawei/huawei-y-series,81,5,1,3,dom-inspection,div#split-5037-5118 > a.xcell-mm__plp-group-head,https://xcellparts.com/product-category/others/huawei/huawei-y-series,False,False,2026-09-07T04:40:13+00:00,,,,,
XCell Parts,https://xcellparts.com/,OTHERS,https://xcellparts.com/product-category/others,6,click,HUAWEI,https://xcellparts.com/product-category/others/huawei,12,dom-inspection,Y9A (2020),https://xcellparts.com/product-category/others/huawei/huawei-y-series/y9a-2020,82,5,2,3,dom-inspection,div#split-5037-5118 > div.xcell-mm__plp-thumbs.xcell-mm__plp-thumbs--flat > a.xcell-mm__plp-thumb,https://xcellparts.com/product-category/others/huawei/huawei-y-series/y9a-2020,False,False,2026-09-07T04:40:13+00:00,,,,,
XCell Parts,https://xcellparts.com/,OTHERS,https://xcellparts.com/product-category/others,6,click,HUAWEI,https://xcellparts.com/product-category/others/huawei,12,dom-inspection,Y9 PRIME (2019),https://xcellparts.com/product-category/others/huawei/huawei-y-series/y9-prime-2019,83,5,3,3,dom-inspection,div#split-5037-5118 > div.xcell-mm__plp-thumbs.xcell-mm__plp-thumbs--flat > a.xcell-mm__plp-thumb,https://xcellparts.com/product-category/others/huawei/huawei-y-series/y9-prime-2019,False,False,2026-09-07T04:40:13+00:00,,,,,
XCell Parts,https://xcellparts.com/,OTHERS,https://xcellparts.com/product-category/others,6,click,HUAWEI,https://xcellparts.com/product-category/others/huawei,12,dom-inspection,Y9S (2019),https://xcellparts.com/product-category/others/huawei/huawei-y-series/y9s-2019,84,5,4,3,dom-inspection,div#split-5037-5118 > div.xcell-mm__plp-thumbs.xcell-mm__plp-thumbs--flat > a.xcell-mm__plp-thumb,https://xcellparts.com/product-category/others/huawei/huawei-y-series/y9s-2019,False,False,2026-09-07T04:40:13+00:00,,,,,
XCell Parts,https://xcellparts.com/,OTHERS,https://xcellparts.com/product-category/others,6,click,HUAWEI,https://xcellparts.com/product-category/others/huawei,12,dom-inspection,Y9 (2019),https://xcellparts.com/product-category/others/huawei/huawei-y-series/y9-2019,85,5,5,3,dom-inspection,div#split-5037-5118 > div.xcell-mm__plp-thumbs.xcell-mm__plp-thumbs--flat > a.xcell-mm__plp-thumb,https://xcellparts.com/product-category/others/huawei/huawei-y-series/y9-2019,False,False,2026-09-07T04:40:13+00:00,,,,,
XCell Parts,https://xcellparts.com/,OTHERS,https://xcellparts.com/product-category/others,6,click,HUAWEI,https://xcellparts.com/product-category/others/huawei,12,dom-inspection,Y9 (2018),https://xcellparts.com/product-category/others/huawei/huawei-y-series/y9-2018,86,5,6,3,dom-inspection,div#split-5037-5118 > div.xcell-mm__plp-thumbs.xcell-mm__plp-thumbs--flat > a.xcell-mm__plp-thumb,https://xcellparts.com/product-category/others/huawei/huawei-y-series/y9-2018,False,False,2026-09-07T04:40:13+00:00,,,,,
XCell Parts,https://xcellparts.com/,OTHERS,https://xcellparts.com/product-category/others,6,click,HUAWEI,https://xcellparts.com/product-category/others/huawei,12,dom-inspection,Y7 PRIME (2018),https://xcellparts.com/product-category/others/huawei/huawei-y-series/y7-prime-2018,87,5,7,3,dom-inspection,div#split-5037-5118 > div.xcell-mm__plp-thumbs.xcell-mm__plp-thumbs--flat > a.xcell-mm__plp-thumb,https://xcellparts.com/product-category/others/huawei/huawei-y-series/y7-prime-2018,False,False,2026-09-07T04:40:13+00:00,,,,,
XCell Parts,https://xcellparts.com/,OTHERS,https://xcellparts.com/product-category/others,6,click,HUAWEI,https://xcellparts.com/product-category/others/huawei,12,dom-inspection,Y7 (2019),https://xcellparts.com/product-category/others/huawei/huawei-y-series/y7-2019,88,5,8,3,dom-inspection,div#split-5037-5118 > div.xcell-mm__plp-thumbs.xcell-mm__plp-thumbs--flat > a.xcell-mm__plp-thumb,https://xcellparts.com/product-category/others/huawei/huawei-y-series/y7-2019,False,False,2026-09-07T04:40:13+00:00,,,,,
XCell Parts,https://xcellparts.com/,OTHERS,https://xcellparts.com/product-category/others,6,click,HUAWEI,https://xcellparts.com/product-category/others/huawei,12,dom-inspection,Y6P (2020),https://xcellparts.com/product-category/others/huawei/huawei-y-series/y6p-2020,89,5,9,3,dom-inspection,div#split-5037-5118 > div.xcell-mm__plp-thumbs.xcell-mm__plp-thumbs--flat > a.xcell-mm__plp-thumb,https://xcellparts.com/product-category/others/huawei/huawei-y-series/y6p-2020,False,False,2026-09-07T04:40:13+00:00,,,,,
XCell Parts,https://xcellparts.com/,OTHERS,https://xcellparts.com/product-category/others,6,click,HUAWEI,https://xcellparts.com/product-category/others/huawei,12,dom-inspection,Y6 (2019),https://xcellparts.com/product-category/others/huawei/huawei-y-series/y6-2019,90,5,10,3,dom-inspection,div#split-5037-5118 > div.xcell-mm__plp-thumbs.xcell-mm__plp-thumbs--flat > a.xcell-mm__plp-thumb,https://xcellparts.com/product-category/others/huawei/huawei-y-series/y6-2019,False,False,2026-09-07T04:40:13+00:00,,,,,
XCell Parts,https://xcellparts.com/,OTHERS,https://xcellparts.com/product-category/others,6,click,HUAWEI,https://xcellparts.com/product-category/others/huawei,12,dom-inspection,Y6 (2018),https://xcellparts.com/product-category/others/huawei/huawei-y-series/y6-2018,91,5,11,3,dom-inspection,div#split-5037-5118 > div.xcell-mm__plp-thumbs.xcell-mm__plp-thumbs--flat > a.xcell-mm__plp-thumb,https://xcellparts.com/product-category/others/huawei/huawei-y-series/y6-2018,False,False,2026-09-07T04:40:13+00:00,,,,,
XCell Parts,https://xcellparts.com/,OTHERS,https://xcellparts.com/product-category/others,6,click,HUAWEI,https://xcellparts.com/product-category/others/huawei,12,dom-inspection,Y6 (2017),https://xcellparts.com/product-category/others/huawei/huawei-y-series/y6-2017,92,5,12,3,dom-inspection,div#split-5037-5118 > div.xcell-mm__plp-thumbs.xcell-mm__plp-thumbs--flat > a.xcell-mm__plp-thumb,https://xcellparts.com/product-category/others/huawei/huawei-y-series/y6-2017,False,False,2026-09-07T04:40:13+00:00,,,,,
XCell Parts,https://xcellparts.com/,OTHERS,https://xcellparts.com/product-category/others,6,click,HUAWEI,https://xcellparts.com/product-category/others/huawei,12,dom-inspection,Y6 (2016),https://xcellparts.com/product-category/others/huawei/huawei-y-series/y6-2016,93,5,13,3,dom-inspection,div#split-5037-5118 > div.xcell-mm__plp-thumbs.xcell-mm__plp-thumbs--flat > a.xcell-mm__plp-thumb,https://xcellparts.com/product-category/others/huawei/huawei-y-series/y6-2016,False,False,2026-09-07T04:40:13+00:00,,,,,
XCell Parts,https://xcellparts.com/,OTHERS,https://xcellparts.com/product-category/others,6,click,HUAWEI,https://xcellparts.com/product-category/others/huawei,12,dom-inspection,Y5 PRO (2018),https://xcellparts.com/product-category/others/huawei/huawei-y-series/y5-pro-2018,94,5,14,3,dom-inspection,div#split-5037-5118 > div.xcell-mm__plp-thumbs.xcell-mm__plp-thumbs--flat > a.xcell-mm__plp-thumb,https://xcellparts.com/product-category/others/huawei/huawei-y-series/y5-pro-2018,False,False,2026-09-07T04:40:13+00:00,,,,,
XCell Parts,https://xcellparts.com/,OTHERS,https://xcellparts.com/product-category/others,6,click,HUAWEI,https://xcellparts.com/product-category/others/huawei,12,dom-inspection,Y5 (2015),https://xcellparts.com/product-category/others/huawei/huawei-y-series/y5-2015,95,5,15,3,dom-inspection,div#split-5037-5118 > div.xcell-mm__plp-thumbs.xcell-mm__plp-thumbs--flat > a.xcell-mm__plp-thumb,https://xcellparts.com/product-category/others/huawei/huawei-y-series/y5-2015,False,False,2026-09-07T04:40:13+00:00,,,,,
XCell Parts,https://xcellparts.com/,OTHERS,https://xcellparts.com/product-category/others,6,click,LENOVO,https://xcellparts.com/product-category/others/lenovo,13,dom-inspection,LENOVO CHROMEBOOK SERIES,https://xcellparts.com/product-category/others/lenovo/lenovo-chromebook-series,1,1,1,3,dom-inspection,div#split-5039-5120 > a.xcell-mm__plp-group-head,https://xcellparts.com/product-category/others/lenovo/lenovo-chromebook-series,False,False,2026-09-07T04:40:13+00:00,,,,,
XCell Parts,https://xcellparts.com/,OTHERS,https://xcellparts.com/product-category/others,6,click,LENOVO,https://xcellparts.com/product-category/others/lenovo,13,dom-inspection,CHROMEBOOK 300E 81H0,https://xcellparts.com/product-category/others/lenovo/lenovo-chromebook-series/chromebook-300e-81h0,2,1,2,3,dom-inspection,div#split-5039-5120 > div.xcell-mm__plp-thumbs.xcell-mm__plp-thumbs--flat > a.xcell-mm__plp-thumb,https://xcellparts.com/product-category/others/lenovo/lenovo-chromebook-series/chromebook-300e-81h0,False,False,2026-09-07T04:40:13+00:00,,,,,
XCell Parts,https://xcellparts.com/,OTHERS,https://xcellparts.com/product-category/others,6,click,LENOVO,https://xcellparts.com/product-category/others/lenovo,13,dom-inspection,LENOVO IDEAPAD SERIES,https://xcellparts.com/product-category/others/lenovo/lenovo-ideapad-series,3,2,1,3,dom-inspection,div#split-5039-5121 > a.xcell-mm__plp-group-head,https://xcellparts.com/product-category/others/lenovo/lenovo-ideapad-series,False,False,2026-09-07T04:40:13+00:00,,,,,
XCell Parts,https://xcellparts.com/,OTHERS,https://xcellparts.com/product-category/others,6,click,LENOVO,https://xcellparts.com/product-category/others/lenovo,13,dom-inspection,IDEAPAD 330,https://xcellparts.com/product-category/others/lenovo/lenovo-ideapad-series/ideapad-330,4,2,2,3,dom-inspection,div#split-5039-5121 > div.xcell-mm__plp-thumbs.xcell-mm__plp-thumbs--flat > a.xcell-mm__plp-thumb,https://xcellparts.com/product-category/others/lenovo/lenovo-ideapad-series/ideapad-330,False,False,2026-09-07T04:40:13+00:00,,,,,
XCell Parts,https://xcellparts.com/,OTHERS,https://xcellparts.com/product-category/others,6,click,LENOVO,https://xcellparts.com/product-category/others/lenovo,13,dom-inspection,LENOVO TAB SERIES,https://xcellparts.com/product-category/others/lenovo/lenovo-tab-series,5,3,1,3,dom-inspection,div#split-5039-5123 > a.xcell-mm__plp-group-head,https://xcellparts.com/product-category/others/lenovo/lenovo-tab-series,False,False,2026-09-07T04:40:13+00:00,,,,,
XCell Parts,https://xcellparts.com/,OTHERS,https://xcellparts.com/product-category/others,6,click,LENOVO,https://xcellparts.com/product-category/others/lenovo,13,dom-inspection,TAB P11 PLUS,https://xcellparts.com/product-category/others/lenovo/lenovo-tab-series/tab-p11-plus,6,3,2,3,dom-inspection,div#split-5039-5123 > div.xcell-mm__plp-thumbs.xcell-mm__plp-thumbs--flat > a.xcell-mm__plp-thumb,https://xcellparts.com/product-category/others/lenovo/lenovo-tab-series/tab-p11-plus,False,False,2026-09-07T04:40:13+00:00,,,,,
XCell Parts,https://xcellparts.com/,OTHERS,https://xcellparts.com/product-category/others,6,click,LENOVO,https://xcellparts.com/product-category/others/lenovo,13,dom-inspection,"SMART TAB P10 10.1"" (X705)",https://xcellparts.com/product-category/others/lenovo/lenovo-tab-series/smart-tab-p10-10-1-x705,7,3,3,3,dom-inspection,div#split-5039-5123 > div.xcell-mm__plp-thumbs.xcell-mm__plp-thumbs--flat > a.xcell-mm__plp-thumb,https://xcellparts.com/product-category/others/lenovo/lenovo-tab-series/smart-tab-p10-10-1-x705,False,False,2026-09-07T04:40:13+00:00,,,,,
XCell Parts,https://xcellparts.com/,OTHERS,https://xcellparts.com/product-category/others,6,click,LENOVO,https://xcellparts.com/product-category/others/lenovo,13,dom-inspection,"TAB M10 FHD PLUS 2ND GEN 10.3""X606",https://xcellparts.com/product-category/others/lenovo/lenovo-tab-series/tab-m10-fhd-plus-2nd-gen-10-3x606,8,3,4,3,dom-inspection,div#split-5039-5123 > div.xcell-mm__plp-thumbs.xcell-mm__plp-thumbs--flat > a.xcell-mm__plp-thumb,https://xcellparts.com/product-category/others/lenovo/lenovo-tab-series/tab-m10-fhd-plus-2nd-gen-10-3x606,False,False,2026-09-07T04:40:13+00:00,,,,,
XCell Parts,https://xcellparts.com/,OTHERS,https://xcellparts.com/product-category/others,6,click,LENOVO,https://xcellparts.com/product-category/others/lenovo,13,dom-inspection,"TAB M10 FHD 10.1"" (X605)",https://xcellparts.com/product-category/others/lenovo/lenovo-tab-series/tab-m10-fhd-10-1-x605,9,3,5,3,dom-inspection,div#split-5039-5123 > div.xcell-mm__plp-thumbs.xcell-mm__plp-thumbs--flat > a.xcell-mm__plp-thumb,https://xcellparts.com/product-category/others/lenovo/lenovo-tab-series/tab-m10-fhd-10-1-x605,False,False,2026-09-07T04:40:13+00:00,,,,,
XCell Parts,https://xcellparts.com/,OTHERS,https://xcellparts.com/product-category/others,6,click,LENOVO,https://xcellparts.com/product-category/others/lenovo,13,dom-inspection,"TAB M10 HD 2ND GEN 10.1"" (X306)",https://xcellparts.com/product-category/others/lenovo/lenovo-tab-series/tab-m10-hd-2nd-gen-10-1-x306,10,3,6,3,dom-inspection,div#split-5039-5123 > div.xcell-mm__plp-thumbs.xcell-mm__plp-thumbs--flat > a.xcell-mm__plp-thumb,https://xcellparts.com/product-category/others/lenovo/lenovo-tab-series/tab-m10-hd-2nd-gen-10-1-x306,False,False,2026-09-07T04:40:13+00:00,,,,,
XCell Parts,https://xcellparts.com/,OTHERS,https://xcellparts.com/product-category/others,6,click,LENOVO,https://xcellparts.com/product-category/others/lenovo,13,dom-inspection,"TAB M10 HD 10.1"" (X505)",https://xcellparts.com/product-category/others/lenovo/lenovo-tab-series/tab-m10-hd-10-1-x505,11,3,7,3,dom-inspection,div#split-5039-5123 > div.xcell-mm__plp-thumbs.xcell-mm__plp-thumbs--flat > a.xcell-mm__plp-thumb,https://xcellparts.com/product-category/others/lenovo/lenovo-tab-series/tab-m10-hd-10-1-x505,False,False,2026-09-07T04:40:13+00:00,,,,,
XCell Parts,https://xcellparts.com/,OTHERS,https://xcellparts.com/product-category/others,6,click,LENOVO,https://xcellparts.com/product-category/others/lenovo,13,dom-inspection,TAB M8 (2ND GEN / 2019),https://xcellparts.com/product-category/others/lenovo/lenovo-tab-series/tab-m8-2nd-gen-2019,12,3,8,3,dom-inspection,div#split-5039-5123 > div.xcell-mm__plp-thumbs.xcell-mm__plp-thumbs--flat > a.xcell-mm__plp-thumb,https://xcellparts.com/product-category/others/lenovo/lenovo-tab-series/tab-m8-2nd-gen-2019,False,False,2026-09-07T04:40:13+00:00,,,,,
XCell Parts,https://xcellparts.com/,OTHERS,https://xcellparts.com/product-category/others,6,click,LENOVO,https://xcellparts.com/product-category/others/lenovo,13,dom-inspection,YOGA SMART TAB 5 (YT-X705),https://xcellparts.com/product-category/others/lenovo/lenovo-tab-series/yoga-smart-tab-5-yt-x705,13,3,9,3,dom-inspection,div#split-5039-5123 > div.xcell-mm__plp-thumbs.xcell-mm__plp-thumbs--flat > a.xcell-mm__plp-thumb,https://xcellparts.com/product-category/others/lenovo/lenovo-tab-series/yoga-smart-tab-5-yt-x705,False,False,2026-09-07T04:40:13+00:00,,,,,
XCell Parts,https://xcellparts.com/,OTHERS,https://xcellparts.com/product-category/others,6,click,LG,https://xcellparts.com/product-category/others/lg,14,dom-inspection,LG ARISTO SERIES,https://xcellparts.com/product-category/others/lg/lg-aristo-series,1,1,1,3,dom-inspection,div#split-1124949-1124953 > a.xcell-mm__plp-group-head,https://xcellparts.com/product-category/others/lg/lg-aristo-series,False,False,2026-09-07T04:40:13+00:00,,,,,
XCell Parts,https://xcellparts.com/,OTHERS,https://xcellparts.com/product-category/others,6,click,LG,https://xcellparts.com/product-category/others/lg,14,dom-inspection,LG ARISTO 5,https://xcellparts.com/product-category/others/lg/lg-aristo-series/lg-aristo-5,2,1,2,3,dom-inspection,div#split-1124949-1124953 > div.xcell-mm__plp-thumbs.xcell-mm__plp-thumbs--flat > a.xcell-mm__plp-thumb,https://xcellparts.com/product-category/others/lg/lg-aristo-series/lg-aristo-5,False,False,2026-09-07T04:40:13+00:00,,,,,
XCell Parts,https://xcellparts.com/,OTHERS,https://xcellparts.com/product-category/others,6,click,LG,https://xcellparts.com/product-category/others/lg,14,dom-inspection,LG ARISTO 4,https://xcellparts.com/product-category/others/lg/lg-aristo-series/lg-aristo-4,3,1,3,3,dom-inspection,div#split-1124949-1124953 > div.xcell-mm__plp-thumbs.xcell-mm__plp-thumbs--flat > a.xcell-mm__plp-thumb,https://xcellparts.com/product-category/others/lg/lg-aristo-series/lg-aristo-4,False,False,2026-09-07T04:40:13+00:00,,,,,
XCell Parts,https://xcellparts.com/,OTHERS,https://xcellparts.com/product-category/others,6,click,LG,https://xcellparts.com/product-category/others/lg,14,dom-inspection,LG ARISTO 3 PLUS,https://xcellparts.com/product-category/others/lg/lg-aristo-series/lg-aristo-3-plus,4,1,4,3,dom-inspection,div#split-1124949-1124953 > div.xcell-mm__plp-thumbs.xcell-mm__plp-thumbs--flat > a.xcell-mm__plp-thumb,https://xcellparts.com/product-category/others/lg/lg-aristo-series/lg-aristo-3-plus,False,False,2026-09-07T04:40:13+00:00,,,,,
XCell Parts,https://xcellparts.com/,OTHERS,https://xcellparts.com/product-category/others,6,click,LG,https://xcellparts.com/product-category/others/lg,14,dom-inspection,LG ARISTO 3,https://xcellparts.com/product-category/others/lg/lg-aristo-series/lg-aristo-3,5,1,5,3,dom-inspection,div#split-1124949-1124953 > div.xcell-mm__plp-thumbs.xcell-mm__plp-thumbs--flat > a.xcell-mm__plp-thumb,https://xcellparts.com/product-category/others/lg/lg-aristo-series/lg-aristo-3,False,False,2026-09-07T04:40:13+00:00,,,,,
XCell Parts,https://xcellparts.com/,OTHERS,https://xcellparts.com/product-category/others,6,click,LG,https://xcellparts.com/product-category/others/lg,14,dom-inspection,LG ARISTO 2,https://xcellparts.com/product-category/others/lg/lg-aristo-series/lg-aristo-2,6,1,6,3,dom-inspection,div#split-1124949-1124953 > div.xcell-mm__plp-thumbs.xcell-mm__plp-thumbs--flat > a.xcell-mm__plp-thumb,https://xcellparts.com/product-category/others/lg/lg-aristo-series/lg-aristo-2,False,False,2026-09-07T04:40:13+00:00,,,,,
XCell Parts,https://xcellparts.com/,OTHERS,https://xcellparts.com/product-category/others,6,click,LG,https://xcellparts.com/product-category/others/lg,14,dom-inspection,LG ARISTO,https://xcellparts.com/product-category/others/lg/lg-aristo-series/lg-aristo,7,1,7,3,dom-inspection,div#split-1124949-1124953 > div.xcell-mm__plp-thumbs.xcell-mm__plp-thumbs--flat > a.xcell-mm__plp-thumb,https://xcellparts.com/product-category/others/lg/lg-aristo-series/lg-aristo,False,False,2026-09-07T04:40:13+00:00,,,,,
XCell Parts,https://xcellparts.com/,OTHERS,https://xcellparts.com/product-category/others,6,click,LG,https://xcellparts.com/product-category/others/lg,14,dom-inspection,LG G SERIES,https://xcellparts.com/product-category/others/lg/lg-g-series,8,2,1,3,dom-inspection,div#split-1124949-1124954 > a.xcell-mm__plp-group-head,https://xcellparts.com/product-category/others/lg/lg-g-series,False,False,2026-09-07T04:40:13+00:00,,,,,
XCell Parts,https://xcellparts.com/,OTHERS,https://xcellparts.com/product-category/others,6,click,LG,https://xcellparts.com/product-category/others/lg,14,dom-inspection,LG G9 (VELVET),https://xcellparts.com/product-category/others/lg/lg-g-series/lg-g9-velvet,9,2,2,3,dom-inspection,div#split-1124949-1124954 > div.xcell-mm__plp-thumbs.xcell-mm__plp-thumbs--flat > a.xcell-mm__plp-thumb,https://xcellparts.com/product-category/others/lg/lg-g-series/lg-g9-velvet,False,False,2026-09-07T04:40:13+00:00,,,,,
XCell Parts,https://xcellparts.com/,OTHERS,https://xcellparts.com/product-category/others,6,click,LG,https://xcellparts.com/product-category/others/lg,14,dom-inspection,LG G8X ThinQ,https://xcellparts.com/product-category/others/lg/lg-g-series/lg-g8x-thinq,10,2,3,3,dom-inspection,div#split-1124949-1124954 > div.xcell-mm__plp-thumbs.xcell-mm__plp-thumbs--flat > a.xcell-mm__plp-thumb,https://xcellparts.com/product-category/others/lg/lg-g-series/lg-g8x-thinq,False,False,2026-09-07T04:40:13+00:00,,,,,
XCell Parts,https://xcellparts.com/,OTHERS,https://xcellparts.com/product-category/others,6,click,LG,https://xcellparts.com/product-category/others/lg,14,dom-inspection,LG G8S ThinQ,https://xcellparts.com/product-category/others/lg/lg-g-series/lg-g8s-thinq,11,2,4,3,dom-inspection,div#split-1124949-1124954 > div.xcell-mm__plp-thumbs.xcell-mm__plp-thumbs--flat > a.xcell-mm__plp-thumb,https://xcellparts.com/product-category/others/lg/lg-g-series/lg-g8s-thinq,False,False,2026-09-07T04:40:13+00:00,,,,,
XCell Parts,https://xcellparts.com/,OTHERS,https://xcellparts.com/product-category/others,6,click,LG,https://xcellparts.com/product-category/others/lg,14,dom-inspection,LG G8 ThinQ,https://xcellparts.com/product-category/others/lg/lg-g-series/lg-g8-thinq,12,2,5,3,dom-inspection,div#split-1124949-1124954 > div.xcell-mm__plp-thumbs.xcell-mm__plp-thumbs--flat > a.xcell-mm__plp-thumb,https://xcellparts.com/product-category/others/lg/lg-g-series/lg-g8-thinq,False,False,2026-09-07T04:40:13+00:00,,,,,
XCell Parts,https://xcellparts.com/,OTHERS,https://xcellparts.com/product-category/others,6,click,LG,https://xcellparts.com/product-category/others/lg,14,dom-inspection,LG G7 ThinQ,https://xcellparts.com/product-category/others/lg/lg-g-series/lg-g7-thinq,13,2,6,3,dom-inspection,div#split-1124949-1124954 > div.xcell-mm__plp-thumbs.xcell-mm__plp-thumbs--flat > a.xcell-mm__plp-thumb,https://xcellparts.com/product-category/others/lg/lg-g-series/lg-g7-thinq,False,False,2026-09-07T04:40:13+00:00,,,,,
XCell Parts,https://xcellparts.com/,OTHERS,https://xcellparts.com/product-category/others,6,click,LG,https://xcellparts.com/product-category/others/lg,14,dom-inspection,LG G6,https://xcellparts.com/product-category/others/lg/lg-g-series/lg-g6,14,2,7,3,dom-inspection,div#split-1124949-1124954 > div.xcell-mm__plp-thumbs.xcell-mm__plp-thumbs--flat > a.xcell-mm__plp-thumb,https://xcellparts.com/product-category/others/lg/lg-g-series/lg-g6,False,False,2026-09-07T04:40:13+00:00,,,,,
XCell Parts,https://xcellparts.com/,OTHERS,https://xcellparts.com/product-category/others,6,click,LG,https://xcellparts.com/product-category/others/lg,14,dom-inspection,LG G5,https://xcellparts.com/product-category/others/lg/lg-g-series/lg-g5,15,2,8,3,dom-inspection,div#split-1124949-1124954 > div.xcell-mm__plp-thumbs.xcell-mm__plp-thumbs--flat > a.xcell-mm__plp-thumb,https://xcellparts.com/product-category/others/lg/lg-g-series/lg-g5,False,False,2026-09-07T04:40:13+00:00,,,,,
XCell Parts,https://xcellparts.com/,OTHERS,https://xcellparts.com/product-category/others,6,click,LG,https://xcellparts.com/product-category/others/lg,14,dom-inspection,LG G4,https://xcellparts.com/product-category/others/lg/lg-g-series/lg-g4,16,2,9,3,dom-inspection,div#split-1124949-1124954 > div.xcell-mm__plp-thumbs.xcell-mm__plp-thumbs--flat > a.xcell-mm__plp-thumb,https://xcellparts.com/product-category/others/lg/lg-g-series/lg-g4,False,False,2026-09-07T04:40:13+00:00,,,,,
XCell Parts,https://xcellparts.com/,OTHERS,https://xcellparts.com/product-category/others,6,click,LG,https://xcellparts.com/product-category/others/lg,14,dom-inspection,LG G3,https://xcellparts.com/product-category/others/lg/lg-g-series/lg-g3,17,2,10,3,dom-inspection,div#split-1124949-1124954 > div.xcell-mm__plp-thumbs.xcell-mm__plp-thumbs--flat > a.xcell-mm__plp-thumb,https://xcellparts.com/product-category/others/lg/lg-g-series/lg-g3,False,False,2026-09-07T04:40:13+00:00,,,,,
XCell Parts,https://xcellparts.com/,OTHERS,https://xcellparts.com/product-category/others,6,click,LG,https://xcellparts.com/product-category/others/lg,14,dom-inspection,LG G2,https://xcellparts.com/product-category/others/lg/lg-g-series/lg-g2,18,2,11,3,dom-inspection,div#split-1124949-1124954 > div.xcell-mm__plp-thumbs.xcell-mm__plp-thumbs--flat > a.xcell-mm__plp-thumb,https://xcellparts.com/product-category/others/lg/lg-g-series/lg-g2,False,False,2026-09-07T04:40:13+00:00,,,,,
XCell Parts,https://xcellparts.com/,OTHERS,https://xcellparts.com/product-category/others,6,click,LG,https://xcellparts.com/product-category/others/lg,14,dom-inspection,LG GPAD SERIES,https://xcellparts.com/product-category/others/lg/lg-gpad-series,19,3,1,3,dom-inspection,div#split-1124949-1124955 > a.xcell-mm__plp-group-head,https://xcellparts.com/product-category/others/lg/lg-gpad-series,False,False,2026-09-07T04:40:13+00:00,,,,,
XCell Parts,https://xcellparts.com/,OTHERS,https://xcellparts.com/product-category/others,6,click,LG,https://xcellparts.com/product-category/others/lg,14,dom-inspection,LG GPAD 5 10.1,https://xcellparts.com/product-category/others/lg/lg-gpad-series/lg-gpad-5-10-1,20,3,2,3,dom-inspection,div#split-1124949-1124955 > div.xcell-mm__plp-thumbs.xcell-mm__plp-thumbs--flat > a.xcell-mm__plp-thumb,https://xcellparts.com/product-category/others/lg/lg-gpad-series/lg-gpad-5-10-1,False,False,2026-09-07T04:40:13+00:00,,,,,
XCell Parts,https://xcellparts.com/,OTHERS,https://xcellparts.com/product-category/others,6,click,LG,https://xcellparts.com/product-category/others/lg,14,dom-inspection,LG V480,https://xcellparts.com/product-category/others/lg/lg-gpad-series/lg-v480,21,3,3,3,dom-inspection,div#split-1124949-1124955 > div.xcell-mm__plp-thumbs.xcell-mm__plp-thumbs--flat > a.xcell-mm__plp-thumb,https://xcellparts.com/product-category/others/lg/lg-gpad-series/lg-v480,False,False,2026-09-07T04:40:13+00:00,,,,,
XCell Parts,https://xcellparts.com/,OTHERS,https://xcellparts.com/product-category/others,6,click,LG,https://xcellparts.com/product-category/others/lg,14,dom-inspection,LG V496,https://xcellparts.com/product-category/others/lg/lg-gpad-series/lg-v496,22,3,4,3,dom-inspection,div#split-1124949-1124955 > div.xcell-mm__plp-thumbs.xcell-mm__plp-thumbs--flat > a.xcell-mm__plp-thumb,https://xcellparts.com/product-category/others/lg/lg-gpad-series/lg-v496,False,False,2026-09-07T04:40:13+00:00,,,,,
XCell Parts,https://xcellparts.com/,OTHERS,https://xcellparts.com/product-category/others,6,click,LG,https://xcellparts.com/product-category/others/lg,14,dom-inspection,LG V498,https://xcellparts.com/product-category/others/lg/lg-gpad-series/lg-v498,23,3,5,3,dom-inspection,div#split-1124949-1124955 > div.xcell-mm__plp-thumbs.xcell-mm__plp-thumbs--flat > a.xcell-mm__plp-thumb,https://xcellparts.com/product-category/others/lg/lg-gpad-series/lg-v498,False,False,2026-09-07T04:40:13+00:00,,,,,
XCell Parts,https://xcellparts.com/,OTHERS,https://xcellparts.com/product-category/others,6,click,LG,https://xcellparts.com/product-category/others/lg,14,dom-inspection,LG V500,https://xcellparts.com/product-category/others/lg/lg-gpad-series/lg-v500,24,3,6,3,dom-inspection,div#split-1124949-1124955 > div.xcell-mm__plp-thumbs.xcell-mm__plp-thumbs--flat > a.xcell-mm__plp-thumb,https://xcellparts.com/product-category/others/lg/lg-gpad-series/lg-v500,False,False,2026-09-07T04:40:13+00:00,,,,,
XCell Parts,https://xcellparts.com/,OTHERS,https://xcellparts.com/product-category/others,6,click,LG,https://xcellparts.com/product-category/others/lg,14,dom-inspection,LG V520,https://xcellparts.com/product-category/others/lg/lg-gpad-series/lg-v520,25,3,7,3,dom-inspection,div#split-1124949-1124955 > div.xcell-mm__plp-thumbs.xcell-mm__plp-thumbs--flat > a.xcell-mm__plp-thumb,https://xcellparts.com/product-category/others/lg/lg-gpad-series/lg-v520,False,False,2026-09-07T04:40:13+00:00,,,,,
XCell Parts,https://xcellparts.com/,OTHERS,https://xcellparts.com/product-category/others,6,click,LG,https://xcellparts.com/product-category/others/lg,14,dom-inspection,LG V530,https://xcellparts.com/product-category/others/lg/lg-gpad-series/lg-v530,26,3,8,3,dom-inspection,div#split-1124949-1124955 > div.xcell-mm__plp-thumbs.xcell-mm__plp-thumbs--flat > a.xcell-mm__plp-thumb,https://xcellparts.com/product-category/others/lg/lg-gpad-series/lg-v530,False,False,2026-09-07T04:40:13+00:00,,,,,
XCell Parts,https://xcellparts.com/,OTHERS,https://xcellparts.com/product-category/others,6,click,LG,https://xcellparts.com/product-category/others/lg,14,dom-inspection,LG V700,https://xcellparts.com/product-category/others/lg/lg-gpad-series/lg-v700,27,3,9,3,dom-inspection,div#split-1124949-1124955 > div.xcell-mm__plp-thumbs.xcell-mm__plp-thumbs--flat > a.xcell-mm__plp-thumb,https://xcellparts.com/product-category/others/lg/lg-gpad-series/lg-v700,False,False,2026-09-07T04:40:13+00:00,,,,,
XCell Parts,https://xcellparts.com/,OTHERS,https://xcellparts.com/product-category/others,6,click,LG,https://xcellparts.com/product-category/others/lg,14,dom-inspection,LG V930,https://xcellparts.com/product-category/others/lg/lg-gpad-series/lg-v930,28,3,10,3,dom-inspection,div#split-1124949-1124955 > div.xcell-mm__plp-thumbs.xcell-mm__plp-thumbs--flat > a.xcell-mm__plp-thumb,https://xcellparts.com/product-category/others/lg/lg-gpad-series/lg-v930,False,False,2026-09-07T04:40:13+00:00,,,,,
XCell Parts,https://xcellparts.com/,OTHERS,https://xcellparts.com/product-category/others,6,click,LG,https://xcellparts.com/product-category/others/lg,14,dom-inspection,LG V940,https://xcellparts.com/product-category/others/lg/lg-gpad-series/lg-v940,29,3,11,3,dom-inspection,div#split-1124949-1124955 > div.xcell-mm__plp-thumbs.xcell-mm__plp-thumbs--flat > a.xcell-mm__plp-thumb,https://xcellparts.com/product-category/others/lg/lg-gpad-series/lg-v940,False,False,2026-09-07T04:40:13+00:00,,,,,
XCell Parts,https://xcellparts.com/,OTHERS,https://xcellparts.com/product-category/others,6,click,LG,https://xcellparts.com/product-category/others/lg,14,dom-inspection,LG VK410,https://xcellparts.com/product-category/others/lg/lg-gpad-series/lg-vk410,30,3,12,3,dom-inspection,div#split-1124949-1124955 > div.xcell-mm__plp-thumbs.xcell-mm__plp-thumbs--flat > a.xcell-mm__plp-thumb,https://xcellparts.com/product-category/others/lg/lg-gpad-series/lg-vk410,False,False,2026-09-07T04:40:13+00:00,,,,,
XCell Parts,https://xcellparts.com/,OTHERS,https://xcellparts.com/product-category/others,6,click,LG,https://xcellparts.com/product-category/others/lg,14,dom-inspection,LG VK430,https://xcellparts.com/product-category/others/lg/lg-gpad-series/lg-vk430,31,3,13,3,dom-inspection,div#split-1124949-1124955 > div.xcell-mm__plp-thumbs.xcell-mm__plp-thumbs--flat > a.xcell-mm__plp-thumb,https://xcellparts.com/product-category/others/lg/lg-gpad-series/lg-vk430,False,False,2026-09-07T04:40:13+00:00,,,,,
XCell Parts,https://xcellparts.com/,OTHERS,https://xcellparts.com/product-category/others,6,click,LG,https://xcellparts.com/product-category/others/lg,14,dom-inspection,LG VK460,https://xcellparts.com/product-category/others/lg/lg-gpad-series/lg-vk460,32,3,14,3,dom-inspection,div#split-1124949-1124955 > div.xcell-mm__plp-thumbs.xcell-mm__plp-thumbs--flat > a.xcell-mm__plp-thumb,https://xcellparts.com/product-category/others/lg/lg-gpad-series/lg-vk460,False,False,2026-09-07T04:40:13+00:00,,,,,
XCell Parts,https://xcellparts.com/,OTHERS,https://xcellparts.com/product-category/others,6,click,LG,https://xcellparts.com/product-category/others/lg,14,dom-inspection,LG VK810,https://xcellparts.com/product-category/others/lg/lg-gpad-series/lg-vk810,33,3,15,3,dom-inspection,div#split-1124949-1124955 > div.xcell-mm__plp-thumbs.xcell-mm__plp-thumbs--flat > a.xcell-mm__plp-thumb,https://xcellparts.com/product-category/others/lg/lg-gpad-series/lg-vk810,False,False,2026-09-07T04:40:13+00:00,,,,,
XCell Parts,https://xcellparts.com/,OTHERS,https://xcellparts.com/product-category/others,6,click,LG,https://xcellparts.com/product-category/others/lg,14,dom-inspection,LG VK815,https://xcellparts.com/product-category/others/lg/lg-gpad-series/lg-vk815,34,3,16,3,dom-inspection,div#split-1124949-1124955 > div.xcell-mm__plp-thumbs.xcell-mm__plp-thumbs--flat > a.xcell-mm__plp-thumb,https://xcellparts.com/product-category/others/lg/lg-gpad-series/lg-vk815,False,False,2026-09-07T04:40:13+00:00,,,,,
XCell Parts,https://xcellparts.com/,OTHERS,https://xcellparts.com/product-category/others,6,click,LG,https://xcellparts.com/product-category/others/lg,14,dom-inspection,LG K SERIES,https://xcellparts.com/product-category/others/lg/lg-k-series,35,4,1,3,dom-inspection,div#split-1124949-1124956 > a.xcell-mm__plp-group-head,https://xcellparts.com/product-category/others/lg/lg-k-series,False,False,2026-09-07T04:40:13+00:00,,,,,
XCell Parts,https://xcellparts.com/,OTHERS,https://xcellparts.com/product-category/others,6,click,LG,https://xcellparts.com/product-category/others/lg,14,dom-inspection,LG K92 5G (2020),https://xcellparts.com/product-category/others/lg/lg-k-series/lg-k92-5g-2020,36,4,2,3,dom-inspection,div#split-1124949-1124956 > div.xcell-mm__plp-thumbs.xcell-mm__plp-thumbs--flat > a.xcell-mm__plp-thumb,https://xcellparts.com/product-category/others/lg/lg-k-series/lg-k92-5g-2020,False,False,2026-09-07T04:40:13+00:00,,,,,
XCell Parts,https://xcellparts.com/,OTHERS,https://xcellparts.com/product-category/others,6,click,LG,https://xcellparts.com/product-category/others/lg,14,dom-inspection,LG K61 (2020),https://xcellparts.com/product-category/others/lg/lg-k-series/lg-k61-2020,37,4,3,3,dom-inspection,div#split-1124949-1124956 > div.xcell-mm__plp-thumbs.xcell-mm__plp-thumbs--flat > a.xcell-mm__plp-thumb,https://xcellparts.com/product-category/others/lg/lg-k-series/lg-k61-2020,False,False,2026-09-07T04:40:13+00:00,,,,,
XCell Parts,https://xcellparts.com/,OTHERS,https://xcellparts.com/product-category/others,6,click,LG,https://xcellparts.com/product-category/others/lg,14,dom-inspection,LG K52 (2020),https://xcellparts.com/product-category/others/lg/lg-k-series/lg-k52-2020,38,4,4,3,dom-inspection,div#split-1124949-1124956 > div.xcell-mm__plp-thumbs.xcell-mm__plp-thumbs--flat > a.xcell-mm__plp-thumb,https://xcellparts.com/product-category/others/lg/lg-k-series/lg-k52-2020,False,False,2026-09-07T04:40:13+00:00,,,,,
XCell Parts,https://xcellparts.com/,OTHERS,https://xcellparts.com/product-category/others,6,click,LG,https://xcellparts.com/product-category/others/lg,14,dom-inspection,LG K51S (2020),https://xcellparts.com/product-category/others/lg/lg-k-series/lg-k51s-2020,39,4,5,3,dom-inspection,div#split-1124949-1124956 > div.xcell-mm__plp-thumbs.xcell-mm__plp-thumbs--flat > a.xcell-mm__plp-thumb,https://xcellparts.com/product-category/others/lg/lg-k-series/lg-k51s-2020,False,False,2026-09-07T04:40:13+00:00,,,,,
XCell Parts,https://xcellparts.com/,OTHERS,https://xcellparts.com/product-category/others,6,click,LG,https://xcellparts.com/product-category/others/lg,14,dom-inspection,LG K51 (2020),https://xcellparts.com/product-category/others/lg/lg-k-series/lg-k51-2020,40,4,6,3,dom-inspection,div#split-1124949-1124956 > div.xcell-mm__plp-thumbs.xcell-mm__plp-thumbs--flat > a.xcell-mm__plp-thumb,https://xcellparts.com/product-category/others/lg/lg-k-series/lg-k51-2020,False,False,2026-09-07T04:40:13+00:00,,,,,
XCell Parts,https://xcellparts.com/,OTHERS,https://xcellparts.com/product-category/others,6,click,LG,https://xcellparts.com/product-category/others/lg,14,dom-inspection,LG K50S (2019),https://xcellparts.com/product-category/others/lg/lg-k-series/lg-k50s-2019,41,4,7,3,dom-inspection,div#split-1124949-1124956 > div.xcell-mm__plp-thumbs.xcell-mm__plp-thumbs--flat > a.xcell-mm__plp-thumb,https://xcellparts.com/product-category/others/lg/lg-k-series/lg-k50s-2019,False,False,2026-09-07T04:40:13+00:00,,,,,
XCell Parts,https://xcellparts.com/,OTHERS,https://xcellparts.com/product-category/others,6,click,LG,https://xcellparts.com/product-category/others/lg,14,dom-inspection,LG K50 (2019),https://xcellparts.com/product-category/others/lg/lg-k-series/lg-k50-2019,42,4,8,3,dom-inspection,div#split-1124949-1124956 > div.xcell-mm__plp-thumbs.xcell-mm__plp-thumbs--flat > a.xcell-mm__plp-thumb,https://xcellparts.com/product-category/others/lg/lg-k-series/lg-k50-2019,False,False,2026-09-07T04:40:13+00:00,,,,,
XCell Parts,https://xcellparts.com/,OTHERS,https://xcellparts.com/product-category/others,6,click,LG,https://xcellparts.com/product-category/others/lg,14,dom-inspection,LG K42 (2020),https://xcellparts.com/product-category/others/lg/lg-k-series/lg-k42-2020,43,4,9,3,dom-inspection,div#split-1124949-1124956 > div.xcell-mm__plp-thumbs.xcell-mm__plp-thumbs--flat > a.xcell-mm__plp-thumb,https://xcellparts.com/product-category/others/lg/lg-k-series/lg-k42-2020,False,False,2026-09-07T04:40:13+00:00,,,,,
XCell Parts,https://xcellparts.com/,OTHERS,https://xcellparts.com/product-category/others,6,click,LG,https://xcellparts.com/product-category/others/lg,14,dom-inspection,LG K41S (2020),https://xcellparts.com/product-category/others/lg/lg-k-series/lg-k41s-2020,44,4,10,3,dom-inspection,div#split-1124949-1124956 > div.xcell-mm__plp-thumbs.xcell-mm__plp-thumbs--flat > a.xcell-mm__plp-thumb,https://xcellparts.com/product-category/others/lg/lg-k-series/lg-k41s-2020,False,False,2026-09-07T04:40:13+00:00,,,,,
XCell Parts,https://xcellparts.com/,OTHERS,https://xcellparts.com/product-category/others,6,click,LG,https://xcellparts.com/product-category/others/lg,14,dom-inspection,LG K41 (2020),https://xcellparts.com/product-category/others/lg/lg-k-series/lg-k41-2020,45,4,11,3,dom-inspection,div#split-1124949-1124956 > div.xcell-mm__plp-thumbs.xcell-mm__plp-thumbs--flat > a.xcell-mm__plp-thumb,https://xcellparts.com/product-category/others/lg/lg-k-series/lg-k41-2020,False,False,2026-09-07T04:40:13+00:00,,,,,
XCell Parts,https://xcellparts.com/,OTHERS,https://xcellparts.com/product-category/others,6,click,LG,https://xcellparts.com/product-category/others/lg,14,dom-inspection,LG K40S (2019),https://xcellparts.com/product-category/others/lg/lg-k-series/lg-k40s-2019,46,4,12,3,dom-inspection,div#split-1124949-1124956 > div.xcell-mm__plp-thumbs.xcell-mm__plp-thumbs--flat > a.xcell-mm__plp-thumb,https://xcellparts.com/product-category/others/lg/lg-k-series/lg-k40s-2019,False,False,2026-09-07T04:40:13+00:00,,,,,
XCell Parts,https://xcellparts.com/,OTHERS,https://xcellparts.com/product-category/others,6,click,LG,https://xcellparts.com/product-category/others/lg,14,dom-inspection,LG K40 (2019),https://xcellparts.com/product-category/others/lg/lg-k-series/lg-k40-2019,47,4,13,3,dom-inspection,div#split-1124949-1124956 > div.xcell-mm__plp-thumbs.xcell-mm__plp-thumbs--flat > a.xcell-mm__plp-thumb,https://xcellparts.com/product-category/others/lg/lg-k-series/lg-k40-2019,False,False,2026-09-07T04:40:13+00:00,,,,,
XCell Parts,https://xcellparts.com/,OTHERS,https://xcellparts.com/product-category/others,6,click,LG,https://xcellparts.com/product-category/others/lg,14,dom-inspection,LG K30 (2019),https://xcellparts.com/product-category/others/lg/lg-k-series/lg-k30-2019,48,4,14,3,dom-inspection,div#split-1124949-1124956 > div.xcell-mm__plp-thumbs.xcell-mm__plp-thumbs--flat > a.xcell-mm__plp-thumb,https://xcellparts.com/product-category/others/lg/lg-k-series/lg-k30-2019,False,False,2026-09-07T04:40:13+00:00,,,,,
XCell Parts,https://xcellparts.com/,OTHERS,https://xcellparts.com/product-category/others,6,click,LG,https://xcellparts.com/product-category/others/lg,14,dom-inspection,LG K30 (2018),https://xcellparts.com/product-category/others/lg/lg-k-series/lg-k30-2018,49,4,15,3,dom-inspection,div#split-1124949-1124956 > div.xcell-mm__plp-thumbs.xcell-mm__plp-thumbs--flat > a.xcell-mm__plp-thumb,https://xcellparts.com/product-category/others/lg/lg-k-series/lg-k30-2018,False,False,2026-09-07T04:40:13+00:00,,,,,
XCell Parts,https://xcellparts.com/,OTHERS,https://xcellparts.com/product-category/others,6,click,LG,https://xcellparts.com/product-category/others/lg,14,dom-inspection,LG K22 PLUS (2020),https://xcellparts.com/product-category/others/lg/lg-k-series/lg-k22-plus-2020,50,4,16,3,dom-inspection,div#split-1124949-1124956 > div.xcell-mm__plp-thumbs.xcell-mm__plp-thumbs--flat > a.xcell-mm__plp-thumb,https://xcellparts.com/product-category/others/lg/lg-k-series/lg-k22-plus-2020,False,False,2026-09-07T04:40:13+00:00,,,,,
XCell Parts,https://xcellparts.com/,OTHERS,https://xcellparts.com/product-category/others,6,click,LG,https://xcellparts.com/product-category/others/lg,14,dom-inspection,LG K22 (2020),https://xcellparts.com/product-category/others/lg/lg-k-series/lg-k22-2020,51,4,17,3,dom-inspection,div#split-1124949-1124956 > div.xcell-mm__plp-thumbs.xcell-mm__plp-thumbs--flat > a.xcell-mm__plp-thumb,https://xcellparts.com/product-category/others/lg/lg-k-series/lg-k22-2020,False,False,2026-09-07T04:40:13+00:00,,,,,
XCell Parts,https://xcellparts.com/,OTHERS,https://xcellparts.com/product-category/others,6,click,LG,https://xcellparts.com/product-category/others/lg,14,dom-inspection,LG K20 PLUS (2016),https://xcellparts.com/product-category/others/lg/lg-k-series/lg-k20-plus-2016,52,4,18,3,dom-inspection,div#split-1124949-1124956 > div.xcell-mm__plp-thumbs.xcell-mm__plp-thumbs--flat > a.xcell-mm__plp-thumb,https://xcellparts.com/product-category/others/lg/lg-k-series/lg-k20-plus-2016,False,False,2026-09-07T04:40:13+00:00,,,,,
XCell Parts,https://xcellparts.com/,OTHERS,https://xcellparts.com/product-category/others,6,click,LG,https://xcellparts.com/product-category/others/lg,14,dom-inspection,LG K20 (2019),https://xcellparts.com/product-category/others/lg/lg-k-series/lg-k20-2019,53,4,19,3,dom-inspection,div#split-1124949-1124956 > div.xcell-mm__plp-thumbs.xcell-mm__plp-thumbs--flat > a.xcell-mm__plp-thumb,https://xcellparts.com/product-category/others/lg/lg-k-series/lg-k20-2019,False,False,2026-09-07T04:40:13+00:00,,,,,
XCell Parts,https://xcellparts.com/,OTHERS,https://xcellparts.com/product-category/others,6,click,LG,https://xcellparts.com/product-category/others/lg,14,dom-inspection,LG K20 (2016),https://xcellparts.com/product-category/others/lg/lg-k-series/lg-k20-2016,54,4,20,3,dom-inspection,div#split-1124949-1124956 > div.xcell-mm__plp-thumbs.xcell-mm__plp-thumbs--flat > a.xcell-mm__plp-thumb,https://xcellparts.com/product-category/others/lg/lg-k-series/lg-k20-2016,False,False,2026-09-07T04:40:13+00:00,,,,,
XCell Parts,https://xcellparts.com/,OTHERS,https://xcellparts.com/product-category/others,6,click,LG,https://xcellparts.com/product-category/others/lg,14,dom-inspection,LG K10 (2018),https://xcellparts.com/product-category/others/lg/lg-k-series/lg-k10-2018,55,4,21,3,dom-inspection,div#split-1124949-1124956 > div.xcell-mm__plp-thumbs.xcell-mm__plp-thumbs--flat > a.xcell-mm__plp-thumb,https://xcellparts.com/product-category/others/lg/lg-k-series/lg-k10-2018,False,False,2026-09-07T04:40:13+00:00,,,,,
XCell Parts,https://xcellparts.com/,OTHERS,https://xcellparts.com/product-category/others,6,click,LG,https://xcellparts.com/product-category/others/lg,14,dom-inspection,LG K10 (2016),https://xcellparts.com/product-category/others/lg/lg-k-series/lg-k10-2016,56,4,22,3,dom-inspection,div#split-1124949-1124956 > div.xcell-mm__plp-thumbs.xcell-mm__plp-thumbs--flat > a.xcell-mm__plp-thumb,https://xcellparts.com/product-category/others/lg/lg-k-series/lg-k10-2016,False,False,2026-09-07T04:40:13+00:00,,,,,
XCell Parts,https://xcellparts.com/,OTHERS,https://xcellparts.com/product-category/others,6,click,LG,https://xcellparts.com/product-category/others/lg,14,dom-inspection,LG K9 (2018),https://xcellparts.com/product-category/others/lg/lg-k-series/lg-k9-2018,57,4,23,3,dom-inspection,div#split-1124949-1124956 > div.xcell-mm__plp-thumbs.xcell-mm__plp-thumbs--flat > a.xcell-mm__plp-thumb,https://xcellparts.com/product-category/others/lg/lg-k-series/lg-k9-2018,False,False,2026-09-07T04:40:13+00:00,,,,,
XCell Parts,https://xcellparts.com/,OTHERS,https://xcellparts.com/product-category/others,6,click,LG,https://xcellparts.com/product-category/others/lg,14,dom-inspection,LG K8 (2018),https://xcellparts.com/product-category/others/lg/lg-k-series/lg-k8-2018,58,4,24,3,dom-inspection,div#split-1124949-1124956 > div.xcell-mm__plp-thumbs.xcell-mm__plp-thumbs--flat > a.xcell-mm__plp-thumb,https://xcellparts.com/product-category/others/lg/lg-k-series/lg-k8-2018,False,False,2026-09-07T04:40:13+00:00,,,,,
XCell Parts,https://xcellparts.com/,OTHERS,https://xcellparts.com/product-category/others,6,click,LG,https://xcellparts.com/product-category/others/lg,14,dom-inspection,LG K8 (2017),https://xcellparts.com/product-category/others/lg/lg-k-series/lg-k8-2017,59,4,25,3,dom-inspection,div#split-1124949-1124956 > div.xcell-mm__plp-thumbs.xcell-mm__plp-thumbs--flat > a.xcell-mm__plp-thumb,https://xcellparts.com/product-category/others/lg/lg-k-series/lg-k8-2017,False,False,2026-09-07T04:40:13+00:00,,,,,
XCell Parts,https://xcellparts.com/,OTHERS,https://xcellparts.com/product-category/others,6,click,LG,https://xcellparts.com/product-category/others/lg,14,dom-inspection,LG K7 (2016),https://xcellparts.com/product-category/others/lg/lg-k-series/lg-k7-2016,60,4,26,3,dom-inspection,div#split-1124949-1124956 > div.xcell-mm__plp-thumbs.xcell-mm__plp-thumbs--flat > a.xcell-mm__plp-thumb,https://xcellparts.com/product-category/others/lg/lg-k-series/lg-k7-2016,False,False,2026-09-07T04:40:13+00:00,,,,,
XCell Parts,https://xcellparts.com/,OTHERS,https://xcellparts.com/product-category/others,6,click,LG,https://xcellparts.com/product-category/others/lg,14,dom-inspection,LG K8 (2016),https://xcellparts.com/product-category/others/lg/lg-k-series/lg-k8-2016,61,4,27,3,dom-inspection,div#split-1124949-1124956 > div.xcell-mm__plp-thumbs.xcell-mm__plp-thumbs--flat > a.xcell-mm__plp-thumb,https://xcellparts.com/product-category/others/lg/lg-k-series/lg-k8-2016,False,False,2026-09-07T04:40:13+00:00,,,,,
XCell Parts,https://xcellparts.com/,OTHERS,https://xcellparts.com/product-category/others,6,click,LG,https://xcellparts.com/product-category/others/lg,14,dom-inspection,LG NEXUS SERIES,https://xcellparts.com/product-category/others/lg/lg-nexus-series,62,5,1,3,dom-inspection,div#split-1124949-1124957 > a.xcell-mm__plp-group-head,https://xcellparts.com/product-category/others/lg/lg-nexus-series,False,False,2026-09-07T04:40:13+00:00,,,,,
XCell Parts,https://xcellparts.com/,OTHERS,https://xcellparts.com/product-category/others,6,click,LG,https://xcellparts.com/product-category/others/lg,14,dom-inspection,LG NEXUS 5,https://xcellparts.com/product-category/others/lg/lg-nexus-series/lg-nexus-5,63,5,2,3,dom-inspection,div#split-1124949-1124957 > div.xcell-mm__plp-thumbs.xcell-mm__plp-thumbs--flat > a.xcell-mm__plp-thumb,https://xcellparts.com/product-category/others/lg/lg-nexus-series/lg-nexus-5,False,False,2026-09-07T04:40:13+00:00,,,,,
XCell Parts,https://xcellparts.com/,OTHERS,https://xcellparts.com/product-category/others,6,click,LG,https://xcellparts.com/product-category/others/lg,14,dom-inspection,LG NEXUS 5X,https://xcellparts.com/product-category/others/lg/lg-nexus-series/lg-nexus-5x,64,5,3,3,dom-inspection,div#split-1124949-1124957 > div.xcell-mm__plp-thumbs.xcell-mm__plp-thumbs--flat > a.xcell-mm__plp-thumb,https://xcellparts.com/product-category/others/lg/lg-nexus-series/lg-nexus-5x,False,False,2026-09-07T04:40:13+00:00,,,,,
XCell Parts,https://xcellparts.com/,OTHERS,https://xcellparts.com/product-category/others,6,click,LG,https://xcellparts.com/product-category/others/lg,14,dom-inspection,LG OTHER MODELS,https://xcellparts.com/product-category/others/lg/lg-other-models,65,6,1,3,dom-inspection,div#split-1124949-1124958 > a.xcell-mm__plp-group-head,https://xcellparts.com/product-category/others/lg/lg-other-models,False,False,2026-09-07T04:40:13+00:00,,,,,
XCell Parts,https://xcellparts.com/,OTHERS,https://xcellparts.com/product-category/others,6,click,LG,https://xcellparts.com/product-category/others/lg,14,dom-inspection,LG ESCAPE 2,https://xcellparts.com/product-category/others/lg/lg-other-models/lg-escape-2,66,6,2,3,dom-inspection,div#split-1124949-1124958 > div.xcell-mm__plp-thumbs.xcell-mm__plp-thumbs--flat > a.xcell-mm__plp-thumb,https://xcellparts.com/product-category/others/lg/lg-other-models/lg-escape-2,False,False,2026-09-07T04:40:13+00:00,,,,,
XCell Parts,https://xcellparts.com/,OTHERS,https://xcellparts.com/product-category/others,6,click,LG,https://xcellparts.com/product-category/others/lg,14,dom-inspection,LG FORTUNE,https://xcellparts.com/product-category/others/lg/lg-other-models/lg-fortune,67,6,3,3,dom-inspection,div#split-1124949-1124958 > div.xcell-mm__plp-thumbs.xcell-mm__plp-thumbs--flat > a.xcell-mm__plp-thumb,https://xcellparts.com/product-category/others/lg/lg-other-models/lg-fortune,False,False,2026-09-07T04:40:13+00:00,,,,,
XCell Parts,https://xcellparts.com/,OTHERS,https://xcellparts.com/product-category/others,6,click,LG,https://xcellparts.com/product-category/others/lg,14,dom-inspection,LG HARMONY 4,https://xcellparts.com/product-category/others/lg/lg-other-models/lg-harmony-4,68,6,4,3,dom-inspection,div#split-1124949-1124958 > div.xcell-mm__plp-thumbs.xcell-mm__plp-thumbs--flat > a.xcell-mm__plp-thumb,https://xcellparts.com/product-category/others/lg/lg-other-models/lg-harmony-4,False,False,2026-09-07T04:40:13+00:00,,,,,
XCell Parts,https://xcellparts.com/,OTHERS,https://xcellparts.com/product-category/others,6,click,LG,https://xcellparts.com/product-category/others/lg,14,dom-inspection,LG LEON,https://xcellparts.com/product-category/others/lg/lg-other-models/lg-leon,69,6,5,3,dom-inspection,div#split-1124949-1124958 > div.xcell-mm__plp-thumbs.xcell-mm__plp-thumbs--flat > a.xcell-mm__plp-thumb,https://xcellparts.com/product-category/others/lg/lg-other-models/lg-leon,False,False,2026-09-07T04:40:13+00:00,,,,,
XCell Parts,https://xcellparts.com/,OTHERS,https://xcellparts.com/product-category/others,6,click,LG,https://xcellparts.com/product-category/others/lg,14,dom-inspection,LG Q SERIES,https://xcellparts.com/product-category/others/lg/lg-q-series,70,7,1,3,dom-inspection,div#split-1124949-1124959 > a.xcell-mm__plp-group-head,https://xcellparts.com/product-category/others/lg/lg-q-series,False,False,2026-09-07T04:40:13+00:00,,,,,
XCell Parts,https://xcellparts.com/,OTHERS,https://xcellparts.com/product-category/others,6,click,LG,https://xcellparts.com/product-category/others/lg,14,dom-inspection,Q6 (2017),https://xcellparts.com/product-category/others/lg/lg-q-series/q6-2017,71,7,2,3,dom-inspection,div#split-1124949-1124959 > div.xcell-mm__plp-thumbs.xcell-mm__plp-thumbs--flat > a.xcell-mm__plp-thumb,https://xcellparts.com/product-category/others/lg/lg-q-series/q6-2017,False,False,2026-09-07T04:40:13+00:00,,,,,
XCell Parts,https://xcellparts.com/,OTHERS,https://xcellparts.com/product-category/others,6,click,LG,https://xcellparts.com/product-category/others/lg,14,dom-inspection,Q60 (2019),https://xcellparts.com/product-category/others/lg/lg-q-series/q60-2019,72,7,3,3,dom-inspection,div#split-1124949-1124959 > div.xcell-mm__plp-thumbs.xcell-mm__plp-thumbs--flat > a.xcell-mm__plp-thumb,https://xcellparts.com/product-category/others/lg/lg-q-series/q60-2019,False,False,2026-09-07T04:40:13+00:00,,,,,
XCell Parts,https://xcellparts.com/,OTHERS,https://xcellparts.com/product-category/others,6,click,LG,https://xcellparts.com/product-category/others/lg,14,dom-inspection,Q7 (2018),https://xcellparts.com/product-category/others/lg/lg-q-series/q7-2018,73,7,4,3,dom-inspection,div#split-1124949-1124959 > div.xcell-mm__plp-thumbs.xcell-mm__plp-thumbs--flat > a.xcell-mm__plp-thumb,https://xcellparts.com/product-category/others/lg/lg-q-series/q7-2018,False,False,2026-09-07T04:40:13+00:00,,,,,
XCell Parts,https://xcellparts.com/,OTHERS,https://xcellparts.com/product-category/others,6,click,LG,https://xcellparts.com/product-category/others/lg,14,dom-inspection,Q7 PLUS (2018),https://xcellparts.com/product-category/others/lg/lg-q-series/q7-plus-2018,74,7,5,3,dom-inspection,div#split-1124949-1124959 > div.xcell-mm__plp-thumbs.xcell-mm__plp-thumbs--flat > a.xcell-mm__plp-thumb,https://xcellparts.com/product-category/others/lg/lg-q-series/q7-plus-2018,False,False,2026-09-07T04:40:13+00:00,,,,,
XCell Parts,https://xcellparts.com/,OTHERS,https://xcellparts.com/product-category/others,6,click,LG,https://xcellparts.com/product-category/others/lg,14,dom-inspection,Q70 (2019),https://xcellparts.com/product-category/others/lg/lg-q-series/q70-2019,75,7,6,3,dom-inspection,div#split-1124949-1124959 > div.xcell-mm__plp-thumbs.xcell-mm__plp-thumbs--flat > a.xcell-mm__plp-thumb,https://xcellparts.com/product-category/others/lg/lg-q-series/q70-2019,False,False,2026-09-07T04:40:13+00:00,,,,,
XCell Parts,https://xcellparts.com/,OTHERS,https://xcellparts.com/product-category/others,6,click,LG,https://xcellparts.com/product-category/others/lg,14,dom-inspection,Q8 (2018),https://xcellparts.com/product-category/others/lg/lg-q-series/q8-2018,76,7,7,3,dom-inspection,div#split-1124949-1124959 > div.xcell-mm__plp-thumbs.xcell-mm__plp-thumbs--flat > a.xcell-mm__plp-thumb,https://xcellparts.com/product-category/others/lg/lg-q-series/q8-2018,False,False,2026-09-07T04:40:13+00:00,,,,,
XCell Parts,https://xcellparts.com/,OTHERS,https://xcellparts.com/product-category/others,6,click,LG,https://xcellparts.com/product-category/others/lg,14,dom-inspection,Q92 5G (2020),https://xcellparts.com/product-category/others/lg/lg-q-series/q92-5g-2020,77,7,8,3,dom-inspection,div#split-1124949-1124959 > div.xcell-mm__plp-thumbs.xcell-mm__plp-thumbs--flat > a.xcell-mm__plp-thumb,https://xcellparts.com/product-category/others/lg/lg-q-series/q92-5g-2020,False,False,2026-09-07T04:40:13+00:00,,,,,
XCell Parts,https://xcellparts.com/,OTHERS,https://xcellparts.com/product-category/others,6,click,LG,https://xcellparts.com/product-category/others/lg,14,dom-inspection,LG STYLO SERIES,https://xcellparts.com/product-category/others/lg/lg-stylo-series,78,8,1,3,dom-inspection,div#split-1124949-1124960 > a.xcell-mm__plp-group-head,https://xcellparts.com/product-category/others/lg/lg-stylo-series,False,False,2026-09-07T04:40:13+00:00,,,,,
XCell Parts,https://xcellparts.com/,OTHERS,https://xcellparts.com/product-category/others,6,click,LG,https://xcellparts.com/product-category/others/lg,14,dom-inspection,LG STYLO 7,https://xcellparts.com/product-category/others/lg/lg-stylo-series/lg-stylo-7,79,8,2,3,dom-inspection,div#split-1124949-1124960 > div.xcell-mm__plp-thumbs.xcell-mm__plp-thumbs--flat > a.xcell-mm__plp-thumb,https://xcellparts.com/product-category/others/lg/lg-stylo-series/lg-stylo-7,False,False,2026-09-07T04:40:13+00:00,,,,,
XCell Parts,https://xcellparts.com/,OTHERS,https://xcellparts.com/product-category/others,6,click,LG,https://xcellparts.com/product-category/others/lg,14,dom-inspection,LG STYLO 6,https://xcellparts.com/product-category/others/lg/lg-stylo-series/lg-stylo-6,80,8,3,3,dom-inspection,div#split-1124949-1124960 > div.xcell-mm__plp-thumbs.xcell-mm__plp-thumbs--flat > a.xcell-mm__plp-thumb,https://xcellparts.com/product-category/others/lg/lg-stylo-series/lg-stylo-6,False,False,2026-09-07T04:40:13+00:00,,,,,
XCell Parts,https://xcellparts.com/,OTHERS,https://xcellparts.com/product-category/others,6,click,LG,https://xcellparts.com/product-category/others/lg,14,dom-inspection,LG STYLO 5,https://xcellparts.com/product-category/others/lg/lg-stylo-series/lg-stylo-5,81,8,4,3,dom-inspection,div#split-1124949-1124960 > div.xcell-mm__plp-thumbs.xcell-mm__plp-thumbs--flat > a.xcell-mm__plp-thumb,https://xcellparts.com/product-category/others/lg/lg-stylo-series/lg-stylo-5,False,False,2026-09-07T04:40:13+00:00,,,,,
XCell Parts,https://xcellparts.com/,OTHERS,https://xcellparts.com/product-category/others,6,click,LG,https://xcellparts.com/product-category/others/lg,14,dom-inspection,LG STYLO 4,https://xcellparts.com/product-category/others/lg/lg-stylo-series/lg-stylo-4,82,8,5,3,dom-inspection,div#split-1124949-1124960 > div.xcell-mm__plp-thumbs.xcell-mm__plp-thumbs--flat > a.xcell-mm__plp-thumb,https://xcellparts.com/product-category/others/lg/lg-stylo-series/lg-stylo-4,False,False,2026-09-07T04:40:13+00:00,,,,,
XCell Parts,https://xcellparts.com/,OTHERS,https://xcellparts.com/product-category/others,6,click,LG,https://xcellparts.com/product-category/others/lg,14,dom-inspection,LG STYLO 3 PLUS,https://xcellparts.com/product-category/others/lg/lg-stylo-series/lg-stylo-3-plus,83,8,6,3,dom-inspection,div#split-1124949-1124960 > div.xcell-mm__plp-thumbs.xcell-mm__plp-thumbs--flat > a.xcell-mm__plp-thumb,https://xcellparts.com/product-category/others/lg/lg-stylo-series/lg-stylo-3-plus,False,False,2026-09-07T04:40:13+00:00,,,,,
XCell Parts,https://xcellparts.com/,OTHERS,https://xcellparts.com/product-category/others,6,click,LG,https://xcellparts.com/product-category/others/lg,14,dom-inspection,LG STYLO 3,https://xcellparts.com/product-category/others/lg/lg-stylo-series/lg-stylo-3,84,8,7,3,dom-inspection,div#split-1124949-1124960 > div.xcell-mm__plp-thumbs.xcell-mm__plp-thumbs--flat > a.xcell-mm__plp-thumb,https://xcellparts.com/product-category/others/lg/lg-stylo-series/lg-stylo-3,False,False,2026-09-07T04:40:13+00:00,,,,,
XCell Parts,https://xcellparts.com/,OTHERS,https://xcellparts.com/product-category/others,6,click,LG,https://xcellparts.com/product-category/others/lg,14,dom-inspection,LG STYLO 2 PLUS,https://xcellparts.com/product-category/others/lg/lg-stylo-series/lg-stylo-2-plus,85,8,8,3,dom-inspection,div#split-1124949-1124960 > div.xcell-mm__plp-thumbs.xcell-mm__plp-thumbs--flat > a.xcell-mm__plp-thumb,https://xcellparts.com/product-category/others/lg/lg-stylo-series/lg-stylo-2-plus,False,False,2026-09-07T04:40:13+00:00,,,,,
XCell Parts,https://xcellparts.com/,OTHERS,https://xcellparts.com/product-category/others,6,click,LG,https://xcellparts.com/product-category/others/lg,14,dom-inspection,LG STYLO 2,https://xcellparts.com/product-category/others/lg/lg-stylo-series/lg-stylo-2,86,8,9,3,dom-inspection,div#split-1124949-1124960 > div.xcell-mm__plp-thumbs.xcell-mm__plp-thumbs--flat > a.xcell-mm__plp-thumb,https://xcellparts.com/product-category/others/lg/lg-stylo-series/lg-stylo-2,False,False,2026-09-07T04:40:13+00:00,,,,,
XCell Parts,https://xcellparts.com/,OTHERS,https://xcellparts.com/product-category/others,6,click,LG,https://xcellparts.com/product-category/others/lg,14,dom-inspection,LG STYLO,https://xcellparts.com/product-category/others/lg/lg-stylo-series/lg-stylo,87,8,10,3,dom-inspection,div#split-1124949-1124960 > div.xcell-mm__plp-thumbs.xcell-mm__plp-thumbs--flat > a.xcell-mm__plp-thumb,https://xcellparts.com/product-category/others/lg/lg-stylo-series/lg-stylo,False,False,2026-09-07T04:40:13+00:00,,,,,
XCell Parts,https://xcellparts.com/,OTHERS,https://xcellparts.com/product-category/others,6,click,LG,https://xcellparts.com/product-category/others/lg,14,dom-inspection,LG V SERIES,https://xcellparts.com/product-category/others/lg/lg-v-series,88,9,1,3,dom-inspection,div#split-1124949-1124961 > a.xcell-mm__plp-group-head,https://xcellparts.com/product-category/others/lg/lg-v-series,False,False,2026-09-07T04:40:13+00:00,,,,,
XCell Parts,https://xcellparts.com/,OTHERS,https://xcellparts.com/product-category/others,6,click,LG,https://xcellparts.com/product-category/others/lg,14,dom-inspection,LG V60 ThinQ 5G,https://xcellparts.com/product-category/others/lg/lg-v-series/lg-v60-thinq-5g,89,9,2,3,dom-inspection,div#split-1124949-1124961 > div.xcell-mm__plp-thumbs.xcell-mm__plp-thumbs--flat > a.xcell-mm__plp-thumb,https://xcellparts.com/product-category/others/lg/lg-v-series/lg-v60-thinq-5g,False,False,2026-09-07T04:40:13+00:00,,,,,
XCell Parts,https://xcellparts.com/,OTHERS,https://xcellparts.com/product-category/others,6,click,LG,https://xcellparts.com/product-category/others/lg,14,dom-inspection,LG V50S ThinQ 5G,https://xcellparts.com/product-category/others/lg/lg-v-series/lg-v50s-thinq-5g,90,9,3,3,dom-inspection,div#split-1124949-1124961 > div.xcell-mm__plp-thumbs.xcell-mm__plp-thumbs--flat > a.xcell-mm__plp-thumb,https://xcellparts.com/product-category/others/lg/lg-v-series/lg-v50s-thinq-5g,False,False,2026-09-07T04:40:13+00:00,,,,,
XCell Parts,https://xcellparts.com/,OTHERS,https://xcellparts.com/product-category/others,6,click,LG,https://xcellparts.com/product-category/others/lg,14,dom-inspection,LG V50 ThinQ 5G,https://xcellparts.com/product-category/others/lg/lg-v-series/lg-v50-thinq-5g,91,9,4,3,dom-inspection,div#split-1124949-1124961 > div.xcell-mm__plp-thumbs.xcell-mm__plp-thumbs--flat > a.xcell-mm__plp-thumb,https://xcellparts.com/product-category/others/lg/lg-v-series/lg-v50-thinq-5g,False,False,2026-09-07T04:40:13+00:00,,,,,
XCell Parts,https://xcellparts.com/,OTHERS,https://xcellparts.com/product-category/others,6,click,LG,https://xcellparts.com/product-category/others/lg,14,dom-inspection,LG V40 ThinQ,https://xcellparts.com/product-category/others/lg/lg-v-series/lg-v40-thinq,92,9,5,3,dom-inspection,div#split-1124949-1124961 > div.xcell-mm__plp-thumbs.xcell-mm__plp-thumbs--flat > a.xcell-mm__plp-thumb,https://xcellparts.com/product-category/others/lg/lg-v-series/lg-v40-thinq,False,False,2026-09-07T04:40:13+00:00,,,,,
XCell Parts,https://xcellparts.com/,OTHERS,https://xcellparts.com/product-category/others,6,click,LG,https://xcellparts.com/product-category/others/lg,14,dom-inspection,LG V35 ThinQ,https://xcellparts.com/product-category/others/lg/lg-v-series/lg-v35-thinq,93,9,6,3,dom-inspection,div#split-1124949-1124961 > div.xcell-mm__plp-thumbs.xcell-mm__plp-thumbs--flat > a.xcell-mm__plp-thumb,https://xcellparts.com/product-category/others/lg/lg-v-series/lg-v35-thinq,False,False,2026-09-07T04:40:13+00:00,,,,,
XCell Parts,https://xcellparts.com/,OTHERS,https://xcellparts.com/product-category/others,6,click,LG,https://xcellparts.com/product-category/others/lg,14,dom-inspection,LG V30,https://xcellparts.com/product-category/others/lg/lg-v-series/lg-v30,94,9,7,3,dom-inspection,div#split-1124949-1124961 > div.xcell-mm__plp-thumbs.xcell-mm__plp-thumbs--flat > a.xcell-mm__plp-thumb,https://xcellparts.com/product-category/others/lg/lg-v-series/lg-v30,False,False,2026-09-07T04:40:13+00:00,,,,,
XCell Parts,https://xcellparts.com/,OTHERS,https://xcellparts.com/product-category/others,6,click,LG,https://xcellparts.com/product-category/others/lg,14,dom-inspection,LG V20,https://xcellparts.com/product-category/others/lg/lg-v-series/lg-v20,95,9,8,3,dom-inspection,div#split-1124949-1124961 > div.xcell-mm__plp-thumbs.xcell-mm__plp-thumbs--flat > a.xcell-mm__plp-thumb,https://xcellparts.com/product-category/others/lg/lg-v-series/lg-v20,False,False,2026-09-07T04:40:13+00:00,,,,,
XCell Parts,https://xcellparts.com/,OTHERS,https://xcellparts.com/product-category/others,6,click,LG,https://xcellparts.com/product-category/others/lg,14,dom-inspection,LG V10,https://xcellparts.com/product-category/others/lg/lg-v-series/lg-v10,96,9,9,3,dom-inspection,div#split-1124949-1124961 > div.xcell-mm__plp-thumbs.xcell-mm__plp-thumbs--flat > a.xcell-mm__plp-thumb,https://xcellparts.com/product-category/others/lg/lg-v-series/lg-v10,False,False,2026-09-07T04:40:13+00:00,,,,,
XCell Parts,https://xcellparts.com/,OTHERS,https://xcellparts.com/product-category/others,6,click,LG,https://xcellparts.com/product-category/others/lg,14,dom-inspection,LG WING SERIES,https://xcellparts.com/product-category/others/lg/lg-wing-series,97,10,1,3,dom-inspection,div#split-1124949-1124962 > a.xcell-mm__plp-group-head,https://xcellparts.com/product-category/others/lg/lg-wing-series,False,False,2026-09-07T04:40:13+00:00,,,,,
XCell Parts,https://xcellparts.com/,OTHERS,https://xcellparts.com/product-category/others,6,click,LG,https://xcellparts.com/product-category/others/lg,14,dom-inspection,LG WING 5G,https://xcellparts.com/product-category/others/lg/lg-wing-series/lg-wing-5g,98,10,2,3,dom-inspection,div#split-1124949-1124962 > div.xcell-mm__plp-thumbs.xcell-mm__plp-thumbs--flat > a.xcell-mm__plp-thumb,https://xcellparts.com/product-category/others/lg/lg-wing-series/lg-wing-5g,False,False,2026-09-07T04:40:13+00:00,,,,,
XCell Parts,https://xcellparts.com/,OTHERS,https://xcellparts.com/product-category/others,6,click,LG,https://xcellparts.com/product-category/others/lg,14,dom-inspection,LG X SERIES,https://xcellparts.com/product-category/others/lg/lg-x-series,99,11,1,3,dom-inspection,div#split-1124949-1124963 > a.xcell-mm__plp-group-head,https://xcellparts.com/product-category/others/lg/lg-x-series,False,False,2026-09-07T04:40:13+00:00,,,,,
XCell Parts,https://xcellparts.com/,OTHERS,https://xcellparts.com/product-category/others,6,click,LG,https://xcellparts.com/product-category/others/lg,14,dom-inspection,LG X CAM,https://xcellparts.com/product-category/others/lg/lg-x-series/lg-x-cam,100,11,2,3,dom-inspection,div#split-1124949-1124963 > div.xcell-mm__plp-thumbs.xcell-mm__plp-thumbs--flat > a.xcell-mm__plp-thumb,https://xcellparts.com/product-category/others/lg/lg-x-series/lg-x-cam,False,False,2026-09-07T04:40:13+00:00,,,,,
XCell Parts,https://xcellparts.com/,OTHERS,https://xcellparts.com/product-category/others,6,click,LG,https://xcellparts.com/product-category/others/lg,14,dom-inspection,LG X POWER,https://xcellparts.com/product-category/others/lg/lg-x-series/lg-x-power,101,11,3,3,dom-inspection,div#split-1124949-1124963 > div.xcell-mm__plp-thumbs.xcell-mm__plp-thumbs--flat > a.xcell-mm__plp-thumb,https://xcellparts.com/product-category/others/lg/lg-x-series/lg-x-power,False,False,2026-09-07T04:40:13+00:00,,,,,
XCell Parts,https://xcellparts.com/,OTHERS,https://xcellparts.com/product-category/others,6,click,LG,https://xcellparts.com/product-category/others/lg,14,dom-inspection,LG X POWER 2,https://xcellparts.com/product-category/others/lg/lg-x-series/lg-x-power-2,102,11,4,3,dom-inspection,div#split-1124949-1124963 > div.xcell-mm__plp-thumbs.xcell-mm__plp-thumbs--flat > a.xcell-mm__plp-thumb,https://xcellparts.com/product-category/others/lg/lg-x-series/lg-x-power-2,False,False,2026-09-07T04:40:13+00:00,,,,,
XCell Parts,https://xcellparts.com/,OTHERS,https://xcellparts.com/product-category/others,6,click,LG,https://xcellparts.com/product-category/others/lg,14,dom-inspection,LG X POWER 3,https://xcellparts.com/product-category/others/lg/lg-x-series/lg-x-power-3,103,11,5,3,dom-inspection,div#split-1124949-1124963 > div.xcell-mm__plp-thumbs.xcell-mm__plp-thumbs--flat > a.xcell-mm__plp-thumb,https://xcellparts.com/product-category/others/lg/lg-x-series/lg-x-power-3,False,False,2026-09-07T04:40:13+00:00,,,,,
XCell Parts,https://xcellparts.com/,OTHERS,https://xcellparts.com/product-category/others,6,click,LG,https://xcellparts.com/product-category/others/lg,14,dom-inspection,TRIBUTE,https://xcellparts.com/product-category/others/lg/tribute,104,12,1,3,dom-inspection,div#split-1124949-1124964 > a.xcell-mm__plp-group-head,https://xcellparts.com/product-category/others/lg/tribute,False,False,2026-09-07T04:40:13+00:00,,,,,
XCell Parts,https://xcellparts.com/,OTHERS,https://xcellparts.com/product-category/others,6,click,LG,https://xcellparts.com/product-category/others/lg,14,dom-inspection,TRIBUTE HD,https://xcellparts.com/product-category/others/lg/tribute/tribute-hd,105,12,2,3,dom-inspection,div#split-1124949-1124964 > div.xcell-mm__plp-thumbs.xcell-mm__plp-thumbs--flat > a.xcell-mm__plp-thumb,https://xcellparts.com/product-category/others/lg/tribute/tribute-hd,False,False,2026-09-07T04:40:13+00:00,,,,,
XCell Parts,https://xcellparts.com/,OTHERS,https://xcellparts.com/product-category/others,6,click,LG,https://xcellparts.com/product-category/others/lg,14,dom-inspection,TRIBUTE ROYAL,https://xcellparts.com/product-category/others/lg/tribute/tribute-royal,106,12,3,3,dom-inspection,div#split-1124949-1124964 > div.xcell-mm__plp-thumbs.xcell-mm__plp-thumbs--flat > a.xcell-mm__plp-thumb,https://xcellparts.com/product-category/others/lg/tribute/tribute-royal,False,False,2026-09-07T04:40:13+00:00,,,,,
XCell Parts,https://xcellparts.com/,OTHERS,https://xcellparts.com/product-category/others,6,click,LG,https://xcellparts.com/product-category/others/lg,14,dom-inspection,W SERIES,https://xcellparts.com/product-category/others/lg/w-series,107,13,1,3,dom-inspection,div#split-1124949-1124965 > a.xcell-mm__plp-group-head,https://xcellparts.com/product-category/others/lg/w-series,False,False,2026-09-07T04:40:13+00:00,,,,,
XCell Parts,https://xcellparts.com/,OTHERS,https://xcellparts.com/product-category/others,6,click,LG,https://xcellparts.com/product-category/others/lg,14,dom-inspection,W10 ALPHA,https://xcellparts.com/product-category/others/lg/w-series/w10-alpha,108,13,2,3,dom-inspection,div#split-1124949-1124965 > div.xcell-mm__plp-thumbs.xcell-mm__plp-thumbs--flat > a.xcell-mm__plp-thumb,https://xcellparts.com/product-category/others/lg/w-series/w10-alpha,False,False,2026-09-07T04:40:13+00:00,,,,,
XCell Parts,https://xcellparts.com/,OTHERS,https://xcellparts.com/product-category/others,6,click,LG,https://xcellparts.com/product-category/others/lg,14,dom-inspection,W30 (2019),https://xcellparts.com/product-category/others/lg/w-series/w30-2019,109,13,3,3,dom-inspection,div#split-1124949-1124965 > div.xcell-mm__plp-thumbs.xcell-mm__plp-thumbs--flat > a.xcell-mm__plp-thumb,https://xcellparts.com/product-category/others/lg/w-series/w30-2019,False,False,2026-09-07T04:40:13+00:00,,,,,
XCell Parts,https://xcellparts.com/,OTHERS,https://xcellparts.com/product-category/others,6,click,MICROSOFT,https://xcellparts.com/product-category/others/microsoft-others,15,dom-inspection,SURFACE BOOK,https://xcellparts.com/product-category/others/microsoft-others/surface-book,1,1,1,3,dom-inspection,div#split-5716-5779 > a.xcell-mm__plp-group-head,https://xcellparts.com/product-category/others/microsoft-others/surface-book,False,False,2026-09-07T04:40:13+00:00,,,,,
XCell Parts,https://xcellparts.com/,OTHERS,https://xcellparts.com/product-category/others,6,click,MICROSOFT,https://xcellparts.com/product-category/others/microsoft-others,15,dom-inspection,"SURFACE BOOK 3 15""",https://xcellparts.com/product-category/others/microsoft-others/surface-book/surface-book-3-15,2,1,2,3,dom-inspection,div#split-5716-5779 > div.xcell-mm__plp-thumbs.xcell-mm__plp-thumbs--flat > a.xcell-mm__plp-thumb,https://xcellparts.com/product-category/others/microsoft-others/surface-book/surface-book-3-15,False,False,2026-09-07T04:40:13+00:00,,,,,
XCell Parts,https://xcellparts.com/,OTHERS,https://xcellparts.com/product-category/others,6,click,MICROSOFT,https://xcellparts.com/product-category/others/microsoft-others,15,dom-inspection,"SURFACE BOOK 3 13.5""",https://xcellparts.com/product-category/others/microsoft-others/surface-book/surface-book-3-13-5,3,1,3,3,dom-inspection,div#split-5716-5779 > div.xcell-mm__plp-thumbs.xcell-mm__plp-thumbs--flat > a.xcell-mm__plp-thumb,https://xcellparts.com/product-category/others/microsoft-others/surface-book/surface-book-3-13-5,False,False,2026-09-07T04:40:13+00:00,,,,,
XCell Parts,https://xcellparts.com/,OTHERS,https://xcellparts.com/product-category/others,6,click,MICROSOFT,https://xcellparts.com/product-category/others/microsoft-others,15,dom-inspection,"SURFACE BOOK 2 15""",https://xcellparts.com/product-category/others/microsoft-others/surface-book/surface-book-2-15,4,1,4,3,dom-inspection,div#split-5716-5779 > div.xcell-mm__plp-thumbs.xcell-mm__plp-thumbs--flat > a.xcell-mm__plp-thumb,https://xcellparts.com/product-category/others/microsoft-others/surface-book/surface-book-2-15,False,False,2026-09-07T04:40:13+00:00,,,,,
XCell Parts,https://xcellparts.com/,OTHERS,https://xcellparts.com/product-category/others,6,click,MICROSOFT,https://xcellparts.com/product-category/others/microsoft-others,15,dom-inspection,"SURFACE BOOK 2 13.5""",https://xcellparts.com/product-category/others/microsoft-others/surface-book/surface-book-2-13-5,5,1,5,3,dom-inspection,div#split-5716-5779 > div.xcell-mm__plp-thumbs.xcell-mm__plp-thumbs--flat > a.xcell-mm__plp-thumb,https://xcellparts.com/product-category/others/microsoft-others/surface-book/surface-book-2-13-5,False,False,2026-09-07T04:40:13+00:00,,,,,
XCell Parts,https://xcellparts.com/,OTHERS,https://xcellparts.com/product-category/others,6,click,MICROSOFT,https://xcellparts.com/product-category/others/microsoft-others,15,dom-inspection,"SURFACE BOOK 1 13.5""",https://xcellparts.com/product-category/others/microsoft-others/surface-book/surface-book-1-13-5,6,1,6,3,dom-inspection,div#split-5716-5779 > div.xcell-mm__plp-thumbs.xcell-mm__plp-thumbs--flat > a.xcell-mm__plp-thumb,https://xcellparts.com/product-category/others/microsoft-others/surface-book/surface-book-1-13-5,False,False,2026-09-07T04:40:13+00:00,,,,,
XCell Parts,https://xcellparts.com/,OTHERS,https://xcellparts.com/product-category/others,6,click,MICROSOFT,https://xcellparts.com/product-category/others/microsoft-others,15,dom-inspection,SURFACE LAPTOP,https://xcellparts.com/product-category/others/microsoft-others/surface-laptop,7,2,1,3,dom-inspection,div#split-5716-5780 > a.xcell-mm__plp-group-head,https://xcellparts.com/product-category/others/microsoft-others/surface-laptop,False,False,2026-09-07T04:40:13+00:00,,,,,
XCell Parts,https://xcellparts.com/,OTHERS,https://xcellparts.com/product-category/others,6,click,MICROSOFT,https://xcellparts.com/product-category/others/microsoft-others,15,dom-inspection,"SURFACE LAPTOP 7 15""",https://xcellparts.com/product-category/others/microsoft-others/surface-laptop/surface-laptop-7-15,8,2,2,3,dom-inspection,div#split-5716-5780 > div.xcell-mm__plp-thumbs.xcell-mm__plp-thumbs--flat > a.xcell-mm__plp-thumb,https://xcellparts.com/product-category/others/microsoft-others/surface-laptop/surface-laptop-7-15,False,False,2026-09-07T04:40:13+00:00,,,,,
XCell Parts,https://xcellparts.com/,OTHERS,https://xcellparts.com/product-category/others,6,click,MICROSOFT,https://xcellparts.com/product-category/others/microsoft-others,15,dom-inspection,"SURFACE LAPTOP 7 13.8""",https://xcellparts.com/product-category/others/microsoft-others/surface-laptop/surface-laptop-7-13-8,9,2,3,3,dom-inspection,div#split-5716-5780 > div.xcell-mm__plp-thumbs.xcell-mm__plp-thumbs--flat > a.xcell-mm__plp-thumb,https://xcellparts.com/product-category/others/microsoft-others/surface-laptop/surface-laptop-7-13-8,False,False,2026-09-07T04:40:13+00:00,,,,,
XCell Parts,https://xcellparts.com/,OTHERS,https://xcellparts.com/product-category/others,6,click,MICROSOFT,https://xcellparts.com/product-category/others/microsoft-others,15,dom-inspection,"SURFACE LAPTOP 4 13.5""",https://xcellparts.com/product-category/others/microsoft-others/surface-laptop/surface-laptop-4-13-5,10,2,4,3,dom-inspection,div#split-5716-5780 > div.xcell-mm__plp-thumbs.xcell-mm__plp-thumbs--flat > a.xcell-mm__plp-thumb,https://xcellparts.com/product-category/others/microsoft-others/surface-laptop/surface-laptop-4-13-5,False,False,2026-09-07T04:40:13+00:00,,,,,
XCell Parts,https://xcellparts.com/,OTHERS,https://xcellparts.com/product-category/others,6,click,MICROSOFT,https://xcellparts.com/product-category/others/microsoft-others,15,dom-inspection,"SURFACE LAPTOP 3 15""",https://xcellparts.com/product-category/others/microsoft-others/surface-laptop/surface-laptop-3-15,11,2,5,3,dom-inspection,div#split-5716-5780 > div.xcell-mm__plp-thumbs.xcell-mm__plp-thumbs--flat > a.xcell-mm__plp-thumb,https://xcellparts.com/product-category/others/microsoft-others/surface-laptop/surface-laptop-3-15,False,False,2026-09-07T04:40:13+00:00,,,,,
XCell Parts,https://xcellparts.com/,OTHERS,https://xcellparts.com/product-category/others,6,click,MICROSOFT,https://xcellparts.com/product-category/others/microsoft-others,15,dom-inspection,"SURFACE LAPTOP 3 13.5""",https://xcellparts.com/product-category/others/microsoft-others/surface-laptop/surface-laptop-3-13-5,12,2,6,3,dom-inspection,div#split-5716-5780 > div.xcell-mm__plp-thumbs.xcell-mm__plp-thumbs--flat > a.xcell-mm__plp-thumb,https://xcellparts.com/product-category/others/microsoft-others/surface-laptop/surface-laptop-3-13-5,False,False,2026-09-07T04:40:13+00:00,,,,,
XCell Parts,https://xcellparts.com/,OTHERS,https://xcellparts.com/product-category/others,6,click,MICROSOFT,https://xcellparts.com/product-category/others/microsoft-others,15,dom-inspection,"SURFACE LAPTOP 2 13.5""",https://xcellparts.com/product-category/others/microsoft-others/surface-laptop/surface-laptop-2-13-5,13,2,7,3,dom-inspection,div#split-5716-5780 > div.xcell-mm__plp-thumbs.xcell-mm__plp-thumbs--flat > a.xcell-mm__plp-thumb,https://xcellparts.com/product-category/others/microsoft-others/surface-laptop/surface-laptop-2-13-5,False,False,2026-09-07T04:40:13+00:00,,,,,
XCell Parts,https://xcellparts.com/,OTHERS,https://xcellparts.com/product-category/others,6,click,MICROSOFT,https://xcellparts.com/product-category/others/microsoft-others,15,dom-inspection,"SURFACE LAPTOP 1 13.5""",https://xcellparts.com/product-category/others/microsoft-others/surface-laptop/surface-laptop-1-13-5,14,2,8,3,dom-inspection,div#split-5716-5780 > div.xcell-mm__plp-thumbs.xcell-mm__plp-thumbs--flat > a.xcell-mm__plp-thumb,https://xcellparts.com/product-category/others/microsoft-others/surface-laptop/surface-laptop-1-13-5,False,False,2026-09-07T04:40:13+00:00,,,,,
XCell Parts,https://xcellparts.com/,OTHERS,https://xcellparts.com/product-category/others,6,click,MICROSOFT,https://xcellparts.com/product-category/others/microsoft-others,15,dom-inspection,SURFACE LAPTOP STUDIO (1964),https://xcellparts.com/product-category/others/microsoft-others/surface-laptop/surface-laptop-studio-1964,15,2,9,3,dom-inspection,div#split-5716-5780 > div.xcell-mm__plp-thumbs.xcell-mm__plp-thumbs--flat > a.xcell-mm__plp-thumb,https://xcellparts.com/product-category/others/microsoft-others/surface-laptop/surface-laptop-studio-1964,False,False,2026-09-07T04:40:13+00:00,,,,,
XCell Parts,https://xcellparts.com/,OTHERS,https://xcellparts.com/product-category/others,6,click,MICROSOFT,https://xcellparts.com/product-category/others/microsoft-others,15,dom-inspection,"SURFACE LAPTOP GO (1943)""",https://xcellparts.com/product-category/others/microsoft-others/surface-laptop/surface-laptop-go-1943,16,2,10,3,dom-inspection,div#split-5716-5780 > div.xcell-mm__plp-thumbs.xcell-mm__plp-thumbs--flat > a.xcell-mm__plp-thumb,https://xcellparts.com/product-category/others/microsoft-others/surface-laptop/surface-laptop-go-1943,False,False,2026-09-07T04:40:13+00:00,,,,,
XCell Parts,https://xcellparts.com/,OTHERS,https://xcellparts.com/product-category/others,6,click,MICROSOFT,https://xcellparts.com/product-category/others/microsoft-others,15,dom-inspection,SURFACE PRO SERIES,https://xcellparts.com/product-category/others/microsoft-others/surface-pro-series,17,3,1,3,dom-inspection,div#split-5716-5781 > a.xcell-mm__plp-group-head,https://xcellparts.com/product-category/others/microsoft-others/surface-pro-series,False,False,2026-09-07T04:40:13+00:00,,,,,
XCell Parts,https://xcellparts.com/,OTHERS,https://xcellparts.com/product-category/others,6,click,MICROSOFT,https://xcellparts.com/product-category/others/microsoft-others,15,dom-inspection,SURFACE PRO 11 (2024),https://xcellparts.com/product-category/others/microsoft-others/surface-pro-series/surface-pro-11-2024,18,3,2,3,dom-inspection,div#split-5716-5781 > div.xcell-mm__plp-thumbs.xcell-mm__plp-thumbs--flat > a.xcell-mm__plp-thumb,https://xcellparts.com/product-category/others/microsoft-others/surface-pro-series/surface-pro-11-2024,False,False,2026-09-07T04:40:13+00:00,,,,,
XCell Parts,https://xcellparts.com/,OTHERS,https://xcellparts.com/product-category/others,6,click,MICROSOFT,https://xcellparts.com/product-category/others/microsoft-others,15,dom-inspection,SURFACE PRO 10 (2024),https://xcellparts.com/product-category/others/microsoft-others/surface-pro-series/surface-pro-10-2024,19,3,3,3,dom-inspection,div#split-5716-5781 > div.xcell-mm__plp-thumbs.xcell-mm__plp-thumbs--flat > a.xcell-mm__plp-thumb,https://xcellparts.com/product-category/others/microsoft-others/surface-pro-series/surface-pro-10-2024,False,False,2026-09-07T04:40:13+00:00,,,,,
XCell Parts,https://xcellparts.com/,OTHERS,https://xcellparts.com/product-category/others,6,click,MICROSOFT,https://xcellparts.com/product-category/others/microsoft-others,15,dom-inspection,SURFACE PRO 9 (2022),https://xcellparts.com/product-category/others/microsoft-others/surface-pro-series/surface-pro-9-2022,20,3,4,3,dom-inspection,div#split-5716-5781 > div.xcell-mm__plp-thumbs.xcell-mm__plp-thumbs--flat > a.xcell-mm__plp-thumb,https://xcellparts.com/product-category/others/microsoft-others/surface-pro-series/surface-pro-9-2022,False,False,2026-09-07T04:40:13+00:00,,,,,
XCell Parts,https://xcellparts.com/,OTHERS,https://xcellparts.com/product-category/others,6,click,MICROSOFT,https://xcellparts.com/product-category/others/microsoft-others,15,dom-inspection,SURFACE PRO 8 (2021),https://xcellparts.com/product-category/others/microsoft-others/surface-pro-series/surface-pro-8-2021,21,3,5,3,dom-inspection,div#split-5716-5781 > div.xcell-mm__plp-thumbs.xcell-mm__plp-thumbs--flat > a.xcell-mm__plp-thumb,https://xcellparts.com/product-category/others/microsoft-others/surface-pro-series/surface-pro-8-2021,False,False,2026-09-07T04:40:13+00:00,,,,,
XCell Parts,https://xcellparts.com/,OTHERS,https://xcellparts.com/product-category/others,6,click,MICROSOFT,https://xcellparts.com/product-category/others/microsoft-others,15,dom-inspection,SURFACE PRO 7 PLUS (2021),https://xcellparts.com/product-category/others/microsoft-others/surface-pro-series/surface-pro-7-plus-2021,22,3,6,3,dom-inspection,div#split-5716-5781 > div.xcell-mm__plp-thumbs.xcell-mm__plp-thumbs--flat > a.xcell-mm__plp-thumb,https://xcellparts.com/product-category/others/microsoft-others/surface-pro-series/surface-pro-7-plus-2021,False,False,2026-09-07T04:40:13+00:00,,,,,
XCell Parts,https://xcellparts.com/,OTHERS,https://xcellparts.com/product-category/others,6,click,MICROSOFT,https://xcellparts.com/product-category/others/microsoft-others,15,dom-inspection,SURFACE PRO 7 (2019),https://xcellparts.com/product-category/others/microsoft-others/surface-pro-series/surface-pro-7-2019,23,3,7,3,dom-inspection,div#split-5716-5781 > div.xcell-mm__plp-thumbs.xcell-mm__plp-thumbs--flat > a.xcell-mm__plp-thumb,https://xcellparts.com/product-category/others/microsoft-others/surface-pro-series/surface-pro-7-2019,False,False,2026-09-07T04:40:13+00:00,,,,,
XCell Parts,https://xcellparts.com/,OTHERS,https://xcellparts.com/product-category/others,6,click,MICROSOFT,https://xcellparts.com/product-category/others/microsoft-others,15,dom-inspection,SURFACE PRO 6 (2018),https://xcellparts.com/product-category/others/microsoft-others/surface-pro-series/surface-pro-6-2018,24,3,8,3,dom-inspection,div#split-5716-5781 > div.xcell-mm__plp-thumbs.xcell-mm__plp-thumbs--flat > a.xcell-mm__plp-thumb,https://xcellparts.com/product-category/others/microsoft-others/surface-pro-series/surface-pro-6-2018,False,False,2026-09-07T04:40:13+00:00,,,,,
XCell Parts,https://xcellparts.com/,OTHERS,https://xcellparts.com/product-category/others,6,click,MICROSOFT,https://xcellparts.com/product-category/others/microsoft-others,15,dom-inspection,SURFACE PRO 5 (2017),https://xcellparts.com/product-category/others/microsoft-others/surface-pro-series/surface-pro-5-2017,25,3,9,3,dom-inspection,div#split-5716-5781 > div.xcell-mm__plp-thumbs.xcell-mm__plp-thumbs--flat > a.xcell-mm__plp-thumb,https://xcellparts.com/product-category/others/microsoft-others/surface-pro-series/surface-pro-5-2017,False,False,2026-09-07T04:40:13+00:00,,,,,
XCell Parts,https://xcellparts.com/,OTHERS,https://xcellparts.com/product-category/others,6,click,MICROSOFT,https://xcellparts.com/product-category/others/microsoft-others,15,dom-inspection,SURFACE PRO 4 (2015),https://xcellparts.com/product-category/others/microsoft-others/surface-pro-series/surface-pro-4-2015,26,3,10,3,dom-inspection,div#split-5716-5781 > div.xcell-mm__plp-thumbs.xcell-mm__plp-thumbs--flat > a.xcell-mm__plp-thumb,https://xcellparts.com/product-category/others/microsoft-others/surface-pro-series/surface-pro-4-2015,False,False,2026-09-07T04:40:13+00:00,,,,,
XCell Parts,https://xcellparts.com/,OTHERS,https://xcellparts.com/product-category/others,6,click,MICROSOFT,https://xcellparts.com/product-category/others/microsoft-others,15,dom-inspection,SURFACE PRO 3 (2014),https://xcellparts.com/product-category/others/microsoft-others/surface-pro-series/surface-pro-3-2014,27,3,11,3,dom-inspection,div#split-5716-5781 > div.xcell-mm__plp-thumbs.xcell-mm__plp-thumbs--flat > a.xcell-mm__plp-thumb,https://xcellparts.com/product-category/others/microsoft-others/surface-pro-series/surface-pro-3-2014,False,False,2026-09-07T04:40:13+00:00,,,,,
XCell Parts,https://xcellparts.com/,OTHERS,https://xcellparts.com/product-category/others,6,click,MICROSOFT,https://xcellparts.com/product-category/others/microsoft-others,15,dom-inspection,SURFACE PRO 2 (2013),https://xcellparts.com/product-category/others/microsoft-others/surface-pro-series/surface-pro-2-2013,28,3,12,3,dom-inspection,div#split-5716-5781 > div.xcell-mm__plp-thumbs.xcell-mm__plp-thumbs--flat > a.xcell-mm__plp-thumb,https://xcellparts.com/product-category/others/microsoft-others/surface-pro-series/surface-pro-2-2013,False,False,2026-09-07T04:40:13+00:00,,,,,
XCell Parts,https://xcellparts.com/,OTHERS,https://xcellparts.com/product-category/others,6,click,MICROSOFT,https://xcellparts.com/product-category/others/microsoft-others,15,dom-inspection,SURFACE PRO (2013),https://xcellparts.com/product-category/others/microsoft-others/surface-pro-series/surface-pro-2013,29,3,13,3,dom-inspection,div#split-5716-5781 > div.xcell-mm__plp-thumbs.xcell-mm__plp-thumbs--flat > a.xcell-mm__plp-thumb,https://xcellparts.com/product-category/others/microsoft-others/surface-pro-series/surface-pro-2013,False,False,2026-09-07T04:40:13+00:00,,,,,
XCell Parts,https://xcellparts.com/,OTHERS,https://xcellparts.com/product-category/others,6,click,MICROSOFT,https://xcellparts.com/product-category/others/microsoft-others,15,dom-inspection,SURFACE PRO X (2020),https://xcellparts.com/product-category/others/microsoft-others/surface-pro-series/surface-pro-x-2020,30,3,14,3,dom-inspection,div#split-5716-5781 > div.xcell-mm__plp-thumbs.xcell-mm__plp-thumbs--flat > a.xcell-mm__plp-thumb,https://xcellparts.com/product-category/others/microsoft-others/surface-pro-series/surface-pro-x-2020,False,False,2026-09-07T04:40:13+00:00,,,,,
XCell Parts,https://xcellparts.com/,OTHERS,https://xcellparts.com/product-category/others,6,click,MICROSOFT,https://xcellparts.com/product-category/others/microsoft-others,15,dom-inspection,SURFACE SERIES,https://xcellparts.com/product-category/others/microsoft-others/surface-series,31,4,1,3,dom-inspection,div#split-5716-5782 > a.xcell-mm__plp-group-head,https://xcellparts.com/product-category/others/microsoft-others/surface-series,False,False,2026-09-07T04:40:13+00:00,,,,,
XCell Parts,https://xcellparts.com/,OTHERS,https://xcellparts.com/product-category/others,6,click,MICROSOFT,https://xcellparts.com/product-category/others/microsoft-others,15,dom-inspection,SURFACE GO 2 (2020),https://xcellparts.com/product-category/others/microsoft-others/surface-series/surface-go-2-2020,32,4,2,3,dom-inspection,div#split-5716-5782 > div.xcell-mm__plp-thumbs.xcell-mm__plp-thumbs--flat > a.xcell-mm__plp-thumb,https://xcellparts.com/product-category/others/microsoft-others/surface-series/surface-go-2-2020,False,False,2026-09-07T04:40:13+00:00,,,,,
XCell Parts,https://xcellparts.com/,OTHERS,https://xcellparts.com/product-category/others,6,click,MICROSOFT,https://xcellparts.com/product-category/others/microsoft-others,15,dom-inspection,SURFACE GO (2018),https://xcellparts.com/product-category/others/microsoft-others/surface-series/surface-go-2018,33,4,3,3,dom-inspection,div#split-5716-5782 > div.xcell-mm__plp-thumbs.xcell-mm__plp-thumbs--flat > a.xcell-mm__plp-thumb,https://xcellparts.com/product-category/others/microsoft-others/surface-series/surface-go-2018,False,False,2026-09-07T04:40:13+00:00,,,,,
XCell Parts,https://xcellparts.com/,OTHERS,https://xcellparts.com/product-category/others,6,click,MICROSOFT,https://xcellparts.com/product-category/others/microsoft-others,15,dom-inspection,SURFACE 3 (2015),https://xcellparts.com/product-category/others/microsoft-others/surface-series/surface-3-2015,34,4,4,3,dom-inspection,div#split-5716-5782 > div.xcell-mm__plp-thumbs.xcell-mm__plp-thumbs--flat > a.xcell-mm__plp-thumb,https://xcellparts.com/product-category/others/microsoft-others/surface-series/surface-3-2015,False,False,2026-09-07T04:40:13+00:00,,,,,
XCell Parts,https://xcellparts.com/,OTHERS,https://xcellparts.com/product-category/others,6,click,MICROSOFT,https://xcellparts.com/product-category/others/microsoft-others,15,dom-inspection,SURFACE 2 (2013),https://xcellparts.com/product-category/others/microsoft-others/surface-series/surface-2-2013,35,4,5,3,dom-inspection,div#split-5716-5782 > div.xcell-mm__plp-thumbs.xcell-mm__plp-thumbs--flat > a.xcell-mm__plp-thumb,https://xcellparts.com/product-category/others/microsoft-others/surface-series/surface-2-2013,False,False,2026-09-07T04:40:13+00:00,,,,,
XCell Parts,https://xcellparts.com/,OTHERS,https://xcellparts.com/product-category/others,6,click,MICROSOFT,https://xcellparts.com/product-category/others/microsoft-others,15,dom-inspection,SURFACE RT (2012),https://xcellparts.com/product-category/others/microsoft-others/surface-series/surface-rt-2012,36,4,6,3,dom-inspection,div#split-5716-5782 > div.xcell-mm__plp-thumbs.xcell-mm__plp-thumbs--flat > a.xcell-mm__plp-thumb,https://xcellparts.com/product-category/others/microsoft-others/surface-series/surface-rt-2012,False,False,2026-09-07T04:40:13+00:00,,,,,
XCell Parts,https://xcellparts.com/,OTHERS,https://xcellparts.com/product-category/others,6,click,NOKIA,https://xcellparts.com/product-category/others/nokia,16,dom-inspection,NOKIA G400,https://xcellparts.com/product-category/others/nokia/nokia-g400,1,1,1,3,dom-inspection,div#plp-3672-5040 > div.xcell-mm__plp-thumbs.xcell-mm__plp-thumbs--flat > a.xcell-mm__plp-thumb,https://xcellparts.com/product-category/others/nokia/nokia-g400,False,False,2026-09-07T04:40:13+00:00,,,,,
XCell Parts,https://xcellparts.com/,OTHERS,https://xcellparts.com/product-category/others,6,click,NOKIA,https://xcellparts.com/product-category/others/nokia,16,dom-inspection,NOKIA G310,https://xcellparts.com/product-category/others/nokia/nokia-g310,2,1,2,3,dom-inspection,div#plp-3672-5040 > div.xcell-mm__plp-thumbs.xcell-mm__plp-thumbs--flat > a.xcell-mm__plp-thumb,https://xcellparts.com/product-category/others/nokia/nokia-g310,False,False,2026-09-07T04:40:13+00:00,,,,,
XCell Parts,https://xcellparts.com/,OTHERS,https://xcellparts.com/product-category/others,6,click,NOKIA,https://xcellparts.com/product-category/others/nokia,16,dom-inspection,NOKIA G300,https://xcellparts.com/product-category/others/nokia/nokia-g300,3,1,3,3,dom-inspection,div#plp-3672-5040 > div.xcell-mm__plp-thumbs.xcell-mm__plp-thumbs--flat > a.xcell-mm__plp-thumb,https://xcellparts.com/product-category/others/nokia/nokia-g300,False,False,2026-09-07T04:40:13+00:00,,,,,
XCell Parts,https://xcellparts.com/,OTHERS,https://xcellparts.com/product-category/others,6,click,NOKIA,https://xcellparts.com/product-category/others/nokia,16,dom-inspection,NOKIA G100,https://xcellparts.com/product-category/others/nokia/nokia-g100,4,1,4,3,dom-inspection,div#plp-3672-5040 > div.xcell-mm__plp-thumbs.xcell-mm__plp-thumbs--flat > a.xcell-mm__plp-thumb,https://xcellparts.com/product-category/others/nokia/nokia-g100,False,False,2026-09-07T04:40:13+00:00,,,,,
XCell Parts,https://xcellparts.com/,OTHERS,https://xcellparts.com/product-category/others,6,click,NOKIA,https://xcellparts.com/product-category/others/nokia,16,dom-inspection,NOKIA G50 5G,https://xcellparts.com/product-category/others/nokia/nokia-g50-5g,5,1,5,3,dom-inspection,div#plp-3672-5040 > div.xcell-mm__plp-thumbs.xcell-mm__plp-thumbs--flat > a.xcell-mm__plp-thumb,https://xcellparts.com/product-category/others/nokia/nokia-g50-5g,False,False,2026-09-07T04:40:13+00:00,,,,,
XCell Parts,https://xcellparts.com/,OTHERS,https://xcellparts.com/product-category/others,6,click,NOKIA,https://xcellparts.com/product-category/others/nokia,16,dom-inspection,NOKIA G20,https://xcellparts.com/product-category/others/nokia/nokia-g20,6,1,6,3,dom-inspection,div#plp-3672-5040 > div.xcell-mm__plp-thumbs.xcell-mm__plp-thumbs--flat > a.xcell-mm__plp-thumb,https://xcellparts.com/product-category/others/nokia/nokia-g20,False,False,2026-09-07T04:40:13+00:00,,,,,
XCell Parts,https://xcellparts.com/,OTHERS,https://xcellparts.com/product-category/others,6,click,NOKIA,https://xcellparts.com/product-category/others/nokia,16,dom-inspection,NOKIA G10,https://xcellparts.com/product-category/others/nokia/nokia-g10,7,1,7,3,dom-inspection,div#plp-3672-5040 > div.xcell-mm__plp-thumbs.xcell-mm__plp-thumbs--flat > a.xcell-mm__plp-thumb,https://xcellparts.com/product-category/others/nokia/nokia-g10,False,False,2026-09-07T04:40:13+00:00,,,,,
XCell Parts,https://xcellparts.com/,OTHERS,https://xcellparts.com/product-category/others,6,click,NOKIA,https://xcellparts.com/product-category/others/nokia,16,dom-inspection,NOKIA X100,https://xcellparts.com/product-category/others/nokia/nokia-x100,8,1,8,3,dom-inspection,div#plp-3672-5040 > div.xcell-mm__plp-thumbs.xcell-mm__plp-thumbs--flat > a.xcell-mm__plp-thumb,https://xcellparts.com/product-category/others/nokia/nokia-x100,False,False,2026-09-07T04:40:13+00:00,,,,,
XCell Parts,https://xcellparts.com/,OTHERS,https://xcellparts.com/product-category/others,6,click,NOKIA,https://xcellparts.com/product-category/others/nokia,16,dom-inspection,NOKIA XR20 5G,https://xcellparts.com/product-category/others/nokia/nokia-xr20-5g,9,1,9,3,dom-inspection,div#plp-3672-5040 > div.xcell-mm__plp-thumbs.xcell-mm__plp-thumbs--flat > a.xcell-mm__plp-thumb,https://xcellparts.com/product-category/others/nokia/nokia-xr20-5g,False,False,2026-09-07T04:40:13+00:00,,,,,
XCell Parts,https://xcellparts.com/,OTHERS,https://xcellparts.com/product-category/others,6,click,NOKIA,https://xcellparts.com/product-category/others/nokia,16,dom-inspection,NOKIA X10,https://xcellparts.com/product-category/others/nokia/nokia-x10,10,1,10,3,dom-inspection,div#plp-3672-5040 > div.xcell-mm__plp-thumbs.xcell-mm__plp-thumbs--flat > a.xcell-mm__plp-thumb,https://xcellparts.com/product-category/others/nokia/nokia-x10,False,False,2026-09-07T04:40:13+00:00,,,,,
XCell Parts,https://xcellparts.com/,OTHERS,https://xcellparts.com/product-category/others,6,click,NOKIA,https://xcellparts.com/product-category/others/nokia,16,dom-inspection,NOKIA C210,https://xcellparts.com/product-category/others/nokia/nokia-c210,11,1,11,3,dom-inspection,div#plp-3672-5040 > div.xcell-mm__plp-thumbs.xcell-mm__plp-thumbs--flat > a.xcell-mm__plp-thumb,https://xcellparts.com/product-category/others/nokia/nokia-c210,False,False,2026-09-07T04:40:13+00:00,,,,,
XCell Parts,https://xcellparts.com/,OTHERS,https://xcellparts.com/product-category/others,6,click,NOKIA,https://xcellparts.com/product-category/others/nokia,16,dom-inspection,NOKIA C110,https://xcellparts.com/product-category/others/nokia/nokia-c110,12,1,12,3,dom-inspection,div#plp-3672-5040 > div.xcell-mm__plp-thumbs.xcell-mm__plp-thumbs--flat > a.xcell-mm__plp-thumb,https://xcellparts.com/product-category/others/nokia/nokia-c110,False,False,2026-09-07T04:40:13+00:00,,,,,
XCell Parts,https://xcellparts.com/,OTHERS,https://xcellparts.com/product-category/others,6,click,NOKIA,https://xcellparts.com/product-category/others/nokia,16,dom-inspection,NOKIA C21 PLUS,https://xcellparts.com/product-category/others/nokia/nokia-c21-plus,13,1,13,3,dom-inspection,div#plp-3672-5040 > div.xcell-mm__plp-thumbs.xcell-mm__plp-thumbs--flat > a.xcell-mm__plp-thumb,https://xcellparts.com/product-category/others/nokia/nokia-c21-plus,False,False,2026-09-07T04:40:13+00:00,,,,,
XCell Parts,https://xcellparts.com/,OTHERS,https://xcellparts.com/product-category/others,6,click,NOKIA,https://xcellparts.com/product-category/others/nokia,16,dom-inspection,NOKIA 8.3 5G,https://xcellparts.com/product-category/others/nokia/nokia-8-3-5g,14,1,14,3,dom-inspection,div#plp-3672-5040 > div.xcell-mm__plp-thumbs.xcell-mm__plp-thumbs--flat > a.xcell-mm__plp-thumb,https://xcellparts.com/product-category/others/nokia/nokia-8-3-5g,False,False,2026-09-07T04:40:13+00:00,,,,,
XCell Parts,https://xcellparts.com/,OTHERS,https://xcellparts.com/product-category/others,6,click,NOKIA,https://xcellparts.com/product-category/others/nokia,16,dom-inspection,NOKIA 3.1 PLUS,https://xcellparts.com/product-category/others/nokia/nokia-3-1-plus,15,1,15,3,dom-inspection,div#plp-3672-5040 > div.xcell-mm__plp-thumbs.xcell-mm__plp-thumbs--flat > a.xcell-mm__plp-thumb,https://xcellparts.com/product-category/others/nokia/nokia-3-1-plus,False,False,2026-09-07T04:40:13+00:00,,,,,
XCell Parts,https://xcellparts.com/,OTHERS,https://xcellparts.com/product-category/others,6,click,NOKIA,https://xcellparts.com/product-category/others/nokia,16,dom-inspection,NOKIA 1.4,https://xcellparts.com/product-category/others/nokia/nokia-1-4,16,1,16,3,dom-inspection,div#plp-3672-5040 > div.xcell-mm__plp-thumbs.xcell-mm__plp-thumbs--flat > a.xcell-mm__plp-thumb,https://xcellparts.com/product-category/others/nokia/nokia-1-4,False,False,2026-09-07T04:40:13+00:00,,,,,
XCell Parts,https://xcellparts.com/,OTHERS,https://xcellparts.com/product-category/others,6,click,ONE PLUS,https://xcellparts.com/product-category/others/one-plus,17,dom-inspection,ONE PLUS ACE SERIES,https://xcellparts.com/product-category/others/one-plus/one-plus-ace-series,1,1,1,3,dom-inspection,div#split-207196-1125629 > a.xcell-mm__plp-group-head,https://xcellparts.com/product-category/others/one-plus/one-plus-ace-series,False,False,2026-09-07T04:40:13+00:00,,,,,
XCell Parts,https://xcellparts.com/,OTHERS,https://xcellparts.com/product-category/others,6,click,ONE PLUS,https://xcellparts.com/product-category/others/one-plus,17,dom-inspection,ONE PLUS ACE,https://xcellparts.com/product-category/others/one-plus/one-plus-ace-series/one-plus-ace-one-plus-ace-series,2,1,2,3,dom-inspection,div#split-207196-1125629 > div.xcell-mm__plp-thumbs.xcell-mm__plp-thumbs--flat > a.xcell-mm__plp-thumb,https://xcellparts.com/product-category/others/one-plus/one-plus-ace-series/one-plus-ace-one-plus-ace-series,False,False,2026-09-07T04:40:13+00:00,,,,,
XCell Parts,https://xcellparts.com/,OTHERS,https://xcellparts.com/product-category/others,6,click,ONE PLUS,https://xcellparts.com/product-category/others/one-plus,17,dom-inspection,ONE PLUS ACE 5 5G,https://xcellparts.com/product-category/others/one-plus/one-plus-ace-series/one-plus-ace-5-5g-one-plus-ace-series,3,1,3,3,dom-inspection,div#split-207196-1125629 > div.xcell-mm__plp-thumbs.xcell-mm__plp-thumbs--flat > a.xcell-mm__plp-thumb,https://xcellparts.com/product-category/others/one-plus/one-plus-ace-series/one-plus-ace-5-5g-one-plus-ace-series,False,False,2026-09-07T04:40:13+00:00,,,,,
XCell Parts,https://xcellparts.com/,OTHERS,https://xcellparts.com/product-category/others,6,click,ONE PLUS,https://xcellparts.com/product-category/others/one-plus,17,dom-inspection,ONE PLUS ACE 5 PRO 5G,https://xcellparts.com/product-category/others/one-plus/one-plus-ace-series/one-plus-ace-5-pro-5g-one-plus-ace-series,4,1,4,3,dom-inspection,div#split-207196-1125629 > div.xcell-mm__plp-thumbs.xcell-mm__plp-thumbs--flat > a.xcell-mm__plp-thumb,https://xcellparts.com/product-category/others/one-plus/one-plus-ace-series/one-plus-ace-5-pro-5g-one-plus-ace-series,False,False,2026-09-07T04:40:13+00:00,,,,,
XCell Parts,https://xcellparts.com/,OTHERS,https://xcellparts.com/product-category/others,6,click,ONE PLUS,https://xcellparts.com/product-category/others/one-plus,17,dom-inspection,ONE PLUS SERIES,https://xcellparts.com/product-category/others/one-plus/one-plus-series,5,2,1,3,dom-inspection,div#split-207196-207201 > a.xcell-mm__plp-group-head,https://xcellparts.com/product-category/others/one-plus/one-plus-series,False,False,2026-09-07T04:40:13+00:00,,,,,
XCell Parts,https://xcellparts.com/,OTHERS,https://xcellparts.com/product-category/others,6,click,ONE PLUS,https://xcellparts.com/product-category/others/one-plus,17,dom-inspection,ONE PLUS 15T,https://xcellparts.com/product-category/others/one-plus/one-plus-series/one-plus-15t,6,2,2,3,dom-inspection,div#split-207196-207201 > div.xcell-mm__plp-thumbs.xcell-mm__plp-thumbs--flat > a.xcell-mm__plp-thumb,https://xcellparts.com/product-category/others/one-plus/one-plus-series/one-plus-15t,False,False,2026-09-07T04:40:13+00:00,,,,,
XCell Parts,https://xcellparts.com/,OTHERS,https://xcellparts.com/product-category/others,6,click,ONE PLUS,https://xcellparts.com/product-category/others/one-plus,17,dom-inspection,ONE PLUS 15,https://xcellparts.com/product-category/others/one-plus/one-plus-series/one-plus-15,7,2,3,3,dom-inspection,div#split-207196-207201 > div.xcell-mm__plp-thumbs.xcell-mm__plp-thumbs--flat > a.xcell-mm__plp-thumb,https://xcellparts.com/product-category/others/one-plus/one-plus-series/one-plus-15,False,False,2026-09-07T04:40:13+00:00,,,,,
XCell Parts,https://xcellparts.com/,OTHERS,https://xcellparts.com/product-category/others,6,click,ONE PLUS,https://xcellparts.com/product-category/others/one-plus,17,dom-inspection,ONE PLUS 13T,https://xcellparts.com/product-category/others/one-plus/one-plus-series/one-plus-13t,8,2,4,3,dom-inspection,div#split-207196-207201 > div.xcell-mm__plp-thumbs.xcell-mm__plp-thumbs--flat > a.xcell-mm__plp-thumb,https://xcellparts.com/product-category/others/one-plus/one-plus-series/one-plus-13t,False,False,2026-09-07T04:40:13+00:00,,,,,
XCell Parts,https://xcellparts.com/,OTHERS,https://xcellparts.com/product-category/others,6,click,ONE PLUS,https://xcellparts.com/product-category/others/one-plus,17,dom-inspection,ONE PLUS 13R,https://xcellparts.com/product-category/others/one-plus/one-plus-series/one-plus-13r,9,2,5,3,dom-inspection,div#split-207196-207201 > div.xcell-mm__plp-thumbs.xcell-mm__plp-thumbs--flat > a.xcell-mm__plp-thumb,https://xcellparts.com/product-category/others/one-plus/one-plus-series/one-plus-13r,False,False,2026-09-07T04:40:13+00:00,,,,,
XCell Parts,https://xcellparts.com/,OTHERS,https://xcellparts.com/product-category/others,6,click,ONE PLUS,https://xcellparts.com/product-category/others/one-plus,17,dom-inspection,ONE PLUS 13 5G,https://xcellparts.com/product-category/others/one-plus/one-plus-series/one-plus-13-5g,10,2,6,3,dom-inspection,div#split-207196-207201 > div.xcell-mm__plp-thumbs.xcell-mm__plp-thumbs--flat > a.xcell-mm__plp-thumb,https://xcellparts.com/product-category/others/one-plus/one-plus-series/one-plus-13-5g,False,False,2026-09-07T04:40:13+00:00,,,,,
XCell Parts,https://xcellparts.com/,OTHERS,https://xcellparts.com/product-category/others,6,click,ONE PLUS,https://xcellparts.com/product-category/others/one-plus,17,dom-inspection,ONE PLUS 12R,https://xcellparts.com/product-category/others/one-plus/one-plus-series/one-plus-12r,11,2,7,3,dom-inspection,div#split-207196-207201 > div.xcell-mm__plp-thumbs.xcell-mm__plp-thumbs--flat > a.xcell-mm__plp-thumb,https://xcellparts.com/product-category/others/one-plus/one-plus-series/one-plus-12r,False,False,2026-09-07T04:40:13+00:00,,,,,
XCell Parts,https://xcellparts.com/,OTHERS,https://xcellparts.com/product-category/others,6,click,ONE PLUS,https://xcellparts.com/product-category/others/one-plus,17,dom-inspection,ONE PLUS 12,https://xcellparts.com/product-category/others/one-plus/one-plus-series/one-plus-12,12,2,8,3,dom-inspection,div#split-207196-207201 > div.xcell-mm__plp-thumbs.xcell-mm__plp-thumbs--flat > a.xcell-mm__plp-thumb,https://xcellparts.com/product-category/others/one-plus/one-plus-series/one-plus-12,False,False,2026-09-07T04:40:13+00:00,,,,,
XCell Parts,https://xcellparts.com/,OTHERS,https://xcellparts.com/product-category/others,6,click,ONE PLUS,https://xcellparts.com/product-category/others/one-plus,17,dom-inspection,ONE PLUS 11,https://xcellparts.com/product-category/others/one-plus/one-plus-series/one-plus-11,13,2,9,3,dom-inspection,div#split-207196-207201 > div.xcell-mm__plp-thumbs.xcell-mm__plp-thumbs--flat > a.xcell-mm__plp-thumb,https://xcellparts.com/product-category/others/one-plus/one-plus-series/one-plus-11,False,False,2026-09-07T04:40:13+00:00,,,,,
XCell Parts,https://xcellparts.com/,OTHERS,https://xcellparts.com/product-category/others,6,click,ONE PLUS,https://xcellparts.com/product-category/others/one-plus,17,dom-inspection,ONE PLUS 10T 5G,https://xcellparts.com/product-category/others/one-plus/one-plus-series/one-plus-10t-5g,14,2,10,3,dom-inspection,div#split-207196-207201 > div.xcell-mm__plp-thumbs.xcell-mm__plp-thumbs--flat > a.xcell-mm__plp-thumb,https://xcellparts.com/product-category/others/one-plus/one-plus-series/one-plus-10t-5g,False,False,2026-09-07T04:40:13+00:00,,,,,
XCell Parts,https://xcellparts.com/,OTHERS,https://xcellparts.com/product-category/others,6,click,ONE PLUS,https://xcellparts.com/product-category/others/one-plus,17,dom-inspection,ONE PLUS 10R 150W,https://xcellparts.com/product-category/others/one-plus/one-plus-series/one-plus-10r-150w,15,2,11,3,dom-inspection,div#split-207196-207201 > div.xcell-mm__plp-thumbs.xcell-mm__plp-thumbs--flat > a.xcell-mm__plp-thumb,https://xcellparts.com/product-category/others/one-plus/one-plus-series/one-plus-10r-150w,False,False,2026-09-07T04:40:13+00:00,,,,,
XCell Parts,https://xcellparts.com/,OTHERS,https://xcellparts.com/product-category/others,6,click,ONE PLUS,https://xcellparts.com/product-category/others/one-plus,17,dom-inspection,ONE PLUS 10R,https://xcellparts.com/product-category/others/one-plus/one-plus-series/one-plus-10r,16,2,12,3,dom-inspection,div#split-207196-207201 > div.xcell-mm__plp-thumbs.xcell-mm__plp-thumbs--flat > a.xcell-mm__plp-thumb,https://xcellparts.com/product-category/others/one-plus/one-plus-series/one-plus-10r,False,False,2026-09-07T04:40:13+00:00,,,,,
XCell Parts,https://xcellparts.com/,OTHERS,https://xcellparts.com/product-category/others,6,click,ONE PLUS,https://xcellparts.com/product-category/others/one-plus,17,dom-inspection,ONE PLUS 10 PRO,https://xcellparts.com/product-category/others/one-plus/one-plus-series/one-plus-10-pro,17,2,13,3,dom-inspection,div#split-207196-207201 > div.xcell-mm__plp-thumbs.xcell-mm__plp-thumbs--flat > a.xcell-mm__plp-thumb,https://xcellparts.com/product-category/others/one-plus/one-plus-series/one-plus-10-pro,False,False,2026-09-07T04:40:13+00:00,,,,,
XCell Parts,https://xcellparts.com/,OTHERS,https://xcellparts.com/product-category/others,6,click,ONE PLUS,https://xcellparts.com/product-category/others/one-plus,17,dom-inspection,ONE PLUS 9 PRO,https://xcellparts.com/product-category/others/one-plus/one-plus-series/one-plus-9-pro,18,2,14,3,dom-inspection,div#split-207196-207201 > div.xcell-mm__plp-thumbs.xcell-mm__plp-thumbs--flat > a.xcell-mm__plp-thumb,https://xcellparts.com/product-category/others/one-plus/one-plus-series/one-plus-9-pro,False,False,2026-09-07T04:40:13+00:00,,,,,
XCell Parts,https://xcellparts.com/,OTHERS,https://xcellparts.com/product-category/others,6,click,ONE PLUS,https://xcellparts.com/product-category/others/one-plus,17,dom-inspection,ONE PLUS 9RT 5G,https://xcellparts.com/product-category/others/one-plus/one-plus-series/one-plus-9rt-5g,19,2,15,3,dom-inspection,div#split-207196-207201 > div.xcell-mm__plp-thumbs.xcell-mm__plp-thumbs--flat > a.xcell-mm__plp-thumb,https://xcellparts.com/product-category/others/one-plus/one-plus-series/one-plus-9rt-5g,False,False,2026-09-07T04:40:13+00:00,,,,,
XCell Parts,https://xcellparts.com/,OTHERS,https://xcellparts.com/product-category/others,6,click,ONE PLUS,https://xcellparts.com/product-category/others/one-plus,17,dom-inspection,ONE PLUS 9R,https://xcellparts.com/product-category/others/one-plus/one-plus-series/one-plus-9r,20,2,16,3,dom-inspection,div#split-207196-207201 > div.xcell-mm__plp-thumbs.xcell-mm__plp-thumbs--flat > a.xcell-mm__plp-thumb,https://xcellparts.com/product-category/others/one-plus/one-plus-series/one-plus-9r,False,False,2026-09-07T04:40:13+00:00,,,,,
XCell Parts,https://xcellparts.com/,OTHERS,https://xcellparts.com/product-category/others,6,click,ONE PLUS,https://xcellparts.com/product-category/others/one-plus,17,dom-inspection,ONE PLUS 9,https://xcellparts.com/product-category/others/one-plus/one-plus-series/one-plus-9,21,2,17,3,dom-inspection,div#split-207196-207201 > div.xcell-mm__plp-thumbs.xcell-mm__plp-thumbs--flat > a.xcell-mm__plp-thumb,https://xcellparts.com/product-category/others/one-plus/one-plus-series/one-plus-9,False,False,2026-09-07T04:40:13+00:00,,,,,
XCell Parts,https://xcellparts.com/,OTHERS,https://xcellparts.com/product-category/others,6,click,ONE PLUS,https://xcellparts.com/product-category/others/one-plus,17,dom-inspection,ONE PLUS 8T,https://xcellparts.com/product-category/others/one-plus/one-plus-series/one-plus-8t,22,2,18,3,dom-inspection,div#split-207196-207201 > div.xcell-mm__plp-thumbs.xcell-mm__plp-thumbs--flat > a.xcell-mm__plp-thumb,https://xcellparts.com/product-category/others/one-plus/one-plus-series/one-plus-8t,False,False,2026-09-07T04:40:13+00:00,,,,,
XCell Parts,https://xcellparts.com/,OTHERS,https://xcellparts.com/product-category/others,6,click,ONE PLUS,https://xcellparts.com/product-category/others/one-plus,17,dom-inspection,ONE PLUS 8 PRO,https://xcellparts.com/product-category/others/one-plus/one-plus-series/one-plus-8-pro,23,2,19,3,dom-inspection,div#split-207196-207201 > div.xcell-mm__plp-thumbs.xcell-mm__plp-thumbs--flat > a.xcell-mm__plp-thumb,https://xcellparts.com/product-category/others/one-plus/one-plus-series/one-plus-8-pro,False,False,2026-09-07T04:40:13+00:00,,,,,
XCell Parts,https://xcellparts.com/,OTHERS,https://xcellparts.com/product-category/others,6,click,ONE PLUS,https://xcellparts.com/product-category/others/one-plus,17,dom-inspection,ONE PLUS 8,https://xcellparts.com/product-category/others/one-plus/one-plus-series/one-plus-8,24,2,20,3,dom-inspection,div#split-207196-207201 > div.xcell-mm__plp-thumbs.xcell-mm__plp-thumbs--flat > a.xcell-mm__plp-thumb,https://xcellparts.com/product-category/others/one-plus/one-plus-series/one-plus-8,False,False,2026-09-07T04:40:13+00:00,,,,,
XCell Parts,https://xcellparts.com/,OTHERS,https://xcellparts.com/product-category/others,6,click,ONE PLUS,https://xcellparts.com/product-category/others/one-plus,17,dom-inspection,ONE PLUS 7T PRO,https://xcellparts.com/product-category/others/one-plus/one-plus-series/one-plus-7t-pro,25,2,21,3,dom-inspection,div#split-207196-207201 > div.xcell-mm__plp-thumbs.xcell-mm__plp-thumbs--flat > a.xcell-mm__plp-thumb,https://xcellparts.com/product-category/others/one-plus/one-plus-series/one-plus-7t-pro,False,False,2026-09-07T04:40:13+00:00,,,,,
XCell Parts,https://xcellparts.com/,OTHERS,https://xcellparts.com/product-category/others,6,click,ONE PLUS,https://xcellparts.com/product-category/others/one-plus,17,dom-inspection,ONE PLUS 7T,https://xcellparts.com/product-category/others/one-plus/one-plus-series/one-plus-7t,26,2,22,3,dom-inspection,div#split-207196-207201 > div.xcell-mm__plp-thumbs.xcell-mm__plp-thumbs--flat > a.xcell-mm__plp-thumb,https://xcellparts.com/product-category/others/one-plus/one-plus-series/one-plus-7t,False,False,2026-09-07T04:40:13+00:00,,,,,
XCell Parts,https://xcellparts.com/,OTHERS,https://xcellparts.com/product-category/others,6,click,ONE PLUS,https://xcellparts.com/product-category/others/one-plus,17,dom-inspection,ONE PLUS 7 PRO,https://xcellparts.com/product-category/others/one-plus/one-plus-series/one-plus-7-pro,27,2,23,3,dom-inspection,div#split-207196-207201 > div.xcell-mm__plp-thumbs.xcell-mm__plp-thumbs--flat > a.xcell-mm__plp-thumb,https://xcellparts.com/product-category/others/one-plus/one-plus-series/one-plus-7-pro,False,False,2026-09-07T04:40:13+00:00,,,,,
XCell Parts,https://xcellparts.com/,OTHERS,https://xcellparts.com/product-category/others,6,click,ONE PLUS,https://xcellparts.com/product-category/others/one-plus,17,dom-inspection,ONE PLUS 7,https://xcellparts.com/product-category/others/one-plus/one-plus-series/one-plus-7,28,2,24,3,dom-inspection,div#split-207196-207201 > div.xcell-mm__plp-thumbs.xcell-mm__plp-thumbs--flat > a.xcell-mm__plp-thumb,https://xcellparts.com/product-category/others/one-plus/one-plus-series/one-plus-7,False,False,2026-09-07T04:40:13+00:00,,,,,
XCell Parts,https://xcellparts.com/,OTHERS,https://xcellparts.com/product-category/others,6,click,ONE PLUS,https://xcellparts.com/product-category/others/one-plus,17,dom-inspection,ONE PLUS 6T,https://xcellparts.com/product-category/others/one-plus/one-plus-series/one-plus-6t,29,2,25,3,dom-inspection,div#split-207196-207201 > div.xcell-mm__plp-thumbs.xcell-mm__plp-thumbs--flat > a.xcell-mm__plp-thumb,https://xcellparts.com/product-category/others/one-plus/one-plus-series/one-plus-6t,False,False,2026-09-07T04:40:13+00:00,,,,,
XCell Parts,https://xcellparts.com/,OTHERS,https://xcellparts.com/product-category/others,6,click,ONE PLUS,https://xcellparts.com/product-category/others/one-plus,17,dom-inspection,ONE PLUS 6,https://xcellparts.com/product-category/others/one-plus/one-plus-series/one-plus-6,30,2,26,3,dom-inspection,div#split-207196-207201 > div.xcell-mm__plp-thumbs.xcell-mm__plp-thumbs--flat > a.xcell-mm__plp-thumb,https://xcellparts.com/product-category/others/one-plus/one-plus-series/one-plus-6,False,False,2026-09-07T04:40:13+00:00,,,,,
XCell Parts,https://xcellparts.com/,OTHERS,https://xcellparts.com/product-category/others,6,click,ONE PLUS,https://xcellparts.com/product-category/others/one-plus,17,dom-inspection,ONE PLUS 5T,https://xcellparts.com/product-category/others/one-plus/one-plus-series/one-plus-5t,31,2,27,3,dom-inspection,div#split-207196-207201 > div.xcell-mm__plp-thumbs.xcell-mm__plp-thumbs--flat > a.xcell-mm__plp-thumb,https://xcellparts.com/product-category/others/one-plus/one-plus-series/one-plus-5t,False,False,2026-09-07T04:40:13+00:00,,,,,
XCell Parts,https://xcellparts.com/,OTHERS,https://xcellparts.com/product-category/others,6,click,ONE PLUS,https://xcellparts.com/product-category/others/one-plus,17,dom-inspection,ONE PLUS 5,https://xcellparts.com/product-category/others/one-plus/one-plus-series/one-plus-5,32,2,28,3,dom-inspection,div#split-207196-207201 > div.xcell-mm__plp-thumbs.xcell-mm__plp-thumbs--flat > a.xcell-mm__plp-thumb,https://xcellparts.com/product-category/others/one-plus/one-plus-series/one-plus-5,False,False,2026-09-07T04:40:13+00:00,,,,,
XCell Parts,https://xcellparts.com/,OTHERS,https://xcellparts.com/product-category/others,6,click,ONE PLUS,https://xcellparts.com/product-category/others/one-plus,17,dom-inspection,ONE PLUS 3T,https://xcellparts.com/product-category/others/one-plus/one-plus-series/one-plus-3t,33,2,29,3,dom-inspection,div#split-207196-207201 > div.xcell-mm__plp-thumbs.xcell-mm__plp-thumbs--flat > a.xcell-mm__plp-thumb,https://xcellparts.com/product-category/others/one-plus/one-plus-series/one-plus-3t,False,False,2026-09-07T04:40:13+00:00,,,,,
XCell Parts,https://xcellparts.com/,OTHERS,https://xcellparts.com/product-category/others,6,click,ONE PLUS,https://xcellparts.com/product-category/others/one-plus,17,dom-inspection,ONE PLUS 3,https://xcellparts.com/product-category/others/one-plus/one-plus-series/one-plus-3,34,2,30,3,dom-inspection,div#split-207196-207201 > div.xcell-mm__plp-thumbs.xcell-mm__plp-thumbs--flat > a.xcell-mm__plp-thumb,https://xcellparts.com/product-category/others/one-plus/one-plus-series/one-plus-3,False,False,2026-09-07T04:40:13+00:00,,,,,
XCell Parts,https://xcellparts.com/,OTHERS,https://xcellparts.com/product-category/others,6,click,ONE PLUS,https://xcellparts.com/product-category/others/one-plus,17,dom-inspection,ONE PLUS 2,https://xcellparts.com/product-category/others/one-plus/one-plus-series/one-plus-2,35,2,31,3,dom-inspection,div#split-207196-207201 > div.xcell-mm__plp-thumbs.xcell-mm__plp-thumbs--flat > a.xcell-mm__plp-thumb,https://xcellparts.com/product-category/others/one-plus/one-plus-series/one-plus-2,False,False,2026-09-07T04:40:13+00:00,,,,,
XCell Parts,https://xcellparts.com/,OTHERS,https://xcellparts.com/product-category/others,6,click,ONE PLUS,https://xcellparts.com/product-category/others/one-plus,17,dom-inspection,ONE PLUS 1,https://xcellparts.com/product-category/others/one-plus/one-plus-series/one-plus-1,36,2,32,3,dom-inspection,div#split-207196-207201 > div.xcell-mm__plp-thumbs.xcell-mm__plp-thumbs--flat > a.xcell-mm__plp-thumb,https://xcellparts.com/product-category/others/one-plus/one-plus-series/one-plus-1,False,False,2026-09-07T04:40:13+00:00,,,,,
XCell Parts,https://xcellparts.com/,OTHERS,https://xcellparts.com/product-category/others,6,click,ONE PLUS,https://xcellparts.com/product-category/others/one-plus,17,dom-inspection,ONE PLUS X,https://xcellparts.com/product-category/others/one-plus/one-plus-series/one-plus-x,37,2,33,3,dom-inspection,div#split-207196-207201 > div.xcell-mm__plp-thumbs.xcell-mm__plp-thumbs--flat > a.xcell-mm__plp-thumb,https://xcellparts.com/product-category/others/one-plus/one-plus-series/one-plus-x,False,False,2026-09-07T04:40:13+00:00,,,,,
XCell Parts,https://xcellparts.com/,OTHERS,https://xcellparts.com/product-category/others,6,click,ONE PLUS,https://xcellparts.com/product-category/others/one-plus,17,dom-inspection,ONE PLUS NORD SERIES,https://xcellparts.com/product-category/others/one-plus/one-plus-nord-series,38,3,1,3,dom-inspection,div#split-207196-207200 > a.xcell-mm__plp-group-head,https://xcellparts.com/product-category/others/one-plus/one-plus-nord-series,False,False,2026-09-07T04:40:13+00:00,,,,,
XCell Parts,https://xcellparts.com/,OTHERS,https://xcellparts.com/product-category/others,6,click,ONE PLUS,https://xcellparts.com/product-category/others/one-plus,17,dom-inspection,NORD CE5 5G,https://xcellparts.com/product-category/others/one-plus/one-plus-nord-series/nord-ce5-5g,39,3,2,3,dom-inspection,div#split-207196-207200 > div.xcell-mm__plp-thumbs.xcell-mm__plp-thumbs--flat > a.xcell-mm__plp-thumb,https://xcellparts.com/product-category/others/one-plus/one-plus-nord-series/nord-ce5-5g,False,False,2026-09-07T04:40:13+00:00,,,,,
XCell Parts,https://xcellparts.com/,OTHERS,https://xcellparts.com/product-category/others,6,click,ONE PLUS,https://xcellparts.com/product-category/others/one-plus,17,dom-inspection,NORD N300 5G,https://xcellparts.com/product-category/others/one-plus/one-plus-nord-series/nord-n300-5g,40,3,3,3,dom-inspection,div#split-207196-207200 > div.xcell-mm__plp-thumbs.xcell-mm__plp-thumbs--flat > a.xcell-mm__plp-thumb,https://xcellparts.com/product-category/others/one-plus/one-plus-nord-series/nord-n300-5g,False,False,2026-09-07T04:40:13+00:00,,,,,
XCell Parts,https://xcellparts.com/,OTHERS,https://xcellparts.com/product-category/others,6,click,ONE PLUS,https://xcellparts.com/product-category/others/one-plus,17,dom-inspection,NORD N30,https://xcellparts.com/product-category/others/one-plus/one-plus-nord-series/nord-n30,41,3,4,3,dom-inspection,div#split-207196-207200 > div.xcell-mm__plp-thumbs.xcell-mm__plp-thumbs--flat > a.xcell-mm__plp-thumb,https://xcellparts.com/product-category/others/one-plus/one-plus-nord-series/nord-n30,False,False,2026-09-07T04:40:13+00:00,,,,,
XCell Parts,https://xcellparts.com/,OTHERS,https://xcellparts.com/product-category/others,6,click,ONE PLUS,https://xcellparts.com/product-category/others/one-plus,17,dom-inspection,NORD CE 2 LITE 5G,https://xcellparts.com/product-category/others/one-plus/one-plus-nord-series/nord-ce-2-lite-5g,42,3,5,3,dom-inspection,div#split-207196-207200 > div.xcell-mm__plp-thumbs.xcell-mm__plp-thumbs--flat > a.xcell-mm__plp-thumb,https://xcellparts.com/product-category/others/one-plus/one-plus-nord-series/nord-ce-2-lite-5g,False,False,2026-09-07T04:40:13+00:00,,,,,
XCell Parts,https://xcellparts.com/,OTHERS,https://xcellparts.com/product-category/others,6,click,ONE PLUS,https://xcellparts.com/product-category/others/one-plus,17,dom-inspection,NORD CE 2 5G,https://xcellparts.com/product-category/others/one-plus/one-plus-nord-series/nord-ce-2-5g,43,3,6,3,dom-inspection,div#split-207196-207200 > div.xcell-mm__plp-thumbs.xcell-mm__plp-thumbs--flat > a.xcell-mm__plp-thumb,https://xcellparts.com/product-category/others/one-plus/one-plus-nord-series/nord-ce-2-5g,False,False,2026-09-07T04:40:13+00:00,,,,,
XCell Parts,https://xcellparts.com/,OTHERS,https://xcellparts.com/product-category/others,6,click,ONE PLUS,https://xcellparts.com/product-category/others/one-plus,17,dom-inspection,NORD CE 5G,https://xcellparts.com/product-category/others/one-plus/one-plus-nord-series/nord-ce-5g,44,3,7,3,dom-inspection,div#split-207196-207200 > div.xcell-mm__plp-thumbs.xcell-mm__plp-thumbs--flat > a.xcell-mm__plp-thumb,https://xcellparts.com/product-category/others/one-plus/one-plus-nord-series/nord-ce-5g,False,False,2026-09-07T04:40:13+00:00,,,,,
XCell Parts,https://xcellparts.com/,OTHERS,https://xcellparts.com/product-category/others,6,click,ONE PLUS,https://xcellparts.com/product-category/others/one-plus,17,dom-inspection,NORD N20 5G,https://xcellparts.com/product-category/others/one-plus/one-plus-nord-series/nord-n20-5g,45,3,8,3,dom-inspection,div#split-207196-207200 > div.xcell-mm__plp-thumbs.xcell-mm__plp-thumbs--flat > a.xcell-mm__plp-thumb,https://xcellparts.com/product-category/others/one-plus/one-plus-nord-series/nord-n20-5g,False,False,2026-09-07T04:40:13+00:00,,,,,
XCell Parts,https://xcellparts.com/,OTHERS,https://xcellparts.com/product-category/others,6,click,ONE PLUS,https://xcellparts.com/product-category/others/one-plus,17,dom-inspection,NORD N20 SE,https://xcellparts.com/product-category/others/one-plus/one-plus-nord-series/nord-n20-se,46,3,9,3,dom-inspection,div#split-207196-207200 > div.xcell-mm__plp-thumbs.xcell-mm__plp-thumbs--flat > a.xcell-mm__plp-thumb,https://xcellparts.com/product-category/others/one-plus/one-plus-nord-series/nord-n20-se,False,False,2026-09-07T04:40:13+00:00,,,,,
XCell Parts,https://xcellparts.com/,OTHERS,https://xcellparts.com/product-category/others,6,click,ONE PLUS,https://xcellparts.com/product-category/others/one-plus,17,dom-inspection,NORD N200 5G,https://xcellparts.com/product-category/others/one-plus/one-plus-nord-series/nord-n200-5g,47,3,10,3,dom-inspection,div#split-207196-207200 > div.xcell-mm__plp-thumbs.xcell-mm__plp-thumbs--flat > a.xcell-mm__plp-thumb,https://xcellparts.com/product-category/others/one-plus/one-plus-nord-series/nord-n200-5g,False,False,2026-09-07T04:40:13+00:00,,,,,
XCell Parts,https://xcellparts.com/,OTHERS,https://xcellparts.com/product-category/others,6,click,ONE PLUS,https://xcellparts.com/product-category/others/one-plus,17,dom-inspection,NORD 2T,https://xcellparts.com/product-category/others/one-plus/one-plus-nord-series/nord-2t,48,3,11,3,dom-inspection,div#split-207196-207200 > div.xcell-mm__plp-thumbs.xcell-mm__plp-thumbs--flat > a.xcell-mm__plp-thumb,https://xcellparts.com/product-category/others/one-plus/one-plus-nord-series/nord-2t,False,False,2026-09-07T04:40:13+00:00,,,,,
XCell Parts,https://xcellparts.com/,OTHERS,https://xcellparts.com/product-category/others,6,click,ONE PLUS,https://xcellparts.com/product-category/others/one-plus,17,dom-inspection,NORD 2 5G,https://xcellparts.com/product-category/others/one-plus/one-plus-nord-series/nord-2-5g,49,3,12,3,dom-inspection,div#split-207196-207200 > div.xcell-mm__plp-thumbs.xcell-mm__plp-thumbs--flat > a.xcell-mm__plp-thumb,https://xcellparts.com/product-category/others/one-plus/one-plus-nord-series/nord-2-5g,False,False,2026-09-07T04:40:13+00:00,,,,,
XCell Parts,https://xcellparts.com/,OTHERS,https://xcellparts.com/product-category/others,6,click,ONE PLUS,https://xcellparts.com/product-category/others/one-plus,17,dom-inspection,NORD N100,https://xcellparts.com/product-category/others/one-plus/one-plus-nord-series/nord-n100,50,3,13,3,dom-inspection,div#split-207196-207200 > div.xcell-mm__plp-thumbs.xcell-mm__plp-thumbs--flat > a.xcell-mm__plp-thumb,https://xcellparts.com/product-category/others/one-plus/one-plus-nord-series/nord-n100,False,False,2026-09-07T04:40:13+00:00,,,,,
XCell Parts,https://xcellparts.com/,OTHERS,https://xcellparts.com/product-category/others,6,click,ONE PLUS,https://xcellparts.com/product-category/others/one-plus,17,dom-inspection,NORD N10 5G,https://xcellparts.com/product-category/others/one-plus/one-plus-nord-series/nord-n10-5g,51,3,14,3,dom-inspection,div#split-207196-207200 > div.xcell-mm__plp-thumbs.xcell-mm__plp-thumbs--flat > a.xcell-mm__plp-thumb,https://xcellparts.com/product-category/others/one-plus/one-plus-nord-series/nord-n10-5g,False,False,2026-09-07T04:40:13+00:00,,,,,
XCell Parts,https://xcellparts.com/,OTHERS,https://xcellparts.com/product-category/others,6,click,ONE PLUS,https://xcellparts.com/product-category/others/one-plus,17,dom-inspection,NORD 5G,https://xcellparts.com/product-category/others/one-plus/one-plus-nord-series/nord-5g,52,3,15,3,dom-inspection,div#split-207196-207200 > div.xcell-mm__plp-thumbs.xcell-mm__plp-thumbs--flat > a.xcell-mm__plp-thumb,https://xcellparts.com/product-category/others/one-plus/one-plus-nord-series/nord-5g,False,False,2026-09-07T04:40:13+00:00,,,,,
XCell Parts,https://xcellparts.com/,OTHERS,https://xcellparts.com/product-category/others,6,click,ONE PLUS,https://xcellparts.com/product-category/others/one-plus,17,dom-inspection,ONE PLUS OPEN SERIES,https://xcellparts.com/product-category/others/one-plus/one-plus-open-series,53,4,1,3,dom-inspection,div#split-207196-1032598 > a.xcell-mm__plp-group-head,https://xcellparts.com/product-category/others/one-plus/one-plus-open-series,False,False,2026-09-07T04:40:13+00:00,,,,,
XCell Parts,https://xcellparts.com/,OTHERS,https://xcellparts.com/product-category/others,6,click,ONE PLUS,https://xcellparts.com/product-category/others/one-plus,17,dom-inspection,ONE PLUS OPEN 5G,https://xcellparts.com/product-category/others/one-plus/one-plus-open-series/one-plus-open-5g,54,4,2,3,dom-inspection,div#split-207196-1032598 > div.xcell-mm__plp-thumbs.xcell-mm__plp-thumbs--flat > a.xcell-mm__plp-thumb,https://xcellparts.com/product-category/others/one-plus/one-plus-open-series/one-plus-open-5g,False,False,2026-09-07T04:40:13+00:00,,,,,
XCell Parts,https://xcellparts.com/,OTHERS,https://xcellparts.com/product-category/others,6,click,ONE PLUS,https://xcellparts.com/product-category/others/one-plus,17,dom-inspection,ONE PLUS PAD SERIES,https://xcellparts.com/product-category/others/one-plus/one-plus-pad-series,55,5,1,3,dom-inspection,div#split-207196-903886 > a.xcell-mm__plp-group-head,https://xcellparts.com/product-category/others/one-plus/one-plus-pad-series,False,False,2026-09-07T04:40:13+00:00,,,,,
XCell Parts,https://xcellparts.com/,OTHERS,https://xcellparts.com/product-category/others,6,click,ONE PLUS,https://xcellparts.com/product-category/others/one-plus,17,dom-inspection,ONE PLUS PAD PRO,https://xcellparts.com/product-category/others/one-plus/one-plus-pad-series/one-plus-pad-pro,56,5,2,3,dom-inspection,div#split-207196-903886 > div.xcell-mm__plp-thumbs.xcell-mm__plp-thumbs--flat > a.xcell-mm__plp-thumb,https://xcellparts.com/product-category/others/one-plus/one-plus-pad-series/one-plus-pad-pro,False,False,2026-09-07T04:40:13+00:00,,,,,
XCell Parts,https://xcellparts.com/,OTHERS,https://xcellparts.com/product-category/others,6,click,ONN,https://xcellparts.com/product-category/others/onn,18,dom-inspection,ONN DIGI,https://xcellparts.com/product-category/others/onn/onn-digi,1,1,1,3,dom-inspection,div#plp-3672-3674 > div.xcell-mm__plp-thumbs.xcell-mm__plp-thumbs--flat > a.xcell-mm__plp-thumb,https://xcellparts.com/product-category/others/onn/onn-digi,False,False,2026-09-07T04:40:13+00:00,,,,,
XCell Parts,https://xcellparts.com/,OTHERS,https://xcellparts.com/product-category/others,6,click,OPPO,https://xcellparts.com/product-category/others/oppo,19,dom-inspection,OPPO N SERIES,https://xcellparts.com/product-category/others/oppo/oppo-n-series,1,1,1,3,dom-inspection,div#split-3675-873954 > a.xcell-mm__plp-group-head,https://xcellparts.com/product-category/others/oppo/oppo-n-series,False,False,2026-09-07T04:40:13+00:00,,,,,
XCell Parts,https://xcellparts.com/,OTHERS,https://xcellparts.com/product-category/others,6,click,OPPO,https://xcellparts.com/product-category/others/oppo,19,dom-inspection,FIND N3 (2023),https://xcellparts.com/product-category/others/oppo/oppo-n-series/find-n3-2023,2,1,2,3,dom-inspection,div#split-3675-873954 > div.xcell-mm__plp-thumbs.xcell-mm__plp-thumbs--flat > a.xcell-mm__plp-thumb,https://xcellparts.com/product-category/others/oppo/oppo-n-series/find-n3-2023,False,False,2026-09-07T04:40:13+00:00,,,,,
XCell Parts,https://xcellparts.com/,OTHERS,https://xcellparts.com/product-category/others,6,click,OPPO,https://xcellparts.com/product-category/others/oppo,19,dom-inspection,OPPO A SERIES,https://xcellparts.com/product-category/others/oppo/oppo-a-series,3,2,1,3,dom-inspection,div#split-3675-3679 > a.xcell-mm__plp-group-head,https://xcellparts.com/product-category/others/oppo/oppo-a-series,False,False,2026-09-07T04:40:13+00:00,,,,,
XCell Parts,https://xcellparts.com/,OTHERS,https://xcellparts.com/product-category/others,6,click,OPPO,https://xcellparts.com/product-category/others/oppo,19,dom-inspection,A93 5G (2021),https://xcellparts.com/product-category/others/oppo/oppo-a-series/a93-5g-2021,4,2,2,3,dom-inspection,div#split-3675-3679 > div.xcell-mm__plp-thumbs.xcell-mm__plp-thumbs--flat > a.xcell-mm__plp-thumb,https://xcellparts.com/product-category/others/oppo/oppo-a-series/a93-5g-2021,False,False,2026-09-07T04:40:13+00:00,,,,,
XCell Parts,https://xcellparts.com/,OTHERS,https://xcellparts.com/product-category/others,6,click,OPPO,https://xcellparts.com/product-category/others/oppo,19,dom-inspection,A92 (2020),https://xcellparts.com/product-category/others/oppo/oppo-a-series/a92-2020,5,2,3,3,dom-inspection,div#split-3675-3679 > div.xcell-mm__plp-thumbs.xcell-mm__plp-thumbs--flat > a.xcell-mm__plp-thumb,https://xcellparts.com/product-category/others/oppo/oppo-a-series/a92-2020,False,False,2026-09-07T04:40:13+00:00,,,,,
XCell Parts,https://xcellparts.com/,OTHERS,https://xcellparts.com/product-category/others,6,click,OPPO,https://xcellparts.com/product-category/others/oppo,19,dom-inspection,A83 (2018),https://xcellparts.com/product-category/others/oppo/oppo-a-series/a83-2018,6,2,4,3,dom-inspection,div#split-3675-3679 > div.xcell-mm__plp-thumbs.xcell-mm__plp-thumbs--flat > a.xcell-mm__plp-thumb,https://xcellparts.com/product-category/others/oppo/oppo-a-series/a83-2018,False,False,2026-09-07T04:40:13+00:00,,,,,
XCell Parts,https://xcellparts.com/,OTHERS,https://xcellparts.com/product-category/others,6,click,OPPO,https://xcellparts.com/product-category/others/oppo,19,dom-inspection,A8 (2019),https://xcellparts.com/product-category/others/oppo/oppo-a-series/a8-2019,7,2,5,3,dom-inspection,div#split-3675-3679 > div.xcell-mm__plp-thumbs.xcell-mm__plp-thumbs--flat > a.xcell-mm__plp-thumb,https://xcellparts.com/product-category/others/oppo/oppo-a-series/a8-2019,False,False,2026-09-07T04:40:13+00:00,,,,,
XCell Parts,https://xcellparts.com/,OTHERS,https://xcellparts.com/product-category/others,6,click,OPPO,https://xcellparts.com/product-category/others/oppo,19,dom-inspection,A73 5G (2022),https://xcellparts.com/product-category/others/oppo/oppo-a-series/a73-5g-2022,8,2,6,3,dom-inspection,div#split-3675-3679 > div.xcell-mm__plp-thumbs.xcell-mm__plp-thumbs--flat > a.xcell-mm__plp-thumb,https://xcellparts.com/product-category/others/oppo/oppo-a-series/a73-5g-2022,False,False,2026-09-07T04:40:13+00:00,,,,,
XCell Parts,https://xcellparts.com/,OTHERS,https://xcellparts.com/product-category/others,6,click,OPPO,https://xcellparts.com/product-category/others/oppo,19,dom-inspection,A7 / AX7 (2018),https://xcellparts.com/product-category/others/oppo/oppo-a-series/a7-ax7-2018,9,2,7,3,dom-inspection,div#split-3675-3679 > div.xcell-mm__plp-thumbs.xcell-mm__plp-thumbs--flat > a.xcell-mm__plp-thumb,https://xcellparts.com/product-category/others/oppo/oppo-a-series/a7-ax7-2018,False,False,2026-09-07T04:40:13+00:00,,,,,
XCell Parts,https://xcellparts.com/,OTHERS,https://xcellparts.com/product-category/others,6,click,OPPO,https://xcellparts.com/product-category/others/oppo,19,dom-inspection,A58 4G (2023),https://xcellparts.com/product-category/others/oppo/oppo-a-series/a58-4g-2023,10,2,8,3,dom-inspection,div#split-3675-3679 > div.xcell-mm__plp-thumbs.xcell-mm__plp-thumbs--flat > a.xcell-mm__plp-thumb,https://xcellparts.com/product-category/others/oppo/oppo-a-series/a58-4g-2023,False,False,2026-09-07T04:40:13+00:00,,,,,
XCell Parts,https://xcellparts.com/,OTHERS,https://xcellparts.com/product-category/others,6,click,OPPO,https://xcellparts.com/product-category/others/oppo,19,dom-inspection,A57 4G (2022),https://xcellparts.com/product-category/others/oppo/oppo-a-series/a57-4g-2022,11,2,9,3,dom-inspection,div#split-3675-3679 > div.xcell-mm__plp-thumbs.xcell-mm__plp-thumbs--flat > a.xcell-mm__plp-thumb,https://xcellparts.com/product-category/others/oppo/oppo-a-series/a57-4g-2022,False,False,2026-09-07T04:40:13+00:00,,,,,
XCell Parts,https://xcellparts.com/,OTHERS,https://xcellparts.com/product-category/others,6,click,OPPO,https://xcellparts.com/product-category/others/oppo,19,dom-inspection,A55 5G (2021),https://xcellparts.com/product-category/others/oppo/oppo-a-series/a55-5g-2021,12,2,10,3,dom-inspection,div#split-3675-3679 > div.xcell-mm__plp-thumbs.xcell-mm__plp-thumbs--flat > a.xcell-mm__plp-thumb,https://xcellparts.com/product-category/others/oppo/oppo-a-series/a55-5g-2021,False,False,2026-09-07T04:40:13+00:00,,,,,
XCell Parts,https://xcellparts.com/,OTHERS,https://xcellparts.com/product-category/others,6,click,OPPO,https://xcellparts.com/product-category/others/oppo,19,dom-inspection,A54s (2021),https://xcellparts.com/product-category/others/oppo/oppo-a-series/a54s-2021,13,2,11,3,dom-inspection,div#split-3675-3679 > div.xcell-mm__plp-thumbs.xcell-mm__plp-thumbs--flat > a.xcell-mm__plp-thumb,https://xcellparts.com/product-category/others/oppo/oppo-a-series/a54s-2021,False,False,2026-09-07T04:40:13+00:00,,,,,
XCell Parts,https://xcellparts.com/,OTHERS,https://xcellparts.com/product-category/others,6,click,OPPO,https://xcellparts.com/product-category/others/oppo,19,dom-inspection,A54 5G (2021),https://xcellparts.com/product-category/others/oppo/oppo-a-series/a54-5g-2021,14,2,12,3,dom-inspection,div#split-3675-3679 > div.xcell-mm__plp-thumbs.xcell-mm__plp-thumbs--flat > a.xcell-mm__plp-thumb,https://xcellparts.com/product-category/others/oppo/oppo-a-series/a54-5g-2021,False,False,2026-09-07T04:40:13+00:00,,,,,
XCell Parts,https://xcellparts.com/,OTHERS,https://xcellparts.com/product-category/others,6,click,OPPO,https://xcellparts.com/product-category/others/oppo,19,dom-inspection,A54 4G (2021),https://xcellparts.com/product-category/others/oppo/oppo-a-series/a54-4g-2021,15,2,13,3,dom-inspection,div#split-3675-3679 > div.xcell-mm__plp-thumbs.xcell-mm__plp-thumbs--flat > a.xcell-mm__plp-thumb,https://xcellparts.com/product-category/others/oppo/oppo-a-series/a54-4g-2021,False,False,2026-09-07T04:40:13+00:00,,,,,
XCell Parts,https://xcellparts.com/,OTHERS,https://xcellparts.com/product-category/others,6,click,OPPO,https://xcellparts.com/product-category/others/oppo,19,dom-inspection,A53 5G (2020),https://xcellparts.com/product-category/others/oppo/oppo-a-series/a53-5g-2020,16,2,14,3,dom-inspection,div#split-3675-3679 > div.xcell-mm__plp-thumbs.xcell-mm__plp-thumbs--flat > a.xcell-mm__plp-thumb,https://xcellparts.com/product-category/others/oppo/oppo-a-series/a53-5g-2020,False,False,2026-09-07T04:40:13+00:00,,,,,
XCell Parts,https://xcellparts.com/,OTHERS,https://xcellparts.com/product-category/others,6,click,OPPO,https://xcellparts.com/product-category/others/oppo,19,dom-inspection,A52 (2020),https://xcellparts.com/product-category/others/oppo/oppo-a-series/a52-2020,17,2,15,3,dom-inspection,div#split-3675-3679 > div.xcell-mm__plp-thumbs.xcell-mm__plp-thumbs--flat > a.xcell-mm__plp-thumb,https://xcellparts.com/product-category/others/oppo/oppo-a-series/a52-2020,False,False,2026-09-07T04:40:13+00:00,,,,,
XCell Parts,https://xcellparts.com/,OTHERS,https://xcellparts.com/product-category/others,6,click,OPPO,https://xcellparts.com/product-category/others/oppo,19,dom-inspection,A5 (2020),https://xcellparts.com/product-category/others/oppo/oppo-a-series/a5-2020,18,2,16,3,dom-inspection,div#split-3675-3679 > div.xcell-mm__plp-thumbs.xcell-mm__plp-thumbs--flat > a.xcell-mm__plp-thumb,https://xcellparts.com/product-category/others/oppo/oppo-a-series/a5-2020,False,False,2026-09-07T04:40:13+00:00,,,,,
XCell Parts,https://xcellparts.com/,OTHERS,https://xcellparts.com/product-category/others,6,click,OPPO,https://xcellparts.com/product-category/others/oppo,19,dom-inspection,A5S / AX5S (2019),https://xcellparts.com/product-category/others/oppo/oppo-a-series/a5s-ax5s-2019,19,2,17,3,dom-inspection,div#split-3675-3679 > div.xcell-mm__plp-thumbs.xcell-mm__plp-thumbs--flat > a.xcell-mm__plp-thumb,https://xcellparts.com/product-category/others/oppo/oppo-a-series/a5s-ax5s-2019,False,False,2026-09-07T04:40:13+00:00,,,,,
XCell Parts,https://xcellparts.com/,OTHERS,https://xcellparts.com/product-category/others,6,click,OPPO,https://xcellparts.com/product-category/others/oppo,19,dom-inspection,A5 / AX5 (2018),https://xcellparts.com/product-category/others/oppo/oppo-a-series/a5-ax5-2018,20,2,18,3,dom-inspection,div#split-3675-3679 > div.xcell-mm__plp-thumbs.xcell-mm__plp-thumbs--flat > a.xcell-mm__plp-thumb,https://xcellparts.com/product-category/others/oppo/oppo-a-series/a5-ax5-2018,False,False,2026-09-07T04:40:13+00:00,,,,,
XCell Parts,https://xcellparts.com/,OTHERS,https://xcellparts.com/product-category/others,6,click,OPPO,https://xcellparts.com/product-category/others/oppo,19,dom-inspection,A36 (2022),https://xcellparts.com/product-category/others/oppo/oppo-a-series/a36-2022,21,2,19,3,dom-inspection,div#split-3675-3679 > div.xcell-mm__plp-thumbs.xcell-mm__plp-thumbs--flat > a.xcell-mm__plp-thumb,https://xcellparts.com/product-category/others/oppo/oppo-a-series/a36-2022,False,False,2026-09-07T04:40:13+00:00,,,,,
XCell Parts,https://xcellparts.com/,OTHERS,https://xcellparts.com/product-category/others,6,click,OPPO,https://xcellparts.com/product-category/others/oppo,19,dom-inspection,A35 (2021),https://xcellparts.com/product-category/others/oppo/oppo-a-series/a35-2021,22,2,20,3,dom-inspection,div#split-3675-3679 > div.xcell-mm__plp-thumbs.xcell-mm__plp-thumbs--flat > a.xcell-mm__plp-thumb,https://xcellparts.com/product-category/others/oppo/oppo-a-series/a35-2021,False,False,2026-09-07T04:40:13+00:00,,,,,
XCell Parts,https://xcellparts.com/,OTHERS,https://xcellparts.com/product-category/others,6,click,OPPO,https://xcellparts.com/product-category/others/oppo,19,dom-inspection,A17 (2022),https://xcellparts.com/product-category/others/oppo/oppo-a-series/a17-2022,23,2,21,3,dom-inspection,div#split-3675-3679 > div.xcell-mm__plp-thumbs.xcell-mm__plp-thumbs--flat > a.xcell-mm__plp-thumb,https://xcellparts.com/product-category/others/oppo/oppo-a-series/a17-2022,False,False,2026-09-07T04:40:13+00:00,,,,,
XCell Parts,https://xcellparts.com/,OTHERS,https://xcellparts.com/product-category/others,6,click,OPPO,https://xcellparts.com/product-category/others/oppo,19,dom-inspection,A15 (2020),https://xcellparts.com/product-category/others/oppo/oppo-a-series/a15-2020,24,2,22,3,dom-inspection,div#split-3675-3679 > div.xcell-mm__plp-thumbs.xcell-mm__plp-thumbs--flat > a.xcell-mm__plp-thumb,https://xcellparts.com/product-category/others/oppo/oppo-a-series/a15-2020,False,False,2026-09-07T04:40:13+00:00,,,,,
XCell Parts,https://xcellparts.com/,OTHERS,https://xcellparts.com/product-category/others,6,click,OPPO,https://xcellparts.com/product-category/others/oppo,19,dom-inspection,A12 (2020),https://xcellparts.com/product-category/others/oppo/oppo-a-series/a12-2020,25,2,23,3,dom-inspection,div#split-3675-3679 > div.xcell-mm__plp-thumbs.xcell-mm__plp-thumbs--flat > a.xcell-mm__plp-thumb,https://xcellparts.com/product-category/others/oppo/oppo-a-series/a12-2020,False,False,2026-09-07T04:40:13+00:00,,,,,
XCell Parts,https://xcellparts.com/,OTHERS,https://xcellparts.com/product-category/others,6,click,OPPO,https://xcellparts.com/product-category/others/oppo,19,dom-inspection,OPPO FIND SERIES,https://xcellparts.com/product-category/others/oppo/oppo-find-series,26,3,1,3,dom-inspection,div#split-3675-3680 > a.xcell-mm__plp-group-head,https://xcellparts.com/product-category/others/oppo/oppo-find-series,False,False,2026-09-07T04:40:13+00:00,,,,,
XCell Parts,https://xcellparts.com/,OTHERS,https://xcellparts.com/product-category/others,6,click,OPPO,https://xcellparts.com/product-category/others/oppo,19,dom-inspection,FIND X5 (2022),https://xcellparts.com/product-category/others/oppo/oppo-find-series/find-x5-2022,27,3,2,3,dom-inspection,div#split-3675-3680 > div.xcell-mm__plp-thumbs.xcell-mm__plp-thumbs--flat > a.xcell-mm__plp-thumb,https://xcellparts.com/product-category/others/oppo/oppo-find-series/find-x5-2022,False,False,2026-09-07T04:40:13+00:00,,,,,
XCell Parts,https://xcellparts.com/,OTHERS,https://xcellparts.com/product-category/others,6,click,OPPO,https://xcellparts.com/product-category/others/oppo,19,dom-inspection,FIND X3 (2021),https://xcellparts.com/product-category/others/oppo/oppo-find-series/find-x3-2021,28,3,3,3,dom-inspection,div#split-3675-3680 > div.xcell-mm__plp-thumbs.xcell-mm__plp-thumbs--flat > a.xcell-mm__plp-thumb,https://xcellparts.com/product-category/others/oppo/oppo-find-series/find-x3-2021,False,False,2026-09-07T04:40:13+00:00,,,,,
XCell Parts,https://xcellparts.com/,OTHERS,https://xcellparts.com/product-category/others,6,click,OPPO,https://xcellparts.com/product-category/others/oppo,19,dom-inspection,FIND X2 (2020),https://xcellparts.com/product-category/others/oppo/oppo-find-series/find-x2-2020,29,3,4,3,dom-inspection,div#split-3675-3680 > div.xcell-mm__plp-thumbs.xcell-mm__plp-thumbs--flat > a.xcell-mm__plp-thumb,https://xcellparts.com/product-category/others/oppo/oppo-find-series/find-x2-2020,False,False,2026-09-07T04:40:13+00:00,,,,,
XCell Parts,https://xcellparts.com/,OTHERS,https://xcellparts.com/product-category/others,6,click,OPPO,https://xcellparts.com/product-category/others/oppo,19,dom-inspection,OPPO RENO SERIES,https://xcellparts.com/product-category/others/oppo/oppo-reno-series,30,4,1,3,dom-inspection,div#split-3675-3681 > a.xcell-mm__plp-group-head,https://xcellparts.com/product-category/others/oppo/oppo-reno-series,False,False,2026-09-07T04:40:13+00:00,,,,,
XCell Parts,https://xcellparts.com/,OTHERS,https://xcellparts.com/product-category/others,6,click,OPPO,https://xcellparts.com/product-category/others/oppo,19,dom-inspection,RENO 12 (2024),https://xcellparts.com/product-category/others/oppo/oppo-reno-series/reno-12-2024,31,4,2,3,dom-inspection,div#split-3675-3681 > div.xcell-mm__plp-thumbs.xcell-mm__plp-thumbs--flat > a.xcell-mm__plp-thumb,https://xcellparts.com/product-category/others/oppo/oppo-reno-series/reno-12-2024,False,False,2026-09-07T04:40:13+00:00,,,,,
XCell Parts,https://xcellparts.com/,OTHERS,https://xcellparts.com/product-category/others,6,click,OPPO,https://xcellparts.com/product-category/others/oppo,19,dom-inspection,RENO 9 (2022),https://xcellparts.com/product-category/others/oppo/oppo-reno-series/reno-9-2022,32,4,3,3,dom-inspection,div#split-3675-3681 > div.xcell-mm__plp-thumbs.xcell-mm__plp-thumbs--flat > a.xcell-mm__plp-thumb,https://xcellparts.com/product-category/others/oppo/oppo-reno-series/reno-9-2022,False,False,2026-09-07T04:40:13+00:00,,,,,
XCell Parts,https://xcellparts.com/,OTHERS,https://xcellparts.com/product-category/others,6,click,OPPO,https://xcellparts.com/product-category/others/oppo,19,dom-inspection,RENO 7 PRO (2021),https://xcellparts.com/product-category/others/oppo/oppo-reno-series/reno-7-pro-2021,33,4,4,3,dom-inspection,div#split-3675-3681 > div.xcell-mm__plp-thumbs.xcell-mm__plp-thumbs--flat > a.xcell-mm__plp-thumb,https://xcellparts.com/product-category/others/oppo/oppo-reno-series/reno-7-pro-2021,False,False,2026-09-07T04:40:13+00:00,,,,,
XCell Parts,https://xcellparts.com/,OTHERS,https://xcellparts.com/product-category/others,6,click,OPPO,https://xcellparts.com/product-category/others/oppo,19,dom-inspection,RENO 7 SE (2021),https://xcellparts.com/product-category/others/oppo/oppo-reno-series/reno-7-se-2021,34,4,5,3,dom-inspection,div#split-3675-3681 > div.xcell-mm__plp-thumbs.xcell-mm__plp-thumbs--flat > a.xcell-mm__plp-thumb,https://xcellparts.com/product-category/others/oppo/oppo-reno-series/reno-7-se-2021,False,False,2026-09-07T04:40:13+00:00,,,,,
XCell Parts,https://xcellparts.com/,OTHERS,https://xcellparts.com/product-category/others,6,click,OPPO,https://xcellparts.com/product-category/others/oppo,19,dom-inspection,RENO 5 PRO (2021),https://xcellparts.com/product-category/others/oppo/oppo-reno-series/reno-5-pro-2021,35,4,6,3,dom-inspection,div#split-3675-3681 > div.xcell-mm__plp-thumbs.xcell-mm__plp-thumbs--flat > a.xcell-mm__plp-thumb,https://xcellparts.com/product-category/others/oppo/oppo-reno-series/reno-5-pro-2021,False,False,2026-09-07T04:40:13+00:00,,,,,
XCell Parts,https://xcellparts.com/,OTHERS,https://xcellparts.com/product-category/others,6,click,OPPO,https://xcellparts.com/product-category/others/oppo,19,dom-inspection,RENO 5 LITE (2021),https://xcellparts.com/product-category/others/oppo/oppo-reno-series/reno-5-lite-2021,36,4,7,3,dom-inspection,div#split-3675-3681 > div.xcell-mm__plp-thumbs.xcell-mm__plp-thumbs--flat > a.xcell-mm__plp-thumb,https://xcellparts.com/product-category/others/oppo/oppo-reno-series/reno-5-lite-2021,False,False,2026-09-07T04:40:13+00:00,,,,,
XCell Parts,https://xcellparts.com/,OTHERS,https://xcellparts.com/product-category/others,6,click,OPPO,https://xcellparts.com/product-category/others/oppo,19,dom-inspection,RENO 5 (2020),https://xcellparts.com/product-category/others/oppo/oppo-reno-series/reno-5-2020,37,4,8,3,dom-inspection,div#split-3675-3681 > div.xcell-mm__plp-thumbs.xcell-mm__plp-thumbs--flat > a.xcell-mm__plp-thumb,https://xcellparts.com/product-category/others/oppo/oppo-reno-series/reno-5-2020,False,False,2026-09-07T04:40:13+00:00,,,,,
XCell Parts,https://xcellparts.com/,OTHERS,https://xcellparts.com/product-category/others,6,click,OPPO,https://xcellparts.com/product-category/others/oppo,19,dom-inspection,RENO 3 PRO (2020),https://xcellparts.com/product-category/others/oppo/oppo-reno-series/reno-3-pro-2020,38,4,9,3,dom-inspection,div#split-3675-3681 > div.xcell-mm__plp-thumbs.xcell-mm__plp-thumbs--flat > a.xcell-mm__plp-thumb,https://xcellparts.com/product-category/others/oppo/oppo-reno-series/reno-3-pro-2020,False,False,2026-09-07T04:40:13+00:00,,,,,
XCell Parts,https://xcellparts.com/,OTHERS,https://xcellparts.com/product-category/others,6,click,OPPO,https://xcellparts.com/product-category/others/oppo,19,dom-inspection,RENO 3 (2020),https://xcellparts.com/product-category/others/oppo/oppo-reno-series/reno-3-2020,39,4,10,3,dom-inspection,div#split-3675-3681 > div.xcell-mm__plp-thumbs.xcell-mm__plp-thumbs--flat > a.xcell-mm__plp-thumb,https://xcellparts.com/product-category/others/oppo/oppo-reno-series/reno-3-2020,False,False,2026-09-07T04:40:13+00:00,,,,,
XCell Parts,https://xcellparts.com/,OTHERS,https://xcellparts.com/product-category/others,6,click,OPPO,https://xcellparts.com/product-category/others/oppo,19,dom-inspection,RENO 2 Z (2019),https://xcellparts.com/product-category/others/oppo/oppo-reno-series/reno-2-z-2019,40,4,11,3,dom-inspection,div#split-3675-3681 > div.xcell-mm__plp-thumbs.xcell-mm__plp-thumbs--flat > a.xcell-mm__plp-thumb,https://xcellparts.com/product-category/others/oppo/oppo-reno-series/reno-2-z-2019,False,False,2026-09-07T04:40:13+00:00,,,,,
XCell Parts,https://xcellparts.com/,OTHERS,https://xcellparts.com/product-category/others,6,click,OPPO,https://xcellparts.com/product-category/others/oppo,19,dom-inspection,RENO 2 (2019),https://xcellparts.com/product-category/others/oppo/oppo-reno-series/reno-2-2019,41,4,12,3,dom-inspection,div#split-3675-3681 > div.xcell-mm__plp-thumbs.xcell-mm__plp-thumbs--flat > a.xcell-mm__plp-thumb,https://xcellparts.com/product-category/others/oppo/oppo-reno-series/reno-2-2019,False,False,2026-09-07T04:40:13+00:00,,,,,
XCell Parts,https://xcellparts.com/,OTHERS,https://xcellparts.com/product-category/others,6,click,OPPO,https://xcellparts.com/product-category/others/oppo,19,dom-inspection,RENO Z (2019),https://xcellparts.com/product-category/others/oppo/oppo-reno-series/reno-z-2019,42,4,13,3,dom-inspection,div#split-3675-3681 > div.xcell-mm__plp-thumbs.xcell-mm__plp-thumbs--flat > a.xcell-mm__plp-thumb,https://xcellparts.com/product-category/others/oppo/oppo-reno-series/reno-z-2019,False,False,2026-09-07T04:40:13+00:00,,,,,
XCell Parts,https://xcellparts.com/,OTHERS,https://xcellparts.com/product-category/others,6,click,OPPO,https://xcellparts.com/product-category/others/oppo,19,dom-inspection,RENO (2019),https://xcellparts.com/product-category/others/oppo/oppo-reno-series/reno-2019,43,4,14,3,dom-inspection,div#split-3675-3681 > div.xcell-mm__plp-thumbs.xcell-mm__plp-thumbs--flat > a.xcell-mm__plp-thumb,https://xcellparts.com/product-category/others/oppo/oppo-reno-series/reno-2019,False,False,2026-09-07T04:40:13+00:00,,,,,
XCell Parts,https://xcellparts.com/,OTHERS,https://xcellparts.com/product-category/others,6,click,OPPO,https://xcellparts.com/product-category/others/oppo,19,dom-inspection,RENO 10X ZOOM (2019),https://xcellparts.com/product-category/others/oppo/oppo-reno-series/reno-10x-zoom-2019,44,4,15,3,dom-inspection,div#split-3675-3681 > div.xcell-mm__plp-thumbs.xcell-mm__plp-thumbs--flat > a.xcell-mm__plp-thumb,https://xcellparts.com/product-category/others/oppo/oppo-reno-series/reno-10x-zoom-2019,False,False,2026-09-07T04:40:13+00:00,,,,,
XCell Parts,https://xcellparts.com/,OTHERS,https://xcellparts.com/product-category/others,6,click,OPPO,https://xcellparts.com/product-category/others/oppo,19,dom-inspection,OPPO F SERIES,https://xcellparts.com/product-category/others/oppo/oppo-f-series,45,5,1,3,dom-inspection,div#split-3675-86074 > a.xcell-mm__plp-group-head,https://xcellparts.com/product-category/others/oppo/oppo-f-series,False,False,2026-09-07T04:40:13+00:00,,,,,
XCell Parts,https://xcellparts.com/,OTHERS,https://xcellparts.com/product-category/others,6,click,OPPO,https://xcellparts.com/product-category/others/oppo,19,dom-inspection,F17 PRO (2020),https://xcellparts.com/product-category/others/oppo/oppo-f-series/f17-pro-2020,46,5,2,3,dom-inspection,div#split-3675-86074 > div.xcell-mm__plp-thumbs.xcell-mm__plp-thumbs--flat > a.xcell-mm__plp-thumb,https://xcellparts.com/product-category/others/oppo/oppo-f-series/f17-pro-2020,False,False,2026-09-07T04:40:13+00:00,,,,,
XCell Parts,https://xcellparts.com/,OTHERS,https://xcellparts.com/product-category/others,6,click,OPPO,https://xcellparts.com/product-category/others/oppo,19,dom-inspection,F11 (2019),https://xcellparts.com/product-category/others/oppo/oppo-f-series/f11-2019,47,5,3,3,dom-inspection,div#split-3675-86074 > div.xcell-mm__plp-thumbs.xcell-mm__plp-thumbs--flat > a.xcell-mm__plp-thumb,https://xcellparts.com/product-category/others/oppo/oppo-f-series/f11-2019,False,False,2026-09-07T04:40:13+00:00,,,,,
XCell Parts,https://xcellparts.com/,OTHERS,https://xcellparts.com/product-category/others,6,click,OPPO,https://xcellparts.com/product-category/others/oppo,19,dom-inspection,F9 / F9 PRO (2018),https://xcellparts.com/product-category/others/oppo/oppo-f-series/f9-f9-pro-2018,48,5,4,3,dom-inspection,div#split-3675-86074 > div.xcell-mm__plp-thumbs.xcell-mm__plp-thumbs--flat > a.xcell-mm__plp-thumb,https://xcellparts.com/product-category/others/oppo/oppo-f-series/f9-f9-pro-2018,False,False,2026-09-07T04:40:13+00:00,,,,,
XCell Parts,https://xcellparts.com/,OTHERS,https://xcellparts.com/product-category/others,6,click,OPPO,https://xcellparts.com/product-category/others/oppo,19,dom-inspection,F7 (2018),https://xcellparts.com/product-category/others/oppo/oppo-f-series/f7-2018,49,5,5,3,dom-inspection,div#split-3675-86074 > div.xcell-mm__plp-thumbs.xcell-mm__plp-thumbs--flat > a.xcell-mm__plp-thumb,https://xcellparts.com/product-category/others/oppo/oppo-f-series/f7-2018,False,False,2026-09-07T04:40:13+00:00,,,,,
XCell Parts,https://xcellparts.com/,OTHERS,https://xcellparts.com/product-category/others,6,click,OPPO,https://xcellparts.com/product-category/others/oppo,19,dom-inspection,OPPO K SERIES,https://xcellparts.com/product-category/others/oppo/oppo-k-series,50,6,1,3,dom-inspection,div#split-3675-86075 > a.xcell-mm__plp-group-head,https://xcellparts.com/product-category/others/oppo/oppo-k-series,False,False,2026-09-07T04:40:13+00:00,,,,,
XCell Parts,https://xcellparts.com/,OTHERS,https://xcellparts.com/product-category/others,6,click,OPPO,https://xcellparts.com/product-category/others/oppo,19,dom-inspection,K10 PRO (2022),https://xcellparts.com/product-category/others/oppo/oppo-k-series/k10-pro-2022,51,6,2,3,dom-inspection,div#split-3675-86075 > div.xcell-mm__plp-thumbs.xcell-mm__plp-thumbs--flat > a.xcell-mm__plp-thumb,https://xcellparts.com/product-category/others/oppo/oppo-k-series/k10-pro-2022,False,False,2026-09-07T04:40:13+00:00,,,,,
XCell Parts,https://xcellparts.com/,OTHERS,https://xcellparts.com/product-category/others,6,click,OPPO,https://xcellparts.com/product-category/others/oppo,19,dom-inspection,K9S (2021),https://xcellparts.com/product-category/others/oppo/oppo-k-series/k9s-2021,52,6,3,3,dom-inspection,div#split-3675-86075 > div.xcell-mm__plp-thumbs.xcell-mm__plp-thumbs--flat > a.xcell-mm__plp-thumb,https://xcellparts.com/product-category/others/oppo/oppo-k-series/k9s-2021,False,False,2026-09-07T04:40:13+00:00,,,,,
XCell Parts,https://xcellparts.com/,OTHERS,https://xcellparts.com/product-category/others,6,click,OUKITEL,https://xcellparts.com/product-category/others/oukitel,20,dom-inspection,OUKITEL C21 PRO,https://xcellparts.com/product-category/others/oukitel/oukitel-c21-pro,1,1,1,3,dom-inspection,div#plp-3672-3676 > div.xcell-mm__plp-thumbs.xcell-mm__plp-thumbs--flat > a.xcell-mm__plp-thumb,https://xcellparts.com/product-category/others/oukitel/oukitel-c21-pro,False,False,2026-09-07T04:40:13+00:00,,,,,
XCell Parts,https://xcellparts.com/,OTHERS,https://xcellparts.com/product-category/others,6,click,OUKITEL,https://xcellparts.com/product-category/others/oukitel,20,dom-inspection,OUKITEL WP5,https://xcellparts.com/product-category/others/oukitel/oukitel-wp5,2,1,2,3,dom-inspection,div#plp-3672-3676 > div.xcell-mm__plp-thumbs.xcell-mm__plp-thumbs--flat > a.xcell-mm__plp-thumb,https://xcellparts.com/product-category/others/oukitel/oukitel-wp5,False,False,2026-09-07T04:40:13+00:00,,,,,
XCell Parts,https://xcellparts.com/,OTHERS,https://xcellparts.com/product-category/others,6,click,REALME,https://xcellparts.com/product-category/others/realme,21,dom-inspection,REALME C SERIES,https://xcellparts.com/product-category/others/realme/realme-c-series,1,1,1,3,dom-inspection,div#split-5042-5152 > a.xcell-mm__plp-group-head,https://xcellparts.com/product-category/others/realme/realme-c-series,False,False,2026-09-07T04:40:13+00:00,,,,,
XCell Parts,https://xcellparts.com/,OTHERS,https://xcellparts.com/product-category/others,6,click,REALME,https://xcellparts.com/product-category/others/realme,21,dom-inspection,REALME C31,https://xcellparts.com/product-category/others/realme/realme-c-series/realme-c31,2,1,2,3,dom-inspection,div#split-5042-5152 > div.xcell-mm__plp-thumbs.xcell-mm__plp-thumbs--flat > a.xcell-mm__plp-thumb,https://xcellparts.com/product-category/others/realme/realme-c-series/realme-c31,False,False,2026-09-07T04:40:13+00:00,,,,,
XCell Parts,https://xcellparts.com/,OTHERS,https://xcellparts.com/product-category/others,6,click,REALME,https://xcellparts.com/product-category/others/realme,21,dom-inspection,REALME C30,https://xcellparts.com/product-category/others/realme/realme-c-series/realme-c30,3,1,3,3,dom-inspection,div#split-5042-5152 > div.xcell-mm__plp-thumbs.xcell-mm__plp-thumbs--flat > a.xcell-mm__plp-thumb,https://xcellparts.com/product-category/others/realme/realme-c-series/realme-c30,False,False,2026-09-07T04:40:13+00:00,,,,,
XCell Parts,https://xcellparts.com/,OTHERS,https://xcellparts.com/product-category/others,6,click,REALME,https://xcellparts.com/product-category/others/realme,21,dom-inspection,REALME C3,https://xcellparts.com/product-category/others/realme/realme-c-series/realme-c3,4,1,4,3,dom-inspection,div#split-5042-5152 > div.xcell-mm__plp-thumbs.xcell-mm__plp-thumbs--flat > a.xcell-mm__plp-thumb,https://xcellparts.com/product-category/others/realme/realme-c-series/realme-c3,False,False,2026-09-07T04:40:13+00:00,,,,,
XCell Parts,https://xcellparts.com/,OTHERS,https://xcellparts.com/product-category/others,6,click,REALME,https://xcellparts.com/product-category/others/realme,21,dom-inspection,REALME C21Y,https://xcellparts.com/product-category/others/realme/realme-c-series/realme-c21y,5,1,5,3,dom-inspection,div#split-5042-5152 > div.xcell-mm__plp-thumbs.xcell-mm__plp-thumbs--flat > a.xcell-mm__plp-thumb,https://xcellparts.com/product-category/others/realme/realme-c-series/realme-c21y,False,False,2026-09-07T04:40:13+00:00,,,,,
XCell Parts,https://xcellparts.com/,OTHERS,https://xcellparts.com/product-category/others,6,click,REALME,https://xcellparts.com/product-category/others/realme,21,dom-inspection,REALME C21,https://xcellparts.com/product-category/others/realme/realme-c-series/realme-c21,6,1,6,3,dom-inspection,div#split-5042-5152 > div.xcell-mm__plp-thumbs.xcell-mm__plp-thumbs--flat > a.xcell-mm__plp-thumb,https://xcellparts.com/product-category/others/realme/realme-c-series/realme-c21,False,False,2026-09-07T04:40:13+00:00,,,,,
XCell Parts,https://xcellparts.com/,OTHERS,https://xcellparts.com/product-category/others,6,click,REALME,https://xcellparts.com/product-category/others/realme,21,dom-inspection,REALME C11 (2021),https://xcellparts.com/product-category/others/realme/realme-c-series/realme-c11-2021,7,1,7,3,dom-inspection,div#split-5042-5152 > div.xcell-mm__plp-thumbs.xcell-mm__plp-thumbs--flat > a.xcell-mm__plp-thumb,https://xcellparts.com/product-category/others/realme/realme-c-series/realme-c11-2021,False,False,2026-09-07T04:40:13+00:00,,,,,
XCell Parts,https://xcellparts.com/,OTHERS,https://xcellparts.com/product-category/others,6,click,REALME,https://xcellparts.com/product-category/others/realme,21,dom-inspection,REALME C11,https://xcellparts.com/product-category/others/realme/realme-c-series/realme-c11,8,1,8,3,dom-inspection,div#split-5042-5152 > div.xcell-mm__plp-thumbs.xcell-mm__plp-thumbs--flat > a.xcell-mm__plp-thumb,https://xcellparts.com/product-category/others/realme/realme-c-series/realme-c11,False,False,2026-09-07T04:40:13+00:00,,,,,
XCell Parts,https://xcellparts.com/,OTHERS,https://xcellparts.com/product-category/others,6,click,REALME,https://xcellparts.com/product-category/others/realme,21,dom-inspection,REALME GT SERIES,https://xcellparts.com/product-category/others/realme/realme-gt-series,9,2,1,3,dom-inspection,div#split-5042-5153 > a.xcell-mm__plp-group-head,https://xcellparts.com/product-category/others/realme/realme-gt-series,False,False,2026-09-07T04:40:13+00:00,,,,,
XCell Parts,https://xcellparts.com/,OTHERS,https://xcellparts.com/product-category/others,6,click,REALME,https://xcellparts.com/product-category/others/realme,21,dom-inspection,GT 5G,https://xcellparts.com/product-category/others/realme/realme-gt-series/gt-5g,10,2,2,3,dom-inspection,div#split-5042-5153 > div.xcell-mm__plp-thumbs.xcell-mm__plp-thumbs--flat > a.xcell-mm__plp-thumb,https://xcellparts.com/product-category/others/realme/realme-gt-series/gt-5g,False,False,2026-09-07T04:40:13+00:00,,,,,
XCell Parts,https://xcellparts.com/,OTHERS,https://xcellparts.com/product-category/others,6,click,REALME,https://xcellparts.com/product-category/others/realme,21,dom-inspection,REALME SERIES,https://xcellparts.com/product-category/others/realme/realme-series,11,3,1,3,dom-inspection,div#split-5042-5154 > a.xcell-mm__plp-group-head,https://xcellparts.com/product-category/others/realme/realme-series,False,False,2026-09-07T04:40:13+00:00,,,,,
XCell Parts,https://xcellparts.com/,OTHERS,https://xcellparts.com/product-category/others,6,click,REALME,https://xcellparts.com/product-category/others/realme,21,dom-inspection,REALME 13 PLUS,https://xcellparts.com/product-category/others/realme/realme-series/realme-13-plus,12,3,2,3,dom-inspection,div#split-5042-5154 > div.xcell-mm__plp-thumbs.xcell-mm__plp-thumbs--flat > a.xcell-mm__plp-thumb,https://xcellparts.com/product-category/others/realme/realme-series/realme-13-plus,False,False,2026-09-07T04:40:13+00:00,,,,,
XCell Parts,https://xcellparts.com/,OTHERS,https://xcellparts.com/product-category/others,6,click,REALME,https://xcellparts.com/product-category/others/realme,21,dom-inspection,REALME 11 PRO,https://xcellparts.com/product-category/others/realme/realme-series/realme-11-pro,13,3,3,3,dom-inspection,div#split-5042-5154 > div.xcell-mm__plp-thumbs.xcell-mm__plp-thumbs--flat > a.xcell-mm__plp-thumb,https://xcellparts.com/product-category/others/realme/realme-series/realme-11-pro,False,False,2026-09-07T04:40:13+00:00,,,,,
XCell Parts,https://xcellparts.com/,OTHERS,https://xcellparts.com/product-category/others,6,click,REALME,https://xcellparts.com/product-category/others/realme,21,dom-inspection,REALME 9 PRO,https://xcellparts.com/product-category/others/realme/realme-series/realme-9-pro,14,3,4,3,dom-inspection,div#split-5042-5154 > div.xcell-mm__plp-thumbs.xcell-mm__plp-thumbs--flat > a.xcell-mm__plp-thumb,https://xcellparts.com/product-category/others/realme/realme-series/realme-9-pro,False,False,2026-09-07T04:40:13+00:00,,,,,
XCell Parts,https://xcellparts.com/,OTHERS,https://xcellparts.com/product-category/others,6,click,REALME,https://xcellparts.com/product-category/others/realme,21,dom-inspection,REALME 9I,https://xcellparts.com/product-category/others/realme/realme-series/realme-9i,15,3,5,3,dom-inspection,div#split-5042-5154 > div.xcell-mm__plp-thumbs.xcell-mm__plp-thumbs--flat > a.xcell-mm__plp-thumb,https://xcellparts.com/product-category/others/realme/realme-series/realme-9i,False,False,2026-09-07T04:40:13+00:00,,,,,
XCell Parts,https://xcellparts.com/,OTHERS,https://xcellparts.com/product-category/others,6,click,REALME,https://xcellparts.com/product-category/others/realme,21,dom-inspection,REALME 8S 5G,https://xcellparts.com/product-category/others/realme/realme-series/realme-8s-5g,16,3,6,3,dom-inspection,div#split-5042-5154 > div.xcell-mm__plp-thumbs.xcell-mm__plp-thumbs--flat > a.xcell-mm__plp-thumb,https://xcellparts.com/product-category/others/realme/realme-series/realme-8s-5g,False,False,2026-09-07T04:40:13+00:00,,,,,
XCell Parts,https://xcellparts.com/,OTHERS,https://xcellparts.com/product-category/others,6,click,REALME,https://xcellparts.com/product-category/others/realme,21,dom-inspection,REALME 8 5G,https://xcellparts.com/product-category/others/realme/realme-series/realme-8-5g,17,3,7,3,dom-inspection,div#split-5042-5154 > div.xcell-mm__plp-thumbs.xcell-mm__plp-thumbs--flat > a.xcell-mm__plp-thumb,https://xcellparts.com/product-category/others/realme/realme-series/realme-8-5g,False,False,2026-09-07T04:40:13+00:00,,,,,
XCell Parts,https://xcellparts.com/,OTHERS,https://xcellparts.com/product-category/others,6,click,REALME,https://xcellparts.com/product-category/others/realme,21,dom-inspection,REALME 8I,https://xcellparts.com/product-category/others/realme/realme-series/realme-8i,18,3,8,3,dom-inspection,div#split-5042-5154 > div.xcell-mm__plp-thumbs.xcell-mm__plp-thumbs--flat > a.xcell-mm__plp-thumb,https://xcellparts.com/product-category/others/realme/realme-series/realme-8i,False,False,2026-09-07T04:40:13+00:00,,,,,
XCell Parts,https://xcellparts.com/,OTHERS,https://xcellparts.com/product-category/others,6,click,REALME,https://xcellparts.com/product-category/others/realme,21,dom-inspection,REALME 7 5G,https://xcellparts.com/product-category/others/realme/realme-series/realme-7-5g,19,3,9,3,dom-inspection,div#split-5042-5154 > div.xcell-mm__plp-thumbs.xcell-mm__plp-thumbs--flat > a.xcell-mm__plp-thumb,https://xcellparts.com/product-category/others/realme/realme-series/realme-7-5g,False,False,2026-09-07T04:40:13+00:00,,,,,
XCell Parts,https://xcellparts.com/,OTHERS,https://xcellparts.com/product-category/others,6,click,REALME,https://xcellparts.com/product-category/others/realme,21,dom-inspection,REALME 7 PRO,https://xcellparts.com/product-category/others/realme/realme-series/realme-7-pro,20,3,10,3,dom-inspection,div#split-5042-5154 > div.xcell-mm__plp-thumbs.xcell-mm__plp-thumbs--flat > a.xcell-mm__plp-thumb,https://xcellparts.com/product-category/others/realme/realme-series/realme-7-pro,False,False,2026-09-07T04:40:13+00:00,,,,,
XCell Parts,https://xcellparts.com/,OTHERS,https://xcellparts.com/product-category/others,6,click,REALME,https://xcellparts.com/product-category/others/realme,21,dom-inspection,REALME 6 PRO,https://xcellparts.com/product-category/others/realme/realme-series/realme-6-pro,21,3,11,3,dom-inspection,div#split-5042-5154 > div.xcell-mm__plp-thumbs.xcell-mm__plp-thumbs--flat > a.xcell-mm__plp-thumb,https://xcellparts.com/product-category/others/realme/realme-series/realme-6-pro,False,False,2026-09-07T04:40:13+00:00,,,,,
XCell Parts,https://xcellparts.com/,OTHERS,https://xcellparts.com/product-category/others,6,click,REALME,https://xcellparts.com/product-category/others/realme,21,dom-inspection,REALME 6I,https://xcellparts.com/product-category/others/realme/realme-series/realme-6i,22,3,12,3,dom-inspection,div#split-5042-5154 > div.xcell-mm__plp-thumbs.xcell-mm__plp-thumbs--flat > a.xcell-mm__plp-thumb,https://xcellparts.com/product-category/others/realme/realme-series/realme-6i,False,False,2026-09-07T04:40:13+00:00,,,,,
XCell Parts,https://xcellparts.com/,OTHERS,https://xcellparts.com/product-category/others,6,click,REALME,https://xcellparts.com/product-category/others/realme,21,dom-inspection,REALME 6,https://xcellparts.com/product-category/others/realme/realme-series/realme-6,23,3,13,3,dom-inspection,div#split-5042-5154 > div.xcell-mm__plp-thumbs.xcell-mm__plp-thumbs--flat > a.xcell-mm__plp-thumb,https://xcellparts.com/product-category/others/realme/realme-series/realme-6,False,False,2026-09-07T04:40:13+00:00,,,,,
XCell Parts,https://xcellparts.com/,OTHERS,https://xcellparts.com/product-category/others,6,click,REALME,https://xcellparts.com/product-category/others/realme,21,dom-inspection,REALME 5 PRO,https://xcellparts.com/product-category/others/realme/realme-series/realme-5-pro,24,3,14,3,dom-inspection,div#split-5042-5154 > div.xcell-mm__plp-thumbs.xcell-mm__plp-thumbs--flat > a.xcell-mm__plp-thumb,https://xcellparts.com/product-category/others/realme/realme-series/realme-5-pro,False,False,2026-09-07T04:40:13+00:00,,,,,
XCell Parts,https://xcellparts.com/,OTHERS,https://xcellparts.com/product-category/others,6,click,REALME,https://xcellparts.com/product-category/others/realme,21,dom-inspection,REALME 5I,https://xcellparts.com/product-category/others/realme/realme-series/realme-5i,25,3,15,3,dom-inspection,div#split-5042-5154 > div.xcell-mm__plp-thumbs.xcell-mm__plp-thumbs--flat > a.xcell-mm__plp-thumb,https://xcellparts.com/product-category/others/realme/realme-series/realme-5i,False,False,2026-09-07T04:40:13+00:00,,,,,
XCell Parts,https://xcellparts.com/,OTHERS,https://xcellparts.com/product-category/others,6,click,REALME,https://xcellparts.com/product-category/others/realme,21,dom-inspection,REALME 3,https://xcellparts.com/product-category/others/realme/realme-series/realme-3,26,3,16,3,dom-inspection,div#split-5042-5154 > div.xcell-mm__plp-thumbs.xcell-mm__plp-thumbs--flat > a.xcell-mm__plp-thumb,https://xcellparts.com/product-category/others/realme/realme-series/realme-3,False,False,2026-09-07T04:40:13+00:00,,,,,
XCell Parts,https://xcellparts.com/,OTHERS,https://xcellparts.com/product-category/others,6,click,REALME,https://xcellparts.com/product-category/others/realme,21,dom-inspection,REALME X SERIES,https://xcellparts.com/product-category/others/realme/realme-x-series,27,4,1,3,dom-inspection,div#split-5042-5155 > a.xcell-mm__plp-group-head,https://xcellparts.com/product-category/others/realme/realme-x-series,False,False,2026-09-07T04:40:13+00:00,,,,,
XCell Parts,https://xcellparts.com/,OTHERS,https://xcellparts.com/product-category/others,6,click,REALME,https://xcellparts.com/product-category/others/realme,21,dom-inspection,X50 5G,https://xcellparts.com/product-category/others/realme/realme-x-series/x50-5g,28,4,2,3,dom-inspection,div#split-5042-5155 > div.xcell-mm__plp-thumbs.xcell-mm__plp-thumbs--flat > a.xcell-mm__plp-thumb,https://xcellparts.com/product-category/others/realme/realme-x-series/x50-5g,False,False,2026-09-07T04:40:13+00:00,,,,,
XCell Parts,https://xcellparts.com/,OTHERS,https://xcellparts.com/product-category/others,6,click,REALME,https://xcellparts.com/product-category/others/realme,21,dom-inspection,X2 PRO,https://xcellparts.com/product-category/others/realme/realme-x-series/x2-pro,29,4,3,3,dom-inspection,div#split-5042-5155 > div.xcell-mm__plp-thumbs.xcell-mm__plp-thumbs--flat > a.xcell-mm__plp-thumb,https://xcellparts.com/product-category/others/realme/realme-x-series/x2-pro,False,False,2026-09-07T04:40:13+00:00,,,,,
XCell Parts,https://xcellparts.com/,OTHERS,https://xcellparts.com/product-category/others,6,click,REVVL,https://xcellparts.com/product-category/others/revvl,22,dom-inspection,T-MOBILE REVVL 8 PRO,https://xcellparts.com/product-category/others/revvl/t-mobile-revvl-8-pro,1,1,1,3,dom-inspection,div#plp-3672-5043 > div.xcell-mm__plp-thumbs.xcell-mm__plp-thumbs--flat > a.xcell-mm__plp-thumb,https://xcellparts.com/product-category/others/revvl/t-mobile-revvl-8-pro,False,False,2026-09-07T04:40:13+00:00,,,,,
XCell Parts,https://xcellparts.com/,OTHERS,https://xcellparts.com/product-category/others,6,click,REVVL,https://xcellparts.com/product-category/others/revvl,22,dom-inspection,T-MOBILE REVVL TAB 2 5G,https://xcellparts.com/product-category/others/revvl/t-mobile-revvl-tab-2-5g,2,1,2,3,dom-inspection,div#plp-3672-5043 > div.xcell-mm__plp-thumbs.xcell-mm__plp-thumbs--flat > a.xcell-mm__plp-thumb,https://xcellparts.com/product-category/others/revvl/t-mobile-revvl-tab-2-5g,False,False,2026-09-07T04:40:13+00:00,,,,,
XCell Parts,https://xcellparts.com/,OTHERS,https://xcellparts.com/product-category/others,6,click,REVVL,https://xcellparts.com/product-category/others/revvl,22,dom-inspection,T-MOBILE REVVL 8,https://xcellparts.com/product-category/others/revvl/t-mobile-revvl-8,3,1,3,3,dom-inspection,div#plp-3672-5043 > div.xcell-mm__plp-thumbs.xcell-mm__plp-thumbs--flat > a.xcell-mm__plp-thumb,https://xcellparts.com/product-category/others/revvl/t-mobile-revvl-8,False,False,2026-09-07T04:40:13+00:00,,,,,
XCell Parts,https://xcellparts.com/,OTHERS,https://xcellparts.com/product-category/others,6,click,REVVL,https://xcellparts.com/product-category/others/revvl,22,dom-inspection,T-MOBILE REVVL TAB 5G,https://xcellparts.com/product-category/others/revvl/t-mobile-revvl-tab-5g,4,1,4,3,dom-inspection,div#plp-3672-5043 > div.xcell-mm__plp-thumbs.xcell-mm__plp-thumbs--flat > a.xcell-mm__plp-thumb,https://xcellparts.com/product-category/others/revvl/t-mobile-revvl-tab-5g,False,False,2026-09-07T04:40:13+00:00,,,,,
XCell Parts,https://xcellparts.com/,OTHERS,https://xcellparts.com/product-category/others,6,click,REVVL,https://xcellparts.com/product-category/others/revvl,22,dom-inspection,T-MOBILE REVVL 7 PRO 5G,https://xcellparts.com/product-category/others/revvl/t-mobile-revvl-7-pro-5g,5,1,5,3,dom-inspection,div#plp-3672-5043 > div.xcell-mm__plp-thumbs.xcell-mm__plp-thumbs--flat > a.xcell-mm__plp-thumb,https://xcellparts.com/product-category/others/revvl/t-mobile-revvl-7-pro-5g,False,False,2026-09-07T04:40:13+00:00,,,,,
XCell Parts,https://xcellparts.com/,OTHERS,https://xcellparts.com/product-category/others,6,click,REVVL,https://xcellparts.com/product-category/others/revvl,22,dom-inspection,T-MOBILE REVVL 7 5G,https://xcellparts.com/product-category/others/revvl/t-mobile-revvl-7-5g,6,1,6,3,dom-inspection,div#plp-3672-5043 > div.xcell-mm__plp-thumbs.xcell-mm__plp-thumbs--flat > a.xcell-mm__plp-thumb,https://xcellparts.com/product-category/others/revvl/t-mobile-revvl-7-5g,False,False,2026-09-07T04:40:13+00:00,,,,,
XCell Parts,https://xcellparts.com/,OTHERS,https://xcellparts.com/product-category/others,6,click,REVVL,https://xcellparts.com/product-category/others/revvl,22,dom-inspection,T-MOBILE REVVL 6X PRO,https://xcellparts.com/product-category/others/revvl/t-mobile-revvl-6x-pro,7,1,7,3,dom-inspection,div#plp-3672-5043 > div.xcell-mm__plp-thumbs.xcell-mm__plp-thumbs--flat > a.xcell-mm__plp-thumb,https://xcellparts.com/product-category/others/revvl/t-mobile-revvl-6x-pro,False,False,2026-09-07T04:40:13+00:00,,,,,
XCell Parts,https://xcellparts.com/,OTHERS,https://xcellparts.com/product-category/others,6,click,REVVL,https://xcellparts.com/product-category/others/revvl,22,dom-inspection,T-MOBILE REVVL 6X,https://xcellparts.com/product-category/others/revvl/t-mobile-revvl-6x,8,1,8,3,dom-inspection,div#plp-3672-5043 > div.xcell-mm__plp-thumbs.xcell-mm__plp-thumbs--flat > a.xcell-mm__plp-thumb,https://xcellparts.com/product-category/others/revvl/t-mobile-revvl-6x,False,False,2026-09-07T04:40:13+00:00,,,,,
XCell Parts,https://xcellparts.com/,OTHERS,https://xcellparts.com/product-category/others,6,click,REVVL,https://xcellparts.com/product-category/others/revvl,22,dom-inspection,T-MOBILE REVVL 6 PRO,https://xcellparts.com/product-category/others/revvl/t-mobile-revvl-6-pro,9,1,9,3,dom-inspection,div#plp-3672-5043 > div.xcell-mm__plp-thumbs.xcell-mm__plp-thumbs--flat > a.xcell-mm__plp-thumb,https://xcellparts.com/product-category/others/revvl/t-mobile-revvl-6-pro,False,False,2026-09-07T04:40:13+00:00,,,,,
XCell Parts,https://xcellparts.com/,OTHERS,https://xcellparts.com/product-category/others,6,click,REVVL,https://xcellparts.com/product-category/others/revvl,22,dom-inspection,T-MOBILE REVVL 6,https://xcellparts.com/product-category/others/revvl/t-mobile-revvl-6,10,1,10,3,dom-inspection,div#plp-3672-5043 > div.xcell-mm__plp-thumbs.xcell-mm__plp-thumbs--flat > a.xcell-mm__plp-thumb,https://xcellparts.com/product-category/others/revvl/t-mobile-revvl-6,False,False,2026-09-07T04:40:13+00:00,,,,,
XCell Parts,https://xcellparts.com/,OTHERS,https://xcellparts.com/product-category/others,6,click,REVVL,https://xcellparts.com/product-category/others/revvl,22,dom-inspection,T-MOBILE REVVL V+ 5G,https://xcellparts.com/product-category/others/revvl/t-mobile-revvl-v-5g,11,1,11,3,dom-inspection,div#plp-3672-5043 > div.xcell-mm__plp-thumbs.xcell-mm__plp-thumbs--flat > a.xcell-mm__plp-thumb,https://xcellparts.com/product-category/others/revvl/t-mobile-revvl-v-5g,False,False,2026-09-07T04:40:13+00:00,,,,,
XCell Parts,https://xcellparts.com/,OTHERS,https://xcellparts.com/product-category/others,6,click,REVVL,https://xcellparts.com/product-category/others/revvl,22,dom-inspection,T-MOBILE REVVL V,https://xcellparts.com/product-category/others/revvl/t-mobile-revvl-v,12,1,12,3,dom-inspection,div#plp-3672-5043 > div.xcell-mm__plp-thumbs.xcell-mm__plp-thumbs--flat > a.xcell-mm__plp-thumb,https://xcellparts.com/product-category/others/revvl/t-mobile-revvl-v,False,False,2026-09-07T04:40:13+00:00,,,,,
XCell Parts,https://xcellparts.com/,OTHERS,https://xcellparts.com/product-category/others,6,click,REVVL,https://xcellparts.com/product-category/others/revvl,22,dom-inspection,T-MOBILE REVVL 5G,https://xcellparts.com/product-category/others/revvl/t-mobile-revvl-5g,13,1,13,3,dom-inspection,div#plp-3672-5043 > div.xcell-mm__plp-thumbs.xcell-mm__plp-thumbs--flat > a.xcell-mm__plp-thumb,https://xcellparts.com/product-category/others/revvl/t-mobile-revvl-5g,False,False,2026-09-07T04:40:13+00:00,,,,,
XCell Parts,https://xcellparts.com/,OTHERS,https://xcellparts.com/product-category/others,6,click,REVVL,https://xcellparts.com/product-category/others/revvl,22,dom-inspection,T-MOBILE REVVL 4 PLUS,https://xcellparts.com/product-category/others/revvl/t-mobile-revvl-4-plus,14,1,14,3,dom-inspection,div#plp-3672-5043 > div.xcell-mm__plp-thumbs.xcell-mm__plp-thumbs--flat > a.xcell-mm__plp-thumb,https://xcellparts.com/product-category/others/revvl/t-mobile-revvl-4-plus,False,False,2026-09-07T04:40:13+00:00,,,,,
XCell Parts,https://xcellparts.com/,OTHERS,https://xcellparts.com/product-category/others,6,click,REVVL,https://xcellparts.com/product-category/others/revvl,22,dom-inspection,T-MOBILE REVVL 4,https://xcellparts.com/product-category/others/revvl/t-mobile-revvl-4,15,1,15,3,dom-inspection,div#plp-3672-5043 > div.xcell-mm__plp-thumbs.xcell-mm__plp-thumbs--flat > a.xcell-mm__plp-thumb,https://xcellparts.com/product-category/others/revvl/t-mobile-revvl-4,False,False,2026-09-07T04:40:13+00:00,,,,,
XCell Parts,https://xcellparts.com/,OTHERS,https://xcellparts.com/product-category/others,6,click,REVVL,https://xcellparts.com/product-category/others/revvl,22,dom-inspection,T-MOBILE REVVL 2 PLUS,https://xcellparts.com/product-category/others/revvl/t-mobile-revvl-2-plus,16,1,16,3,dom-inspection,div#plp-3672-5043 > div.xcell-mm__plp-thumbs.xcell-mm__plp-thumbs--flat > a.xcell-mm__plp-thumb,https://xcellparts.com/product-category/others/revvl/t-mobile-revvl-2-plus,False,False,2026-09-07T04:40:13+00:00,,,,,
XCell Parts,https://xcellparts.com/,OTHERS,https://xcellparts.com/product-category/others,6,click,REVVL,https://xcellparts.com/product-category/others/revvl,22,dom-inspection,T-MOBILE REVVL 2,https://xcellparts.com/product-category/others/revvl/t-mobile-revvl-2,17,1,17,3,dom-inspection,div#plp-3672-5043 > div.xcell-mm__plp-thumbs.xcell-mm__plp-thumbs--flat > a.xcell-mm__plp-thumb,https://xcellparts.com/product-category/others/revvl/t-mobile-revvl-2,False,False,2026-09-07T04:40:13+00:00,,,,,
XCell Parts,https://xcellparts.com/,OTHERS,https://xcellparts.com/product-category/others,6,click,REVVL,https://xcellparts.com/product-category/others/revvl,22,dom-inspection,T-MOBILE REVVL PLUS,https://xcellparts.com/product-category/others/revvl/t-mobile-revvl-plus,18,1,18,3,dom-inspection,div#plp-3672-5043 > div.xcell-mm__plp-thumbs.xcell-mm__plp-thumbs--flat > a.xcell-mm__plp-thumb,https://xcellparts.com/product-category/others/revvl/t-mobile-revvl-plus,False,False,2026-09-07T04:40:13+00:00,,,,,
XCell Parts,https://xcellparts.com/,OTHERS,https://xcellparts.com/product-category/others,6,click,REVVL,https://xcellparts.com/product-category/others/revvl,22,dom-inspection,T-MOBILE REVVLRY PLUS,https://xcellparts.com/product-category/others/revvl/t-mobile-revvlry-plus,19,1,19,3,dom-inspection,div#plp-3672-5043 > div.xcell-mm__plp-thumbs.xcell-mm__plp-thumbs--flat > a.xcell-mm__plp-thumb,https://xcellparts.com/product-category/others/revvl/t-mobile-revvlry-plus,False,False,2026-09-07T04:40:13+00:00,,,,,
XCell Parts,https://xcellparts.com/,OTHERS,https://xcellparts.com/product-category/others,6,click,REVVL,https://xcellparts.com/product-category/others/revvl,22,dom-inspection,T-MOBILE REVVLRY,https://xcellparts.com/product-category/others/revvl/t-mobile-revvlry,20,1,20,3,dom-inspection,div#plp-3672-5043 > div.xcell-mm__plp-thumbs.xcell-mm__plp-thumbs--flat > a.xcell-mm__plp-thumb,https://xcellparts.com/product-category/others/revvl/t-mobile-revvlry,False,False,2026-09-07T04:40:13+00:00,,,,,
XCell Parts,https://xcellparts.com/,OTHERS,https://xcellparts.com/product-category/others,6,click,TCL,https://xcellparts.com/product-category/others/tcl,23,dom-inspection,TCL SERIES,https://xcellparts.com/product-category/others/tcl/tcl-series,1,1,1,3,dom-inspection,div#plp-3672-5044 > div.xcell-mm__plp-series > div.xcell-mm__plp-group > a.xcell-mm__plp-group-head,https://xcellparts.com/product-category/others/tcl/tcl-series,False,False,2026-09-07T04:40:13+00:00,,,,,
XCell Parts,https://xcellparts.com/,OTHERS,https://xcellparts.com/product-category/others,6,click,TCL,https://xcellparts.com/product-category/others/tcl,23,dom-inspection,TCL NXTPAPER 60 ULTRA,https://xcellparts.com/product-category/others/tcl/tcl-series/tcl-nxtpaper-60-ultra,2,1,2,3,dom-inspection,div#plp-3672-5044 > div.xcell-mm__plp-series > div.xcell-mm__plp-group > div.xcell-mm__plp-thumbs.xcell-mm__plp-thumbs--flat > a.xcell-mm__plp-thumb,https://xcellparts.com/product-category/others/tcl/tcl-series/tcl-nxtpaper-60-ultra,False,False,2026-09-07T04:40:13+00:00,,,,,
XCell Parts,https://xcellparts.com/,OTHERS,https://xcellparts.com/product-category/others,6,click,TCL,https://xcellparts.com/product-category/others/tcl,23,dom-inspection,TCL K70 5G,https://xcellparts.com/product-category/others/tcl/tcl-series/tcl-k70-5g,3,1,3,3,dom-inspection,div#plp-3672-5044 > div.xcell-mm__plp-series > div.xcell-mm__plp-group > div.xcell-mm__plp-thumbs.xcell-mm__plp-thumbs--flat > a.xcell-mm__plp-thumb,https://xcellparts.com/product-category/others/tcl/tcl-series/tcl-k70-5g,False,False,2026-09-07T04:40:13+00:00,,,,,
XCell Parts,https://xcellparts.com/,OTHERS,https://xcellparts.com/product-category/others,6,click,TCL,https://xcellparts.com/product-category/others/tcl,23,dom-inspection,TCL NXTPAPER 70 PRO,https://xcellparts.com/product-category/others/tcl/tcl-series/tcl-nxtpaper-70-pro,4,1,4,3,dom-inspection,div#plp-3672-5044 > div.xcell-mm__plp-series > div.xcell-mm__plp-group > div.xcell-mm__plp-thumbs.xcell-mm__plp-thumbs--flat > a.xcell-mm__plp-thumb,https://xcellparts.com/product-category/others/tcl/tcl-series/tcl-nxtpaper-70-pro,False,False,2026-09-07T04:40:13+00:00,,,,,
XCell Parts,https://xcellparts.com/,OTHERS,https://xcellparts.com/product-category/others,6,click,TCL,https://xcellparts.com/product-category/others/tcl,23,dom-inspection,TCL K70 POWER 4G,https://xcellparts.com/product-category/others/tcl/tcl-series/tcl-k70-power-4g,5,1,5,3,dom-inspection,div#plp-3672-5044 > div.xcell-mm__plp-series > div.xcell-mm__plp-group > div.xcell-mm__plp-thumbs.xcell-mm__plp-thumbs--flat > a.xcell-mm__plp-thumb,https://xcellparts.com/product-category/others/tcl/tcl-series/tcl-k70-power-4g,False,False,2026-09-07T04:40:13+00:00,,,,,
XCell Parts,https://xcellparts.com/,OTHERS,https://xcellparts.com/product-category/others,6,click,TCL,https://xcellparts.com/product-category/others/tcl,23,dom-inspection,TCL 60,https://xcellparts.com/product-category/others/tcl/tcl-series/tcl-60,6,1,6,3,dom-inspection,div#plp-3672-5044 > div.xcell-mm__plp-series > div.xcell-mm__plp-group > div.xcell-mm__plp-thumbs.xcell-mm__plp-thumbs--flat > a.xcell-mm__plp-thumb,https://xcellparts.com/product-category/others/tcl/tcl-series/tcl-60,False,False,2026-09-07T04:40:13+00:00,,,,,
XCell Parts,https://xcellparts.com/,OTHERS,https://xcellparts.com/product-category/others,6,click,TCL,https://xcellparts.com/product-category/others/tcl,23,dom-inspection,TCL 60R,https://xcellparts.com/product-category/others/tcl/tcl-series/tcl-60r,7,1,7,3,dom-inspection,div#plp-3672-5044 > div.xcell-mm__plp-series > div.xcell-mm__plp-group > div.xcell-mm__plp-thumbs.xcell-mm__plp-thumbs--flat > a.xcell-mm__plp-thumb,https://xcellparts.com/product-category/others/tcl/tcl-series/tcl-60r,False,False,2026-09-07T04:40:13+00:00,,,,,
XCell Parts,https://xcellparts.com/,OTHERS,https://xcellparts.com/product-category/others,6,click,TCL,https://xcellparts.com/product-category/others/tcl,23,dom-inspection,TCL STYLUS 5G,https://xcellparts.com/product-category/others/tcl/tcl-series/tcl-stylus-5g,8,1,8,3,dom-inspection,div#plp-3672-5044 > div.xcell-mm__plp-series > div.xcell-mm__plp-group > div.xcell-mm__plp-thumbs.xcell-mm__plp-thumbs--flat > a.xcell-mm__plp-thumb,https://xcellparts.com/product-category/others/tcl/tcl-series/tcl-stylus-5g,False,False,2026-09-07T04:40:13+00:00,,,,,
XCell Parts,https://xcellparts.com/,OTHERS,https://xcellparts.com/product-category/others,6,click,TCL,https://xcellparts.com/product-category/others/tcl,23,dom-inspection,TCL 50 XL,https://xcellparts.com/product-category/others/tcl/tcl-series/tcl-50-xl,9,1,9,3,dom-inspection,div#plp-3672-5044 > div.xcell-mm__plp-series > div.xcell-mm__plp-group > div.xcell-mm__plp-thumbs.xcell-mm__plp-thumbs--flat > a.xcell-mm__plp-thumb,https://xcellparts.com/product-category/others/tcl/tcl-series/tcl-50-xl,False,False,2026-09-07T04:40:13+00:00,,,,,
XCell Parts,https://xcellparts.com/,OTHERS,https://xcellparts.com/product-category/others,6,click,TCL,https://xcellparts.com/product-category/others/tcl,23,dom-inspection,TCL 50XE,https://xcellparts.com/product-category/others/tcl/tcl-series/tcl-50xe,10,1,10,3,dom-inspection,div#plp-3672-5044 > div.xcell-mm__plp-series > div.xcell-mm__plp-group > div.xcell-mm__plp-thumbs.xcell-mm__plp-thumbs--flat > a.xcell-mm__plp-thumb,https://xcellparts.com/product-category/others/tcl/tcl-series/tcl-50xe,False,False,2026-09-07T04:40:13+00:00,,,,,
XCell Parts,https://xcellparts.com/,OTHERS,https://xcellparts.com/product-category/others,6,click,TCL,https://xcellparts.com/product-category/others/tcl,23,dom-inspection,TCL INOX,https://xcellparts.com/product-category/others/tcl/tcl-series/tcl-inox,11,1,11,3,dom-inspection,div#plp-3672-5044 > div.xcell-mm__plp-series > div.xcell-mm__plp-group > div.xcell-mm__plp-thumbs.xcell-mm__plp-thumbs--flat > a.xcell-mm__plp-thumb,https://xcellparts.com/product-category/others/tcl/tcl-series/tcl-inox,False,False,2026-09-07T04:40:13+00:00,,,,,
XCell Parts,https://xcellparts.com/,OTHERS,https://xcellparts.com/product-category/others,6,click,TCL,https://xcellparts.com/product-category/others/tcl,23,dom-inspection,TCL 40T,https://xcellparts.com/product-category/others/tcl/tcl-series/tcl-40t,12,1,12,3,dom-inspection,div#plp-3672-5044 > div.xcell-mm__plp-series > div.xcell-mm__plp-group > div.xcell-mm__plp-thumbs.xcell-mm__plp-thumbs--flat > a.xcell-mm__plp-thumb,https://xcellparts.com/product-category/others/tcl/tcl-series/tcl-40t,False,False,2026-09-07T04:40:13+00:00,,,,,
XCell Parts,https://xcellparts.com/,OTHERS,https://xcellparts.com/product-category/others,6,click,TCL,https://xcellparts.com/product-category/others/tcl,23,dom-inspection,TCL 40 XL,https://xcellparts.com/product-category/others/tcl/tcl-series/tcl-40-xl,13,1,13,3,dom-inspection,div#plp-3672-5044 > div.xcell-mm__plp-series > div.xcell-mm__plp-group > div.xcell-mm__plp-thumbs.xcell-mm__plp-thumbs--flat > a.xcell-mm__plp-thumb,https://xcellparts.com/product-category/others/tcl/tcl-series/tcl-40-xl,False,False,2026-09-07T04:40:13+00:00,,,,,
XCell Parts,https://xcellparts.com/,OTHERS,https://xcellparts.com/product-category/others,6,click,TCL,https://xcellparts.com/product-category/others/tcl,23,dom-inspection,TCL 40XE 5G,https://xcellparts.com/product-category/others/tcl/tcl-series/tcl-40xe-5g,14,1,14,3,dom-inspection,div#plp-3672-5044 > div.xcell-mm__plp-series > div.xcell-mm__plp-group > div.xcell-mm__plp-thumbs.xcell-mm__plp-thumbs--flat > a.xcell-mm__plp-thumb,https://xcellparts.com/product-category/others/tcl/tcl-series/tcl-40xe-5g,False,False,2026-09-07T04:40:13+00:00,,,,,
XCell Parts,https://xcellparts.com/,OTHERS,https://xcellparts.com/product-category/others,6,click,TCL,https://xcellparts.com/product-category/others/tcl,23,dom-inspection,TCL 4X 5G,https://xcellparts.com/product-category/others/tcl/tcl-series/tcl-4x-5g,15,1,15,3,dom-inspection,div#plp-3672-5044 > div.xcell-mm__plp-series > div.xcell-mm__plp-group > div.xcell-mm__plp-thumbs.xcell-mm__plp-thumbs--flat > a.xcell-mm__plp-thumb,https://xcellparts.com/product-category/others/tcl/tcl-series/tcl-4x-5g,False,False,2026-09-07T04:40:13+00:00,,,,,
XCell Parts,https://xcellparts.com/,OTHERS,https://xcellparts.com/product-category/others,6,click,TCL,https://xcellparts.com/product-category/others/tcl,23,dom-inspection,TCL K33 5G,https://xcellparts.com/product-category/others/tcl/tcl-series/tcl-k33-5g,16,1,16,3,dom-inspection,div#plp-3672-5044 > div.xcell-mm__plp-series > div.xcell-mm__plp-group > div.xcell-mm__plp-thumbs.xcell-mm__plp-thumbs--flat > a.xcell-mm__plp-thumb,https://xcellparts.com/product-category/others/tcl/tcl-series/tcl-k33-5g,False,False,2026-09-07T04:40:13+00:00,,,,,
XCell Parts,https://xcellparts.com/,OTHERS,https://xcellparts.com/product-category/others,6,click,TCL,https://xcellparts.com/product-category/others/tcl,23,dom-inspection,TCL K32 5G,https://xcellparts.com/product-category/others/tcl/tcl-series/tcl-k32-5g,17,1,17,3,dom-inspection,div#plp-3672-5044 > div.xcell-mm__plp-series > div.xcell-mm__plp-group > div.xcell-mm__plp-thumbs.xcell-mm__plp-thumbs--flat > a.xcell-mm__plp-thumb,https://xcellparts.com/product-category/others/tcl/tcl-series/tcl-k32-5g,False,False,2026-09-07T04:40:13+00:00,,,,,
XCell Parts,https://xcellparts.com/,OTHERS,https://xcellparts.com/product-category/others,6,click,TCL,https://xcellparts.com/product-category/others/tcl,23,dom-inspection,TCL 30Z,https://xcellparts.com/product-category/others/tcl/tcl-series/tcl-30z,18,1,18,3,dom-inspection,div#plp-3672-5044 > div.xcell-mm__plp-series > div.xcell-mm__plp-group > div.xcell-mm__plp-thumbs.xcell-mm__plp-thumbs--flat > a.xcell-mm__plp-thumb,https://xcellparts.com/product-category/others/tcl/tcl-series/tcl-30z,False,False,2026-09-07T04:40:13+00:00,,,,,
XCell Parts,https://xcellparts.com/,OTHERS,https://xcellparts.com/product-category/others,6,click,TCL,https://xcellparts.com/product-category/others/tcl,23,dom-inspection,TCL 30V 5G,https://xcellparts.com/product-category/others/tcl/tcl-series/tcl-30v-5g,19,1,19,3,dom-inspection,div#plp-3672-5044 > div.xcell-mm__plp-series > div.xcell-mm__plp-group > div.xcell-mm__plp-thumbs.xcell-mm__plp-thumbs--flat > a.xcell-mm__plp-thumb,https://xcellparts.com/product-category/others/tcl/tcl-series/tcl-30v-5g,False,False,2026-09-07T04:40:13+00:00,,,,,
XCell Parts,https://xcellparts.com/,OTHERS,https://xcellparts.com/product-category/others,6,click,TCL,https://xcellparts.com/product-category/others/tcl,23,dom-inspection,TCL 30 XL,https://xcellparts.com/product-category/others/tcl/tcl-series/tcl-30-xl,20,1,20,3,dom-inspection,div#plp-3672-5044 > div.xcell-mm__plp-series > div.xcell-mm__plp-group > div.xcell-mm__plp-thumbs.xcell-mm__plp-thumbs--flat > a.xcell-mm__plp-thumb,https://xcellparts.com/product-category/others/tcl/tcl-series/tcl-30-xl,False,False,2026-09-07T04:40:13+00:00,,,,,
XCell Parts,https://xcellparts.com/,OTHERS,https://xcellparts.com/product-category/others,6,click,TCL,https://xcellparts.com/product-category/others/tcl,23,dom-inspection,TCL 30 XE,https://xcellparts.com/product-category/others/tcl/tcl-series/tcl-30-xe,21,1,21,3,dom-inspection,div#plp-3672-5044 > div.xcell-mm__plp-series > div.xcell-mm__plp-group > div.xcell-mm__plp-thumbs.xcell-mm__plp-thumbs--flat > a.xcell-mm__plp-thumb,https://xcellparts.com/product-category/others/tcl/tcl-series/tcl-30-xe,False,False,2026-09-07T04:40:13+00:00,,,,,
XCell Parts,https://xcellparts.com/,OTHERS,https://xcellparts.com/product-category/others,6,click,TCL,https://xcellparts.com/product-category/others/tcl,23,dom-inspection,TCL 30 SE,https://xcellparts.com/product-category/others/tcl/tcl-series/tcl-30-se,22,1,22,3,dom-inspection,div#plp-3672-5044 > div.xcell-mm__plp-series > div.xcell-mm__plp-group > div.xcell-mm__plp-thumbs.xcell-mm__plp-thumbs--flat > a.xcell-mm__plp-thumb,https://xcellparts.com/product-category/others/tcl/tcl-series/tcl-30-se,False,False,2026-09-07T04:40:13+00:00,,,,,
XCell Parts,https://xcellparts.com/,OTHERS,https://xcellparts.com/product-category/others,6,click,TCL,https://xcellparts.com/product-category/others/tcl,23,dom-inspection,TCL 30 PRO,https://xcellparts.com/product-category/others/tcl/tcl-series/tcl-30-pro,23,1,23,3,dom-inspection,div#plp-3672-5044 > div.xcell-mm__plp-series > div.xcell-mm__plp-group > div.xcell-mm__plp-thumbs.xcell-mm__plp-thumbs--flat > a.xcell-mm__plp-thumb,https://xcellparts.com/product-category/others/tcl/tcl-series/tcl-30-pro,False,False,2026-09-07T04:40:13+00:00,,,,,
XCell Parts,https://xcellparts.com/,OTHERS,https://xcellparts.com/product-category/others,6,click,TCL,https://xcellparts.com/product-category/others/tcl,23,dom-inspection,TCL 30,https://xcellparts.com/product-category/others/tcl/tcl-series/tcl-30,24,1,24,3,dom-inspection,div#plp-3672-5044 > div.xcell-mm__plp-series > div.xcell-mm__plp-group > div.xcell-mm__plp-thumbs.xcell-mm__plp-thumbs--flat > a.xcell-mm__plp-thumb,https://xcellparts.com/product-category/others/tcl/tcl-series/tcl-30,False,False,2026-09-07T04:40:13+00:00,,,,,
XCell Parts,https://xcellparts.com/,OTHERS,https://xcellparts.com/product-category/others,6,click,TCL,https://xcellparts.com/product-category/others/tcl,23,dom-inspection,TCL K23 5G,https://xcellparts.com/product-category/others/tcl/tcl-series/tcl-k23-5g,25,1,25,3,dom-inspection,div#plp-3672-5044 > div.xcell-mm__plp-series > div.xcell-mm__plp-group > div.xcell-mm__plp-thumbs.xcell-mm__plp-thumbs--flat > a.xcell-mm__plp-thumb,https://xcellparts.com/product-category/others/tcl/tcl-series/tcl-k23-5g,False,False,2026-09-07T04:40:13+00:00,,,,,
XCell Parts,https://xcellparts.com/,OTHERS,https://xcellparts.com/product-category/others,6,click,TCL,https://xcellparts.com/product-category/others/tcl,23,dom-inspection,TCL 20Y,https://xcellparts.com/product-category/others/tcl/tcl-series/tcl-20y,26,1,26,3,dom-inspection,div#plp-3672-5044 > div.xcell-mm__plp-series > div.xcell-mm__plp-group > div.xcell-mm__plp-thumbs.xcell-mm__plp-thumbs--flat > a.xcell-mm__plp-thumb,https://xcellparts.com/product-category/others/tcl/tcl-series/tcl-20y,False,False,2026-09-07T04:40:13+00:00,,,,,
XCell Parts,https://xcellparts.com/,OTHERS,https://xcellparts.com/product-category/others,6,click,TCL,https://xcellparts.com/product-category/others/tcl,23,dom-inspection,TCL 20S,https://xcellparts.com/product-category/others/tcl/tcl-series/tcl-20s,27,1,27,3,dom-inspection,div#plp-3672-5044 > div.xcell-mm__plp-series > div.xcell-mm__plp-group > div.xcell-mm__plp-thumbs.xcell-mm__plp-thumbs--flat > a.xcell-mm__plp-thumb,https://xcellparts.com/product-category/others/tcl/tcl-series/tcl-20s,False,False,2026-09-07T04:40:13+00:00,,,,,
XCell Parts,https://xcellparts.com/,OTHERS,https://xcellparts.com/product-category/others,6,click,TCL,https://xcellparts.com/product-category/others/tcl,23,dom-inspection,TCL 20L,https://xcellparts.com/product-category/others/tcl/tcl-series/tcl-20l,28,1,28,3,dom-inspection,div#plp-3672-5044 > div.xcell-mm__plp-series > div.xcell-mm__plp-group > div.xcell-mm__plp-thumbs.xcell-mm__plp-thumbs--flat > a.xcell-mm__plp-thumb,https://xcellparts.com/product-category/others/tcl/tcl-series/tcl-20l,False,False,2026-09-07T04:40:13+00:00,,,,,
XCell Parts,https://xcellparts.com/,OTHERS,https://xcellparts.com/product-category/others,6,click,TCL,https://xcellparts.com/product-category/others/tcl,23,dom-inspection,TCL 20 XE,https://xcellparts.com/product-category/others/tcl/tcl-series/tcl-20-xe,29,1,29,3,dom-inspection,div#plp-3672-5044 > div.xcell-mm__plp-series > div.xcell-mm__plp-group > div.xcell-mm__plp-thumbs.xcell-mm__plp-thumbs--flat > a.xcell-mm__plp-thumb,https://xcellparts.com/product-category/others/tcl/tcl-series/tcl-20-xe,False,False,2026-09-07T04:40:13+00:00,,,,,
XCell Parts,https://xcellparts.com/,OTHERS,https://xcellparts.com/product-category/others,6,click,TCL,https://xcellparts.com/product-category/others/tcl,23,dom-inspection,TCL 20 SE,https://xcellparts.com/product-category/others/tcl/tcl-series/tcl-20-se,30,1,30,3,dom-inspection,div#plp-3672-5044 > div.xcell-mm__plp-series > div.xcell-mm__plp-group > div.xcell-mm__plp-thumbs.xcell-mm__plp-thumbs--flat > a.xcell-mm__plp-thumb,https://xcellparts.com/product-category/others/tcl/tcl-series/tcl-20-se,False,False,2026-09-07T04:40:13+00:00,,,,,
XCell Parts,https://xcellparts.com/,OTHERS,https://xcellparts.com/product-category/others,6,click,TCL,https://xcellparts.com/product-category/others/tcl,23,dom-inspection,TCL 20 R 5G,https://xcellparts.com/product-category/others/tcl/tcl-series/tcl-20-r-5g,31,1,31,3,dom-inspection,div#plp-3672-5044 > div.xcell-mm__plp-series > div.xcell-mm__plp-group > div.xcell-mm__plp-thumbs.xcell-mm__plp-thumbs--flat > a.xcell-mm__plp-thumb,https://xcellparts.com/product-category/others/tcl/tcl-series/tcl-20-r-5g,False,False,2026-09-07T04:40:13+00:00,,,,,
XCell Parts,https://xcellparts.com/,OTHERS,https://xcellparts.com/product-category/others,6,click,TCL,https://xcellparts.com/product-category/others/tcl,23,dom-inspection,TCL 20 PRO,https://xcellparts.com/product-category/others/tcl/tcl-series/tcl-20-pro,32,1,32,3,dom-inspection,div#plp-3672-5044 > div.xcell-mm__plp-series > div.xcell-mm__plp-group > div.xcell-mm__plp-thumbs.xcell-mm__plp-thumbs--flat > a.xcell-mm__plp-thumb,https://xcellparts.com/product-category/others/tcl/tcl-series/tcl-20-pro,False,False,2026-09-07T04:40:13+00:00,,,,,
XCell Parts,https://xcellparts.com/,OTHERS,https://xcellparts.com/product-category/others,6,click,TCL,https://xcellparts.com/product-category/others/tcl,23,dom-inspection,TCL 20 PLUS,https://xcellparts.com/product-category/others/tcl/tcl-series/tcl-20-plus,33,1,33,3,dom-inspection,div#plp-3672-5044 > div.xcell-mm__plp-series > div.xcell-mm__plp-group > div.xcell-mm__plp-thumbs.xcell-mm__plp-thumbs--flat > a.xcell-mm__plp-thumb,https://xcellparts.com/product-category/others/tcl/tcl-series/tcl-20-plus,False,False,2026-09-07T04:40:13+00:00,,,,,
XCell Parts,https://xcellparts.com/,OTHERS,https://xcellparts.com/product-category/others,6,click,TCL,https://xcellparts.com/product-category/others/tcl,23,dom-inspection,TCL 20 5G,https://xcellparts.com/product-category/others/tcl/tcl-series/tcl-20-5g,34,1,34,3,dom-inspection,div#plp-3672-5044 > div.xcell-mm__plp-series > div.xcell-mm__plp-group > div.xcell-mm__plp-thumbs.xcell-mm__plp-thumbs--flat > a.xcell-mm__plp-thumb,https://xcellparts.com/product-category/others/tcl/tcl-series/tcl-20-5g,False,False,2026-09-07T04:40:13+00:00,,,,,
XCell Parts,https://xcellparts.com/,OTHERS,https://xcellparts.com/product-category/others,6,click,TCL,https://xcellparts.com/product-category/others/tcl,23,dom-inspection,TCL 10L / PLEX,https://xcellparts.com/product-category/others/tcl/tcl-series/tcl-10l-plex,35,1,35,3,dom-inspection,div#plp-3672-5044 > div.xcell-mm__plp-series > div.xcell-mm__plp-group > div.xcell-mm__plp-thumbs.xcell-mm__plp-thumbs--flat > a.xcell-mm__plp-thumb,https://xcellparts.com/product-category/others/tcl/tcl-series/tcl-10l-plex,False,False,2026-09-07T04:40:13+00:00,,,,,
XCell Parts,https://xcellparts.com/,OTHERS,https://xcellparts.com/product-category/others,6,click,TCL,https://xcellparts.com/product-category/others/tcl,23,dom-inspection,TCL 10 SE,https://xcellparts.com/product-category/others/tcl/tcl-series/tcl-10-se,36,1,36,3,dom-inspection,div#plp-3672-5044 > div.xcell-mm__plp-series > div.xcell-mm__plp-group > div.xcell-mm__plp-thumbs.xcell-mm__plp-thumbs--flat > a.xcell-mm__plp-thumb,https://xcellparts.com/product-category/others/tcl/tcl-series/tcl-10-se,False,False,2026-09-07T04:40:13+00:00,,,,,
XCell Parts,https://xcellparts.com/,OTHERS,https://xcellparts.com/product-category/others,6,click,TCL,https://xcellparts.com/product-category/others/tcl,23,dom-inspection,TCL 10 PRO,https://xcellparts.com/product-category/others/tcl/tcl-series/tcl-10-pro,37,1,37,3,dom-inspection,div#plp-3672-5044 > div.xcell-mm__plp-series > div.xcell-mm__plp-group > div.xcell-mm__plp-thumbs.xcell-mm__plp-thumbs--flat > a.xcell-mm__plp-thumb,https://xcellparts.com/product-category/others/tcl/tcl-series/tcl-10-pro,False,False,2026-09-07T04:40:13+00:00,,,,,
XCell Parts,https://xcellparts.com/,OTHERS,https://xcellparts.com/product-category/others,6,click,TCL,https://xcellparts.com/product-category/others/tcl,23,dom-inspection,TCL 10 PLUS,https://xcellparts.com/product-category/others/tcl/tcl-series/tcl-10-plus,38,1,38,3,dom-inspection,div#plp-3672-5044 > div.xcell-mm__plp-series > div.xcell-mm__plp-group > div.xcell-mm__plp-thumbs.xcell-mm__plp-thumbs--flat > a.xcell-mm__plp-thumb,https://xcellparts.com/product-category/others/tcl/tcl-series/tcl-10-plus,False,False,2026-09-07T04:40:13+00:00,,,,,
XCell Parts,https://xcellparts.com/,OTHERS,https://xcellparts.com/product-category/others,6,click,TCL,https://xcellparts.com/product-category/others/tcl,23,dom-inspection,TCL 10 LITE,https://xcellparts.com/product-category/others/tcl/tcl-series/tcl-10-lite,39,1,39,3,dom-inspection,div#plp-3672-5044 > div.xcell-mm__plp-series > div.xcell-mm__plp-group > div.xcell-mm__plp-thumbs.xcell-mm__plp-thumbs--flat > a.xcell-mm__plp-thumb,https://xcellparts.com/product-category/others/tcl/tcl-series/tcl-10-lite,False,False,2026-09-07T04:40:13+00:00,,,,,
XCell Parts,https://xcellparts.com/,OTHERS,https://xcellparts.com/product-category/others,6,click,TCL,https://xcellparts.com/product-category/others/tcl,23,dom-inspection,TCL 10 5G UW,https://xcellparts.com/product-category/others/tcl/tcl-series/tcl-10-5g-uw,40,1,40,3,dom-inspection,div#plp-3672-5044 > div.xcell-mm__plp-series > div.xcell-mm__plp-group > div.xcell-mm__plp-thumbs.xcell-mm__plp-thumbs--flat > a.xcell-mm__plp-thumb,https://xcellparts.com/product-category/others/tcl/tcl-series/tcl-10-5g-uw,False,False,2026-09-07T04:40:13+00:00,,,,,
XCell Parts,https://xcellparts.com/,OTHERS,https://xcellparts.com/product-category/others,6,click,TCL,https://xcellparts.com/product-category/others/tcl,23,dom-inspection,TCL 10 5G,https://xcellparts.com/product-category/others/tcl/tcl-series/tcl-10-5g,41,1,41,3,dom-inspection,div#plp-3672-5044 > div.xcell-mm__plp-series > div.xcell-mm__plp-group > div.xcell-mm__plp-thumbs.xcell-mm__plp-thumbs--flat > a.xcell-mm__plp-thumb,https://xcellparts.com/product-category/others/tcl/tcl-series/tcl-10-5g,False,False,2026-09-07T04:40:13+00:00,,,,,
XCell Parts,https://xcellparts.com/,OTHERS,https://xcellparts.com/product-category/others,6,click,TCL,https://xcellparts.com/product-category/others/tcl,23,dom-inspection,TCL TAB SERIES,https://xcellparts.com/product-category/others/tcl/tcl-tab-series,42,1,42,3,dom-inspection,div#plp-3672-5044 > div.xcell-mm__plp-series > div.xcell-mm__plp-group > a.xcell-mm__plp-group-head,https://xcellparts.com/product-category/others/tcl/tcl-tab-series,False,False,2026-09-07T04:40:13+00:00,,,,,
XCell Parts,https://xcellparts.com/,OTHERS,https://xcellparts.com/product-category/others,6,click,TCL,https://xcellparts.com/product-category/others/tcl,23,dom-inspection,TCL TAB 8 LTE,https://xcellparts.com/product-category/others/tcl/tcl-tab-series/tcl-tab-8-lte,43,1,43,3,dom-inspection,div#plp-3672-5044 > div.xcell-mm__plp-series > div.xcell-mm__plp-group > div.xcell-mm__plp-thumbs.xcell-mm__plp-thumbs--flat > a.xcell-mm__plp-thumb,https://xcellparts.com/product-category/others/tcl/tcl-tab-series/tcl-tab-8-lte,False,False,2026-09-07T04:40:13+00:00,,,,,
XCell Parts,https://xcellparts.com/,OTHERS,https://xcellparts.com/product-category/others,6,click,TCL,https://xcellparts.com/product-category/others/tcl,23,dom-inspection,TCL TAB 10 5G,https://xcellparts.com/product-category/others/tcl/tcl-tab-series/tcl-tab-10-5g,44,1,44,3,dom-inspection,div#plp-3672-5044 > div.xcell-mm__plp-series > div.xcell-mm__plp-group > div.xcell-mm__plp-thumbs.xcell-mm__plp-thumbs--flat > a.xcell-mm__plp-thumb,https://xcellparts.com/product-category/others/tcl/tcl-tab-series/tcl-tab-10-5g,False,False,2026-09-07T04:40:13+00:00,,,,,
XCell Parts,https://xcellparts.com/,OTHERS,https://xcellparts.com/product-category/others,6,click,TCL,https://xcellparts.com/product-category/others/tcl,23,dom-inspection,TCL TAB LITE,https://xcellparts.com/product-category/others/tcl/tcl-tab-series/tcl-tab-lite,45,1,45,3,dom-inspection,div#plp-3672-5044 > div.xcell-mm__plp-series > div.xcell-mm__plp-group > div.xcell-mm__plp-thumbs.xcell-mm__plp-thumbs--flat > a.xcell-mm__plp-thumb,https://xcellparts.com/product-category/others/tcl/tcl-tab-series/tcl-tab-lite,False,False,2026-09-07T04:40:13+00:00,,,,,
XCell Parts,https://xcellparts.com/,OTHERS,https://xcellparts.com/product-category/others,6,click,TCL,https://xcellparts.com/product-category/others/tcl,23,dom-inspection,TCL TAB 10S,https://xcellparts.com/product-category/others/tcl/tcl-tab-series/tcl-tab-10s,46,1,46,3,dom-inspection,div#plp-3672-5044 > div.xcell-mm__plp-series > div.xcell-mm__plp-group > div.xcell-mm__plp-thumbs.xcell-mm__plp-thumbs--flat > a.xcell-mm__plp-thumb,https://xcellparts.com/product-category/others/tcl/tcl-tab-series/tcl-tab-10s,False,False,2026-09-07T04:40:13+00:00,,,,,
XCell Parts,https://xcellparts.com/,OTHERS,https://xcellparts.com/product-category/others,6,click,TCL,https://xcellparts.com/product-category/others/tcl,23,dom-inspection,TCL TAB 8 LE,https://xcellparts.com/product-category/others/tcl/tcl-tab-series/tcl-tab-8-le,47,1,47,3,dom-inspection,div#plp-3672-5044 > div.xcell-mm__plp-series > div.xcell-mm__plp-group > div.xcell-mm__plp-thumbs.xcell-mm__plp-thumbs--flat > a.xcell-mm__plp-thumb,https://xcellparts.com/product-category/others/tcl/tcl-tab-series/tcl-tab-8-le,False,False,2026-09-07T04:40:13+00:00,,,,,
XCell Parts,https://xcellparts.com/,OTHERS,https://xcellparts.com/product-category/others,6,click,TCL,https://xcellparts.com/product-category/others/tcl,23,dom-inspection,TCL TAB 8 4G,https://xcellparts.com/product-category/others/tcl/tcl-tab-series/tcl-tab-8-4g,48,1,48,3,dom-inspection,div#plp-3672-5044 > div.xcell-mm__plp-series > div.xcell-mm__plp-group > div.xcell-mm__plp-thumbs.xcell-mm__plp-thumbs--flat > a.xcell-mm__plp-thumb,https://xcellparts.com/product-category/others/tcl/tcl-tab-series/tcl-tab-8-4g,False,False,2026-09-07T04:40:13+00:00,,,,,
XCell Parts,https://xcellparts.com/,OTHERS,https://xcellparts.com/product-category/others,6,click,TCL,https://xcellparts.com/product-category/others/tcl,23,dom-inspection,TCL TAB PRO 5G,https://xcellparts.com/product-category/others/tcl/tcl-tab-series/tcl-tab-pro-5g,49,1,49,3,dom-inspection,div#plp-3672-5044 > div.xcell-mm__plp-series > div.xcell-mm__plp-group > div.xcell-mm__plp-thumbs.xcell-mm__plp-thumbs--flat > a.xcell-mm__plp-thumb,https://xcellparts.com/product-category/others/tcl/tcl-tab-series/tcl-tab-pro-5g,False,False,2026-09-07T04:40:13+00:00,,,,,
XCell Parts,https://xcellparts.com/,OTHERS,https://xcellparts.com/product-category/others,6,click,TECHNO MOBILE,https://xcellparts.com/product-category/others/techno-mobile,24,dom-inspection,SPARK GO (2024),https://xcellparts.com/product-category/others/techno-mobile/spark-go-2024,1,1,1,3,dom-inspection,div#plp-3672-605814 > div.xcell-mm__plp-thumbs.xcell-mm__plp-thumbs--flat > a.xcell-mm__plp-thumb,https://xcellparts.com/product-category/others/techno-mobile/spark-go-2024,False,False,2026-09-07T04:40:13+00:00,,,,,
XCell Parts,https://xcellparts.com/,OTHERS,https://xcellparts.com/product-category/others,6,click,T PHONE,https://xcellparts.com/product-category/others/t-phone,25,dom-inspection,T PHONE SERIES,https://xcellparts.com/product-category/others/t-phone/t-phone-series,1,1,1,3,dom-inspection,div#plp-3672-1032145 > div.xcell-mm__plp-series > div.xcell-mm__plp-group > a.xcell-mm__plp-group-head,https://xcellparts.com/product-category/others/t-phone/t-phone-series,False,False,2026-09-07T04:40:13+00:00,,,,,
XCell Parts,https://xcellparts.com/,OTHERS,https://xcellparts.com/product-category/others,6,click,T PHONE,https://xcellparts.com/product-category/others/t-phone,25,dom-inspection,T PHONE 3 5G (2025),https://xcellparts.com/product-category/others/t-phone/t-phone-series/t-phone-3-5g-2025,2,1,2,3,dom-inspection,div#plp-3672-1032145 > div.xcell-mm__plp-series > div.xcell-mm__plp-group > div.xcell-mm__plp-thumbs.xcell-mm__plp-thumbs--flat > a.xcell-mm__plp-thumb,https://xcellparts.com/product-category/others/t-phone/t-phone-series/t-phone-3-5g-2025,False,False,2026-09-07T04:40:13+00:00,,,,,
XCell Parts,https://xcellparts.com/,OTHERS,https://xcellparts.com/product-category/others,6,click,T PHONE,https://xcellparts.com/product-category/others/t-phone,25,dom-inspection,T PHONE 2 PRO 5G (2024),https://xcellparts.com/product-category/others/t-phone/t-phone-series/t-phone-2-pro-5g-2024,3,1,3,3,dom-inspection,div#plp-3672-1032145 > div.xcell-mm__plp-series > div.xcell-mm__plp-group > div.xcell-mm__plp-thumbs.xcell-mm__plp-thumbs--flat > a.xcell-mm__plp-thumb,https://xcellparts.com/product-category/others/t-phone/t-phone-series/t-phone-2-pro-5g-2024,False,False,2026-09-07T04:40:13+00:00,,,,,
XCell Parts,https://xcellparts.com/,OTHERS,https://xcellparts.com/product-category/others,6,click,VIVO,https://xcellparts.com/product-category/others/vivo,26,dom-inspection,VIVO S,https://xcellparts.com/product-category/others/vivo/vivo-s,1,1,1,3,dom-inspection,div#split-5045-293347 > a.xcell-mm__plp-group-head,https://xcellparts.com/product-category/others/vivo/vivo-s,False,False,2026-09-07T04:40:13+00:00,,,,,
XCell Parts,https://xcellparts.com/,OTHERS,https://xcellparts.com/product-category/others,6,click,VIVO,https://xcellparts.com/product-category/others/vivo,26,dom-inspection,VIVO S1,https://xcellparts.com/product-category/others/vivo/vivo-s/vivo-s1,2,1,2,3,dom-inspection,div#split-5045-293347 > div.xcell-mm__plp-thumbs.xcell-mm__plp-thumbs--flat > a.xcell-mm__plp-thumb,https://xcellparts.com/product-category/others/vivo/vivo-s/vivo-s1,False,False,2026-09-07T04:40:13+00:00,,,,,
XCell Parts,https://xcellparts.com/,OTHERS,https://xcellparts.com/product-category/others,6,click,VIVO,https://xcellparts.com/product-category/others/vivo,26,dom-inspection,VIVO V,https://xcellparts.com/product-category/others/vivo/vivo-v,3,2,1,3,dom-inspection,div#split-5045-293348 > a.xcell-mm__plp-group-head,https://xcellparts.com/product-category/others/vivo/vivo-v,False,False,2026-09-07T04:40:13+00:00,,,,,
XCell Parts,https://xcellparts.com/,OTHERS,https://xcellparts.com/product-category/others,6,click,VIVO,https://xcellparts.com/product-category/others/vivo,26,dom-inspection,VIVO V23,https://xcellparts.com/product-category/others/vivo/vivo-v/vivo-v23,4,2,2,3,dom-inspection,div#split-5045-293348 > div.xcell-mm__plp-thumbs.xcell-mm__plp-thumbs--flat > a.xcell-mm__plp-thumb,https://xcellparts.com/product-category/others/vivo/vivo-v/vivo-v23,False,False,2026-09-07T04:40:13+00:00,,,,,
XCell Parts,https://xcellparts.com/,OTHERS,https://xcellparts.com/product-category/others,6,click,VIVO,https://xcellparts.com/product-category/others/vivo,26,dom-inspection,VIVO V21,https://xcellparts.com/product-category/others/vivo/vivo-v/vivo-v21,5,2,3,3,dom-inspection,div#split-5045-293348 > div.xcell-mm__plp-thumbs.xcell-mm__plp-thumbs--flat > a.xcell-mm__plp-thumb,https://xcellparts.com/product-category/others/vivo/vivo-v/vivo-v21,False,False,2026-09-07T04:40:13+00:00,,,,,
XCell Parts,https://xcellparts.com/,OTHERS,https://xcellparts.com/product-category/others,6,click,VIVO,https://xcellparts.com/product-category/others/vivo,26,dom-inspection,VIVO V20,https://xcellparts.com/product-category/others/vivo/vivo-v/vivo-v20,6,2,4,3,dom-inspection,div#split-5045-293348 > div.xcell-mm__plp-thumbs.xcell-mm__plp-thumbs--flat > a.xcell-mm__plp-thumb,https://xcellparts.com/product-category/others/vivo/vivo-v/vivo-v20,False,False,2026-09-07T04:40:13+00:00,,,,,
XCell Parts,https://xcellparts.com/,OTHERS,https://xcellparts.com/product-category/others,6,click,VIVO,https://xcellparts.com/product-category/others/vivo,26,dom-inspection,VIVO V15 PRO,https://xcellparts.com/product-category/others/vivo/vivo-v/vivo-v15-pro,7,2,5,3,dom-inspection,div#split-5045-293348 > div.xcell-mm__plp-thumbs.xcell-mm__plp-thumbs--flat > a.xcell-mm__plp-thumb,https://xcellparts.com/product-category/others/vivo/vivo-v/vivo-v15-pro,False,False,2026-09-07T04:40:13+00:00,,,,,
XCell Parts,https://xcellparts.com/,OTHERS,https://xcellparts.com/product-category/others,6,click,VIVO,https://xcellparts.com/product-category/others/vivo,26,dom-inspection,VIVO V11 PRO,https://xcellparts.com/product-category/others/vivo/vivo-v/vivo-v11-pro,8,2,6,3,dom-inspection,div#split-5045-293348 > div.xcell-mm__plp-thumbs.xcell-mm__plp-thumbs--flat > a.xcell-mm__plp-thumb,https://xcellparts.com/product-category/others/vivo/vivo-v/vivo-v11-pro,False,False,2026-09-07T04:40:13+00:00,,,,,
XCell Parts,https://xcellparts.com/,OTHERS,https://xcellparts.com/product-category/others,6,click,VIVO,https://xcellparts.com/product-category/others/vivo,26,dom-inspection,VIVO Y,https://xcellparts.com/product-category/others/vivo/vivo-y,9,3,1,3,dom-inspection,div#split-5045-293350 > a.xcell-mm__plp-group-head,https://xcellparts.com/product-category/others/vivo/vivo-y,False,False,2026-09-07T04:40:13+00:00,,,,,
XCell Parts,https://xcellparts.com/,OTHERS,https://xcellparts.com/product-category/others,6,click,VIVO,https://xcellparts.com/product-category/others/vivo,26,dom-inspection,VIVO Y91,https://xcellparts.com/product-category/others/vivo/vivo-y/vivo-y91,10,3,2,3,dom-inspection,div#split-5045-293350 > div.xcell-mm__plp-thumbs.xcell-mm__plp-thumbs--flat > a.xcell-mm__plp-thumb,https://xcellparts.com/product-category/others/vivo/vivo-y/vivo-y91,False,False,2026-09-07T04:40:13+00:00,,,,,
XCell Parts,https://xcellparts.com/,OTHERS,https://xcellparts.com/product-category/others,6,click,VIVO,https://xcellparts.com/product-category/others/vivo,26,dom-inspection,VIVO Y83,https://xcellparts.com/product-category/others/vivo/vivo-y/vivo-y83,11,3,3,3,dom-inspection,div#split-5045-293350 > div.xcell-mm__plp-thumbs.xcell-mm__plp-thumbs--flat > a.xcell-mm__plp-thumb,https://xcellparts.com/product-category/others/vivo/vivo-y/vivo-y83,False,False,2026-09-07T04:40:13+00:00,,,,,
XCell Parts,https://xcellparts.com/,OTHERS,https://xcellparts.com/product-category/others,6,click,VIVO,https://xcellparts.com/product-category/others/vivo,26,dom-inspection,VIVO Y77E,https://xcellparts.com/product-category/others/vivo/vivo-y/vivo-y77e,12,3,4,3,dom-inspection,div#split-5045-293350 > div.xcell-mm__plp-thumbs.xcell-mm__plp-thumbs--flat > a.xcell-mm__plp-thumb,https://xcellparts.com/product-category/others/vivo/vivo-y/vivo-y77e,False,False,2026-09-07T04:40:13+00:00,,,,,
XCell Parts,https://xcellparts.com/,OTHERS,https://xcellparts.com/product-category/others,6,click,VIVO,https://xcellparts.com/product-category/others/vivo,26,dom-inspection,VIVO Y76S,https://xcellparts.com/product-category/others/vivo/vivo-y/vivo-y76s,13,3,5,3,dom-inspection,div#split-5045-293350 > div.xcell-mm__plp-thumbs.xcell-mm__plp-thumbs--flat > a.xcell-mm__plp-thumb,https://xcellparts.com/product-category/others/vivo/vivo-y/vivo-y76s,False,False,2026-09-07T04:40:13+00:00,,,,,
XCell Parts,https://xcellparts.com/,OTHERS,https://xcellparts.com/product-category/others,6,click,VIVO,https://xcellparts.com/product-category/others/vivo,26,dom-inspection,VIVO Y70,https://xcellparts.com/product-category/others/vivo/vivo-y/vivo-y70,14,3,6,3,dom-inspection,div#split-5045-293350 > div.xcell-mm__plp-thumbs.xcell-mm__plp-thumbs--flat > a.xcell-mm__plp-thumb,https://xcellparts.com/product-category/others/vivo/vivo-y/vivo-y70,False,False,2026-09-07T04:40:13+00:00,,,,,
XCell Parts,https://xcellparts.com/,OTHERS,https://xcellparts.com/product-category/others,6,click,VIVO,https://xcellparts.com/product-category/others/vivo,26,dom-inspection,VIVO Y69,https://xcellparts.com/product-category/others/vivo/vivo-y/vivo-y69-vivo-y,15,3,7,3,dom-inspection,div#split-5045-293350 > div.xcell-mm__plp-thumbs.xcell-mm__plp-thumbs--flat > a.xcell-mm__plp-thumb,https://xcellparts.com/product-category/others/vivo/vivo-y/vivo-y69-vivo-y,False,False,2026-09-07T04:40:13+00:00,,,,,
XCell Parts,https://xcellparts.com/,OTHERS,https://xcellparts.com/product-category/others,6,click,VIVO,https://xcellparts.com/product-category/others/vivo,26,dom-inspection,VIVO Y52S,https://xcellparts.com/product-category/others/vivo/vivo-y/vivo-y52s,16,3,8,3,dom-inspection,div#split-5045-293350 > div.xcell-mm__plp-thumbs.xcell-mm__plp-thumbs--flat > a.xcell-mm__plp-thumb,https://xcellparts.com/product-category/others/vivo/vivo-y/vivo-y52s,False,False,2026-09-07T04:40:13+00:00,,,,,
XCell Parts,https://xcellparts.com/,OTHERS,https://xcellparts.com/product-category/others,6,click,VIVO,https://xcellparts.com/product-category/others/vivo,26,dom-inspection,VIVO Y5S,https://xcellparts.com/product-category/others/vivo/vivo-y/vivo-y5s,17,3,9,3,dom-inspection,div#split-5045-293350 > div.xcell-mm__plp-thumbs.xcell-mm__plp-thumbs--flat > a.xcell-mm__plp-thumb,https://xcellparts.com/product-category/others/vivo/vivo-y/vivo-y5s,False,False,2026-09-07T04:40:13+00:00,,,,,
XCell Parts,https://xcellparts.com/,OTHERS,https://xcellparts.com/product-category/others,6,click,VIVO,https://xcellparts.com/product-category/others/vivo,26,dom-inspection,VIVO Y3,https://xcellparts.com/product-category/others/vivo/vivo-y/vivo-y3,18,3,10,3,dom-inspection,div#split-5045-293350 > div.xcell-mm__plp-thumbs.xcell-mm__plp-thumbs--flat > a.xcell-mm__plp-thumb,https://xcellparts.com/product-category/others/vivo/vivo-y/vivo-y3,False,False,2026-09-07T04:40:13+00:00,,,,,
XCell Parts,https://xcellparts.com/,OTHERS,https://xcellparts.com/product-category/others,6,click,VIVO,https://xcellparts.com/product-category/others/vivo,26,dom-inspection,VIVO Y22,https://xcellparts.com/product-category/others/vivo/vivo-y/vivo-y22,19,3,11,3,dom-inspection,div#split-5045-293350 > div.xcell-mm__plp-thumbs.xcell-mm__plp-thumbs--flat > a.xcell-mm__plp-thumb,https://xcellparts.com/product-category/others/vivo/vivo-y/vivo-y22,False,False,2026-09-07T04:40:13+00:00,,,,,
XCell Parts,https://xcellparts.com/,OTHERS,https://xcellparts.com/product-category/others,6,click,VIVO,https://xcellparts.com/product-category/others/vivo,26,dom-inspection,VIVO Y21,https://xcellparts.com/product-category/others/vivo/vivo-y/vivo-y21,20,3,12,3,dom-inspection,div#split-5045-293350 > div.xcell-mm__plp-thumbs.xcell-mm__plp-thumbs--flat > a.xcell-mm__plp-thumb,https://xcellparts.com/product-category/others/vivo/vivo-y/vivo-y21,False,False,2026-09-07T04:40:13+00:00,,,,,
XCell Parts,https://xcellparts.com/,OTHERS,https://xcellparts.com/product-category/others,6,click,VIVO,https://xcellparts.com/product-category/others/vivo,26,dom-inspection,VIVO Y20,https://xcellparts.com/product-category/others/vivo/vivo-y/vivo-y20,21,3,13,3,dom-inspection,div#split-5045-293350 > div.xcell-mm__plp-thumbs.xcell-mm__plp-thumbs--flat > a.xcell-mm__plp-thumb,https://xcellparts.com/product-category/others/vivo/vivo-y/vivo-y20,False,False,2026-09-07T04:40:13+00:00,,,,,
XCell Parts,https://xcellparts.com/,OTHERS,https://xcellparts.com/product-category/others,6,click,VIVO,https://xcellparts.com/product-category/others/vivo,26,dom-inspection,VIVO Y02S,https://xcellparts.com/product-category/others/vivo/vivo-y/vivo-y02s,22,3,14,3,dom-inspection,div#split-5045-293350 > div.xcell-mm__plp-thumbs.xcell-mm__plp-thumbs--flat > a.xcell-mm__plp-thumb,https://xcellparts.com/product-category/others/vivo/vivo-y/vivo-y02s,False,False,2026-09-07T04:40:13+00:00,,,,,
XCell Parts,https://xcellparts.com/,OTHERS,https://xcellparts.com/product-category/others,6,click,WIKO,https://xcellparts.com/product-category/others/wiko,27,dom-inspection,WIKO Y82,https://xcellparts.com/product-category/others/wiko/wiko-y82,1,1,1,3,dom-inspection,div#plp-3672-8510 > div.xcell-mm__plp-thumbs.xcell-mm__plp-thumbs--flat > a.xcell-mm__plp-thumb,https://xcellparts.com/product-category/others/wiko/wiko-y82,False,False,2026-09-07T04:40:13+00:00,,,,,
XCell Parts,https://xcellparts.com/,OTHERS,https://xcellparts.com/product-category/others,6,click,WIKO,https://xcellparts.com/product-category/others/wiko,27,dom-inspection,WIKO Y81,https://xcellparts.com/product-category/others/wiko/wiko-y81,2,1,2,3,dom-inspection,div#plp-3672-8510 > div.xcell-mm__plp-thumbs.xcell-mm__plp-thumbs--flat > a.xcell-mm__plp-thumb,https://xcellparts.com/product-category/others/wiko/wiko-y81,False,False,2026-09-07T04:40:13+00:00,,,,,
XCell Parts,https://xcellparts.com/,OTHERS,https://xcellparts.com/product-category/others,6,click,WIKO,https://xcellparts.com/product-category/others/wiko,27,dom-inspection,WIKO Y80,https://xcellparts.com/product-category/others/wiko/wiko-y80,3,1,3,3,dom-inspection,div#plp-3672-8510 > div.xcell-mm__plp-thumbs.xcell-mm__plp-thumbs--flat > a.xcell-mm__plp-thumb,https://xcellparts.com/product-category/others/wiko/wiko-y80,False,False,2026-09-07T04:40:13+00:00,,,,,
XCell Parts,https://xcellparts.com/,OTHERS,https://xcellparts.com/product-category/others,6,click,WIKO,https://xcellparts.com/product-category/others/wiko,27,dom-inspection,WIKO Y62,https://xcellparts.com/product-category/others/wiko/wiko-y62,4,1,4,3,dom-inspection,div#plp-3672-8510 > div.xcell-mm__plp-thumbs.xcell-mm__plp-thumbs--flat > a.xcell-mm__plp-thumb,https://xcellparts.com/product-category/others/wiko/wiko-y62,False,False,2026-09-07T04:40:13+00:00,,,,,
XCell Parts,https://xcellparts.com/,OTHERS,https://xcellparts.com/product-category/others,6,click,WIKO,https://xcellparts.com/product-category/others/wiko,27,dom-inspection,WIKO Y61,https://xcellparts.com/product-category/others/wiko/wiko-y61,5,1,5,3,dom-inspection,div#plp-3672-8510 > div.xcell-mm__plp-thumbs.xcell-mm__plp-thumbs--flat > a.xcell-mm__plp-thumb,https://xcellparts.com/product-category/others/wiko/wiko-y61,False,False,2026-09-07T04:40:13+00:00,,,,,
XCell Parts,https://xcellparts.com/,OTHERS,https://xcellparts.com/product-category/others,6,click,WIKO,https://xcellparts.com/product-category/others/wiko,27,dom-inspection,WIKO Y60,https://xcellparts.com/product-category/others/wiko/wiko-y60,6,1,6,3,dom-inspection,div#plp-3672-8510 > div.xcell-mm__plp-thumbs.xcell-mm__plp-thumbs--flat > a.xcell-mm__plp-thumb,https://xcellparts.com/product-category/others/wiko/wiko-y60,False,False,2026-09-07T04:40:13+00:00,,,,,
XCell Parts,https://xcellparts.com/,OTHERS,https://xcellparts.com/product-category/others,6,click,WIKO,https://xcellparts.com/product-category/others/wiko,27,dom-inspection,WIKO Y51,https://xcellparts.com/product-category/others/wiko/wiko-y51,7,1,7,3,dom-inspection,div#plp-3672-8510 > div.xcell-mm__plp-thumbs.xcell-mm__plp-thumbs--flat > a.xcell-mm__plp-thumb,https://xcellparts.com/product-category/others/wiko/wiko-y51,False,False,2026-09-07T04:40:13+00:00,,,,,
XCell Parts,https://xcellparts.com/,OTHERS,https://xcellparts.com/product-category/others,6,click,WIKO,https://xcellparts.com/product-category/others/wiko,27,dom-inspection,WIKO Y50,https://xcellparts.com/product-category/others/wiko/wiko-y50,8,1,8,3,dom-inspection,div#plp-3672-8510 > div.xcell-mm__plp-thumbs.xcell-mm__plp-thumbs--flat > a.xcell-mm__plp-thumb,https://xcellparts.com/product-category/others/wiko/wiko-y50,False,False,2026-09-07T04:40:13+00:00,,,,,
XCell Parts,https://xcellparts.com/,OTHERS,https://xcellparts.com/product-category/others,6,click,WIKO,https://xcellparts.com/product-category/others/wiko,27,dom-inspection,WIKO VIEW 5,https://xcellparts.com/product-category/others/wiko/wiko-view-5,9,1,9,3,dom-inspection,div#plp-3672-8510 > div.xcell-mm__plp-thumbs.xcell-mm__plp-thumbs--flat > a.xcell-mm__plp-thumb,https://xcellparts.com/product-category/others/wiko/wiko-view-5,False,False,2026-09-07T04:40:13+00:00,,,,,
XCell Parts,https://xcellparts.com/,OTHERS,https://xcellparts.com/product-category/others,6,click,WIKO,https://xcellparts.com/product-category/others/wiko,27,dom-inspection,WIKO VIEW 4,https://xcellparts.com/product-category/others/wiko/wiko-view-4,10,1,10,3,dom-inspection,div#plp-3672-8510 > div.xcell-mm__plp-thumbs.xcell-mm__plp-thumbs--flat > a.xcell-mm__plp-thumb,https://xcellparts.com/product-category/others/wiko/wiko-view-4,False,False,2026-09-07T04:40:13+00:00,,,,,
XCell Parts,https://xcellparts.com/,OTHERS,https://xcellparts.com/product-category/others,6,click,WIKO,https://xcellparts.com/product-category/others/wiko,27,dom-inspection,WIKO VIEW 3 PRO,https://xcellparts.com/product-category/others/wiko/wiko-view-3-pro,11,1,11,3,dom-inspection,div#plp-3672-8510 > div.xcell-mm__plp-thumbs.xcell-mm__plp-thumbs--flat > a.xcell-mm__plp-thumb,https://xcellparts.com/product-category/others/wiko/wiko-view-3-pro,False,False,2026-09-07T04:40:13+00:00,,,,,
XCell Parts,https://xcellparts.com/,OTHERS,https://xcellparts.com/product-category/others,6,click,WIKO,https://xcellparts.com/product-category/others/wiko,27,dom-inspection,WIKO VIEW 3 LITE,https://xcellparts.com/product-category/others/wiko/wiko-view-3-lite,12,1,12,3,dom-inspection,div#plp-3672-8510 > div.xcell-mm__plp-thumbs.xcell-mm__plp-thumbs--flat > a.xcell-mm__plp-thumb,https://xcellparts.com/product-category/others/wiko/wiko-view-3-lite,False,False,2026-09-07T04:40:13+00:00,,,,,
XCell Parts,https://xcellparts.com/,OTHERS,https://xcellparts.com/product-category/others,6,click,WIKO,https://xcellparts.com/product-category/others/wiko,27,dom-inspection,WIKO VIEW 3,https://xcellparts.com/product-category/others/wiko/wiko-view-3,13,1,13,3,dom-inspection,div#plp-3672-8510 > div.xcell-mm__plp-thumbs.xcell-mm__plp-thumbs--flat > a.xcell-mm__plp-thumb,https://xcellparts.com/product-category/others/wiko/wiko-view-3,False,False,2026-09-07T04:40:13+00:00,,,,,
XCell Parts,https://xcellparts.com/,OTHERS,https://xcellparts.com/product-category/others,6,click,WIKO,https://xcellparts.com/product-category/others/wiko,27,dom-inspection,WIKO VIEW 2 GO,https://xcellparts.com/product-category/others/wiko/wiko-view-2-go,14,1,14,3,dom-inspection,div#plp-3672-8510 > div.xcell-mm__plp-thumbs.xcell-mm__plp-thumbs--flat > a.xcell-mm__plp-thumb,https://xcellparts.com/product-category/others/wiko/wiko-view-2-go,False,False,2026-09-07T04:40:13+00:00,,,,,
XCell Parts,https://xcellparts.com/,OTHERS,https://xcellparts.com/product-category/others,6,click,WIKO,https://xcellparts.com/product-category/others/wiko,27,dom-inspection,WIKO VIEW 2,https://xcellparts.com/product-category/others/wiko/wiko-view-2,15,1,15,3,dom-inspection,div#plp-3672-8510 > div.xcell-mm__plp-thumbs.xcell-mm__plp-thumbs--flat > a.xcell-mm__plp-thumb,https://xcellparts.com/product-category/others/wiko/wiko-view-2,False,False,2026-09-07T04:40:13+00:00,,,,,
XCell Parts,https://xcellparts.com/,OTHERS,https://xcellparts.com/product-category/others,6,click,WIKO,https://xcellparts.com/product-category/others/wiko,27,dom-inspection,WIKO U10,https://xcellparts.com/product-category/others/wiko/wiko-u10,16,1,16,3,dom-inspection,div#plp-3672-8510 > div.xcell-mm__plp-thumbs.xcell-mm__plp-thumbs--flat > a.xcell-mm__plp-thumb,https://xcellparts.com/product-category/others/wiko/wiko-u10,False,False,2026-09-07T04:40:13+00:00,,,,,
XCell Parts,https://xcellparts.com/,OTHERS,https://xcellparts.com/product-category/others,6,click,WIKO,https://xcellparts.com/product-category/others/wiko,27,dom-inspection,WIKO U FEEL,https://xcellparts.com/product-category/others/wiko/wiko-u-feel,17,1,17,3,dom-inspection,div#plp-3672-8510 > div.xcell-mm__plp-thumbs.xcell-mm__plp-thumbs--flat > a.xcell-mm__plp-thumb,https://xcellparts.com/product-category/others/wiko/wiko-u-feel,False,False,2026-09-07T04:40:13+00:00,,,,,
XCell Parts,https://xcellparts.com/,OTHERS,https://xcellparts.com/product-category/others,6,click,WIKO,https://xcellparts.com/product-category/others/wiko,27,dom-inspection,WIKO T50,https://xcellparts.com/product-category/others/wiko/wiko-t50,18,1,18,3,dom-inspection,div#plp-3672-8510 > div.xcell-mm__plp-thumbs.xcell-mm__plp-thumbs--flat > a.xcell-mm__plp-thumb,https://xcellparts.com/product-category/others/wiko/wiko-t50,False,False,2026-09-07T04:40:13+00:00,,,,,
XCell Parts,https://xcellparts.com/,OTHERS,https://xcellparts.com/product-category/others,6,click,WIKO,https://xcellparts.com/product-category/others/wiko,27,dom-inspection,WIKO T10,https://xcellparts.com/product-category/others/wiko/wiko-t10,19,1,19,3,dom-inspection,div#plp-3672-8510 > div.xcell-mm__plp-thumbs.xcell-mm__plp-thumbs--flat > a.xcell-mm__plp-thumb,https://xcellparts.com/product-category/others/wiko/wiko-t10,False,False,2026-09-07T04:40:13+00:00,,,,,
XCell Parts,https://xcellparts.com/,OTHERS,https://xcellparts.com/product-category/others,6,click,WIKO,https://xcellparts.com/product-category/others/wiko,27,dom-inspection,WIKO RIDE 3,https://xcellparts.com/product-category/others/wiko/wiko-ride-3,20,1,20,3,dom-inspection,div#plp-3672-8510 > div.xcell-mm__plp-thumbs.xcell-mm__plp-thumbs--flat > a.xcell-mm__plp-thumb,https://xcellparts.com/product-category/others/wiko/wiko-ride-3,False,False,2026-09-07T04:40:13+00:00,,,,,
XCell Parts,https://xcellparts.com/,OTHERS,https://xcellparts.com/product-category/others,6,click,WIKO,https://xcellparts.com/product-category/others/wiko,27,dom-inspection,WIKO RIDE 2,https://xcellparts.com/product-category/others/wiko/wiko-ride-2,21,1,21,3,dom-inspection,div#plp-3672-8510 > div.xcell-mm__plp-thumbs.xcell-mm__plp-thumbs--flat > a.xcell-mm__plp-thumb,https://xcellparts.com/product-category/others/wiko/wiko-ride-2,False,False,2026-09-07T04:40:13+00:00,,,,,
XCell Parts,https://xcellparts.com/,OTHERS,https://xcellparts.com/product-category/others,6,click,WIKO,https://xcellparts.com/product-category/others/wiko,27,dom-inspection,WIKO VOIX,https://xcellparts.com/product-category/others/wiko/wiko-voix,22,1,22,3,dom-inspection,div#plp-3672-8510 > div.xcell-mm__plp-thumbs.xcell-mm__plp-thumbs--flat > a.xcell-mm__plp-thumb,https://xcellparts.com/product-category/others/wiko/wiko-voix,False,False,2026-09-07T04:40:13+00:00,,,,,
XCell Parts,https://xcellparts.com/,OTHERS,https://xcellparts.com/product-category/others,6,click,WIKO,https://xcellparts.com/product-category/others/wiko,27,dom-inspection,WIKO TOMMY,https://xcellparts.com/product-category/others/wiko/wiko-tommy,23,1,23,3,dom-inspection,div#plp-3672-8510 > div.xcell-mm__plp-thumbs.xcell-mm__plp-thumbs--flat > a.xcell-mm__plp-thumb,https://xcellparts.com/product-category/others/wiko/wiko-tommy,False,False,2026-09-07T04:40:13+00:00,,,,,
XCell Parts,https://xcellparts.com/,OTHERS,https://xcellparts.com/product-category/others,6,click,WIKO,https://xcellparts.com/product-category/others/wiko,27,dom-inspection,WIKO RIDGE,https://xcellparts.com/product-category/others/wiko/wiko-ridge,24,1,24,3,dom-inspection,div#plp-3672-8510 > div.xcell-mm__plp-thumbs.xcell-mm__plp-thumbs--flat > a.xcell-mm__plp-thumb,https://xcellparts.com/product-category/others/wiko/wiko-ridge,False,False,2026-09-07T04:40:13+00:00,,,,,
XCell Parts,https://xcellparts.com/,OTHERS,https://xcellparts.com/product-category/others,6,click,WIKO,https://xcellparts.com/product-category/others/wiko,27,dom-inspection,WIKO LENNY 4 PLUS,https://xcellparts.com/product-category/others/wiko/wiko-lenny-4-plus,25,1,25,3,dom-inspection,div#plp-3672-8510 > div.xcell-mm__plp-thumbs.xcell-mm__plp-thumbs--flat > a.xcell-mm__plp-thumb,https://xcellparts.com/product-category/others/wiko/wiko-lenny-4-plus,False,False,2026-09-07T04:40:13+00:00,,,,,
XCell Parts,https://xcellparts.com/,OTHERS,https://xcellparts.com/product-category/others,6,click,WIKO,https://xcellparts.com/product-category/others/wiko,27,dom-inspection,WIKO 10,https://xcellparts.com/product-category/others/wiko/wiko-10,26,1,26,3,dom-inspection,div#plp-3672-8510 > div.xcell-mm__plp-thumbs.xcell-mm__plp-thumbs--flat > a.xcell-mm__plp-thumb,https://xcellparts.com/product-category/others/wiko/wiko-10,False,False,2026-09-07T04:40:13+00:00,,,,,
XCell Parts,https://xcellparts.com/,OTHERS,https://xcellparts.com/product-category/others,6,click,XIAOMI,https://xcellparts.com/product-category/others/xiaomi,28,dom-inspection,XIAOMI MI SERIES,https://xcellparts.com/product-category/others/xiaomi/xiaomi-mi-series,1,1,1,3,dom-inspection,div#split-5046-5194 > a.xcell-mm__plp-group-head,https://xcellparts.com/product-category/others/xiaomi/xiaomi-mi-series,False,False,2026-09-07T04:40:13+00:00,,,,,
XCell Parts,https://xcellparts.com/,OTHERS,https://xcellparts.com/product-category/others,6,click,XIAOMI,https://xcellparts.com/product-category/others/xiaomi,28,dom-inspection,MI 12X,https://xcellparts.com/product-category/others/xiaomi/xiaomi-mi-series/mi-12x,2,1,2,3,dom-inspection,div#split-5046-5194 > div.xcell-mm__plp-thumbs.xcell-mm__plp-thumbs--flat > a.xcell-mm__plp-thumb,https://xcellparts.com/product-category/others/xiaomi/xiaomi-mi-series/mi-12x,False,False,2026-09-07T04:40:13+00:00,,,,,
XCell Parts,https://xcellparts.com/,OTHERS,https://xcellparts.com/product-category/others,6,click,XIAOMI,https://xcellparts.com/product-category/others/xiaomi,28,dom-inspection,MI 12 PRO,https://xcellparts.com/product-category/others/xiaomi/xiaomi-mi-series/mi-12-pro,3,1,3,3,dom-inspection,div#split-5046-5194 > div.xcell-mm__plp-thumbs.xcell-mm__plp-thumbs--flat > a.xcell-mm__plp-thumb,https://xcellparts.com/product-category/others/xiaomi/xiaomi-mi-series/mi-12-pro,False,False,2026-09-07T04:40:13+00:00,,,,,
XCell Parts,https://xcellparts.com/,OTHERS,https://xcellparts.com/product-category/others,6,click,XIAOMI,https://xcellparts.com/product-category/others/xiaomi,28,dom-inspection,MI 11 PRO,https://xcellparts.com/product-category/others/xiaomi/xiaomi-mi-series/mi-11-pro,4,1,4,3,dom-inspection,div#split-5046-5194 > div.xcell-mm__plp-thumbs.xcell-mm__plp-thumbs--flat > a.xcell-mm__plp-thumb,https://xcellparts.com/product-category/others/xiaomi/xiaomi-mi-series/mi-11-pro,False,False,2026-09-07T04:40:13+00:00,,,,,
XCell Parts,https://xcellparts.com/,OTHERS,https://xcellparts.com/product-category/others,6,click,XIAOMI,https://xcellparts.com/product-category/others/xiaomi,28,dom-inspection,MI 11 LITE,https://xcellparts.com/product-category/others/xiaomi/xiaomi-mi-series/mi-11-lite,5,1,5,3,dom-inspection,div#split-5046-5194 > div.xcell-mm__plp-thumbs.xcell-mm__plp-thumbs--flat > a.xcell-mm__plp-thumb,https://xcellparts.com/product-category/others/xiaomi/xiaomi-mi-series/mi-11-lite,False,False,2026-09-07T04:40:13+00:00,,,,,
XCell Parts,https://xcellparts.com/,OTHERS,https://xcellparts.com/product-category/others,6,click,XIAOMI,https://xcellparts.com/product-category/others/xiaomi,28,dom-inspection,MI 11,https://xcellparts.com/product-category/others/xiaomi/xiaomi-mi-series/mi-11,6,1,6,3,dom-inspection,div#split-5046-5194 > div.xcell-mm__plp-thumbs.xcell-mm__plp-thumbs--flat > a.xcell-mm__plp-thumb,https://xcellparts.com/product-category/others/xiaomi/xiaomi-mi-series/mi-11,False,False,2026-09-07T04:40:13+00:00,,,,,
XCell Parts,https://xcellparts.com/,OTHERS,https://xcellparts.com/product-category/others,6,click,XIAOMI,https://xcellparts.com/product-category/others/xiaomi,28,dom-inspection,MI 10T LITE,https://xcellparts.com/product-category/others/xiaomi/xiaomi-mi-series/mi-10t-lite,7,1,7,3,dom-inspection,div#split-5046-5194 > div.xcell-mm__plp-thumbs.xcell-mm__plp-thumbs--flat > a.xcell-mm__plp-thumb,https://xcellparts.com/product-category/others/xiaomi/xiaomi-mi-series/mi-10t-lite,False,False,2026-09-07T04:40:13+00:00,,,,,
XCell Parts,https://xcellparts.com/,OTHERS,https://xcellparts.com/product-category/others,6,click,XIAOMI,https://xcellparts.com/product-category/others/xiaomi,28,dom-inspection,MI 10 LITE,https://xcellparts.com/product-category/others/xiaomi/xiaomi-mi-series/mi-10-lite,8,1,8,3,dom-inspection,div#split-5046-5194 > div.xcell-mm__plp-thumbs.xcell-mm__plp-thumbs--flat > a.xcell-mm__plp-thumb,https://xcellparts.com/product-category/others/xiaomi/xiaomi-mi-series/mi-10-lite,False,False,2026-09-07T04:40:13+00:00,,,,,
XCell Parts,https://xcellparts.com/,OTHERS,https://xcellparts.com/product-category/others,6,click,XIAOMI,https://xcellparts.com/product-category/others/xiaomi,28,dom-inspection,MI 10,https://xcellparts.com/product-category/others/xiaomi/xiaomi-mi-series/mi-10,9,1,9,3,dom-inspection,div#split-5046-5194 > div.xcell-mm__plp-thumbs.xcell-mm__plp-thumbs--flat > a.xcell-mm__plp-thumb,https://xcellparts.com/product-category/others/xiaomi/xiaomi-mi-series/mi-10,False,False,2026-09-07T04:40:13+00:00,,,,,
XCell Parts,https://xcellparts.com/,OTHERS,https://xcellparts.com/product-category/others,6,click,XIAOMI,https://xcellparts.com/product-category/others/xiaomi,28,dom-inspection,MI 9T,https://xcellparts.com/product-category/others/xiaomi/xiaomi-mi-series/mi-9t,10,1,10,3,dom-inspection,div#split-5046-5194 > div.xcell-mm__plp-thumbs.xcell-mm__plp-thumbs--flat > a.xcell-mm__plp-thumb,https://xcellparts.com/product-category/others/xiaomi/xiaomi-mi-series/mi-9t,False,False,2026-09-07T04:40:13+00:00,,,,,
XCell Parts,https://xcellparts.com/,OTHERS,https://xcellparts.com/product-category/others,6,click,XIAOMI,https://xcellparts.com/product-category/others/xiaomi,28,dom-inspection,MI 9 LITE,https://xcellparts.com/product-category/others/xiaomi/xiaomi-mi-series/mi-9-lite,11,1,11,3,dom-inspection,div#split-5046-5194 > div.xcell-mm__plp-thumbs.xcell-mm__plp-thumbs--flat > a.xcell-mm__plp-thumb,https://xcellparts.com/product-category/others/xiaomi/xiaomi-mi-series/mi-9-lite,False,False,2026-09-07T04:40:13+00:00,,,,,
XCell Parts,https://xcellparts.com/,OTHERS,https://xcellparts.com/product-category/others,6,click,XIAOMI,https://xcellparts.com/product-category/others/xiaomi,28,dom-inspection,MI 9 SE,https://xcellparts.com/product-category/others/xiaomi/xiaomi-mi-series/mi-9-se,12,1,12,3,dom-inspection,div#split-5046-5194 > div.xcell-mm__plp-thumbs.xcell-mm__plp-thumbs--flat > a.xcell-mm__plp-thumb,https://xcellparts.com/product-category/others/xiaomi/xiaomi-mi-series/mi-9-se,False,False,2026-09-07T04:40:13+00:00,,,,,
XCell Parts,https://xcellparts.com/,OTHERS,https://xcellparts.com/product-category/others,6,click,XIAOMI,https://xcellparts.com/product-category/others/xiaomi,28,dom-inspection,MI 9,https://xcellparts.com/product-category/others/xiaomi/xiaomi-mi-series/mi-9,13,1,13,3,dom-inspection,div#split-5046-5194 > div.xcell-mm__plp-thumbs.xcell-mm__plp-thumbs--flat > a.xcell-mm__plp-thumb,https://xcellparts.com/product-category/others/xiaomi/xiaomi-mi-series/mi-9,False,False,2026-09-07T04:40:13+00:00,,,,,
XCell Parts,https://xcellparts.com/,OTHERS,https://xcellparts.com/product-category/others,6,click,XIAOMI,https://xcellparts.com/product-category/others/xiaomi,28,dom-inspection,MI 8 LITE,https://xcellparts.com/product-category/others/xiaomi/xiaomi-mi-series/mi-8-lite,14,1,14,3,dom-inspection,div#split-5046-5194 > div.xcell-mm__plp-thumbs.xcell-mm__plp-thumbs--flat > a.xcell-mm__plp-thumb,https://xcellparts.com/product-category/others/xiaomi/xiaomi-mi-series/mi-8-lite,False,False,2026-09-07T04:40:13+00:00,,,,,
XCell Parts,https://xcellparts.com/,OTHERS,https://xcellparts.com/product-category/others,6,click,XIAOMI,https://xcellparts.com/product-category/others/xiaomi,28,dom-inspection,MI 8,https://xcellparts.com/product-category/others/xiaomi/xiaomi-mi-series/mi-8,15,1,15,3,dom-inspection,div#split-5046-5194 > div.xcell-mm__plp-thumbs.xcell-mm__plp-thumbs--flat > a.xcell-mm__plp-thumb,https://xcellparts.com/product-category/others/xiaomi/xiaomi-mi-series/mi-8,False,False,2026-09-07T04:40:13+00:00,,,,,
XCell Parts,https://xcellparts.com/,OTHERS,https://xcellparts.com/product-category/others,6,click,XIAOMI,https://xcellparts.com/product-category/others/xiaomi,28,dom-inspection,MI 3,https://xcellparts.com/product-category/others/xiaomi/xiaomi-mi-series/mi-3,16,1,16,3,dom-inspection,div#split-5046-5194 > div.xcell-mm__plp-thumbs.xcell-mm__plp-thumbs--flat > a.xcell-mm__plp-thumb,https://xcellparts.com/product-category/others/xiaomi/xiaomi-mi-series/mi-3,False,False,2026-09-07T04:40:13+00:00,,,,,
XCell Parts,https://xcellparts.com/,OTHERS,https://xcellparts.com/product-category/others,6,click,XIAOMI,https://xcellparts.com/product-category/others/xiaomi,28,dom-inspection,MI NOTE 10,https://xcellparts.com/product-category/others/xiaomi/xiaomi-mi-series/mi-note-10,17,1,17,3,dom-inspection,div#split-5046-5194 > div.xcell-mm__plp-thumbs.xcell-mm__plp-thumbs--flat > a.xcell-mm__plp-thumb,https://xcellparts.com/product-category/others/xiaomi/xiaomi-mi-series/mi-note-10,False,False,2026-09-07T04:40:13+00:00,,,,,
XCell Parts,https://xcellparts.com/,OTHERS,https://xcellparts.com/product-category/others,6,click,XIAOMI,https://xcellparts.com/product-category/others/xiaomi,28,dom-inspection,MI MIX 4,https://xcellparts.com/product-category/others/xiaomi/xiaomi-mi-series/mi-mix-4,18,1,18,3,dom-inspection,div#split-5046-5194 > div.xcell-mm__plp-thumbs.xcell-mm__plp-thumbs--flat > a.xcell-mm__plp-thumb,https://xcellparts.com/product-category/others/xiaomi/xiaomi-mi-series/mi-mix-4,False,False,2026-09-07T04:40:13+00:00,,,,,
XCell Parts,https://xcellparts.com/,OTHERS,https://xcellparts.com/product-category/others,6,click,XIAOMI,https://xcellparts.com/product-category/others/xiaomi,28,dom-inspection,MI MIX 3,https://xcellparts.com/product-category/others/xiaomi/xiaomi-mi-series/mi-mix-3,19,1,19,3,dom-inspection,div#split-5046-5194 > div.xcell-mm__plp-thumbs.xcell-mm__plp-thumbs--flat > a.xcell-mm__plp-thumb,https://xcellparts.com/product-category/others/xiaomi/xiaomi-mi-series/mi-mix-3,False,False,2026-09-07T04:40:13+00:00,,,,,
XCell Parts,https://xcellparts.com/,OTHERS,https://xcellparts.com/product-category/others,6,click,XIAOMI,https://xcellparts.com/product-category/others/xiaomi,28,dom-inspection,MI MIX 2,https://xcellparts.com/product-category/others/xiaomi/xiaomi-mi-series/mi-mix-2,20,1,20,3,dom-inspection,div#split-5046-5194 > div.xcell-mm__plp-thumbs.xcell-mm__plp-thumbs--flat > a.xcell-mm__plp-thumb,https://xcellparts.com/product-category/others/xiaomi/xiaomi-mi-series/mi-mix-2,False,False,2026-09-07T04:40:13+00:00,,,,,
XCell Parts,https://xcellparts.com/,OTHERS,https://xcellparts.com/product-category/others,6,click,XIAOMI,https://xcellparts.com/product-category/others/xiaomi,28,dom-inspection,MI MIX / MIX PRO,https://xcellparts.com/product-category/others/xiaomi/xiaomi-mi-series/mi-mix-mix-pro,21,1,21,3,dom-inspection,div#split-5046-5194 > div.xcell-mm__plp-thumbs.xcell-mm__plp-thumbs--flat > a.xcell-mm__plp-thumb,https://xcellparts.com/product-category/others/xiaomi/xiaomi-mi-series/mi-mix-mix-pro,False,False,2026-09-07T04:40:13+00:00,,,,,
XCell Parts,https://xcellparts.com/,OTHERS,https://xcellparts.com/product-category/others,6,click,XIAOMI,https://xcellparts.com/product-category/others/xiaomi,28,dom-inspection,MI MAX 3,https://xcellparts.com/product-category/others/xiaomi/xiaomi-mi-series/mi-max-3,22,1,22,3,dom-inspection,div#split-5046-5194 > div.xcell-mm__plp-thumbs.xcell-mm__plp-thumbs--flat > a.xcell-mm__plp-thumb,https://xcellparts.com/product-category/others/xiaomi/xiaomi-mi-series/mi-max-3,False,False,2026-09-07T04:40:13+00:00,,,,,
XCell Parts,https://xcellparts.com/,OTHERS,https://xcellparts.com/product-category/others,6,click,XIAOMI,https://xcellparts.com/product-category/others/xiaomi,28,dom-inspection,MI MAX 2,https://xcellparts.com/product-category/others/xiaomi/xiaomi-mi-series/mi-max-2,23,1,23,3,dom-inspection,div#split-5046-5194 > div.xcell-mm__plp-thumbs.xcell-mm__plp-thumbs--flat > a.xcell-mm__plp-thumb,https://xcellparts.com/product-category/others/xiaomi/xiaomi-mi-series/mi-max-2,False,False,2026-09-07T04:40:13+00:00,,,,,
XCell Parts,https://xcellparts.com/,OTHERS,https://xcellparts.com/product-category/others,6,click,XIAOMI,https://xcellparts.com/product-category/others/xiaomi,28,dom-inspection,MI A3,https://xcellparts.com/product-category/others/xiaomi/xiaomi-mi-series/mi-a3,24,1,24,3,dom-inspection,div#split-5046-5194 > div.xcell-mm__plp-thumbs.xcell-mm__plp-thumbs--flat > a.xcell-mm__plp-thumb,https://xcellparts.com/product-category/others/xiaomi/xiaomi-mi-series/mi-a3,False,False,2026-09-07T04:40:13+00:00,,,,,
XCell Parts,https://xcellparts.com/,OTHERS,https://xcellparts.com/product-category/others,6,click,XIAOMI,https://xcellparts.com/product-category/others/xiaomi,28,dom-inspection,MI A2,https://xcellparts.com/product-category/others/xiaomi/xiaomi-mi-series/mi-a2,25,1,25,3,dom-inspection,div#split-5046-5194 > div.xcell-mm__plp-thumbs.xcell-mm__plp-thumbs--flat > a.xcell-mm__plp-thumb,https://xcellparts.com/product-category/others/xiaomi/xiaomi-mi-series/mi-a2,False,False,2026-09-07T04:40:13+00:00,,,,,
XCell Parts,https://xcellparts.com/,OTHERS,https://xcellparts.com/product-category/others,6,click,XIAOMI,https://xcellparts.com/product-category/others/xiaomi,28,dom-inspection,MI A1,https://xcellparts.com/product-category/others/xiaomi/xiaomi-mi-series/mi-a1,26,1,26,3,dom-inspection,div#split-5046-5194 > div.xcell-mm__plp-thumbs.xcell-mm__plp-thumbs--flat > a.xcell-mm__plp-thumb,https://xcellparts.com/product-category/others/xiaomi/xiaomi-mi-series/mi-a1,False,False,2026-09-07T04:40:13+00:00,,,,,
XCell Parts,https://xcellparts.com/,OTHERS,https://xcellparts.com/product-category/others,6,click,XIAOMI,https://xcellparts.com/product-category/others/xiaomi,28,dom-inspection,XIAOMI POCO SERIES,https://xcellparts.com/product-category/others/xiaomi/xiaomi-poco-series,27,2,1,3,dom-inspection,div#split-5046-5195 > a.xcell-mm__plp-group-head,https://xcellparts.com/product-category/others/xiaomi/xiaomi-poco-series,False,False,2026-09-07T04:40:13+00:00,,,,,
XCell Parts,https://xcellparts.com/,OTHERS,https://xcellparts.com/product-category/others,6,click,XIAOMI,https://xcellparts.com/product-category/others/xiaomi,28,dom-inspection,POCO M7 PRO 5G,https://xcellparts.com/product-category/others/xiaomi/xiaomi-poco-series/poco-m7-pro-5g,28,2,2,3,dom-inspection,div#split-5046-5195 > div.xcell-mm__plp-thumbs.xcell-mm__plp-thumbs--flat > a.xcell-mm__plp-thumb,https://xcellparts.com/product-category/others/xiaomi/xiaomi-poco-series/poco-m7-pro-5g,False,False,2026-09-07T04:40:13+00:00,,,,,
XCell Parts,https://xcellparts.com/,OTHERS,https://xcellparts.com/product-category/others,6,click,XIAOMI,https://xcellparts.com/product-category/others/xiaomi,28,dom-inspection,POCO M4 PRO 5G,https://xcellparts.com/product-category/others/xiaomi/xiaomi-poco-series/poco-m4-pro-5g,29,2,3,3,dom-inspection,div#split-5046-5195 > div.xcell-mm__plp-thumbs.xcell-mm__plp-thumbs--flat > a.xcell-mm__plp-thumb,https://xcellparts.com/product-category/others/xiaomi/xiaomi-poco-series/poco-m4-pro-5g,False,False,2026-09-07T04:40:13+00:00,,,,,
XCell Parts,https://xcellparts.com/,OTHERS,https://xcellparts.com/product-category/others,6,click,XIAOMI,https://xcellparts.com/product-category/others/xiaomi,28,dom-inspection,POCO M4 PRO 4G,https://xcellparts.com/product-category/others/xiaomi/xiaomi-poco-series/poco-m4-pro-4g,30,2,4,3,dom-inspection,div#split-5046-5195 > div.xcell-mm__plp-thumbs.xcell-mm__plp-thumbs--flat > a.xcell-mm__plp-thumb,https://xcellparts.com/product-category/others/xiaomi/xiaomi-poco-series/poco-m4-pro-4g,False,False,2026-09-07T04:40:13+00:00,,,,,
XCell Parts,https://xcellparts.com/,OTHERS,https://xcellparts.com/product-category/others,6,click,XIAOMI,https://xcellparts.com/product-category/others/xiaomi,28,dom-inspection,POCO F5,https://xcellparts.com/product-category/others/xiaomi/xiaomi-poco-series/poco-f5,31,2,5,3,dom-inspection,div#split-5046-5195 > div.xcell-mm__plp-thumbs.xcell-mm__plp-thumbs--flat > a.xcell-mm__plp-thumb,https://xcellparts.com/product-category/others/xiaomi/xiaomi-poco-series/poco-f5,False,False,2026-09-07T04:40:13+00:00,,,,,
XCell Parts,https://xcellparts.com/,OTHERS,https://xcellparts.com/product-category/others,6,click,XIAOMI,https://xcellparts.com/product-category/others/xiaomi,28,dom-inspection,POCO F2 PRO,https://xcellparts.com/product-category/others/xiaomi/xiaomi-poco-series/poco-f2-pro,32,2,6,3,dom-inspection,div#split-5046-5195 > div.xcell-mm__plp-thumbs.xcell-mm__plp-thumbs--flat > a.xcell-mm__plp-thumb,https://xcellparts.com/product-category/others/xiaomi/xiaomi-poco-series/poco-f2-pro,False,False,2026-09-07T04:40:13+00:00,,,,,
XCell Parts,https://xcellparts.com/,OTHERS,https://xcellparts.com/product-category/others,6,click,XIAOMI,https://xcellparts.com/product-category/others/xiaomi,28,dom-inspection,POCO F2,https://xcellparts.com/product-category/others/xiaomi/xiaomi-poco-series/poco-f2,33,2,7,3,dom-inspection,div#split-5046-5195 > div.xcell-mm__plp-thumbs.xcell-mm__plp-thumbs--flat > a.xcell-mm__plp-thumb,https://xcellparts.com/product-category/others/xiaomi/xiaomi-poco-series/poco-f2,False,False,2026-09-07T04:40:13+00:00,,,,,
XCell Parts,https://xcellparts.com/,OTHERS,https://xcellparts.com/product-category/others,6,click,XIAOMI,https://xcellparts.com/product-category/others/xiaomi,28,dom-inspection,POCO F1,https://xcellparts.com/product-category/others/xiaomi/xiaomi-poco-series/poco-f1,34,2,8,3,dom-inspection,div#split-5046-5195 > div.xcell-mm__plp-thumbs.xcell-mm__plp-thumbs--flat > a.xcell-mm__plp-thumb,https://xcellparts.com/product-category/others/xiaomi/xiaomi-poco-series/poco-f1,False,False,2026-09-07T04:40:13+00:00,,,,,
XCell Parts,https://xcellparts.com/,OTHERS,https://xcellparts.com/product-category/others,6,click,XIAOMI,https://xcellparts.com/product-category/others/xiaomi,28,dom-inspection,POCO X4 PRO 5G,https://xcellparts.com/product-category/others/xiaomi/xiaomi-poco-series/poco-x4-pro-5g,35,2,9,3,dom-inspection,div#split-5046-5195 > div.xcell-mm__plp-thumbs.xcell-mm__plp-thumbs--flat > a.xcell-mm__plp-thumb,https://xcellparts.com/product-category/others/xiaomi/xiaomi-poco-series/poco-x4-pro-5g,False,False,2026-09-07T04:40:13+00:00,,,,,
XCell Parts,https://xcellparts.com/,OTHERS,https://xcellparts.com/product-category/others,6,click,XIAOMI,https://xcellparts.com/product-category/others/xiaomi,28,dom-inspection,POCO X3 GT,https://xcellparts.com/product-category/others/xiaomi/xiaomi-poco-series/poco-x3-gt,36,2,10,3,dom-inspection,div#split-5046-5195 > div.xcell-mm__plp-thumbs.xcell-mm__plp-thumbs--flat > a.xcell-mm__plp-thumb,https://xcellparts.com/product-category/others/xiaomi/xiaomi-poco-series/poco-x3-gt,False,False,2026-09-07T04:40:13+00:00,,,,,
XCell Parts,https://xcellparts.com/,OTHERS,https://xcellparts.com/product-category/others,6,click,XIAOMI,https://xcellparts.com/product-category/others/xiaomi,28,dom-inspection,XIAOMI REDMI NOTE SERIES,https://xcellparts.com/product-category/others/xiaomi/xiaomi-redmi-note-series,37,3,1,3,dom-inspection,div#split-5046-5196 > a.xcell-mm__plp-group-head,https://xcellparts.com/product-category/others/xiaomi/xiaomi-redmi-note-series,False,False,2026-09-07T04:40:13+00:00,,,,,
XCell Parts,https://xcellparts.com/,OTHERS,https://xcellparts.com/product-category/others,6,click,XIAOMI,https://xcellparts.com/product-category/others/xiaomi,28,dom-inspection,REDMI NOTE 14 PRO,https://xcellparts.com/product-category/others/xiaomi/xiaomi-redmi-note-series/redmi-note-14-pro,38,3,2,3,dom-inspection,div#split-5046-5196 > div.xcell-mm__plp-thumbs.xcell-mm__plp-thumbs--flat > a.xcell-mm__plp-thumb,https://xcellparts.com/product-category/others/xiaomi/xiaomi-redmi-note-series/redmi-note-14-pro,False,False,2026-09-07T04:40:13+00:00,,,,,
XCell Parts,https://xcellparts.com/,OTHERS,https://xcellparts.com/product-category/others,6,click,XIAOMI,https://xcellparts.com/product-category/others/xiaomi,28,dom-inspection,REDMI NOTE 13 PRO,https://xcellparts.com/product-category/others/xiaomi/xiaomi-redmi-note-series/redmi-note-13-pro,39,3,3,3,dom-inspection,div#split-5046-5196 > div.xcell-mm__plp-thumbs.xcell-mm__plp-thumbs--flat > a.xcell-mm__plp-thumb,https://xcellparts.com/product-category/others/xiaomi/xiaomi-redmi-note-series/redmi-note-13-pro,False,False,2026-09-07T04:40:13+00:00,,,,,
XCell Parts,https://xcellparts.com/,OTHERS,https://xcellparts.com/product-category/others,6,click,XIAOMI,https://xcellparts.com/product-category/others/xiaomi,28,dom-inspection,REDMI NOTE 13 5G,https://xcellparts.com/product-category/others/xiaomi/xiaomi-redmi-note-series/redmi-note-13-5g,40,3,4,3,dom-inspection,div#split-5046-5196 > div.xcell-mm__plp-thumbs.xcell-mm__plp-thumbs--flat > a.xcell-mm__plp-thumb,https://xcellparts.com/product-category/others/xiaomi/xiaomi-redmi-note-series/redmi-note-13-5g,False,False,2026-09-07T04:40:13+00:00,,,,,
XCell Parts,https://xcellparts.com/,OTHERS,https://xcellparts.com/product-category/others,6,click,XIAOMI,https://xcellparts.com/product-category/others/xiaomi,28,dom-inspection,REDMI NOTE 13 4G,https://xcellparts.com/product-category/others/xiaomi/xiaomi-redmi-note-series/redmi-note-13-4g,41,3,5,3,dom-inspection,div#split-5046-5196 > div.xcell-mm__plp-thumbs.xcell-mm__plp-thumbs--flat > a.xcell-mm__plp-thumb,https://xcellparts.com/product-category/others/xiaomi/xiaomi-redmi-note-series/redmi-note-13-4g,False,False,2026-09-07T04:40:13+00:00,,,,,
XCell Parts,https://xcellparts.com/,OTHERS,https://xcellparts.com/product-category/others,6,click,XIAOMI,https://xcellparts.com/product-category/others/xiaomi,28,dom-inspection,REDMI NOTE 12 PRO,https://xcellparts.com/product-category/others/xiaomi/xiaomi-redmi-note-series/redmi-note-12-pro,42,3,6,3,dom-inspection,div#split-5046-5196 > div.xcell-mm__plp-thumbs.xcell-mm__plp-thumbs--flat > a.xcell-mm__plp-thumb,https://xcellparts.com/product-category/others/xiaomi/xiaomi-redmi-note-series/redmi-note-12-pro,False,False,2026-09-07T04:40:13+00:00,,,,,
XCell Parts,https://xcellparts.com/,OTHERS,https://xcellparts.com/product-category/others,6,click,XIAOMI,https://xcellparts.com/product-category/others/xiaomi,28,dom-inspection,REDMI NOTE 12,https://xcellparts.com/product-category/others/xiaomi/xiaomi-redmi-note-series/redmi-note-12,43,3,7,3,dom-inspection,div#split-5046-5196 > div.xcell-mm__plp-thumbs.xcell-mm__plp-thumbs--flat > a.xcell-mm__plp-thumb,https://xcellparts.com/product-category/others/xiaomi/xiaomi-redmi-note-series/redmi-note-12,False,False,2026-09-07T04:40:13+00:00,,,,,
XCell Parts,https://xcellparts.com/,OTHERS,https://xcellparts.com/product-category/others,6,click,XIAOMI,https://xcellparts.com/product-category/others/xiaomi,28,dom-inspection,REDMI NOTE 11E,https://xcellparts.com/product-category/others/xiaomi/xiaomi-redmi-note-series/redmi-note-11e,44,3,8,3,dom-inspection,div#split-5046-5196 > div.xcell-mm__plp-thumbs.xcell-mm__plp-thumbs--flat > a.xcell-mm__plp-thumb,https://xcellparts.com/product-category/others/xiaomi/xiaomi-redmi-note-series/redmi-note-11e,False,False,2026-09-07T04:40:13+00:00,,,,,
XCell Parts,https://xcellparts.com/,OTHERS,https://xcellparts.com/product-category/others,6,click,XIAOMI,https://xcellparts.com/product-category/others/xiaomi,28,dom-inspection,REDMI NOTE 11T PRO,https://xcellparts.com/product-category/others/xiaomi/xiaomi-redmi-note-series/redmi-note-11t-pro,45,3,9,3,dom-inspection,div#split-5046-5196 > div.xcell-mm__plp-thumbs.xcell-mm__plp-thumbs--flat > a.xcell-mm__plp-thumb,https://xcellparts.com/product-category/others/xiaomi/xiaomi-redmi-note-series/redmi-note-11t-pro,False,False,2026-09-07T04:40:13+00:00,,,,,
XCell Parts,https://xcellparts.com/,OTHERS,https://xcellparts.com/product-category/others,6,click,XIAOMI,https://xcellparts.com/product-category/others/xiaomi,28,dom-inspection,REDMI NOTE 11,https://xcellparts.com/product-category/others/xiaomi/xiaomi-redmi-note-series/redmi-note-11,46,3,10,3,dom-inspection,div#split-5046-5196 > div.xcell-mm__plp-thumbs.xcell-mm__plp-thumbs--flat > a.xcell-mm__plp-thumb,https://xcellparts.com/product-category/others/xiaomi/xiaomi-redmi-note-series/redmi-note-11,False,False,2026-09-07T04:40:13+00:00,,,,,
XCell Parts,https://xcellparts.com/,OTHERS,https://xcellparts.com/product-category/others,6,click,XIAOMI,https://xcellparts.com/product-category/others/xiaomi,28,dom-inspection,REDMI NOTE 10 5G,https://xcellparts.com/product-category/others/xiaomi/xiaomi-redmi-note-series/redmi-note-10-5g,47,3,11,3,dom-inspection,div#split-5046-5196 > div.xcell-mm__plp-thumbs.xcell-mm__plp-thumbs--flat > a.xcell-mm__plp-thumb,https://xcellparts.com/product-category/others/xiaomi/xiaomi-redmi-note-series/redmi-note-10-5g,False,False,2026-09-07T04:40:13+00:00,,,,,
XCell Parts,https://xcellparts.com/,OTHERS,https://xcellparts.com/product-category/others,6,click,XIAOMI,https://xcellparts.com/product-category/others/xiaomi,28,dom-inspection,REDMI NOTE 10S,https://xcellparts.com/product-category/others/xiaomi/xiaomi-redmi-note-series/redmi-note-10s,48,3,12,3,dom-inspection,div#split-5046-5196 > div.xcell-mm__plp-thumbs.xcell-mm__plp-thumbs--flat > a.xcell-mm__plp-thumb,https://xcellparts.com/product-category/others/xiaomi/xiaomi-redmi-note-series/redmi-note-10s,False,False,2026-09-07T04:40:13+00:00,,,,,
XCell Parts,https://xcellparts.com/,OTHERS,https://xcellparts.com/product-category/others,6,click,XIAOMI,https://xcellparts.com/product-category/others/xiaomi,28,dom-inspection,REDMI NOTE 10,https://xcellparts.com/product-category/others/xiaomi/xiaomi-redmi-note-series/redmi-note-10,49,3,13,3,dom-inspection,div#split-5046-5196 > div.xcell-mm__plp-thumbs.xcell-mm__plp-thumbs--flat > a.xcell-mm__plp-thumb,https://xcellparts.com/product-category/others/xiaomi/xiaomi-redmi-note-series/redmi-note-10,False,False,2026-09-07T04:40:13+00:00,,,,,
XCell Parts,https://xcellparts.com/,OTHERS,https://xcellparts.com/product-category/others,6,click,XIAOMI,https://xcellparts.com/product-category/others/xiaomi,28,dom-inspection,REDMI NOTE 9 PRO,https://xcellparts.com/product-category/others/xiaomi/xiaomi-redmi-note-series/redmi-note-9-pro,50,3,14,3,dom-inspection,div#split-5046-5196 > div.xcell-mm__plp-thumbs.xcell-mm__plp-thumbs--flat > a.xcell-mm__plp-thumb,https://xcellparts.com/product-category/others/xiaomi/xiaomi-redmi-note-series/redmi-note-9-pro,False,False,2026-09-07T04:40:13+00:00,,,,,
XCell Parts,https://xcellparts.com/,OTHERS,https://xcellparts.com/product-category/others,6,click,XIAOMI,https://xcellparts.com/product-category/others/xiaomi,28,dom-inspection,REDMI NOTE 9 5G,https://xcellparts.com/product-category/others/xiaomi/xiaomi-redmi-note-series/redmi-note-9-5g,51,3,15,3,dom-inspection,div#split-5046-5196 > div.xcell-mm__plp-thumbs.xcell-mm__plp-thumbs--flat > a.xcell-mm__plp-thumb,https://xcellparts.com/product-category/others/xiaomi/xiaomi-redmi-note-series/redmi-note-9-5g,False,False,2026-09-07T04:40:13+00:00,,,,,
XCell Parts,https://xcellparts.com/,OTHERS,https://xcellparts.com/product-category/others,6,click,XIAOMI,https://xcellparts.com/product-category/others/xiaomi,28,dom-inspection,REDMI NOTE 9 4G,https://xcellparts.com/product-category/others/xiaomi/xiaomi-redmi-note-series/redmi-note-9-4g,52,3,16,3,dom-inspection,div#split-5046-5196 > div.xcell-mm__plp-thumbs.xcell-mm__plp-thumbs--flat > a.xcell-mm__plp-thumb,https://xcellparts.com/product-category/others/xiaomi/xiaomi-redmi-note-series/redmi-note-9-4g,False,False,2026-09-07T04:40:13+00:00,,,,,
XCell Parts,https://xcellparts.com/,OTHERS,https://xcellparts.com/product-category/others,6,click,XIAOMI,https://xcellparts.com/product-category/others/xiaomi,28,dom-inspection,REDMI NOTE 8 PRO,https://xcellparts.com/product-category/others/xiaomi/xiaomi-redmi-note-series/redmi-note-8-pro,53,3,17,3,dom-inspection,div#split-5046-5196 > div.xcell-mm__plp-thumbs.xcell-mm__plp-thumbs--flat > a.xcell-mm__plp-thumb,https://xcellparts.com/product-category/others/xiaomi/xiaomi-redmi-note-series/redmi-note-8-pro,False,False,2026-09-07T04:40:13+00:00,,,,,
XCell Parts,https://xcellparts.com/,OTHERS,https://xcellparts.com/product-category/others,6,click,XIAOMI,https://xcellparts.com/product-category/others/xiaomi,28,dom-inspection,REDMI NOTE 8T,https://xcellparts.com/product-category/others/xiaomi/xiaomi-redmi-note-series/redmi-note-8t,54,3,18,3,dom-inspection,div#split-5046-5196 > div.xcell-mm__plp-thumbs.xcell-mm__plp-thumbs--flat > a.xcell-mm__plp-thumb,https://xcellparts.com/product-category/others/xiaomi/xiaomi-redmi-note-series/redmi-note-8t,False,False,2026-09-07T04:40:13+00:00,,,,,
XCell Parts,https://xcellparts.com/,OTHERS,https://xcellparts.com/product-category/others,6,click,XIAOMI,https://xcellparts.com/product-category/others/xiaomi,28,dom-inspection,REDMI NOTE 8,https://xcellparts.com/product-category/others/xiaomi/xiaomi-redmi-note-series/redmi-note-8,55,3,19,3,dom-inspection,div#split-5046-5196 > div.xcell-mm__plp-thumbs.xcell-mm__plp-thumbs--flat > a.xcell-mm__plp-thumb,https://xcellparts.com/product-category/others/xiaomi/xiaomi-redmi-note-series/redmi-note-8,False,False,2026-09-07T04:40:13+00:00,,,,,
XCell Parts,https://xcellparts.com/,OTHERS,https://xcellparts.com/product-category/others,6,click,XIAOMI,https://xcellparts.com/product-category/others/xiaomi,28,dom-inspection,REDMI NOTE 7 / 7 PRO,https://xcellparts.com/product-category/others/xiaomi/xiaomi-redmi-note-series/redmi-note-7-7-pro,56,3,20,3,dom-inspection,div#split-5046-5196 > div.xcell-mm__plp-thumbs.xcell-mm__plp-thumbs--flat > a.xcell-mm__plp-thumb,https://xcellparts.com/product-category/others/xiaomi/xiaomi-redmi-note-series/redmi-note-7-7-pro,False,False,2026-09-07T04:40:13+00:00,,,,,
XCell Parts,https://xcellparts.com/,OTHERS,https://xcellparts.com/product-category/others,6,click,XIAOMI,https://xcellparts.com/product-category/others/xiaomi,28,dom-inspection,REDMI NOTE 6 PRO,https://xcellparts.com/product-category/others/xiaomi/xiaomi-redmi-note-series/redmi-note-6-pro,57,3,21,3,dom-inspection,div#split-5046-5196 > div.xcell-mm__plp-thumbs.xcell-mm__plp-thumbs--flat > a.xcell-mm__plp-thumb,https://xcellparts.com/product-category/others/xiaomi/xiaomi-redmi-note-series/redmi-note-6-pro,False,False,2026-09-07T04:40:13+00:00,,,,,
XCell Parts,https://xcellparts.com/,OTHERS,https://xcellparts.com/product-category/others,6,click,XIAOMI,https://xcellparts.com/product-category/others/xiaomi,28,dom-inspection,REDMI NOTE 5 PRO,https://xcellparts.com/product-category/others/xiaomi/xiaomi-redmi-note-series/redmi-note-5-pro,58,3,22,3,dom-inspection,div#split-5046-5196 > div.xcell-mm__plp-thumbs.xcell-mm__plp-thumbs--flat > a.xcell-mm__plp-thumb,https://xcellparts.com/product-category/others/xiaomi/xiaomi-redmi-note-series/redmi-note-5-pro,False,False,2026-09-07T04:40:13+00:00,,,,,
XCell Parts,https://xcellparts.com/,OTHERS,https://xcellparts.com/product-category/others,6,click,XIAOMI,https://xcellparts.com/product-category/others/xiaomi,28,dom-inspection,REDMI NOTE 5,https://xcellparts.com/product-category/others/xiaomi/xiaomi-redmi-note-series/redmi-note-5,59,3,23,3,dom-inspection,div#split-5046-5196 > div.xcell-mm__plp-thumbs.xcell-mm__plp-thumbs--flat > a.xcell-mm__plp-thumb,https://xcellparts.com/product-category/others/xiaomi/xiaomi-redmi-note-series/redmi-note-5,False,False,2026-09-07T04:40:13+00:00,,,,,
XCell Parts,https://xcellparts.com/,OTHERS,https://xcellparts.com/product-category/others,6,click,XIAOMI,https://xcellparts.com/product-category/others/xiaomi,28,dom-inspection,REDMI NOTE 4X,https://xcellparts.com/product-category/others/xiaomi/xiaomi-redmi-note-series/redmi-note-4x,60,3,24,3,dom-inspection,div#split-5046-5196 > div.xcell-mm__plp-thumbs.xcell-mm__plp-thumbs--flat > a.xcell-mm__plp-thumb,https://xcellparts.com/product-category/others/xiaomi/xiaomi-redmi-note-series/redmi-note-4x,False,False,2026-09-07T04:40:13+00:00,,,,,
XCell Parts,https://xcellparts.com/,OTHERS,https://xcellparts.com/product-category/others,6,click,XIAOMI,https://xcellparts.com/product-category/others/xiaomi,28,dom-inspection,REDMI NOTE,https://xcellparts.com/product-category/others/xiaomi/xiaomi-redmi-note-series/redmi-note,61,3,25,3,dom-inspection,div#split-5046-5196 > div.xcell-mm__plp-thumbs.xcell-mm__plp-thumbs--flat > a.xcell-mm__plp-thumb,https://xcellparts.com/product-category/others/xiaomi/xiaomi-redmi-note-series/redmi-note,False,False,2026-09-07T04:40:13+00:00,,,,,
XCell Parts,https://xcellparts.com/,OTHERS,https://xcellparts.com/product-category/others,6,click,XIAOMI,https://xcellparts.com/product-category/others/xiaomi,28,dom-inspection,XIAOMI REDMI SERIES,https://xcellparts.com/product-category/others/xiaomi/xiaomi-redmi-series,62,4,1,3,dom-inspection,div#split-5046-5197 > a.xcell-mm__plp-group-head,https://xcellparts.com/product-category/others/xiaomi/xiaomi-redmi-series,False,False,2026-09-07T04:40:13+00:00,,,,,
XCell Parts,https://xcellparts.com/,OTHERS,https://xcellparts.com/product-category/others,6,click,XIAOMI,https://xcellparts.com/product-category/others/xiaomi,28,dom-inspection,REDMI 14C,https://xcellparts.com/product-category/others/xiaomi/xiaomi-redmi-series/redmi-14c,63,4,2,3,dom-inspection,div#split-5046-5197 > div.xcell-mm__plp-thumbs.xcell-mm__plp-thumbs--flat > a.xcell-mm__plp-thumb,https://xcellparts.com/product-category/others/xiaomi/xiaomi-redmi-series/redmi-14c,False,False,2026-09-07T04:40:13+00:00,,,,,
XCell Parts,https://xcellparts.com/,OTHERS,https://xcellparts.com/product-category/others,6,click,XIAOMI,https://xcellparts.com/product-category/others/xiaomi,28,dom-inspection,REDMI 13C,https://xcellparts.com/product-category/others/xiaomi/xiaomi-redmi-series/redmi-13c,64,4,3,3,dom-inspection,div#split-5046-5197 > div.xcell-mm__plp-thumbs.xcell-mm__plp-thumbs--flat > a.xcell-mm__plp-thumb,https://xcellparts.com/product-category/others/xiaomi/xiaomi-redmi-series/redmi-13c,False,False,2026-09-07T04:40:13+00:00,,,,,
XCell Parts,https://xcellparts.com/,OTHERS,https://xcellparts.com/product-category/others,6,click,XIAOMI,https://xcellparts.com/product-category/others/xiaomi,28,dom-inspection,REDMI 12C,https://xcellparts.com/product-category/others/xiaomi/xiaomi-redmi-series/redmi-12c,65,4,4,3,dom-inspection,div#split-5046-5197 > div.xcell-mm__plp-thumbs.xcell-mm__plp-thumbs--flat > a.xcell-mm__plp-thumb,https://xcellparts.com/product-category/others/xiaomi/xiaomi-redmi-series/redmi-12c,False,False,2026-09-07T04:40:13+00:00,,,,,
XCell Parts,https://xcellparts.com/,OTHERS,https://xcellparts.com/product-category/others,6,click,XIAOMI,https://xcellparts.com/product-category/others/xiaomi,28,dom-inspection,REDMI 12,https://xcellparts.com/product-category/others/xiaomi/xiaomi-redmi-series/redmi-12,66,4,5,3,dom-inspection,div#split-5046-5197 > div.xcell-mm__plp-thumbs.xcell-mm__plp-thumbs--flat > a.xcell-mm__plp-thumb,https://xcellparts.com/product-category/others/xiaomi/xiaomi-redmi-series/redmi-12,False,False,2026-09-07T04:40:13+00:00,,,,,
XCell Parts,https://xcellparts.com/,OTHERS,https://xcellparts.com/product-category/others,6,click,XIAOMI,https://xcellparts.com/product-category/others/xiaomi,28,dom-inspection,REDMI 10C,https://xcellparts.com/product-category/others/xiaomi/xiaomi-redmi-series/redmi-10c,67,4,6,3,dom-inspection,div#split-5046-5197 > div.xcell-mm__plp-thumbs.xcell-mm__plp-thumbs--flat > a.xcell-mm__plp-thumb,https://xcellparts.com/product-category/others/xiaomi/xiaomi-redmi-series/redmi-10c,False,False,2026-09-07T04:40:13+00:00,,,,,
XCell Parts,https://xcellparts.com/,OTHERS,https://xcellparts.com/product-category/others,6,click,XIAOMI,https://xcellparts.com/product-category/others/xiaomi,28,dom-inspection,REDMI 10,https://xcellparts.com/product-category/others/xiaomi/xiaomi-redmi-series/redmi-10,68,4,7,3,dom-inspection,div#split-5046-5197 > div.xcell-mm__plp-thumbs.xcell-mm__plp-thumbs--flat > a.xcell-mm__plp-thumb,https://xcellparts.com/product-category/others/xiaomi/xiaomi-redmi-series/redmi-10,False,False,2026-09-07T04:40:13+00:00,,,,,
XCell Parts,https://xcellparts.com/,OTHERS,https://xcellparts.com/product-category/others,6,click,XIAOMI,https://xcellparts.com/product-category/others/xiaomi,28,dom-inspection,REDMI 10X 4G,https://xcellparts.com/product-category/others/xiaomi/xiaomi-redmi-series/redmi-10x-4g,69,4,8,3,dom-inspection,div#split-5046-5197 > div.xcell-mm__plp-thumbs.xcell-mm__plp-thumbs--flat > a.xcell-mm__plp-thumb,https://xcellparts.com/product-category/others/xiaomi/xiaomi-redmi-series/redmi-10x-4g,False,False,2026-09-07T04:40:13+00:00,,,,,
XCell Parts,https://xcellparts.com/,OTHERS,https://xcellparts.com/product-category/others,6,click,XIAOMI,https://xcellparts.com/product-category/others/xiaomi,28,dom-inspection,REDMI 9C / 9A,https://xcellparts.com/product-category/others/xiaomi/xiaomi-redmi-series/redmi-9c-9a,70,4,9,3,dom-inspection,div#split-5046-5197 > div.xcell-mm__plp-thumbs.xcell-mm__plp-thumbs--flat > a.xcell-mm__plp-thumb,https://xcellparts.com/product-category/others/xiaomi/xiaomi-redmi-series/redmi-9c-9a,False,False,2026-09-07T04:40:13+00:00,,,,,
XCell Parts,https://xcellparts.com/,OTHERS,https://xcellparts.com/product-category/others,6,click,XIAOMI,https://xcellparts.com/product-category/others/xiaomi,28,dom-inspection,REDMI 9,https://xcellparts.com/product-category/others/xiaomi/xiaomi-redmi-series/redmi-9,71,4,10,3,dom-inspection,div#split-5046-5197 > div.xcell-mm__plp-thumbs.xcell-mm__plp-thumbs--flat > a.xcell-mm__plp-thumb,https://xcellparts.com/product-category/others/xiaomi/xiaomi-redmi-series/redmi-9,False,False,2026-09-07T04:40:13+00:00,,,,,
XCell Parts,https://xcellparts.com/,OTHERS,https://xcellparts.com/product-category/others,6,click,XIAOMI,https://xcellparts.com/product-category/others/xiaomi,28,dom-inspection,REDMI 8 / 8A,https://xcellparts.com/product-category/others/xiaomi/xiaomi-redmi-series/redmi-8-8a,72,4,11,3,dom-inspection,div#split-5046-5197 > div.xcell-mm__plp-thumbs.xcell-mm__plp-thumbs--flat > a.xcell-mm__plp-thumb,https://xcellparts.com/product-category/others/xiaomi/xiaomi-redmi-series/redmi-8-8a,False,False,2026-09-07T04:40:13+00:00,,,,,
XCell Parts,https://xcellparts.com/,OTHERS,https://xcellparts.com/product-category/others,6,click,XIAOMI,https://xcellparts.com/product-category/others/xiaomi,28,dom-inspection,REDMI 7A,https://xcellparts.com/product-category/others/xiaomi/xiaomi-redmi-series/redmi-7a,73,4,12,3,dom-inspection,div#split-5046-5197 > div.xcell-mm__plp-thumbs.xcell-mm__plp-thumbs--flat > a.xcell-mm__plp-thumb,https://xcellparts.com/product-category/others/xiaomi/xiaomi-redmi-series/redmi-7a,False,False,2026-09-07T04:40:13+00:00,,,,,
XCell Parts,https://xcellparts.com/,OTHERS,https://xcellparts.com/product-category/others,6,click,XIAOMI,https://xcellparts.com/product-category/others/xiaomi,28,dom-inspection,REDMI 7,https://xcellparts.com/product-category/others/xiaomi/xiaomi-redmi-series/redmi-7,74,4,13,3,dom-inspection,div#split-5046-5197 > div.xcell-mm__plp-thumbs.xcell-mm__plp-thumbs--flat > a.xcell-mm__plp-thumb,https://xcellparts.com/product-category/others/xiaomi/xiaomi-redmi-series/redmi-7,False,False,2026-09-07T04:40:13+00:00,,,,,
XCell Parts,https://xcellparts.com/,OTHERS,https://xcellparts.com/product-category/others,6,click,XIAOMI,https://xcellparts.com/product-category/others/xiaomi,28,dom-inspection,REDMI 6,https://xcellparts.com/product-category/others/xiaomi/xiaomi-redmi-series/redmi-6,75,4,14,3,dom-inspection,div#split-5046-5197 > div.xcell-mm__plp-thumbs.xcell-mm__plp-thumbs--flat > a.xcell-mm__plp-thumb,https://xcellparts.com/product-category/others/xiaomi/xiaomi-redmi-series/redmi-6,False,False,2026-09-07T04:40:13+00:00,,,,,
XCell Parts,https://xcellparts.com/,OTHERS,https://xcellparts.com/product-category/others,6,click,XIAOMI,https://xcellparts.com/product-category/others/xiaomi,28,dom-inspection,REDMI 5,https://xcellparts.com/product-category/others/xiaomi/xiaomi-redmi-series/redmi-5,76,4,15,3,dom-inspection,div#split-5046-5197 > div.xcell-mm__plp-thumbs.xcell-mm__plp-thumbs--flat > a.xcell-mm__plp-thumb,https://xcellparts.com/product-category/others/xiaomi/xiaomi-redmi-series/redmi-5,False,False,2026-09-07T04:40:13+00:00,,,,,
XCell Parts,https://xcellparts.com/,OTHERS,https://xcellparts.com/product-category/others,6,click,XIAOMI,https://xcellparts.com/product-category/others/xiaomi,28,dom-inspection,REDMI 3,https://xcellparts.com/product-category/others/xiaomi/xiaomi-redmi-series/redmi-3,77,4,16,3,dom-inspection,div#split-5046-5197 > div.xcell-mm__plp-thumbs.xcell-mm__plp-thumbs--flat > a.xcell-mm__plp-thumb,https://xcellparts.com/product-category/others/xiaomi/xiaomi-redmi-series/redmi-3,False,False,2026-09-07T04:40:13+00:00,,,,,
XCell Parts,https://xcellparts.com/,OTHERS,https://xcellparts.com/product-category/others,6,click,XIAOMI,https://xcellparts.com/product-category/others/xiaomi,28,dom-inspection,REDMI A3,https://xcellparts.com/product-category/others/xiaomi/xiaomi-redmi-series/redmi-a3,78,4,17,3,dom-inspection,div#split-5046-5197 > div.xcell-mm__plp-thumbs.xcell-mm__plp-thumbs--flat > a.xcell-mm__plp-thumb,https://xcellparts.com/product-category/others/xiaomi/xiaomi-redmi-series/redmi-a3,False,False,2026-09-07T04:40:13+00:00,,,,,
XCell Parts,https://xcellparts.com/,OTHERS,https://xcellparts.com/product-category/others,6,click,XIAOMI,https://xcellparts.com/product-category/others/xiaomi,28,dom-inspection,REDMI A2 LITE,https://xcellparts.com/product-category/others/xiaomi/xiaomi-redmi-series/redmi-a2-lite,79,4,18,3,dom-inspection,div#split-5046-5197 > div.xcell-mm__plp-thumbs.xcell-mm__plp-thumbs--flat > a.xcell-mm__plp-thumb,https://xcellparts.com/product-category/others/xiaomi/xiaomi-redmi-series/redmi-a2-lite,False,False,2026-09-07T04:40:13+00:00,,,,,
XCell Parts,https://xcellparts.com/,OTHERS,https://xcellparts.com/product-category/others,6,click,XIAOMI,https://xcellparts.com/product-category/others/xiaomi,28,dom-inspection,REDMI A1,https://xcellparts.com/product-category/others/xiaomi/xiaomi-redmi-series/redmi-a1,80,4,19,3,dom-inspection,div#split-5046-5197 > div.xcell-mm__plp-thumbs.xcell-mm__plp-thumbs--flat > a.xcell-mm__plp-thumb,https://xcellparts.com/product-category/others/xiaomi/xiaomi-redmi-series/redmi-a1,False,False,2026-09-07T04:40:13+00:00,,,,,
XCell Parts,https://xcellparts.com/,OTHERS,https://xcellparts.com/product-category/others,6,click,XIAOMI,https://xcellparts.com/product-category/others/xiaomi,28,dom-inspection,REDMI K70E,https://xcellparts.com/product-category/others/xiaomi/xiaomi-redmi-series/redmi-k70e,81,4,20,3,dom-inspection,div#split-5046-5197 > div.xcell-mm__plp-thumbs.xcell-mm__plp-thumbs--flat > a.xcell-mm__plp-thumb,https://xcellparts.com/product-category/others/xiaomi/xiaomi-redmi-series/redmi-k70e,False,False,2026-09-07T04:40:13+00:00,,,,,
XCell Parts,https://xcellparts.com/,OTHERS,https://xcellparts.com/product-category/others,6,click,XIAOMI,https://xcellparts.com/product-category/others/xiaomi,28,dom-inspection,REDMI K70,https://xcellparts.com/product-category/others/xiaomi/xiaomi-redmi-series/redmi-k70,82,4,21,3,dom-inspection,div#split-5046-5197 > div.xcell-mm__plp-thumbs.xcell-mm__plp-thumbs--flat > a.xcell-mm__plp-thumb,https://xcellparts.com/product-category/others/xiaomi/xiaomi-redmi-series/redmi-k70,False,False,2026-09-07T04:40:13+00:00,,,,,
XCell Parts,https://xcellparts.com/,OTHERS,https://xcellparts.com/product-category/others,6,click,XIAOMI,https://xcellparts.com/product-category/others/xiaomi,28,dom-inspection,REDMI K60,https://xcellparts.com/product-category/others/xiaomi/xiaomi-redmi-series/redmi-k60,83,4,22,3,dom-inspection,div#split-5046-5197 > div.xcell-mm__plp-thumbs.xcell-mm__plp-thumbs--flat > a.xcell-mm__plp-thumb,https://xcellparts.com/product-category/others/xiaomi/xiaomi-redmi-series/redmi-k60,False,False,2026-09-07T04:40:13+00:00,,,,,
XCell Parts,https://xcellparts.com/,OTHERS,https://xcellparts.com/product-category/others,6,click,XIAOMI,https://xcellparts.com/product-category/others/xiaomi,28,dom-inspection,REDMI K50 ULTRA,https://xcellparts.com/product-category/others/xiaomi/xiaomi-redmi-series/redmi-k50-ultra,84,4,23,3,dom-inspection,div#split-5046-5197 > div.xcell-mm__plp-thumbs.xcell-mm__plp-thumbs--flat > a.xcell-mm__plp-thumb,https://xcellparts.com/product-category/others/xiaomi/xiaomi-redmi-series/redmi-k50-ultra,False,False,2026-09-07T04:40:13+00:00,,,,,
XCell Parts,https://xcellparts.com/,OTHERS,https://xcellparts.com/product-category/others,6,click,XIAOMI,https://xcellparts.com/product-category/others/xiaomi,28,dom-inspection,REDMI K50,https://xcellparts.com/product-category/others/xiaomi/xiaomi-redmi-series/redmi-k50,85,4,24,3,dom-inspection,div#split-5046-5197 > div.xcell-mm__plp-thumbs.xcell-mm__plp-thumbs--flat > a.xcell-mm__plp-thumb,https://xcellparts.com/product-category/others/xiaomi/xiaomi-redmi-series/redmi-k50,False,False,2026-09-07T04:40:13+00:00,,,,,
XCell Parts,https://xcellparts.com/,OTHERS,https://xcellparts.com/product-category/others,6,click,XIAOMI,https://xcellparts.com/product-category/others/xiaomi,28,dom-inspection,REDMI K50 GAMING,https://xcellparts.com/product-category/others/xiaomi/xiaomi-redmi-series/redmi-k50-gaming,86,4,25,3,dom-inspection,div#split-5046-5197 > div.xcell-mm__plp-thumbs.xcell-mm__plp-thumbs--flat > a.xcell-mm__plp-thumb,https://xcellparts.com/product-category/others/xiaomi/xiaomi-redmi-series/redmi-k50-gaming,False,False,2026-09-07T04:40:13+00:00,,,,,
XCell Parts,https://xcellparts.com/,OTHERS,https://xcellparts.com/product-category/others,6,click,XIAOMI,https://xcellparts.com/product-category/others/xiaomi,28,dom-inspection,REDMI K40,https://xcellparts.com/product-category/others/xiaomi/xiaomi-redmi-series/redmi-k40,87,4,26,3,dom-inspection,div#split-5046-5197 > div.xcell-mm__plp-thumbs.xcell-mm__plp-thumbs--flat > a.xcell-mm__plp-thumb,https://xcellparts.com/product-category/others/xiaomi/xiaomi-redmi-series/redmi-k40,False,False,2026-09-07T04:40:13+00:00,,,,,
XCell Parts,https://xcellparts.com/,OTHERS,https://xcellparts.com/product-category/others,6,click,XIAOMI,https://xcellparts.com/product-category/others/xiaomi,28,dom-inspection,REDMI K30S,https://xcellparts.com/product-category/others/xiaomi/xiaomi-redmi-series/redmi-k30s,88,4,27,3,dom-inspection,div#split-5046-5197 > div.xcell-mm__plp-thumbs.xcell-mm__plp-thumbs--flat > a.xcell-mm__plp-thumb,https://xcellparts.com/product-category/others/xiaomi/xiaomi-redmi-series/redmi-k30s,False,False,2026-09-07T04:40:13+00:00,,,,,
XCell Parts,https://xcellparts.com/,OTHERS,https://xcellparts.com/product-category/others,6,click,XIAOMI,https://xcellparts.com/product-category/others/xiaomi,28,dom-inspection,XIAOMI OTHER,https://xcellparts.com/product-category/others/xiaomi/xiaomi-other,89,5,1,3,dom-inspection,div#split-5046-84852 > a.xcell-mm__plp-group-head,https://xcellparts.com/product-category/others/xiaomi/xiaomi-other,False,False,2026-09-07T04:40:13+00:00,,,,,
XCell Parts,https://xcellparts.com/,OTHERS,https://xcellparts.com/product-category/others,6,click,XIAOMI,https://xcellparts.com/product-category/others/xiaomi,28,dom-inspection,4A,https://xcellparts.com/product-category/others/xiaomi/xiaomi-other/4a,90,5,2,3,dom-inspection,div#split-5046-84852 > div.xcell-mm__plp-thumbs.xcell-mm__plp-thumbs--flat > a.xcell-mm__plp-thumb,https://xcellparts.com/product-category/others/xiaomi/xiaomi-other/4a,False,False,2026-09-07T04:40:13+00:00,,,,,
XCell Parts,https://xcellparts.com/,OTHERS,https://xcellparts.com/product-category/others,6,click,XIAOMI,https://xcellparts.com/product-category/others/xiaomi,28,dom-inspection,5A,https://xcellparts.com/product-category/others/xiaomi/xiaomi-other/5a,91,5,3,3,dom-inspection,div#split-5046-84852 > div.xcell-mm__plp-thumbs.xcell-mm__plp-thumbs--flat > a.xcell-mm__plp-thumb,https://xcellparts.com/product-category/others/xiaomi/xiaomi-other/5a,False,False,2026-09-07T04:40:13+00:00,,,,,
XCell Parts,https://xcellparts.com/,OTHERS,https://xcellparts.com/product-category/others,6,click,XIAOMI,https://xcellparts.com/product-category/others/xiaomi,28,dom-inspection,5P,https://xcellparts.com/product-category/others/xiaomi/xiaomi-other/5p,92,5,4,3,dom-inspection,div#split-5046-84852 > div.xcell-mm__plp-thumbs.xcell-mm__plp-thumbs--flat > a.xcell-mm__plp-thumb,https://xcellparts.com/product-category/others/xiaomi/xiaomi-other/5p,False,False,2026-09-07T04:40:13+00:00,,,,,
XCell Parts,https://xcellparts.com/,OTHERS,https://xcellparts.com/product-category/others,6,click,XIAOMI,https://xcellparts.com/product-category/others/xiaomi,28,dom-inspection,S2,https://xcellparts.com/product-category/others/xiaomi/xiaomi-other/s2,93,5,5,3,dom-inspection,div#split-5046-84852 > div.xcell-mm__plp-thumbs.xcell-mm__plp-thumbs--flat > a.xcell-mm__plp-thumb,https://xcellparts.com/product-category/others/xiaomi/xiaomi-other/s2,False,False,2026-09-07T04:40:13+00:00,,,,,
XCell Parts,https://xcellparts.com/,OTHERS,https://xcellparts.com/product-category/others,6,click,XIAOMI,https://xcellparts.com/product-category/others/xiaomi,28,dom-inspection,CIVI,https://xcellparts.com/product-category/others/xiaomi/xiaomi-other/civi,94,5,6,3,dom-inspection,div#split-5046-84852 > div.xcell-mm__plp-thumbs.xcell-mm__plp-thumbs--flat > a.xcell-mm__plp-thumb,https://xcellparts.com/product-category/others/xiaomi/xiaomi-other/civi,False,False,2026-09-07T04:40:13+00:00,,,,,
XCell Parts,https://xcellparts.com/,OTHERS,https://xcellparts.com/product-category/others,6,click,XIAOMI,https://xcellparts.com/product-category/others/xiaomi,28,dom-inspection,XIAOMI SERIES,https://xcellparts.com/product-category/others/xiaomi/xiaomi-series,95,6,1,3,dom-inspection,div#split-5046-84853 > a.xcell-mm__plp-group-head,https://xcellparts.com/product-category/others/xiaomi/xiaomi-series,False,False,2026-09-07T04:40:13+00:00,,,,,
XCell Parts,https://xcellparts.com/,OTHERS,https://xcellparts.com/product-category/others,6,click,XIAOMI,https://xcellparts.com/product-category/others/xiaomi,28,dom-inspection,14T,https://xcellparts.com/product-category/others/xiaomi/xiaomi-series/14t,96,6,2,3,dom-inspection,div#split-5046-84853 > div.xcell-mm__plp-thumbs.xcell-mm__plp-thumbs--flat > a.xcell-mm__plp-thumb,https://xcellparts.com/product-category/others/xiaomi/xiaomi-series/14t,False,False,2026-09-07T04:40:13+00:00,,,,,
XCell Parts,https://xcellparts.com/,OTHERS,https://xcellparts.com/product-category/others,6,click,XIAOMI,https://xcellparts.com/product-category/others/xiaomi,28,dom-inspection,14 ULTRA,https://xcellparts.com/product-category/others/xiaomi/xiaomi-series/14-ultra,97,6,3,3,dom-inspection,div#split-5046-84853 > div.xcell-mm__plp-thumbs.xcell-mm__plp-thumbs--flat > a.xcell-mm__plp-thumb,https://xcellparts.com/product-category/others/xiaomi/xiaomi-series/14-ultra,False,False,2026-09-07T04:40:13+00:00,,,,,
XCell Parts,https://xcellparts.com/,OTHERS,https://xcellparts.com/product-category/others,6,click,XIAOMI,https://xcellparts.com/product-category/others/xiaomi,28,dom-inspection,14 PRO,https://xcellparts.com/product-category/others/xiaomi/xiaomi-series/14-pro,98,6,4,3,dom-inspection,div#split-5046-84853 > div.xcell-mm__plp-thumbs.xcell-mm__plp-thumbs--flat > a.xcell-mm__plp-thumb,https://xcellparts.com/product-category/others/xiaomi/xiaomi-series/14-pro,False,False,2026-09-07T04:40:13+00:00,,,,,
XCell Parts,https://xcellparts.com/,OTHERS,https://xcellparts.com/product-category/others,6,click,XIAOMI,https://xcellparts.com/product-category/others/xiaomi,28,dom-inspection,14,https://xcellparts.com/product-category/others/xiaomi/xiaomi-series/14,99,6,5,3,dom-inspection,div#split-5046-84853 > div.xcell-mm__plp-thumbs.xcell-mm__plp-thumbs--flat > a.xcell-mm__plp-thumb,https://xcellparts.com/product-category/others/xiaomi/xiaomi-series/14,False,False,2026-09-07T04:40:13+00:00,,,,,
XCell Parts,https://xcellparts.com/,OTHERS,https://xcellparts.com/product-category/others,6,click,XIAOMI,https://xcellparts.com/product-category/others/xiaomi,28,dom-inspection,13T,https://xcellparts.com/product-category/others/xiaomi/xiaomi-series/13t,100,6,6,3,dom-inspection,div#split-5046-84853 > div.xcell-mm__plp-thumbs.xcell-mm__plp-thumbs--flat > a.xcell-mm__plp-thumb,https://xcellparts.com/product-category/others/xiaomi/xiaomi-series/13t,False,False,2026-09-07T04:40:13+00:00,,,,,
XCell Parts,https://xcellparts.com/,OTHERS,https://xcellparts.com/product-category/others,6,click,XIAOMI,https://xcellparts.com/product-category/others/xiaomi,28,dom-inspection,13 ULTRA,https://xcellparts.com/product-category/others/xiaomi/xiaomi-series/13-ultra,101,6,7,3,dom-inspection,div#split-5046-84853 > div.xcell-mm__plp-thumbs.xcell-mm__plp-thumbs--flat > a.xcell-mm__plp-thumb,https://xcellparts.com/product-category/others/xiaomi/xiaomi-series/13-ultra,False,False,2026-09-07T04:40:13+00:00,,,,,
XCell Parts,https://xcellparts.com/,OTHERS,https://xcellparts.com/product-category/others,6,click,XIAOMI,https://xcellparts.com/product-category/others/xiaomi,28,dom-inspection,13 PRO,https://xcellparts.com/product-category/others/xiaomi/xiaomi-series/13-pro,102,6,8,3,dom-inspection,div#split-5046-84853 > div.xcell-mm__plp-thumbs.xcell-mm__plp-thumbs--flat > a.xcell-mm__plp-thumb,https://xcellparts.com/product-category/others/xiaomi/xiaomi-series/13-pro,False,False,2026-09-07T04:40:13+00:00,,,,,
XCell Parts,https://xcellparts.com/,OTHERS,https://xcellparts.com/product-category/others,6,click,XIAOMI,https://xcellparts.com/product-category/others/xiaomi,28,dom-inspection,13 LITE,https://xcellparts.com/product-category/others/xiaomi/xiaomi-series/13-lite,103,6,9,3,dom-inspection,div#split-5046-84853 > div.xcell-mm__plp-thumbs.xcell-mm__plp-thumbs--flat > a.xcell-mm__plp-thumb,https://xcellparts.com/product-category/others/xiaomi/xiaomi-series/13-lite,False,False,2026-09-07T04:40:13+00:00,,,,,
XCell Parts,https://xcellparts.com/,OTHERS,https://xcellparts.com/product-category/others,6,click,XIAOMI,https://xcellparts.com/product-category/others/xiaomi,28,dom-inspection,13,https://xcellparts.com/product-category/others/xiaomi/xiaomi-series/13,104,6,10,3,dom-inspection,div#split-5046-84853 > div.xcell-mm__plp-thumbs.xcell-mm__plp-thumbs--flat > a.xcell-mm__plp-thumb,https://xcellparts.com/product-category/others/xiaomi/xiaomi-series/13,False,False,2026-09-07T04:40:13+00:00,,,,,
XCell Parts,https://xcellparts.com/,OTHERS,https://xcellparts.com/product-category/others,6,click,XIAOMI,https://xcellparts.com/product-category/others/xiaomi,28,dom-inspection,12S ULTRA,https://xcellparts.com/product-category/others/xiaomi/xiaomi-series/12s-ultra,105,6,11,3,dom-inspection,div#split-5046-84853 > div.xcell-mm__plp-thumbs.xcell-mm__plp-thumbs--flat > a.xcell-mm__plp-thumb,https://xcellparts.com/product-category/others/xiaomi/xiaomi-series/12s-ultra,False,False,2026-09-07T04:40:13+00:00,,,,,
XCell Parts,https://xcellparts.com/,OTHERS,https://xcellparts.com/product-category/others,6,click,XIAOMI,https://xcellparts.com/product-category/others/xiaomi,28,dom-inspection,12 LITE,https://xcellparts.com/product-category/others/xiaomi/xiaomi-series/12-lite,106,6,12,3,dom-inspection,div#split-5046-84853 > div.xcell-mm__plp-thumbs.xcell-mm__plp-thumbs--flat > a.xcell-mm__plp-thumb,https://xcellparts.com/product-category/others/xiaomi/xiaomi-series/12-lite,False,False,2026-09-07T04:40:13+00:00,,,,,
XCell Parts,https://xcellparts.com/,OTHERS,https://xcellparts.com/product-category/others,6,click,XIAOMI,https://xcellparts.com/product-category/others/xiaomi,28,dom-inspection,12,https://xcellparts.com/product-category/others/xiaomi/xiaomi-series/12,107,6,13,3,dom-inspection,div#split-5046-84853 > div.xcell-mm__plp-thumbs.xcell-mm__plp-thumbs--flat > a.xcell-mm__plp-thumb,https://xcellparts.com/product-category/others/xiaomi/xiaomi-series/12,False,False,2026-09-07T04:40:13+00:00,,,,,
XCell Parts,https://xcellparts.com/,OTHERS,https://xcellparts.com/product-category/others,6,click,XIAOMI,https://xcellparts.com/product-category/others/xiaomi,28,dom-inspection,11T,https://xcellparts.com/product-category/others/xiaomi/xiaomi-series/11t,108,6,14,3,dom-inspection,div#split-5046-84853 > div.xcell-mm__plp-thumbs.xcell-mm__plp-thumbs--flat > a.xcell-mm__plp-thumb,https://xcellparts.com/product-category/others/xiaomi/xiaomi-series/11t,False,False,2026-09-07T04:40:13+00:00,,,,,
XCell Parts,https://xcellparts.com/,OTHERS,https://xcellparts.com/product-category/others,6,click,ZEBRA,https://xcellparts.com/product-category/others/zebra,29,dom-inspection,ZEBRA,https://xcellparts.com/product-category/others/zebra/zebra-zebra,1,1,1,3,dom-inspection,div#plp-3672-660961 > div.xcell-mm__plp-series > div.xcell-mm__plp-group > a.xcell-mm__plp-group-head,https://xcellparts.com/product-category/others/zebra/zebra-zebra,False,False,2026-09-07T04:40:13+00:00,,,,,
XCell Parts,https://xcellparts.com/,OTHERS,https://xcellparts.com/product-category/others,6,click,ZEBRA,https://xcellparts.com/product-category/others/zebra,29,dom-inspection,ZEBRA TC 53,https://xcellparts.com/product-category/others/zebra/zebra-zebra/zebra-tc-53,2,1,2,3,dom-inspection,div#plp-3672-660961 > div.xcell-mm__plp-series > div.xcell-mm__plp-group > div.xcell-mm__plp-thumbs.xcell-mm__plp-thumbs--flat > a.xcell-mm__plp-thumb,https://xcellparts.com/product-category/others/zebra/zebra-zebra/zebra-tc-53,False,False,2026-09-07T04:40:13+00:00,,,,,
XCell Parts,https://xcellparts.com/,OTHERS,https://xcellparts.com/product-category/others,6,click,ZTE,https://xcellparts.com/product-category/others/zte,30,dom-inspection,ZTE AXON SERIES,https://xcellparts.com/product-category/others/zte/zte-axon-series,1,1,1,3,dom-inspection,div#split-5047-5198 > a.xcell-mm__plp-group-head,https://xcellparts.com/product-category/others/zte/zte-axon-series,False,False,2026-09-07T04:40:13+00:00,,,,,
XCell Parts,https://xcellparts.com/,OTHERS,https://xcellparts.com/product-category/others,6,click,ZTE,https://xcellparts.com/product-category/others/zte,30,dom-inspection,AXON 10 PRO,https://xcellparts.com/product-category/others/zte/zte-axon-series/axon-10-pro,2,1,2,3,dom-inspection,div#split-5047-5198 > div.xcell-mm__plp-thumbs.xcell-mm__plp-thumbs--flat > a.xcell-mm__plp-thumb,https://xcellparts.com/product-category/others/zte/zte-axon-series/axon-10-pro,False,False,2026-09-07T04:40:13+00:00,,,,,
XCell Parts,https://xcellparts.com/,OTHERS,https://xcellparts.com/product-category/others,6,click,ZTE,https://xcellparts.com/product-category/others/zte,30,dom-inspection,AXON PRO,https://xcellparts.com/product-category/others/zte/zte-axon-series/axon-pro,3,1,3,3,dom-inspection,div#split-5047-5198 > div.xcell-mm__plp-thumbs.xcell-mm__plp-thumbs--flat > a.xcell-mm__plp-thumb,https://xcellparts.com/product-category/others/zte/zte-axon-series/axon-pro,False,False,2026-09-07T04:40:13+00:00,,,,,
XCell Parts,https://xcellparts.com/,OTHERS,https://xcellparts.com/product-category/others,6,click,ZTE,https://xcellparts.com/product-category/others/zte,30,dom-inspection,ZTE BLADE,https://xcellparts.com/product-category/others/zte/zte-blade,4,2,1,3,dom-inspection,div#split-5047-5199 > a.xcell-mm__plp-group-head,https://xcellparts.com/product-category/others/zte/zte-blade,False,False,2026-09-07T04:40:13+00:00,,,,,
XCell Parts,https://xcellparts.com/,OTHERS,https://xcellparts.com/product-category/others,6,click,ZTE,https://xcellparts.com/product-category/others/zte,30,dom-inspection,BLADE (L210 / 2020),https://xcellparts.com/product-category/others/zte/zte-blade/blade-l210-2020,5,2,2,3,dom-inspection,div#split-5047-5199 > div.xcell-mm__plp-thumbs.xcell-mm__plp-thumbs--flat > a.xcell-mm__plp-thumb,https://xcellparts.com/product-category/others/zte/zte-blade/blade-l210-2020,False,False,2026-09-07T04:40:13+00:00,,,,,
XCell Parts,https://xcellparts.com/,OTHERS,https://xcellparts.com/product-category/others,6,click,ZTE,https://xcellparts.com/product-category/others/zte,30,dom-inspection,BLADE A71 (A7030),https://xcellparts.com/product-category/others/zte/zte-blade/blade-a71-a7030,6,2,3,3,dom-inspection,div#split-5047-5199 > div.xcell-mm__plp-thumbs.xcell-mm__plp-thumbs--flat > a.xcell-mm__plp-thumb,https://xcellparts.com/product-category/others/zte/zte-blade/blade-a71-a7030,False,False,2026-09-07T04:40:13+00:00,,,,,
XCell Parts,https://xcellparts.com/,OTHERS,https://xcellparts.com/product-category/others,6,click,ZTE,https://xcellparts.com/product-category/others/zte,30,dom-inspection,BLADE A7 (Z6201 / 2020),https://xcellparts.com/product-category/others/zte/zte-blade/blade-a7-z6201-2020,7,2,4,3,dom-inspection,div#split-5047-5199 > div.xcell-mm__plp-thumbs.xcell-mm__plp-thumbs--flat > a.xcell-mm__plp-thumb,https://xcellparts.com/product-category/others/zte/zte-blade/blade-a7-z6201-2020,False,False,2026-09-07T04:40:13+00:00,,,,,
XCell Parts,https://xcellparts.com/,OTHERS,https://xcellparts.com/product-category/others,6,click,ZTE,https://xcellparts.com/product-category/others/zte,30,dom-inspection,BLADE A6 (A0620 / 2010),https://xcellparts.com/product-category/others/zte/zte-blade/blade-a6-a0620-2010,8,2,5,3,dom-inspection,div#split-5047-5199 > div.xcell-mm__plp-thumbs.xcell-mm__plp-thumbs--flat > a.xcell-mm__plp-thumb,https://xcellparts.com/product-category/others/zte/zte-blade/blade-a6-a0620-2010,False,False,2026-09-07T04:40:13+00:00,,,,,
XCell Parts,https://xcellparts.com/,OTHERS,https://xcellparts.com/product-category/others,6,click,ZTE,https://xcellparts.com/product-category/others/zte,30,dom-inspection,BLADE MAX VIEW (Z610 / 2019),https://xcellparts.com/product-category/others/zte/zte-blade/blade-max-view-z610-2019,9,2,6,3,dom-inspection,div#split-5047-5199 > div.xcell-mm__plp-thumbs.xcell-mm__plp-thumbs--flat > a.xcell-mm__plp-thumb,https://xcellparts.com/product-category/others/zte/zte-blade/blade-max-view-z610-2019,False,False,2026-09-07T04:40:13+00:00,,,,,
XCell Parts,https://xcellparts.com/,OTHERS,https://xcellparts.com/product-category/others,6,click,ZTE,https://xcellparts.com/product-category/others/zte,30,dom-inspection,BLADE MAX 3 (Z986),https://xcellparts.com/product-category/others/zte/zte-blade/blade-max-3-z986,10,2,7,3,dom-inspection,div#split-5047-5199 > div.xcell-mm__plp-thumbs.xcell-mm__plp-thumbs--flat > a.xcell-mm__plp-thumb,https://xcellparts.com/product-category/others/zte/zte-blade/blade-max-3-z986,False,False,2026-09-07T04:40:13+00:00,,,,,
XCell Parts,https://xcellparts.com/,OTHERS,https://xcellparts.com/product-category/others,6,click,ZTE,https://xcellparts.com/product-category/others/zte,30,dom-inspection,BLADE Z MAX (Z982),https://xcellparts.com/product-category/others/zte/zte-blade/blade-z-max-z982,11,2,8,3,dom-inspection,div#split-5047-5199 > div.xcell-mm__plp-thumbs.xcell-mm__plp-thumbs--flat > a.xcell-mm__plp-thumb,https://xcellparts.com/product-category/others/zte/zte-blade/blade-z-max-z982,False,False,2026-09-07T04:40:13+00:00,,,,,
XCell Parts,https://xcellparts.com/,OTHERS,https://xcellparts.com/product-category/others,6,click,ZTE,https://xcellparts.com/product-category/others/zte,30,dom-inspection,BLADE X MAX (Z983),https://xcellparts.com/product-category/others/zte/zte-blade/blade-x-max-z983,12,2,9,3,dom-inspection,div#split-5047-5199 > div.xcell-mm__plp-thumbs.xcell-mm__plp-thumbs--flat > a.xcell-mm__plp-thumb,https://xcellparts.com/product-category/others/zte/zte-blade/blade-x-max-z983,False,False,2026-09-07T04:40:13+00:00,,,,,
XCell Parts,https://xcellparts.com/,OTHERS,https://xcellparts.com/product-category/others,6,click,ZTE,https://xcellparts.com/product-category/others/zte,30,dom-inspection,BLADE X (Z965 / 2017),https://xcellparts.com/product-category/others/zte/zte-blade/blade-x-z965-2017,13,2,10,3,dom-inspection,div#split-5047-5199 > div.xcell-mm__plp-thumbs.xcell-mm__plp-thumbs--flat > a.xcell-mm__plp-thumb,https://xcellparts.com/product-category/others/zte/zte-blade/blade-x-z965-2017,False,False,2026-09-07T04:40:13+00:00,,,,,
XCell Parts,https://xcellparts.com/,OTHERS,https://xcellparts.com/product-category/others,6,click,ZTE,https://xcellparts.com/product-category/others/zte,30,dom-inspection,BLADE SPARK (Z971),https://xcellparts.com/product-category/others/zte/zte-blade/blade-spark-z971,14,2,11,3,dom-inspection,div#split-5047-5199 > div.xcell-mm__plp-thumbs.xcell-mm__plp-thumbs--flat > a.xcell-mm__plp-thumb,https://xcellparts.com/product-category/others/zte/zte-blade/blade-spark-z971,False,False,2026-09-07T04:40:13+00:00,,,,,
XCell Parts,https://xcellparts.com/,OTHERS,https://xcellparts.com/product-category/others,6,click,ZTE,https://xcellparts.com/product-category/others/zte,30,dom-inspection,BLADE VANTAGE (Z839 / 2017),https://xcellparts.com/product-category/others/zte/zte-blade/blade-vantage-z839-2017,15,2,12,3,dom-inspection,div#split-5047-5199 > div.xcell-mm__plp-thumbs.xcell-mm__plp-thumbs--flat > a.xcell-mm__plp-thumb,https://xcellparts.com/product-category/others/zte/zte-blade/blade-vantage-z839-2017,False,False,2026-09-07T04:40:13+00:00,,,,,
XCell Parts,https://xcellparts.com/,OTHERS,https://xcellparts.com/product-category/others,6,click,ZTE,https://xcellparts.com/product-category/others/zte,30,dom-inspection,BLADE V40 SMART (A7040),https://xcellparts.com/product-category/others/zte/zte-blade/blade-v40-smart-a7040,16,2,13,3,dom-inspection,div#split-5047-5199 > div.xcell-mm__plp-thumbs.xcell-mm__plp-thumbs--flat > a.xcell-mm__plp-thumb,https://xcellparts.com/product-category/others/zte/zte-blade/blade-v40-smart-a7040,False,False,2026-09-07T04:40:13+00:00,,,,,
XCell Parts,https://xcellparts.com/,OTHERS,https://xcellparts.com/product-category/others,6,click,ZTE,https://xcellparts.com/product-category/others/zte,30,dom-inspection,BLADE V30 VITA (8030),https://xcellparts.com/product-category/others/zte/zte-blade/blade-v30-vita-8030,17,2,14,3,dom-inspection,div#split-5047-5199 > div.xcell-mm__plp-thumbs.xcell-mm__plp-thumbs--flat > a.xcell-mm__plp-thumb,https://xcellparts.com/product-category/others/zte/zte-blade/blade-v30-vita-8030,False,False,2026-09-07T04:40:13+00:00,,,,,
XCell Parts,https://xcellparts.com/,OTHERS,https://xcellparts.com/product-category/others,6,click,ZTE,https://xcellparts.com/product-category/others/zte,30,dom-inspection,BLADE V8 PRO (Z978 / 2017),https://xcellparts.com/product-category/others/zte/zte-blade/blade-v8-pro-z978-2017,18,2,15,3,dom-inspection,div#split-5047-5199 > div.xcell-mm__plp-thumbs.xcell-mm__plp-thumbs--flat > a.xcell-mm__plp-thumb,https://xcellparts.com/product-category/others/zte/zte-blade/blade-v8-pro-z978-2017,False,False,2026-09-07T04:40:13+00:00,,,,,
XCell Parts,https://xcellparts.com/,OTHERS,https://xcellparts.com/product-category/others,6,click,ZTE,https://xcellparts.com/product-category/others/zte,30,dom-inspection,ZTE OTHERS,https://xcellparts.com/product-category/others/zte/zte-others,19,3,1,3,dom-inspection,div#split-5047-5200 > a.xcell-mm__plp-group-head,https://xcellparts.com/product-category/others/zte/zte-others,False,False,2026-09-07T04:40:13+00:00,,,,,
XCell Parts,https://xcellparts.com/,OTHERS,https://xcellparts.com/product-category/others,6,click,ZTE,https://xcellparts.com/product-category/others/zte,30,dom-inspection,ZMAX 10,https://xcellparts.com/product-category/others/zte/zte-others/zmax-10,20,3,2,3,dom-inspection,div#split-5047-5200 > div.xcell-mm__plp-thumbs.xcell-mm__plp-thumbs--flat > a.xcell-mm__plp-thumb,https://xcellparts.com/product-category/others/zte/zte-others/zmax-10,False,False,2026-09-07T04:40:13+00:00,,,,,
XCell Parts,https://xcellparts.com/,OTHERS,https://xcellparts.com/product-category/others,6,click,ZTE,https://xcellparts.com/product-category/others/zte,30,dom-inspection,ZMAX (77540),https://xcellparts.com/product-category/others/zte/zte-others/zmax-77540,21,3,3,3,dom-inspection,div#split-5047-5200 > div.xcell-mm__plp-thumbs.xcell-mm__plp-thumbs--flat > a.xcell-mm__plp-thumb,https://xcellparts.com/product-category/others/zte/zte-others/zmax-77540,False,False,2026-09-07T04:40:13+00:00,,,,,
XCell Parts,https://xcellparts.com/,OTHERS,https://xcellparts.com/product-category/others,6,click,ZTE,https://xcellparts.com/product-category/others/zte,30,dom-inspection,GRAND X4 (Z956 / 2016),https://xcellparts.com/product-category/others/zte/zte-others/grand-x4-z956-2016,22,3,4,3,dom-inspection,div#split-5047-5200 > div.xcell-mm__plp-thumbs.xcell-mm__plp-thumbs--flat > a.xcell-mm__plp-thumb,https://xcellparts.com/product-category/others/zte/zte-others/grand-x4-z956-2016,False,False,2026-09-07T04:40:13+00:00,,,,,
XCell Parts,https://xcellparts.com/,OTHERS,https://xcellparts.com/product-category/others,6,click,ZTE,https://xcellparts.com/product-category/others/zte,30,dom-inspection,GRAND X MAX 2 (Z988),https://xcellparts.com/product-category/others/zte/zte-others/grand-x-max-2-z988,23,3,5,3,dom-inspection,div#split-5047-5200 > div.xcell-mm__plp-thumbs.xcell-mm__plp-thumbs--flat > a.xcell-mm__plp-thumb,https://xcellparts.com/product-category/others/zte/zte-others/grand-x-max-2-z988,False,False,2026-09-07T04:40:13+00:00,,,,,
XCell Parts,https://xcellparts.com/,OTHERS,https://xcellparts.com/product-category/others,6,click,ZTE,https://xcellparts.com/product-category/others/zte,30,dom-inspection,GRAND X3 (Z959 / 2016),https://xcellparts.com/product-category/others/zte/zte-others/grand-x3-z959-2016,24,3,6,3,dom-inspection,div#split-5047-5200 > div.xcell-mm__plp-thumbs.xcell-mm__plp-thumbs--flat > a.xcell-mm__plp-thumb,https://xcellparts.com/product-category/others/zte/zte-others/grand-x3-z959-2016,False,False,2026-09-07T04:40:13+00:00,,,,,
XCell Parts,https://xcellparts.com/,OTHERS,https://xcellparts.com/product-category/others,6,click,ZTE,https://xcellparts.com/product-category/others/zte,30,dom-inspection,GRAND X MAX+ (Z987 / 2015),https://xcellparts.com/product-category/others/zte/zte-others/grand-x-max-z987-2015,25,3,7,3,dom-inspection,div#split-5047-5200 > div.xcell-mm__plp-thumbs.xcell-mm__plp-thumbs--flat > a.xcell-mm__plp-thumb,https://xcellparts.com/product-category/others/zte/zte-others/grand-x-max-z987-2015,False,False,2026-09-07T04:40:13+00:00,,,,,
XCell Parts,https://xcellparts.com/,OTHERS,https://xcellparts.com/product-category/others,6,click,ZTE,https://xcellparts.com/product-category/others/zte,30,dom-inspection,GRAND X MAX (Z787 / 2014),https://xcellparts.com/product-category/others/zte/zte-others/grand-x-max-z787-2014,26,3,8,3,dom-inspection,div#split-5047-5200 > div.xcell-mm__plp-thumbs.xcell-mm__plp-thumbs--flat > a.xcell-mm__plp-thumb,https://xcellparts.com/product-category/others/zte/zte-others/grand-x-max-z787-2014,False,False,2026-09-07T04:40:13+00:00,,,,,
XCell Parts,https://xcellparts.com/,OTHERS,https://xcellparts.com/product-category/others,6,click,ZTE,https://xcellparts.com/product-category/others/zte,30,dom-inspection,GRAND X IN (Z777 / 2014),https://xcellparts.com/product-category/others/zte/zte-others/grand-x-in-z777-2014,27,3,9,3,dom-inspection,div#split-5047-5200 > div.xcell-mm__plp-thumbs.xcell-mm__plp-thumbs--flat > a.xcell-mm__plp-thumb,https://xcellparts.com/product-category/others/zte/zte-others/grand-x-in-z777-2014,False,False,2026-09-07T04:40:13+00:00,,,,,
XCell Parts,https://xcellparts.com/,OTHERS,https://xcellparts.com/product-category/others,6,click,ZTE,https://xcellparts.com/product-category/others/zte,30,dom-inspection,MAVEN 3 (Z835),https://xcellparts.com/product-category/others/zte/zte-others/maven-3-z835,28,3,10,3,dom-inspection,div#split-5047-5200 > div.xcell-mm__plp-thumbs.xcell-mm__plp-thumbs--flat > a.xcell-mm__plp-thumb,https://xcellparts.com/product-category/others/zte/zte-others/maven-3-z835,False,False,2026-09-07T04:40:13+00:00,,,,,
XCell Parts,https://xcellparts.com/,OTHERS,https://xcellparts.com/product-category/others,6,click,ZTE,https://xcellparts.com/product-category/others/zte,30,dom-inspection,ZMAX 2 (Z958 / 2015),https://xcellparts.com/product-category/others/zte/zte-others/zmax-2-z958-2015,29,3,11,3,dom-inspection,div#split-5047-5200 > div.xcell-mm__plp-thumbs.xcell-mm__plp-thumbs--flat > a.xcell-mm__plp-thumb,https://xcellparts.com/product-category/others/zte/zte-others/zmax-2-z958-2015,False,False,2026-09-07T04:40:13+00:00,,,,,
XCell Parts,https://xcellparts.com/,OTHERS,https://xcellparts.com/product-category/others,6,click,ZTE,https://xcellparts.com/product-category/others/zte,30,dom-inspection,ZMAX PRO (Z981),https://xcellparts.com/product-category/others/zte/zte-others/zmax-pro-z981,30,3,12,3,dom-inspection,div#split-5047-5200 > div.xcell-mm__plp-thumbs.xcell-mm__plp-thumbs--flat > a.xcell-mm__plp-thumb,https://xcellparts.com/product-category/others/zte/zte-others/zmax-pro-z981,False,False,2026-09-07T04:40:13+00:00,,,,,
XCell Parts,https://xcellparts.com/,OTHERS,https://xcellparts.com/product-category/others,6,click,ZTE,https://xcellparts.com/product-category/others/zte,30,dom-inspection,ZMAX (Z970),https://xcellparts.com/product-category/others/zte/zte-others/zmax-z970,31,3,13,3,dom-inspection,div#split-5047-5200 > div.xcell-mm__plp-thumbs.xcell-mm__plp-thumbs--flat > a.xcell-mm__plp-thumb,https://xcellparts.com/product-category/others/zte/zte-others/zmax-z970,False,False,2026-09-07T04:40:13+00:00,,,,,
XCell Parts,https://xcellparts.com/,OTHERS,https://xcellparts.com/product-category/others,6,click,ZTE,https://xcellparts.com/product-category/others/zte,30,dom-inspection,WRAP ELITE (N9518 / 2015),https://xcellparts.com/product-category/others/zte/zte-others/wrap-elite-n9518-2015,32,3,14,3,dom-inspection,div#split-5047-5200 > div.xcell-mm__plp-thumbs.xcell-mm__plp-thumbs--flat > a.xcell-mm__plp-thumb,https://xcellparts.com/product-category/others/zte/zte-others/wrap-elite-n9518-2015,False,False,2026-09-07T04:40:13+00:00,,,,,
XCell Parts,https://xcellparts.com/,OTHERS,https://xcellparts.com/product-category/others,6,click,ZTE,https://xcellparts.com/product-category/others/zte,30,dom-inspection,IMPERIAL MAX (Z963),https://xcellparts.com/product-category/others/zte/zte-others/imperial-max-z963,33,3,15,3,dom-inspection,div#split-5047-5200 > div.xcell-mm__plp-thumbs.xcell-mm__plp-thumbs--flat > a.xcell-mm__plp-thumb,https://xcellparts.com/product-category/others/zte/zte-others/imperial-max-z963,False,False,2026-09-07T04:40:13+00:00,,,,,
XCell Parts,https://xcellparts.com/,OTHERS,https://xcellparts.com/product-category/others,6,click,ZTE,https://xcellparts.com/product-category/others/zte,30,dom-inspection,VITAL (N9810 / 2013),https://xcellparts.com/product-category/others/zte/zte-others/vital-n9810-2013,34,3,16,3,dom-inspection,div#split-5047-5200 > div.xcell-mm__plp-thumbs.xcell-mm__plp-thumbs--flat > a.xcell-mm__plp-thumb,https://xcellparts.com/product-category/others/zte/zte-others/vital-n9810-2013,False,False,2026-09-07T04:40:13+00:00,,,,,
XCell Parts,https://xcellparts.com/,OTHERS,https://xcellparts.com/product-category/others,6,click,ZTE,https://xcellparts.com/product-category/others/zte,30,dom-inspection,TEMPO (N9131 / 2016),https://xcellparts.com/product-category/others/zte/zte-others/tempo-n9131-2016,35,3,17,3,dom-inspection,div#split-5047-5200 > div.xcell-mm__plp-thumbs.xcell-mm__plp-thumbs--flat > a.xcell-mm__plp-thumb,https://xcellparts.com/product-category/others/zte/zte-others/tempo-n9131-2016,False,False,2026-09-07T04:40:13+00:00,,,,,
XCell Parts,https://xcellparts.com/,OTHERS,https://xcellparts.com/product-category/others,6,click,ZTE,https://xcellparts.com/product-category/others/zte,30,dom-inspection,SONATA 3 (Z832 / 2016),https://xcellparts.com/product-category/others/zte/zte-others/sonata-3-z832-2016,36,3,18,3,dom-inspection,div#split-5047-5200 > div.xcell-mm__plp-thumbs.xcell-mm__plp-thumbs--flat > a.xcell-mm__plp-thumb,https://xcellparts.com/product-category/others/zte/zte-others/sonata-3-z832-2016,False,False,2026-09-07T04:40:13+00:00,,,,,
XCell Parts,https://xcellparts.com/,OTHERS,https://xcellparts.com/product-category/others,6,click,ZTE,https://xcellparts.com/product-category/others/zte,30,dom-inspection,SONATA 2 (Z755 / 2015),https://xcellparts.com/product-category/others/zte/zte-others/sonata-2-z755-2015,37,3,19,3,dom-inspection,div#split-5047-5200 > div.xcell-mm__plp-thumbs.xcell-mm__plp-thumbs--flat > a.xcell-mm__plp-thumb,https://xcellparts.com/product-category/others/zte/zte-others/sonata-2-z755-2015,False,False,2026-09-07T04:40:13+00:00,,,,,
XCell Parts,https://xcellparts.com/,OTHERS,https://xcellparts.com/product-category/others,6,click,ZTE,https://xcellparts.com/product-category/others/zte,30,dom-inspection,QUARTZ (Z797 / 2014),https://xcellparts.com/product-category/others/zte/zte-others/quartz-z797-2014,38,3,20,3,dom-inspection,div#split-5047-5200 > div.xcell-mm__plp-thumbs.xcell-mm__plp-thumbs--flat > a.xcell-mm__plp-thumb,https://xcellparts.com/product-category/others/zte/zte-others/quartz-z797-2014,False,False,2026-09-07T04:40:13+00:00,,,,,
XCell Parts,https://xcellparts.com/,OTHERS,https://xcellparts.com/product-category/others,6,click,ZTE,https://xcellparts.com/product-category/others/zte,30,dom-inspection,PRESTIGE (N9132 / 2015),https://xcellparts.com/product-category/others/zte/zte-others/prestige-n9132-2015,39,3,21,3,dom-inspection,div#split-5047-5200 > div.xcell-mm__plp-thumbs.xcell-mm__plp-thumbs--flat > a.xcell-mm__plp-thumb,https://xcellparts.com/product-category/others/zte/zte-others/prestige-n9132-2015,False,False,2026-09-07T04:40:13+00:00,,,,,
XCell Parts,https://xcellparts.com/,OTHERS,https://xcellparts.com/product-category/others,6,click,ZTE,https://xcellparts.com/product-category/others/zte,30,dom-inspection,OVERTURE 3 (Z851 / 2017),https://xcellparts.com/product-category/others/zte/zte-others/overture-3-z851-2017,40,3,22,3,dom-inspection,div#split-5047-5200 > div.xcell-mm__plp-thumbs.xcell-mm__plp-thumbs--flat > a.xcell-mm__plp-thumb,https://xcellparts.com/product-category/others/zte/zte-others/overture-3-z851-2017,False,False,2026-09-07T04:40:13+00:00,,,,,
XCell Parts,https://xcellparts.com/,OTHERS,https://xcellparts.com/product-category/others,6,click,ZTE,https://xcellparts.com/product-category/others/zte,30,dom-inspection,MAX XL (N9560),https://xcellparts.com/product-category/others/zte/zte-others/max-xl-n9560,41,3,23,3,dom-inspection,div#split-5047-5200 > div.xcell-mm__plp-thumbs.xcell-mm__plp-thumbs--flat > a.xcell-mm__plp-thumb,https://xcellparts.com/product-category/others/zte/zte-others/max-xl-n9560,False,False,2026-09-07T04:40:13+00:00,,,,,
XCell Parts,https://xcellparts.com/,OTHERS,https://xcellparts.com/product-category/others,6,click,ZTE,https://xcellparts.com/product-category/others/zte,30,dom-inspection,AVID (Z916),https://xcellparts.com/product-category/others/zte/zte-others/avid-z916,42,3,24,3,dom-inspection,div#split-5047-5200 > div.xcell-mm__plp-thumbs.xcell-mm__plp-thumbs--flat > a.xcell-mm__plp-thumb,https://xcellparts.com/product-category/others/zte/zte-others/avid-z916,False,False,2026-09-07T04:40:13+00:00,,,,,
XCell Parts,https://xcellparts.com/,OTHERS,https://xcellparts.com/product-category/others,6,click,ZTE,https://xcellparts.com/product-category/others/zte,30,dom-inspection,MAVEN 2 (Z831),https://xcellparts.com/product-category/others/zte/zte-others/maven-2-z831,43,3,25,3,dom-inspection,div#split-5047-5200 > div.xcell-mm__plp-thumbs.xcell-mm__plp-thumbs--flat > a.xcell-mm__plp-thumb,https://xcellparts.com/product-category/others/zte/zte-others/maven-2-z831,False,False,2026-09-07T04:40:13+00:00,,,,,
XCell Parts,https://xcellparts.com/,OTHERS,https://xcellparts.com/product-category/others,6,click,ZTE,https://xcellparts.com/product-category/others/zte,30,dom-inspection,LEVER (Z936),https://xcellparts.com/product-category/others/zte/zte-others/lever-z936,44,3,26,3,dom-inspection,div#split-5047-5200 > div.xcell-mm__plp-thumbs.xcell-mm__plp-thumbs--flat > a.xcell-mm__plp-thumb,https://xcellparts.com/product-category/others/zte/zte-others/lever-z936,False,False,2026-09-07T04:40:13+00:00,,,,,
XCell Parts,https://xcellparts.com/,OTHERS,https://xcellparts.com/product-category/others,6,click,ZTE,https://xcellparts.com/product-category/others/zte,30,dom-inspection,FALCON (Z917),https://xcellparts.com/product-category/others/zte/zte-others/falcon-z917,45,3,27,3,dom-inspection,div#split-5047-5200 > div.xcell-mm__plp-thumbs.xcell-mm__plp-thumbs--flat > a.xcell-mm__plp-thumb,https://xcellparts.com/product-category/others/zte/zte-others/falcon-z917,False,False,2026-09-07T04:40:13+00:00,,,,,
XCell Parts,https://xcellparts.com/,OTHERS,https://xcellparts.com/product-category/others,6,click,ZTE,https://xcellparts.com/product-category/others/zte,30,dom-inspection,BOOST MAX (N9520),https://xcellparts.com/product-category/others/zte/zte-others/boost-max-n9520,46,3,28,3,dom-inspection,div#split-5047-5200 > div.xcell-mm__plp-thumbs.xcell-mm__plp-thumbs--flat > a.xcell-mm__plp-thumb,https://xcellparts.com/product-category/others/zte/zte-others/boost-max-n9520,False,False,2026-09-07T04:40:13+00:00,,,,,
XCell Parts,https://xcellparts.com/,OTHERS,https://xcellparts.com/product-category/others,6,click,ZTE,https://xcellparts.com/product-category/others/zte,30,dom-inspection,AVID TRIO (Z833),https://xcellparts.com/product-category/others/zte/zte-others/avid-trio-z833,47,3,29,3,dom-inspection,div#split-5047-5200 > div.xcell-mm__plp-thumbs.xcell-mm__plp-thumbs--flat > a.xcell-mm__plp-thumb,https://xcellparts.com/product-category/others/zte/zte-others/avid-trio-z833,False,False,2026-09-07T04:40:13+00:00,,,,,
XCell Parts,https://xcellparts.com/,OTHERS,https://xcellparts.com/product-category/others,6,click,ZTE,https://xcellparts.com/product-category/others/zte,30,dom-inspection,AVID 4 (Z855),https://xcellparts.com/product-category/others/zte/zte-others/avid-4-z855,48,3,30,3,dom-inspection,div#split-5047-5200 > div.xcell-mm__plp-thumbs.xcell-mm__plp-thumbs--flat > a.xcell-mm__plp-thumb,https://xcellparts.com/product-category/others/zte/zte-others/avid-4-z855,False,False,2026-09-07T04:40:13+00:00,,,,,
XCell Parts,https://xcellparts.com/,OTHERS,https://xcellparts.com/product-category/others,6,click,ZTE,https://xcellparts.com/product-category/others/zte,30,dom-inspection,ZTE TABLET,https://xcellparts.com/product-category/others/zte/zte-tablet,49,4,1,3,dom-inspection,div#split-5047-5201 > a.xcell-mm__plp-group-head,https://xcellparts.com/product-category/others/zte/zte-tablet,False,False,2026-09-07T04:40:13+00:00,,,,,
XCell Parts,https://xcellparts.com/,OTHERS,https://xcellparts.com/product-category/others,6,click,ZTE,https://xcellparts.com/product-category/others/zte,30,dom-inspection,ZTE TAB K88 (2016),https://xcellparts.com/product-category/others/zte/zte-tablet/zte-tab-k88-2016,50,4,2,3,dom-inspection,div#split-5047-5201 > div.xcell-mm__plp-thumbs.xcell-mm__plp-thumbs--flat > a.xcell-mm__plp-thumb,https://xcellparts.com/product-category/others/zte/zte-tablet/zte-tab-k88-2016,False,False,2026-09-07T04:40:13+00:00,,,,,
XCell Parts,https://xcellparts.com/,OTHERS,https://xcellparts.com/product-category/others,6,click,ZTE,https://xcellparts.com/product-category/others/zte,30,dom-inspection,ZTE TAB K92,https://xcellparts.com/product-category/others/zte/zte-tablet/zte-tab-k92,51,4,3,3,dom-inspection,div#split-5047-5201 > div.xcell-mm__plp-thumbs.xcell-mm__plp-thumbs--flat > a.xcell-mm__plp-thumb,https://xcellparts.com/product-category/others/zte/zte-tablet/zte-tab-k92,False,False,2026-09-07T04:40:13+00:00,,,,,
XCell Parts,https://xcellparts.com/,GAME CONSOLE,https://xcellparts.com/product-category/game-console,7,click,MICROSOFT XBOX,https://xcellparts.com/product-category/game-console/microsoft-xbox,1,dom-inspection,XBOX 360,https://xcellparts.com/product-category/game-console/microsoft-xbox/xbox-360,1,1,1,3,dom-inspection,div#plp-4952-5812 > div.xcell-mm__plp-thumbs > a.xcell-mm__plp-thumb,https://xcellparts.com/product-category/game-console/microsoft-xbox/xbox-360,False,False,2026-09-07T04:40:13+00:00,,,,,
XCell Parts,https://xcellparts.com/,GAME CONSOLE,https://xcellparts.com/product-category/game-console,7,click,MICROSOFT XBOX,https://xcellparts.com/product-category/game-console/microsoft-xbox,1,dom-inspection,XBOX 360 E,https://xcellparts.com/product-category/game-console/microsoft-xbox/xbox-360-e,2,1,2,3,dom-inspection,div#plp-4952-5812 > div.xcell-mm__plp-thumbs > a.xcell-mm__plp-thumb,https://xcellparts.com/product-category/game-console/microsoft-xbox/xbox-360-e,False,False,2026-09-07T04:40:13+00:00,,,,,
XCell Parts,https://xcellparts.com/,GAME CONSOLE,https://xcellparts.com/product-category/game-console,7,click,MICROSOFT XBOX,https://xcellparts.com/product-category/game-console/microsoft-xbox,1,dom-inspection,XBOX 360 S,https://xcellparts.com/product-category/game-console/microsoft-xbox/xbox-360-s,3,1,3,3,dom-inspection,div#plp-4952-5812 > div.xcell-mm__plp-thumbs > a.xcell-mm__plp-thumb,https://xcellparts.com/product-category/game-console/microsoft-xbox/xbox-360-s,False,False,2026-09-07T04:40:13+00:00,,,,,
XCell Parts,https://xcellparts.com/,GAME CONSOLE,https://xcellparts.com/product-category/game-console,7,click,MICROSOFT XBOX,https://xcellparts.com/product-category/game-console/microsoft-xbox,1,dom-inspection,XBOX ONE,https://xcellparts.com/product-category/game-console/microsoft-xbox/xbox-one,4,1,4,3,dom-inspection,div#plp-4952-5812 > div.xcell-mm__plp-thumbs > a.xcell-mm__plp-thumb,https://xcellparts.com/product-category/game-console/microsoft-xbox/xbox-one,False,False,2026-09-07T04:40:13+00:00,,,,,
XCell Parts,https://xcellparts.com/,GAME CONSOLE,https://xcellparts.com/product-category/game-console,7,click,MICROSOFT XBOX,https://xcellparts.com/product-category/game-console/microsoft-xbox,1,dom-inspection,XBOX ONE S,https://xcellparts.com/product-category/game-console/microsoft-xbox/xbox-one-s,5,1,5,3,dom-inspection,div#plp-4952-5812 > div.xcell-mm__plp-thumbs > a.xcell-mm__plp-thumb,https://xcellparts.com/product-category/game-console/microsoft-xbox/xbox-one-s,False,False,2026-09-07T04:40:13+00:00,,,,,
XCell Parts,https://xcellparts.com/,GAME CONSOLE,https://xcellparts.com/product-category/game-console,7,click,MICROSOFT XBOX,https://xcellparts.com/product-category/game-console/microsoft-xbox,1,dom-inspection,XBOX ONE X,https://xcellparts.com/product-category/game-console/microsoft-xbox/xbox-one-x,6,1,6,3,dom-inspection,div#plp-4952-5812 > div.xcell-mm__plp-thumbs > a.xcell-mm__plp-thumb,https://xcellparts.com/product-category/game-console/microsoft-xbox/xbox-one-x,False,False,2026-09-07T04:40:13+00:00,,,,,
XCell Parts,https://xcellparts.com/,GAME CONSOLE,https://xcellparts.com/product-category/game-console,7,click,MICROSOFT XBOX,https://xcellparts.com/product-category/game-console/microsoft-xbox,1,dom-inspection,XBOX SERIES S,https://xcellparts.com/product-category/game-console/microsoft-xbox/xbox-series-s,7,1,7,3,dom-inspection,div#plp-4952-5812 > div.xcell-mm__plp-thumbs > a.xcell-mm__plp-thumb,https://xcellparts.com/product-category/game-console/microsoft-xbox/xbox-series-s,False,False,2026-09-07T04:40:13+00:00,,,,,
XCell Parts,https://xcellparts.com/,GAME CONSOLE,https://xcellparts.com/product-category/game-console,7,click,MICROSOFT XBOX,https://xcellparts.com/product-category/game-console/microsoft-xbox,1,dom-inspection,XBOX SERIES X,https://xcellparts.com/product-category/game-console/microsoft-xbox/xbox-series-x,8,1,8,3,dom-inspection,div#plp-4952-5812 > div.xcell-mm__plp-thumbs > a.xcell-mm__plp-thumb,https://xcellparts.com/product-category/game-console/microsoft-xbox/xbox-series-x,False,False,2026-09-07T04:40:13+00:00,,,,,
XCell Parts,https://xcellparts.com/,GAME CONSOLE,https://xcellparts.com/product-category/game-console,7,click,NINTENDO,https://xcellparts.com/product-category/game-console/nintendo,2,dom-inspection,SWITCH 2,https://xcellparts.com/product-category/game-console/nintendo/switch-2,1,1,1,3,dom-inspection,div#plp-4952-30315 > div.xcell-mm__plp-thumbs > a.xcell-mm__plp-thumb,https://xcellparts.com/product-category/game-console/nintendo/switch-2,False,False,2026-09-07T04:40:13+00:00,,,,,
XCell Parts,https://xcellparts.com/,GAME CONSOLE,https://xcellparts.com/product-category/game-console,7,click,NINTENDO,https://xcellparts.com/product-category/game-console/nintendo,2,dom-inspection,SWITCH OLED,https://xcellparts.com/product-category/game-console/nintendo/switch-oled,2,1,2,3,dom-inspection,div#plp-4952-30315 > div.xcell-mm__plp-thumbs > a.xcell-mm__plp-thumb,https://xcellparts.com/product-category/game-console/nintendo/switch-oled,False,False,2026-09-07T04:40:13+00:00,,,,,
XCell Parts,https://xcellparts.com/,GAME CONSOLE,https://xcellparts.com/product-category/game-console,7,click,NINTENDO,https://xcellparts.com/product-category/game-console/nintendo,2,dom-inspection,SWITCH LITE,https://xcellparts.com/product-category/game-console/nintendo/switch-lite,3,1,3,3,dom-inspection,div#plp-4952-30315 > div.xcell-mm__plp-thumbs > a.xcell-mm__plp-thumb,https://xcellparts.com/product-category/game-console/nintendo/switch-lite,False,False,2026-09-07T04:40:13+00:00,,,,,
XCell Parts,https://xcellparts.com/,GAME CONSOLE,https://xcellparts.com/product-category/game-console,7,click,NINTENDO,https://xcellparts.com/product-category/game-console/nintendo,2,dom-inspection,SWITCH,https://xcellparts.com/product-category/game-console/nintendo/switch,4,1,4,3,dom-inspection,div#plp-4952-30315 > div.xcell-mm__plp-thumbs > a.xcell-mm__plp-thumb,https://xcellparts.com/product-category/game-console/nintendo/switch,False,False,2026-09-07T04:40:13+00:00,,,,,
XCell Parts,https://xcellparts.com/,GAME CONSOLE,https://xcellparts.com/product-category/game-console,7,click,NINTENDO,https://xcellparts.com/product-category/game-console/nintendo,2,dom-inspection,WII U,https://xcellparts.com/product-category/game-console/nintendo/wii-u,5,1,5,3,dom-inspection,div#plp-4952-30315 > div.xcell-mm__plp-thumbs > a.xcell-mm__plp-thumb,https://xcellparts.com/product-category/game-console/nintendo/wii-u,False,False,2026-09-07T04:40:13+00:00,,,,,
XCell Parts,https://xcellparts.com/,GAME CONSOLE,https://xcellparts.com/product-category/game-console,7,click,SONY,https://xcellparts.com/product-category/game-console/sony-game-console,3,dom-inspection,PLAYSTATION 5 PRO,https://xcellparts.com/product-category/game-console/sony-game-console/playstation-5-pro,1,1,1,3,dom-inspection,div#plp-4952-30316 > div.xcell-mm__plp-thumbs > a.xcell-mm__plp-thumb,https://xcellparts.com/product-category/game-console/sony-game-console/playstation-5-pro,False,False,2026-09-07T04:40:13+00:00,,,,,
XCell Parts,https://xcellparts.com/,GAME CONSOLE,https://xcellparts.com/product-category/game-console,7,click,SONY,https://xcellparts.com/product-category/game-console/sony-game-console,3,dom-inspection,PLAYSTATION 5 SLIM,https://xcellparts.com/product-category/game-console/sony-game-console/playstation-5-slim,2,1,2,3,dom-inspection,div#plp-4952-30316 > div.xcell-mm__plp-thumbs > a.xcell-mm__plp-thumb,https://xcellparts.com/product-category/game-console/sony-game-console/playstation-5-slim,False,False,2026-09-07T04:40:13+00:00,,,,,
XCell Parts,https://xcellparts.com/,GAME CONSOLE,https://xcellparts.com/product-category/game-console,7,click,SONY,https://xcellparts.com/product-category/game-console/sony-game-console,3,dom-inspection,PLAYSTATION 5,https://xcellparts.com/product-category/game-console/sony-game-console/playstation-5,3,1,3,3,dom-inspection,div#plp-4952-30316 > div.xcell-mm__plp-thumbs > a.xcell-mm__plp-thumb,https://xcellparts.com/product-category/game-console/sony-game-console/playstation-5,False,False,2026-09-07T04:40:13+00:00,,,,,
XCell Parts,https://xcellparts.com/,GAME CONSOLE,https://xcellparts.com/product-category/game-console,7,click,SONY,https://xcellparts.com/product-category/game-console/sony-game-console,3,dom-inspection,PLAYSTATION 4 PRO,https://xcellparts.com/product-category/game-console/sony-game-console/playstation-4-pro,4,1,4,3,dom-inspection,div#plp-4952-30316 > div.xcell-mm__plp-thumbs > a.xcell-mm__plp-thumb,https://xcellparts.com/product-category/game-console/sony-game-console/playstation-4-pro,False,False,2026-09-07T04:40:13+00:00,,,,,
XCell Parts,https://xcellparts.com/,GAME CONSOLE,https://xcellparts.com/product-category/game-console,7,click,SONY,https://xcellparts.com/product-category/game-console/sony-game-console,3,dom-inspection,PLAYSTATION 4 SLIM,https://xcellparts.com/product-category/game-console/sony-game-console/playstation-4-slim,5,1,5,3,dom-inspection,div#plp-4952-30316 > div.xcell-mm__plp-thumbs > a.xcell-mm__plp-thumb,https://xcellparts.com/product-category/game-console/sony-game-console/playstation-4-slim,False,False,2026-09-07T04:40:13+00:00,,,,,
XCell Parts,https://xcellparts.com/,GAME CONSOLE,https://xcellparts.com/product-category/game-console,7,click,SONY,https://xcellparts.com/product-category/game-console/sony-game-console,3,dom-inspection,PLAYSTATION 4,https://xcellparts.com/product-category/game-console/sony-game-console/playstation-4,6,1,6,3,dom-inspection,div#plp-4952-30316 > div.xcell-mm__plp-thumbs > a.xcell-mm__plp-thumb,https://xcellparts.com/product-category/game-console/sony-game-console/playstation-4,False,False,2026-09-07T04:40:13+00:00,,,,,
XCell Parts,https://xcellparts.com/,GAME CONSOLE,https://xcellparts.com/product-category/game-console,7,click,SONY,https://xcellparts.com/product-category/game-console/sony-game-console,3,dom-inspection,PLAYSTATION 3,https://xcellparts.com/product-category/game-console/sony-game-console/playstation-3,7,1,7,3,dom-inspection,div#plp-4952-30316 > div.xcell-mm__plp-thumbs > a.xcell-mm__plp-thumb,https://xcellparts.com/product-category/game-console/sony-game-console/playstation-3,False,False,2026-09-07T04:40:13+00:00,,,,,
XCell Parts,https://xcellparts.com/,ACCESSORIES,https://xcellparts.com/product-category/accessories,8,click,CASES N TEMPERED / LENS PROTECTORS,https://xcellparts.com/product-category/accessories/cases-n-tempered-lens-protectors,1,dom-inspection,IPAD,https://xcellparts.com/product-category/accessories/cases-n-tempered-lens-protectors/ipad-cases-n-tempered-lens-protectors,1,1,1,3,dom-inspection,div#split-1125111-1125279 > a.xcell-mm__plp-group-head,https://xcellparts.com/product-category/accessories/cases-n-tempered-lens-protectors/ipad-cases-n-tempered-lens-protectors,False,False,2026-09-07T04:40:13+00:00,,,,,
XCell Parts,https://xcellparts.com/,ACCESSORIES,https://xcellparts.com/product-category/accessories,8,click,CASES N TEMPERED / LENS PROTECTORS,https://xcellparts.com/product-category/accessories/cases-n-tempered-lens-protectors,1,dom-inspection,"IPAD AIR 13"" (2024 / 2025 / 2026)",https://xcellparts.com/product-category/accessories/cases-n-tempered-lens-protectors/ipad-cases-n-tempered-lens-protectors/ipad-air-13-2024-2025-2026,2,1,2,3,dom-inspection,div#split-1125111-1125279 > div.xcell-mm__plp-thumbs.xcell-mm__plp-thumbs--flat > a.xcell-mm__plp-thumb,https://xcellparts.com/product-category/accessories/cases-n-tempered-lens-protectors/ipad-cases-n-tempered-lens-protectors/ipad-air-13-2024-2025-2026,False,False,2026-09-07T04:40:13+00:00,,,,,
XCell Parts,https://xcellparts.com/,ACCESSORIES,https://xcellparts.com/product-category/accessories,8,click,CASES N TEMPERED / LENS PROTECTORS,https://xcellparts.com/product-category/accessories/cases-n-tempered-lens-protectors,1,dom-inspection,"IPAD AIR 11"" (2024 / 2025 / 2026)",https://xcellparts.com/product-category/accessories/cases-n-tempered-lens-protectors/ipad-cases-n-tempered-lens-protectors/ipad-air-11-2024-2025-2026,3,1,3,3,dom-inspection,div#split-1125111-1125279 > div.xcell-mm__plp-thumbs.xcell-mm__plp-thumbs--flat > a.xcell-mm__plp-thumb,https://xcellparts.com/product-category/accessories/cases-n-tempered-lens-protectors/ipad-cases-n-tempered-lens-protectors/ipad-air-11-2024-2025-2026,False,False,2026-09-07T04:40:13+00:00,,,,,
XCell Parts,https://xcellparts.com/,ACCESSORIES,https://xcellparts.com/product-category/accessories,8,click,CASES N TEMPERED / LENS PROTECTORS,https://xcellparts.com/product-category/accessories/cases-n-tempered-lens-protectors,1,dom-inspection,IPAD AIR 4 / AIR 5,https://xcellparts.com/product-category/accessories/cases-n-tempered-lens-protectors/ipad-cases-n-tempered-lens-protectors/ipad-air-4-air-5,4,1,4,3,dom-inspection,div#split-1125111-1125279 > div.xcell-mm__plp-thumbs.xcell-mm__plp-thumbs--flat > a.xcell-mm__plp-thumb,https://xcellparts.com/product-category/accessories/cases-n-tempered-lens-protectors/ipad-cases-n-tempered-lens-protectors/ipad-air-4-air-5,False,False,2026-09-07T04:40:13+00:00,,,,,
XCell Parts,https://xcellparts.com/,ACCESSORIES,https://xcellparts.com/product-category/accessories,8,click,CASES N TEMPERED / LENS PROTECTORS,https://xcellparts.com/product-category/accessories/cases-n-tempered-lens-protectors,1,dom-inspection,IPAD PRO 13 (2024 / 2025),https://xcellparts.com/product-category/accessories/cases-n-tempered-lens-protectors/ipad-cases-n-tempered-lens-protectors/ipad-pro-13-2024-2025,5,1,5,3,dom-inspection,div#split-1125111-1125279 > div.xcell-mm__plp-thumbs.xcell-mm__plp-thumbs--flat > a.xcell-mm__plp-thumb,https://xcellparts.com/product-category/accessories/cases-n-tempered-lens-protectors/ipad-cases-n-tempered-lens-protectors/ipad-pro-13-2024-2025,False,False,2026-09-07T04:40:13+00:00,,,,,
XCell Parts,https://xcellparts.com/,ACCESSORIES,https://xcellparts.com/product-category/accessories,8,click,CASES N TEMPERED / LENS PROTECTORS,https://xcellparts.com/product-category/accessories/cases-n-tempered-lens-protectors,1,dom-inspection,IPAD PRO 12 SERIES,https://xcellparts.com/product-category/accessories/cases-n-tempered-lens-protectors/ipad-cases-n-tempered-lens-protectors/ipad-pro-12-series,6,1,6,3,dom-inspection,div#split-1125111-1125279 > div.xcell-mm__plp-thumbs.xcell-mm__plp-thumbs--flat > a.xcell-mm__plp-thumb,https://xcellparts.com/product-category/accessories/cases-n-tempered-lens-protectors/ipad-cases-n-tempered-lens-protectors/ipad-pro-12-series,False,False,2026-09-07T04:40:13+00:00,,,,,
XCell Parts,https://xcellparts.com/,ACCESSORIES,https://xcellparts.com/product-category/accessories,8,click,CASES N TEMPERED / LENS PROTECTORS,https://xcellparts.com/product-category/accessories/cases-n-tempered-lens-protectors,1,dom-inspection,IPAD PRO 11 SERIES,https://xcellparts.com/product-category/accessories/cases-n-tempered-lens-protectors/ipad-cases-n-tempered-lens-protectors/ipad-pro-11-series,7,1,7,3,dom-inspection,div#split-1125111-1125279 > div.xcell-mm__plp-thumbs.xcell-mm__plp-thumbs--flat > a.xcell-mm__plp-thumb,https://xcellparts.com/product-category/accessories/cases-n-tempered-lens-protectors/ipad-cases-n-tempered-lens-protectors/ipad-pro-11-series,False,False,2026-09-07T04:40:13+00:00,,,,,
XCell Parts,https://xcellparts.com/,ACCESSORIES,https://xcellparts.com/product-category/accessories,8,click,CASES N TEMPERED / LENS PROTECTORS,https://xcellparts.com/product-category/accessories/cases-n-tempered-lens-protectors,1,dom-inspection,IPAD 11 (2025),https://xcellparts.com/product-category/accessories/cases-n-tempered-lens-protectors/ipad-cases-n-tempered-lens-protectors/ipad-11-2025-ipad-cases-n-tempered-lens-protectors,8,1,8,3,dom-inspection,div#split-1125111-1125279 > div.xcell-mm__plp-thumbs.xcell-mm__plp-thumbs--flat > a.xcell-mm__plp-thumb,https://xcellparts.com/product-category/accessories/cases-n-tempered-lens-protectors/ipad-cases-n-tempered-lens-protectors/ipad-11-2025-ipad-cases-n-tempered-lens-protectors,False,False,2026-09-07T04:40:13+00:00,,,,,
XCell Parts,https://xcellparts.com/,ACCESSORIES,https://xcellparts.com/product-category/accessories,8,click,CASES N TEMPERED / LENS PROTECTORS,https://xcellparts.com/product-category/accessories/cases-n-tempered-lens-protectors,1,dom-inspection,IPAD 10 (2022),https://xcellparts.com/product-category/accessories/cases-n-tempered-lens-protectors/ipad-cases-n-tempered-lens-protectors/ipad-10-2022-ipad-cases-n-tempered-lens-protectors,9,1,9,3,dom-inspection,div#split-1125111-1125279 > div.xcell-mm__plp-thumbs.xcell-mm__plp-thumbs--flat > a.xcell-mm__plp-thumb,https://xcellparts.com/product-category/accessories/cases-n-tempered-lens-protectors/ipad-cases-n-tempered-lens-protectors/ipad-10-2022-ipad-cases-n-tempered-lens-protectors,False,False,2026-09-07T04:40:13+00:00,,,,,
XCell Parts,https://xcellparts.com/,ACCESSORIES,https://xcellparts.com/product-category/accessories,8,click,CASES N TEMPERED / LENS PROTECTORS,https://xcellparts.com/product-category/accessories/cases-n-tempered-lens-protectors,1,dom-inspection,"IPAD 10.2"" (7TH / 8TH / 9TH)",https://xcellparts.com/product-category/accessories/cases-n-tempered-lens-protectors/ipad-cases-n-tempered-lens-protectors/ipad-10-2-7th-8th-9th-ipad-cases-n-tempered-lens-protectors,10,1,10,3,dom-inspection,div#split-1125111-1125279 > div.xcell-mm__plp-thumbs.xcell-mm__plp-thumbs--flat > a.xcell-mm__plp-thumb,https://xcellparts.com/product-category/accessories/cases-n-tempered-lens-protectors/ipad-cases-n-tempered-lens-protectors/ipad-10-2-7th-8th-9th-ipad-cases-n-tempered-lens-protectors,False,False,2026-09-07T04:40:13+00:00,,,,,
XCell Parts,https://xcellparts.com/,ACCESSORIES,https://xcellparts.com/product-category/accessories,8,click,CASES N TEMPERED / LENS PROTECTORS,https://xcellparts.com/product-category/accessories/cases-n-tempered-lens-protectors,1,dom-inspection,"IPAD PRO 10.5"" / AIR 3",https://xcellparts.com/product-category/accessories/cases-n-tempered-lens-protectors/ipad-cases-n-tempered-lens-protectors/ipad-pro-10-5-air-3,11,1,11,3,dom-inspection,div#split-1125111-1125279 > div.xcell-mm__plp-thumbs.xcell-mm__plp-thumbs--flat > a.xcell-mm__plp-thumb,https://xcellparts.com/product-category/accessories/cases-n-tempered-lens-protectors/ipad-cases-n-tempered-lens-protectors/ipad-pro-10-5-air-3,False,False,2026-09-07T04:40:13+00:00,,,,,
XCell Parts,https://xcellparts.com/,ACCESSORIES,https://xcellparts.com/product-category/accessories,8,click,CASES N TEMPERED / LENS PROTECTORS,https://xcellparts.com/product-category/accessories/cases-n-tempered-lens-protectors,1,dom-inspection,"IPAD PRO 9.7""",https://xcellparts.com/product-category/accessories/cases-n-tempered-lens-protectors/ipad-cases-n-tempered-lens-protectors/ipad-pro-9-7,12,1,12,3,dom-inspection,div#split-1125111-1125279 > div.xcell-mm__plp-thumbs.xcell-mm__plp-thumbs--flat > a.xcell-mm__plp-thumb,https://xcellparts.com/product-category/accessories/cases-n-tempered-lens-protectors/ipad-cases-n-tempered-lens-protectors/ipad-pro-9-7,False,False,2026-09-07T04:40:13+00:00,,,,,
XCell Parts,https://xcellparts.com/,ACCESSORIES,https://xcellparts.com/product-category/accessories,8,click,CASES N TEMPERED / LENS PROTECTORS,https://xcellparts.com/product-category/accessories/cases-n-tempered-lens-protectors,1,dom-inspection,IPAD 5TH / 6TH,https://xcellparts.com/product-category/accessories/cases-n-tempered-lens-protectors/ipad-cases-n-tempered-lens-protectors/ipad-5th-6th,13,1,13,3,dom-inspection,div#split-1125111-1125279 > div.xcell-mm__plp-thumbs.xcell-mm__plp-thumbs--flat > a.xcell-mm__plp-thumb,https://xcellparts.com/product-category/accessories/cases-n-tempered-lens-protectors/ipad-cases-n-tempered-lens-protectors/ipad-5th-6th,False,False,2026-09-07T04:40:13+00:00,,,,,
XCell Parts,https://xcellparts.com/,ACCESSORIES,https://xcellparts.com/product-category/accessories,8,click,CASES N TEMPERED / LENS PROTECTORS,https://xcellparts.com/product-category/accessories/cases-n-tempered-lens-protectors,1,dom-inspection,IPAD 2 / 3 /4,https://xcellparts.com/product-category/accessories/cases-n-tempered-lens-protectors/ipad-cases-n-tempered-lens-protectors/ipad-2-3-4,14,1,14,3,dom-inspection,div#split-1125111-1125279 > div.xcell-mm__plp-thumbs.xcell-mm__plp-thumbs--flat > a.xcell-mm__plp-thumb,https://xcellparts.com/product-category/accessories/cases-n-tempered-lens-protectors/ipad-cases-n-tempered-lens-protectors/ipad-2-3-4,False,False,2026-09-07T04:40:13+00:00,,,,,
XCell Parts,https://xcellparts.com/,ACCESSORIES,https://xcellparts.com/product-category/accessories,8,click,CASES N TEMPERED / LENS PROTECTORS,https://xcellparts.com/product-category/accessories/cases-n-tempered-lens-protectors,1,dom-inspection,IPAD MINI (6 / 7),https://xcellparts.com/product-category/accessories/cases-n-tempered-lens-protectors/ipad-cases-n-tempered-lens-protectors/ipad-mini-6-7-ipad-cases-n-tempered-lens-protectors,15,1,15,3,dom-inspection,div#split-1125111-1125279 > div.xcell-mm__plp-thumbs.xcell-mm__plp-thumbs--flat > a.xcell-mm__plp-thumb,https://xcellparts.com/product-category/accessories/cases-n-tempered-lens-protectors/ipad-cases-n-tempered-lens-protectors/ipad-mini-6-7-ipad-cases-n-tempered-lens-protectors,False,False,2026-09-07T04:40:13+00:00,,,,,
XCell Parts,https://xcellparts.com/,ACCESSORIES,https://xcellparts.com/product-category/accessories,8,click,CASES N TEMPERED / LENS PROTECTORS,https://xcellparts.com/product-category/accessories/cases-n-tempered-lens-protectors,1,dom-inspection,IPAD MINI (4 / 5),https://xcellparts.com/product-category/accessories/cases-n-tempered-lens-protectors/ipad-cases-n-tempered-lens-protectors/ipad-mini-4-5-ipad-cases-n-tempered-lens-protectors,16,1,16,3,dom-inspection,div#split-1125111-1125279 > div.xcell-mm__plp-thumbs.xcell-mm__plp-thumbs--flat > a.xcell-mm__plp-thumb,https://xcellparts.com/product-category/accessories/cases-n-tempered-lens-protectors/ipad-cases-n-tempered-lens-protectors/ipad-mini-4-5-ipad-cases-n-tempered-lens-protectors,False,False,2026-09-07T04:40:13+00:00,,,,,
XCell Parts,https://xcellparts.com/,ACCESSORIES,https://xcellparts.com/product-category/accessories,8,click,CASES N TEMPERED / LENS PROTECTORS,https://xcellparts.com/product-category/accessories/cases-n-tempered-lens-protectors,1,dom-inspection,IPAD MINI (1 / 2 / 3),https://xcellparts.com/product-category/accessories/cases-n-tempered-lens-protectors/ipad-cases-n-tempered-lens-protectors/ipad-mini-1-2-3-ipad-cases-n-tempered-lens-protectors,17,1,17,3,dom-inspection,div#split-1125111-1125279 > div.xcell-mm__plp-thumbs.xcell-mm__plp-thumbs--flat > a.xcell-mm__plp-thumb,https://xcellparts.com/product-category/accessories/cases-n-tempered-lens-protectors/ipad-cases-n-tempered-lens-protectors/ipad-mini-1-2-3-ipad-cases-n-tempered-lens-protectors,False,False,2026-09-07T04:40:13+00:00,,,,,
XCell Parts,https://xcellparts.com/,ACCESSORIES,https://xcellparts.com/product-category/accessories,8,click,CASES N TEMPERED / LENS PROTECTORS,https://xcellparts.com/product-category/accessories/cases-n-tempered-lens-protectors,1,dom-inspection,IPHONE,https://xcellparts.com/product-category/accessories/cases-n-tempered-lens-protectors/iphone-cases-n-tempered-lens-protectors,18,2,1,3,dom-inspection,div#split-1125111-1125112 > a.xcell-mm__plp-group-head,https://xcellparts.com/product-category/accessories/cases-n-tempered-lens-protectors/iphone-cases-n-tempered-lens-protectors,False,False,2026-09-07T04:40:13+00:00,,,,,
XCell Parts,https://xcellparts.com/,ACCESSORIES,https://xcellparts.com/product-category/accessories,8,click,CASES N TEMPERED / LENS PROTECTORS,https://xcellparts.com/product-category/accessories/cases-n-tempered-lens-protectors,1,dom-inspection,IPHONE 18 PRO MAX,https://xcellparts.com/product-category/accessories/cases-n-tempered-lens-protectors/iphone-cases-n-tempered-lens-protectors/iphone-18-pro-max-iphone-cases-n-tempered-lens-protectors,19,2,2,3,dom-inspection,div#split-1125111-1125112 > div.xcell-mm__plp-thumbs.xcell-mm__plp-thumbs--flat > a.xcell-mm__plp-thumb,https://xcellparts.com/product-category/accessories/cases-n-tempered-lens-protectors/iphone-cases-n-tempered-lens-protectors/iphone-18-pro-max-iphone-cases-n-tempered-lens-protectors,False,False,2026-09-07T04:40:13+00:00,,,,,
XCell Parts,https://xcellparts.com/,ACCESSORIES,https://xcellparts.com/product-category/accessories,8,click,CASES N TEMPERED / LENS PROTECTORS,https://xcellparts.com/product-category/accessories/cases-n-tempered-lens-protectors,1,dom-inspection,IPHONE 18 PRO,https://xcellparts.com/product-category/accessories/cases-n-tempered-lens-protectors/iphone-cases-n-tempered-lens-protectors/iphone-18-pro-iphone-cases-n-tempered-lens-protectors,20,2,3,3,dom-inspection,div#split-1125111-1125112 > div.xcell-mm__plp-thumbs.xcell-mm__plp-thumbs--flat > a.xcell-mm__plp-thumb,https://xcellparts.com/product-category/accessories/cases-n-tempered-lens-protectors/iphone-cases-n-tempered-lens-protectors/iphone-18-pro-iphone-cases-n-tempered-lens-protectors,False,False,2026-09-07T04:40:13+00:00,,,,,
XCell Parts,https://xcellparts.com/,ACCESSORIES,https://xcellparts.com/product-category/accessories,8,click,CASES N TEMPERED / LENS PROTECTORS,https://xcellparts.com/product-category/accessories/cases-n-tempered-lens-protectors,1,dom-inspection,IPHONE 18,https://xcellparts.com/product-category/accessories/cases-n-tempered-lens-protectors/iphone-cases-n-tempered-lens-protectors/iphone-18,21,2,4,3,dom-inspection,div#split-1125111-1125112 > div.xcell-mm__plp-thumbs.xcell-mm__plp-thumbs--flat > a.xcell-mm__plp-thumb,https://xcellparts.com/product-category/accessories/cases-n-tempered-lens-protectors/iphone-cases-n-tempered-lens-protectors/iphone-18,False,False,2026-09-07T04:40:13+00:00,,,,,
XCell Parts,https://xcellparts.com/,ACCESSORIES,https://xcellparts.com/product-category/accessories,8,click,CASES N TEMPERED / LENS PROTECTORS,https://xcellparts.com/product-category/accessories/cases-n-tempered-lens-protectors,1,dom-inspection,IPHONE 17E,https://xcellparts.com/product-category/accessories/cases-n-tempered-lens-protectors/iphone-cases-n-tempered-lens-protectors/iphone-17e,22,2,5,3,dom-inspection,div#split-1125111-1125112 > div.xcell-mm__plp-thumbs.xcell-mm__plp-thumbs--flat > a.xcell-mm__plp-thumb,https://xcellparts.com/product-category/accessories/cases-n-tempered-lens-protectors/iphone-cases-n-tempered-lens-protectors/iphone-17e,False,False,2026-09-07T04:40:13+00:00,,,,,
XCell Parts,https://xcellparts.com/,ACCESSORIES,https://xcellparts.com/product-category/accessories,8,click,CASES N TEMPERED / LENS PROTECTORS,https://xcellparts.com/product-category/accessories/cases-n-tempered-lens-protectors,1,dom-inspection,IPHONE 17 PRO MAX,https://xcellparts.com/product-category/accessories/cases-n-tempered-lens-protectors/iphone-cases-n-tempered-lens-protectors/iphone-17-pro-max,23,2,6,3,dom-inspection,div#split-1125111-1125112 > div.xcell-mm__plp-thumbs.xcell-mm__plp-thumbs--flat > a.xcell-mm__plp-thumb,https://xcellparts.com/product-category/accessories/cases-n-tempered-lens-protectors/iphone-cases-n-tempered-lens-protectors/iphone-17-pro-max,False,False,2026-09-07T04:40:13+00:00,,,,,
XCell Parts,https://xcellparts.com/,ACCESSORIES,https://xcellparts.com/product-category/accessories,8,click,CASES N TEMPERED / LENS PROTECTORS,https://xcellparts.com/product-category/accessories/cases-n-tempered-lens-protectors,1,dom-inspection,IPHONE 17 PRO,https://xcellparts.com/product-category/accessories/cases-n-tempered-lens-protectors/iphone-cases-n-tempered-lens-protectors/iphone-17-pro,24,2,7,3,dom-inspection,div#split-1125111-1125112 > div.xcell-mm__plp-thumbs.xcell-mm__plp-thumbs--flat > a.xcell-mm__plp-thumb,https://xcellparts.com/product-category/accessories/cases-n-tempered-lens-protectors/iphone-cases-n-tempered-lens-protectors/iphone-17-pro,False,False,2026-09-07T04:40:13+00:00,,,,,
XCell Parts,https://xcellparts.com/,ACCESSORIES,https://xcellparts.com/product-category/accessories,8,click,CASES N TEMPERED / LENS PROTECTORS,https://xcellparts.com/product-category/accessories/cases-n-tempered-lens-protectors,1,dom-inspection,IPHONE 17 AIR,https://xcellparts.com/product-category/accessories/cases-n-tempered-lens-protectors/iphone-cases-n-tempered-lens-protectors/iphone-17-air,25,2,8,3,dom-inspection,div#split-1125111-1125112 > div.xcell-mm__plp-thumbs.xcell-mm__plp-thumbs--flat > a.xcell-mm__plp-thumb,https://xcellparts.com/product-category/accessories/cases-n-tempered-lens-protectors/iphone-cases-n-tempered-lens-protectors/iphone-17-air,False,False,2026-09-07T04:40:13+00:00,,,,,
XCell Parts,https://xcellparts.com/,ACCESSORIES,https://xcellparts.com/product-category/accessories,8,click,CASES N TEMPERED / LENS PROTECTORS,https://xcellparts.com/product-category/accessories/cases-n-tempered-lens-protectors,1,dom-inspection,IPHONE 17,https://xcellparts.com/product-category/accessories/cases-n-tempered-lens-protectors/iphone-cases-n-tempered-lens-protectors/iphone-17,26,2,9,3,dom-inspection,div#split-1125111-1125112 > div.xcell-mm__plp-thumbs.xcell-mm__plp-thumbs--flat > a.xcell-mm__plp-thumb,https://xcellparts.com/product-category/accessories/cases-n-tempered-lens-protectors/iphone-cases-n-tempered-lens-protectors/iphone-17,False,False,2026-09-07T04:40:13+00:00,,,,,
XCell Parts,https://xcellparts.com/,ACCESSORIES,https://xcellparts.com/product-category/accessories,8,click,CASES N TEMPERED / LENS PROTECTORS,https://xcellparts.com/product-category/accessories/cases-n-tempered-lens-protectors,1,dom-inspection,IPHONE 16E,https://xcellparts.com/product-category/accessories/cases-n-tempered-lens-protectors/iphone-cases-n-tempered-lens-protectors/iphone-16e-iphone-cases-n-tempered-lens-protectors,27,2,10,3,dom-inspection,div#split-1125111-1125112 > div.xcell-mm__plp-thumbs.xcell-mm__plp-thumbs--flat > a.xcell-mm__plp-thumb,https://xcellparts.com/product-category/accessories/cases-n-tempered-lens-protectors/iphone-cases-n-tempered-lens-protectors/iphone-16e-iphone-cases-n-tempered-lens-protectors,False,False,2026-09-07T04:40:13+00:00,,,,,
XCell Parts,https://xcellparts.com/,ACCESSORIES,https://xcellparts.com/product-category/accessories,8,click,CASES N TEMPERED / LENS PROTECTORS,https://xcellparts.com/product-category/accessories/cases-n-tempered-lens-protectors,1,dom-inspection,IPHONE 16 PRO MAX,https://xcellparts.com/product-category/accessories/cases-n-tempered-lens-protectors/iphone-cases-n-tempered-lens-protectors/iphone-16-pro-max,28,2,11,3,dom-inspection,div#split-1125111-1125112 > div.xcell-mm__plp-thumbs.xcell-mm__plp-thumbs--flat > a.xcell-mm__plp-thumb,https://xcellparts.com/product-category/accessories/cases-n-tempered-lens-protectors/iphone-cases-n-tempered-lens-protectors/iphone-16-pro-max,False,False,2026-09-07T04:40:13+00:00,,,,,
XCell Parts,https://xcellparts.com/,ACCESSORIES,https://xcellparts.com/product-category/accessories,8,click,CASES N TEMPERED / LENS PROTECTORS,https://xcellparts.com/product-category/accessories/cases-n-tempered-lens-protectors,1,dom-inspection,IPHONE 16 PRO,https://xcellparts.com/product-category/accessories/cases-n-tempered-lens-protectors/iphone-cases-n-tempered-lens-protectors/iphone-16-pro,29,2,12,3,dom-inspection,div#split-1125111-1125112 > div.xcell-mm__plp-thumbs.xcell-mm__plp-thumbs--flat > a.xcell-mm__plp-thumb,https://xcellparts.com/product-category/accessories/cases-n-tempered-lens-protectors/iphone-cases-n-tempered-lens-protectors/iphone-16-pro,False,False,2026-09-07T04:40:13+00:00,,,,,
XCell Parts,https://xcellparts.com/,ACCESSORIES,https://xcellparts.com/product-category/accessories,8,click,CASES N TEMPERED / LENS PROTECTORS,https://xcellparts.com/product-category/accessories/cases-n-tempered-lens-protectors,1,dom-inspection,IPHONE 16 PLUS,https://xcellparts.com/product-category/accessories/cases-n-tempered-lens-protectors/iphone-cases-n-tempered-lens-protectors/iphone-16-plus-iphone-cases-n-tempered-lens-protectors,30,2,13,3,dom-inspection,div#split-1125111-1125112 > div.xcell-mm__plp-thumbs.xcell-mm__plp-thumbs--flat > a.xcell-mm__plp-thumb,https://xcellparts.com/product-category/accessories/cases-n-tempered-lens-protectors/iphone-cases-n-tempered-lens-protectors/iphone-16-plus-iphone-cases-n-tempered-lens-protectors,False,False,2026-09-07T04:40:13+00:00,,,,,
XCell Parts,https://xcellparts.com/,ACCESSORIES,https://xcellparts.com/product-category/accessories,8,click,CASES N TEMPERED / LENS PROTECTORS,https://xcellparts.com/product-category/accessories/cases-n-tempered-lens-protectors,1,dom-inspection,IPHONE 16,https://xcellparts.com/product-category/accessories/cases-n-tempered-lens-protectors/iphone-cases-n-tempered-lens-protectors/iphone-16,31,2,14,3,dom-inspection,div#split-1125111-1125112 > div.xcell-mm__plp-thumbs.xcell-mm__plp-thumbs--flat > a.xcell-mm__plp-thumb,https://xcellparts.com/product-category/accessories/cases-n-tempered-lens-protectors/iphone-cases-n-tempered-lens-protectors/iphone-16,False,False,2026-09-07T04:40:13+00:00,,,,,
XCell Parts,https://xcellparts.com/,ACCESSORIES,https://xcellparts.com/product-category/accessories,8,click,CASES N TEMPERED / LENS PROTECTORS,https://xcellparts.com/product-category/accessories/cases-n-tempered-lens-protectors,1,dom-inspection,IPHONE 15 PRO MAX,https://xcellparts.com/product-category/accessories/cases-n-tempered-lens-protectors/iphone-cases-n-tempered-lens-protectors/iphone-15-pro-max-iphone-cases-n-tempered-lens-protectors,32,2,15,3,dom-inspection,div#split-1125111-1125112 > div.xcell-mm__plp-thumbs.xcell-mm__plp-thumbs--flat > a.xcell-mm__plp-thumb,https://xcellparts.com/product-category/accessories/cases-n-tempered-lens-protectors/iphone-cases-n-tempered-lens-protectors/iphone-15-pro-max-iphone-cases-n-tempered-lens-protectors,False,False,2026-09-07T04:40:13+00:00,,,,,
XCell Parts,https://xcellparts.com/,ACCESSORIES,https://xcellparts.com/product-category/accessories,8,click,CASES N TEMPERED / LENS PROTECTORS,https://xcellparts.com/product-category/accessories/cases-n-tempered-lens-protectors,1,dom-inspection,IPHONE 15 PRO,https://xcellparts.com/product-category/accessories/cases-n-tempered-lens-protectors/iphone-cases-n-tempered-lens-protectors/iphone-15-pro-iphone-cases-n-tempered-lens-protectors,33,2,16,3,dom-inspection,div#split-1125111-1125112 > div.xcell-mm__plp-thumbs.xcell-mm__plp-thumbs--flat > a.xcell-mm__plp-thumb,https://xcellparts.com/product-category/accessories/cases-n-tempered-lens-protectors/iphone-cases-n-tempered-lens-protectors/iphone-15-pro-iphone-cases-n-tempered-lens-protectors,False,False,2026-09-07T04:40:13+00:00,,,,,
XCell Parts,https://xcellparts.com/,ACCESSORIES,https://xcellparts.com/product-category/accessories,8,click,CASES N TEMPERED / LENS PROTECTORS,https://xcellparts.com/product-category/accessories/cases-n-tempered-lens-protectors,1,dom-inspection,IPHONE 15 PLUS,https://xcellparts.com/product-category/accessories/cases-n-tempered-lens-protectors/iphone-cases-n-tempered-lens-protectors/iphone-15-plus-iphone-cases-n-tempered-lens-protectors,34,2,17,3,dom-inspection,div#split-1125111-1125112 > div.xcell-mm__plp-thumbs.xcell-mm__plp-thumbs--flat > a.xcell-mm__plp-thumb,https://xcellparts.com/product-category/accessories/cases-n-tempered-lens-protectors/iphone-cases-n-tempered-lens-protectors/iphone-15-plus-iphone-cases-n-tempered-lens-protectors,False,False,2026-09-07T04:40:13+00:00,,,,,
XCell Parts,https://xcellparts.com/,ACCESSORIES,https://xcellparts.com/product-category/accessories,8,click,CASES N TEMPERED / LENS PROTECTORS,https://xcellparts.com/product-category/accessories/cases-n-tempered-lens-protectors,1,dom-inspection,IPHONE 15,https://xcellparts.com/product-category/accessories/cases-n-tempered-lens-protectors/iphone-cases-n-tempered-lens-protectors/iphone-15-iphone-cases-n-tempered-lens-protectors,35,2,18,3,dom-inspection,div#split-1125111-1125112 > div.xcell-mm__plp-thumbs.xcell-mm__plp-thumbs--flat > a.xcell-mm__plp-thumb,https://xcellparts.com/product-category/accessories/cases-n-tempered-lens-protectors/iphone-cases-n-tempered-lens-protectors/iphone-15-iphone-cases-n-tempered-lens-protectors,False,False,2026-09-07T04:40:13+00:00,,,,,
XCell Parts,https://xcellparts.com/,ACCESSORIES,https://xcellparts.com/product-category/accessories,8,click,CASES N TEMPERED / LENS PROTECTORS,https://xcellparts.com/product-category/accessories/cases-n-tempered-lens-protectors,1,dom-inspection,IPHONE 14 PRO MAX,https://xcellparts.com/product-category/accessories/cases-n-tempered-lens-protectors/iphone-cases-n-tempered-lens-protectors/iphone-14-pro-max-iphone-cases-n-tempered-lens-protectors,36,2,19,3,dom-inspection,div#split-1125111-1125112 > div.xcell-mm__plp-thumbs.xcell-mm__plp-thumbs--flat > a.xcell-mm__plp-thumb,https://xcellparts.com/product-category/accessories/cases-n-tempered-lens-protectors/iphone-cases-n-tempered-lens-protectors/iphone-14-pro-max-iphone-cases-n-tempered-lens-protectors,False,False,2026-09-07T04:40:13+00:00,,,,,
XCell Parts,https://xcellparts.com/,ACCESSORIES,https://xcellparts.com/product-category/accessories,8,click,CASES N TEMPERED / LENS PROTECTORS,https://xcellparts.com/product-category/accessories/cases-n-tempered-lens-protectors,1,dom-inspection,IPHONE 14 PRO,https://xcellparts.com/product-category/accessories/cases-n-tempered-lens-protectors/iphone-cases-n-tempered-lens-protectors/iphone-14-pro-iphone-cases-n-tempered-lens-protectors,37,2,20,3,dom-inspection,div#split-1125111-1125112 > div.xcell-mm__plp-thumbs.xcell-mm__plp-thumbs--flat > a.xcell-mm__plp-thumb,https://xcellparts.com/product-category/accessories/cases-n-tempered-lens-protectors/iphone-cases-n-tempered-lens-protectors/iphone-14-pro-iphone-cases-n-tempered-lens-protectors,False,False,2026-09-07T04:40:13+00:00,,,,,
XCell Parts,https://xcellparts.com/,ACCESSORIES,https://xcellparts.com/product-category/accessories,8,click,CASES N TEMPERED / LENS PROTECTORS,https://xcellparts.com/product-category/accessories/cases-n-tempered-lens-protectors,1,dom-inspection,IPHONE 14 PLUS,https://xcellparts.com/product-category/accessories/cases-n-tempered-lens-protectors/iphone-cases-n-tempered-lens-protectors/iphone-14-plus-iphone-cases-n-tempered-lens-protectors,38,2,21,3,dom-inspection,div#split-1125111-1125112 > div.xcell-mm__plp-thumbs.xcell-mm__plp-thumbs--flat > a.xcell-mm__plp-thumb,https://xcellparts.com/product-category/accessories/cases-n-tempered-lens-protectors/iphone-cases-n-tempered-lens-protectors/iphone-14-plus-iphone-cases-n-tempered-lens-protectors,False,False,2026-09-07T04:40:13+00:00,,,,,
XCell Parts,https://xcellparts.com/,ACCESSORIES,https://xcellparts.com/product-category/accessories,8,click,CASES N TEMPERED / LENS PROTECTORS,https://xcellparts.com/product-category/accessories/cases-n-tempered-lens-protectors,1,dom-inspection,IPHONE 14,https://xcellparts.com/product-category/accessories/cases-n-tempered-lens-protectors/iphone-cases-n-tempered-lens-protectors/iphone-14-iphone-cases-n-tempered-lens-protectors,39,2,22,3,dom-inspection,div#split-1125111-1125112 > div.xcell-mm__plp-thumbs.xcell-mm__plp-thumbs--flat > a.xcell-mm__plp-thumb,https://xcellparts.com/product-category/accessories/cases-n-tempered-lens-protectors/iphone-cases-n-tempered-lens-protectors/iphone-14-iphone-cases-n-tempered-lens-protectors,False,False,2026-09-07T04:40:13+00:00,,,,,
XCell Parts,https://xcellparts.com/,ACCESSORIES,https://xcellparts.com/product-category/accessories,8,click,CASES N TEMPERED / LENS PROTECTORS,https://xcellparts.com/product-category/accessories/cases-n-tempered-lens-protectors,1,dom-inspection,IPHONE 13 PRO MAX,https://xcellparts.com/product-category/accessories/cases-n-tempered-lens-protectors/iphone-cases-n-tempered-lens-protectors/iphone-13-pro-max-iphone-cases-n-tempered-lens-protectors,40,2,23,3,dom-inspection,div#split-1125111-1125112 > div.xcell-mm__plp-thumbs.xcell-mm__plp-thumbs--flat > a.xcell-mm__plp-thumb,https://xcellparts.com/product-category/accessories/cases-n-tempered-lens-protectors/iphone-cases-n-tempered-lens-protectors/iphone-13-pro-max-iphone-cases-n-tempered-lens-protectors,False,False,2026-09-07T04:40:13+00:00,,,,,
XCell Parts,https://xcellparts.com/,ACCESSORIES,https://xcellparts.com/product-category/accessories,8,click,CASES N TEMPERED / LENS PROTECTORS,https://xcellparts.com/product-category/accessories/cases-n-tempered-lens-protectors,1,dom-inspection,IPHONE 13 PRO,https://xcellparts.com/product-category/accessories/cases-n-tempered-lens-protectors/iphone-cases-n-tempered-lens-protectors/iphone-13-pro-iphone-cases-n-tempered-lens-protectors,41,2,24,3,dom-inspection,div#split-1125111-1125112 > div.xcell-mm__plp-thumbs.xcell-mm__plp-thumbs--flat > a.xcell-mm__plp-thumb,https://xcellparts.com/product-category/accessories/cases-n-tempered-lens-protectors/iphone-cases-n-tempered-lens-protectors/iphone-13-pro-iphone-cases-n-tempered-lens-protectors,False,False,2026-09-07T04:40:13+00:00,,,,,
XCell Parts,https://xcellparts.com/,ACCESSORIES,https://xcellparts.com/product-category/accessories,8,click,CASES N TEMPERED / LENS PROTECTORS,https://xcellparts.com/product-category/accessories/cases-n-tempered-lens-protectors,1,dom-inspection,IPHONE 13 MINI,https://xcellparts.com/product-category/accessories/cases-n-tempered-lens-protectors/iphone-cases-n-tempered-lens-protectors/iphone-13-mini-iphone-cases-n-tempered-lens-protectors,42,2,25,3,dom-inspection,div#split-1125111-1125112 > div.xcell-mm__plp-thumbs.xcell-mm__plp-thumbs--flat > a.xcell-mm__plp-thumb,https://xcellparts.com/product-category/accessories/cases-n-tempered-lens-protectors/iphone-cases-n-tempered-lens-protectors/iphone-13-mini-iphone-cases-n-tempered-lens-protectors,False,False,2026-09-07T04:40:13+00:00,,,,,
XCell Parts,https://xcellparts.com/,ACCESSORIES,https://xcellparts.com/product-category/accessories,8,click,CASES N TEMPERED / LENS PROTECTORS,https://xcellparts.com/product-category/accessories/cases-n-tempered-lens-protectors,1,dom-inspection,IPHONE 13,https://xcellparts.com/product-category/accessories/cases-n-tempered-lens-protectors/iphone-cases-n-tempered-lens-protectors/iphone-13-iphone-cases-n-tempered-lens-protectors,43,2,26,3,dom-inspection,div#split-1125111-1125112 > div.xcell-mm__plp-thumbs.xcell-mm__plp-thumbs--flat > a.xcell-mm__plp-thumb,https://xcellparts.com/product-category/accessories/cases-n-tempered-lens-protectors/iphone-cases-n-tempered-lens-protectors/iphone-13-iphone-cases-n-tempered-lens-protectors,False,False,2026-09-07T04:40:13+00:00,,,,,
XCell Parts,https://xcellparts.com/,ACCESSORIES,https://xcellparts.com/product-category/accessories,8,click,CASES N TEMPERED / LENS PROTECTORS,https://xcellparts.com/product-category/accessories/cases-n-tempered-lens-protectors,1,dom-inspection,IPHONE 12 PRO MAX,https://xcellparts.com/product-category/accessories/cases-n-tempered-lens-protectors/iphone-cases-n-tempered-lens-protectors/iphone-12-pro-max-iphone-cases-n-tempered-lens-protectors,44,2,27,3,dom-inspection,div#split-1125111-1125112 > div.xcell-mm__plp-thumbs.xcell-mm__plp-thumbs--flat > a.xcell-mm__plp-thumb,https://xcellparts.com/product-category/accessories/cases-n-tempered-lens-protectors/iphone-cases-n-tempered-lens-protectors/iphone-12-pro-max-iphone-cases-n-tempered-lens-protectors,False,False,2026-09-07T04:40:13+00:00,,,,,
XCell Parts,https://xcellparts.com/,ACCESSORIES,https://xcellparts.com/product-category/accessories,8,click,CASES N TEMPERED / LENS PROTECTORS,https://xcellparts.com/product-category/accessories/cases-n-tempered-lens-protectors,1,dom-inspection,IPHONE 12 PRO,https://xcellparts.com/product-category/accessories/cases-n-tempered-lens-protectors/iphone-cases-n-tempered-lens-protectors/iphone-12-pro-iphone-cases-n-tempered-lens-protectors,45,2,28,3,dom-inspection,div#split-1125111-1125112 > div.xcell-mm__plp-thumbs.xcell-mm__plp-thumbs--flat > a.xcell-mm__plp-thumb,https://xcellparts.com/product-category/accessories/cases-n-tempered-lens-protectors/iphone-cases-n-tempered-lens-protectors/iphone-12-pro-iphone-cases-n-tempered-lens-protectors,False,False,2026-09-07T04:40:13+00:00,,,,,
XCell Parts,https://xcellparts.com/,ACCESSORIES,https://xcellparts.com/product-category/accessories,8,click,CASES N TEMPERED / LENS PROTECTORS,https://xcellparts.com/product-category/accessories/cases-n-tempered-lens-protectors,1,dom-inspection,IPHONE 12 MINI,https://xcellparts.com/product-category/accessories/cases-n-tempered-lens-protectors/iphone-cases-n-tempered-lens-protectors/iphone-12-mini-iphone-cases-n-tempered-lens-protectors,46,2,29,3,dom-inspection,div#split-1125111-1125112 > div.xcell-mm__plp-thumbs.xcell-mm__plp-thumbs--flat > a.xcell-mm__plp-thumb,https://xcellparts.com/product-category/accessories/cases-n-tempered-lens-protectors/iphone-cases-n-tempered-lens-protectors/iphone-12-mini-iphone-cases-n-tempered-lens-protectors,False,False,2026-09-07T04:40:13+00:00,,,,,
XCell Parts,https://xcellparts.com/,ACCESSORIES,https://xcellparts.com/product-category/accessories,8,click,CASES N TEMPERED / LENS PROTECTORS,https://xcellparts.com/product-category/accessories/cases-n-tempered-lens-protectors,1,dom-inspection,IPHONE 12,https://xcellparts.com/product-category/accessories/cases-n-tempered-lens-protectors/iphone-cases-n-tempered-lens-protectors/iphone-12-iphone-cases-n-tempered-lens-protectors,47,2,30,3,dom-inspection,div#split-1125111-1125112 > div.xcell-mm__plp-thumbs.xcell-mm__plp-thumbs--flat > a.xcell-mm__plp-thumb,https://xcellparts.com/product-category/accessories/cases-n-tempered-lens-protectors/iphone-cases-n-tempered-lens-protectors/iphone-12-iphone-cases-n-tempered-lens-protectors,False,False,2026-09-07T04:40:13+00:00,,,,,
XCell Parts,https://xcellparts.com/,ACCESSORIES,https://xcellparts.com/product-category/accessories,8,click,CASES N TEMPERED / LENS PROTECTORS,https://xcellparts.com/product-category/accessories/cases-n-tempered-lens-protectors,1,dom-inspection,IPHONE 11 PRO MAX,https://xcellparts.com/product-category/accessories/cases-n-tempered-lens-protectors/iphone-cases-n-tempered-lens-protectors/iphone-11-pro-max-iphone-cases-n-tempered-lens-protectors,48,2,31,3,dom-inspection,div#split-1125111-1125112 > div.xcell-mm__plp-thumbs.xcell-mm__plp-thumbs--flat > a.xcell-mm__plp-thumb,https://xcellparts.com/product-category/accessories/cases-n-tempered-lens-protectors/iphone-cases-n-tempered-lens-protectors/iphone-11-pro-max-iphone-cases-n-tempered-lens-protectors,False,False,2026-09-07T04:40:13+00:00,,,,,
XCell Parts,https://xcellparts.com/,ACCESSORIES,https://xcellparts.com/product-category/accessories,8,click,CASES N TEMPERED / LENS PROTECTORS,https://xcellparts.com/product-category/accessories/cases-n-tempered-lens-protectors,1,dom-inspection,IPHONE 11 PRO,https://xcellparts.com/product-category/accessories/cases-n-tempered-lens-protectors/iphone-cases-n-tempered-lens-protectors/iphone-11-pro-iphone-cases-n-tempered-lens-protectors,49,2,32,3,dom-inspection,div#split-1125111-1125112 > div.xcell-mm__plp-thumbs.xcell-mm__plp-thumbs--flat > a.xcell-mm__plp-thumb,https://xcellparts.com/product-category/accessories/cases-n-tempered-lens-protectors/iphone-cases-n-tempered-lens-protectors/iphone-11-pro-iphone-cases-n-tempered-lens-protectors,False,False,2026-09-07T04:40:13+00:00,,,,,
XCell Parts,https://xcellparts.com/,ACCESSORIES,https://xcellparts.com/product-category/accessories,8,click,CASES N TEMPERED / LENS PROTECTORS,https://xcellparts.com/product-category/accessories/cases-n-tempered-lens-protectors,1,dom-inspection,IPHONE 11,https://xcellparts.com/product-category/accessories/cases-n-tempered-lens-protectors/iphone-cases-n-tempered-lens-protectors/iphone-11-iphone-cases-n-tempered-lens-protectors,50,2,33,3,dom-inspection,div#split-1125111-1125112 > div.xcell-mm__plp-thumbs.xcell-mm__plp-thumbs--flat > a.xcell-mm__plp-thumb,https://xcellparts.com/product-category/accessories/cases-n-tempered-lens-protectors/iphone-cases-n-tempered-lens-protectors/iphone-11-iphone-cases-n-tempered-lens-protectors,False,False,2026-09-07T04:40:13+00:00,,,,,
XCell Parts,https://xcellparts.com/,ACCESSORIES,https://xcellparts.com/product-category/accessories,8,click,CASES N TEMPERED / LENS PROTECTORS,https://xcellparts.com/product-category/accessories/cases-n-tempered-lens-protectors,1,dom-inspection,IPHONE XS MAX,https://xcellparts.com/product-category/accessories/cases-n-tempered-lens-protectors/iphone-cases-n-tempered-lens-protectors/iphone-xs-max-iphone-cases-n-tempered-lens-protectors,51,2,34,3,dom-inspection,div#split-1125111-1125112 > div.xcell-mm__plp-thumbs.xcell-mm__plp-thumbs--flat > a.xcell-mm__plp-thumb,https://xcellparts.com/product-category/accessories/cases-n-tempered-lens-protectors/iphone-cases-n-tempered-lens-protectors/iphone-xs-max-iphone-cases-n-tempered-lens-protectors,False,False,2026-09-07T04:40:13+00:00,,,,,
XCell Parts,https://xcellparts.com/,ACCESSORIES,https://xcellparts.com/product-category/accessories,8,click,CASES N TEMPERED / LENS PROTECTORS,https://xcellparts.com/product-category/accessories/cases-n-tempered-lens-protectors,1,dom-inspection,IPHONE XS,https://xcellparts.com/product-category/accessories/cases-n-tempered-lens-protectors/iphone-cases-n-tempered-lens-protectors/iphone-xs-iphone-cases-n-tempered-lens-protectors,52,2,35,3,dom-inspection,div#split-1125111-1125112 > div.xcell-mm__plp-thumbs.xcell-mm__plp-thumbs--flat > a.xcell-mm__plp-thumb,https://xcellparts.com/product-category/accessories/cases-n-tempered-lens-protectors/iphone-cases-n-tempered-lens-protectors/iphone-xs-iphone-cases-n-tempered-lens-protectors,False,False,2026-09-07T04:40:13+00:00,,,,,
XCell Parts,https://xcellparts.com/,ACCESSORIES,https://xcellparts.com/product-category/accessories,8,click,CASES N TEMPERED / LENS PROTECTORS,https://xcellparts.com/product-category/accessories/cases-n-tempered-lens-protectors,1,dom-inspection,IPHONE XR,https://xcellparts.com/product-category/accessories/cases-n-tempered-lens-protectors/iphone-cases-n-tempered-lens-protectors/iphone-xr-iphone-cases-n-tempered-lens-protectors,53,2,36,3,dom-inspection,div#split-1125111-1125112 > div.xcell-mm__plp-thumbs.xcell-mm__plp-thumbs--flat > a.xcell-mm__plp-thumb,https://xcellparts.com/product-category/accessories/cases-n-tempered-lens-protectors/iphone-cases-n-tempered-lens-protectors/iphone-xr-iphone-cases-n-tempered-lens-protectors,False,False,2026-09-07T04:40:13+00:00,,,,,
XCell Parts,https://xcellparts.com/,ACCESSORIES,https://xcellparts.com/product-category/accessories,8,click,CASES N TEMPERED / LENS PROTECTORS,https://xcellparts.com/product-category/accessories/cases-n-tempered-lens-protectors,1,dom-inspection,IPHONE X,https://xcellparts.com/product-category/accessories/cases-n-tempered-lens-protectors/iphone-cases-n-tempered-lens-protectors/iphone-x-iphone-cases-n-tempered-lens-protectors,54,2,37,3,dom-inspection,div#split-1125111-1125112 > div.xcell-mm__plp-thumbs.xcell-mm__plp-thumbs--flat > a.xcell-mm__plp-thumb,https://xcellparts.com/product-category/accessories/cases-n-tempered-lens-protectors/iphone-cases-n-tempered-lens-protectors/iphone-x-iphone-cases-n-tempered-lens-protectors,False,False,2026-09-07T04:40:13+00:00,,,,,
XCell Parts,https://xcellparts.com/,ACCESSORIES,https://xcellparts.com/product-category/accessories,8,click,CASES N TEMPERED / LENS PROTECTORS,https://xcellparts.com/product-category/accessories/cases-n-tempered-lens-protectors,1,dom-inspection,IPHONE SE (2020),https://xcellparts.com/product-category/accessories/cases-n-tempered-lens-protectors/iphone-cases-n-tempered-lens-protectors/iphone-se-2020-iphone-cases-n-tempered-lens-protectors,55,2,38,3,dom-inspection,div#split-1125111-1125112 > div.xcell-mm__plp-thumbs.xcell-mm__plp-thumbs--flat > a.xcell-mm__plp-thumb,https://xcellparts.com/product-category/accessories/cases-n-tempered-lens-protectors/iphone-cases-n-tempered-lens-protectors/iphone-se-2020-iphone-cases-n-tempered-lens-protectors,False,False,2026-09-07T04:40:13+00:00,,,,,
XCell Parts,https://xcellparts.com/,ACCESSORIES,https://xcellparts.com/product-category/accessories,8,click,CASES N TEMPERED / LENS PROTECTORS,https://xcellparts.com/product-category/accessories/cases-n-tempered-lens-protectors,1,dom-inspection,IPHONE 7 PLUS / 8 PLUS,https://xcellparts.com/product-category/accessories/cases-n-tempered-lens-protectors/iphone-cases-n-tempered-lens-protectors/iphone-7-plus-8-plus,56,2,39,3,dom-inspection,div#split-1125111-1125112 > div.xcell-mm__plp-thumbs.xcell-mm__plp-thumbs--flat > a.xcell-mm__plp-thumb,https://xcellparts.com/product-category/accessories/cases-n-tempered-lens-protectors/iphone-cases-n-tempered-lens-protectors/iphone-7-plus-8-plus,False,False,2026-09-07T04:40:13+00:00,,,,,
XCell Parts,https://xcellparts.com/,ACCESSORIES,https://xcellparts.com/product-category/accessories,8,click,CASES N TEMPERED / LENS PROTECTORS,https://xcellparts.com/product-category/accessories/cases-n-tempered-lens-protectors,1,dom-inspection,IPHONE 7G / 8G,https://xcellparts.com/product-category/accessories/cases-n-tempered-lens-protectors/iphone-cases-n-tempered-lens-protectors/iphone-7g-8g,57,2,40,3,dom-inspection,div#split-1125111-1125112 > div.xcell-mm__plp-thumbs.xcell-mm__plp-thumbs--flat > a.xcell-mm__plp-thumb,https://xcellparts.com/product-category/accessories/cases-n-tempered-lens-protectors/iphone-cases-n-tempered-lens-protectors/iphone-7g-8g,False,False,2026-09-07T04:40:13+00:00,,,,,
XCell Parts,https://xcellparts.com/,ACCESSORIES,https://xcellparts.com/product-category/accessories,8,click,CASES N TEMPERED / LENS PROTECTORS,https://xcellparts.com/product-category/accessories/cases-n-tempered-lens-protectors,1,dom-inspection,IPHONE 6 PLUS/ 6S PLUS,https://xcellparts.com/product-category/accessories/cases-n-tempered-lens-protectors/iphone-cases-n-tempered-lens-protectors/iphone-6-plus-6s-plus,58,2,41,3,dom-inspection,div#split-1125111-1125112 > div.xcell-mm__plp-thumbs.xcell-mm__plp-thumbs--flat > a.xcell-mm__plp-thumb,https://xcellparts.com/product-category/accessories/cases-n-tempered-lens-protectors/iphone-cases-n-tempered-lens-protectors/iphone-6-plus-6s-plus,False,False,2026-09-07T04:40:13+00:00,,,,,
XCell Parts,https://xcellparts.com/,ACCESSORIES,https://xcellparts.com/product-category/accessories,8,click,CASES N TEMPERED / LENS PROTECTORS,https://xcellparts.com/product-category/accessories/cases-n-tempered-lens-protectors,1,dom-inspection,IPHONE 6G / 6S,https://xcellparts.com/product-category/accessories/cases-n-tempered-lens-protectors/iphone-cases-n-tempered-lens-protectors/iphone-6g-6s,59,2,42,3,dom-inspection,div#split-1125111-1125112 > div.xcell-mm__plp-thumbs.xcell-mm__plp-thumbs--flat > a.xcell-mm__plp-thumb,https://xcellparts.com/product-category/accessories/cases-n-tempered-lens-protectors/iphone-cases-n-tempered-lens-protectors/iphone-6g-6s,False,False,2026-09-07T04:40:13+00:00,,,,,
XCell Parts,https://xcellparts.com/,ACCESSORIES,https://xcellparts.com/product-category/accessories,8,click,CASES N TEMPERED / LENS PROTECTORS,https://xcellparts.com/product-category/accessories/cases-n-tempered-lens-protectors,1,dom-inspection,IWATCH,https://xcellparts.com/product-category/accessories/cases-n-tempered-lens-protectors/iwatch-cases-n-tempered-lens-protectors,60,3,1,3,dom-inspection,div#split-1125111-1125169 > a.xcell-mm__plp-group-head,https://xcellparts.com/product-category/accessories/cases-n-tempered-lens-protectors/iwatch-cases-n-tempered-lens-protectors,False,False,2026-09-07T04:40:13+00:00,,,,,
XCell Parts,https://xcellparts.com/,ACCESSORIES,https://xcellparts.com/product-category/accessories,8,click,CASES N TEMPERED / LENS PROTECTORS,https://xcellparts.com/product-category/accessories/cases-n-tempered-lens-protectors,1,dom-inspection,SERIES 49MM,https://xcellparts.com/product-category/accessories/cases-n-tempered-lens-protectors/iwatch-cases-n-tempered-lens-protectors/series-49mm,61,3,2,3,dom-inspection,div#split-1125111-1125169 > div.xcell-mm__plp-thumbs.xcell-mm__plp-thumbs--flat > a.xcell-mm__plp-thumb,https://xcellparts.com/product-category/accessories/cases-n-tempered-lens-protectors/iwatch-cases-n-tempered-lens-protectors/series-49mm,False,False,2026-09-07T04:40:13+00:00,,,,,
XCell Parts,https://xcellparts.com/,ACCESSORIES,https://xcellparts.com/product-category/accessories,8,click,CASES N TEMPERED / LENS PROTECTORS,https://xcellparts.com/product-category/accessories/cases-n-tempered-lens-protectors,1,dom-inspection,SERIES 46MM,https://xcellparts.com/product-category/accessories/cases-n-tempered-lens-protectors/iwatch-cases-n-tempered-lens-protectors/series-46mm,62,3,3,3,dom-inspection,div#split-1125111-1125169 > div.xcell-mm__plp-thumbs.xcell-mm__plp-thumbs--flat > a.xcell-mm__plp-thumb,https://xcellparts.com/product-category/accessories/cases-n-tempered-lens-protectors/iwatch-cases-n-tempered-lens-protectors/series-46mm,False,False,2026-09-07T04:40:13+00:00,,,,,
XCell Parts,https://xcellparts.com/,ACCESSORIES,https://xcellparts.com/product-category/accessories,8,click,CASES N TEMPERED / LENS PROTECTORS,https://xcellparts.com/product-category/accessories/cases-n-tempered-lens-protectors,1,dom-inspection,SERIES 45MM,https://xcellparts.com/product-category/accessories/cases-n-tempered-lens-protectors/iwatch-cases-n-tempered-lens-protectors/series-45mm,63,3,4,3,dom-inspection,div#split-1125111-1125169 > div.xcell-mm__plp-thumbs.xcell-mm__plp-thumbs--flat > a.xcell-mm__plp-thumb,https://xcellparts.com/product-category/accessories/cases-n-tempered-lens-protectors/iwatch-cases-n-tempered-lens-protectors/series-45mm,False,False,2026-09-07T04:40:13+00:00,,,,,
XCell Parts,https://xcellparts.com/,ACCESSORIES,https://xcellparts.com/product-category/accessories,8,click,CASES N TEMPERED / LENS PROTECTORS,https://xcellparts.com/product-category/accessories/cases-n-tempered-lens-protectors,1,dom-inspection,SERIES 44MM,https://xcellparts.com/product-category/accessories/cases-n-tempered-lens-protectors/iwatch-cases-n-tempered-lens-protectors/series-44mm,64,3,5,3,dom-inspection,div#split-1125111-1125169 > div.xcell-mm__plp-thumbs.xcell-mm__plp-thumbs--flat > a.xcell-mm__plp-thumb,https://xcellparts.com/product-category/accessories/cases-n-tempered-lens-protectors/iwatch-cases-n-tempered-lens-protectors/series-44mm,False,False,2026-09-07T04:40:13+00:00,,,,,
XCell Parts,https://xcellparts.com/,ACCESSORIES,https://xcellparts.com/product-category/accessories,8,click,CASES N TEMPERED / LENS PROTECTORS,https://xcellparts.com/product-category/accessories/cases-n-tempered-lens-protectors,1,dom-inspection,SERIES 42MM,https://xcellparts.com/product-category/accessories/cases-n-tempered-lens-protectors/iwatch-cases-n-tempered-lens-protectors/series-42mm,65,3,6,3,dom-inspection,div#split-1125111-1125169 > div.xcell-mm__plp-thumbs.xcell-mm__plp-thumbs--flat > a.xcell-mm__plp-thumb,https://xcellparts.com/product-category/accessories/cases-n-tempered-lens-protectors/iwatch-cases-n-tempered-lens-protectors/series-42mm,False,False,2026-09-07T04:40:13+00:00,,,,,
XCell Parts,https://xcellparts.com/,ACCESSORIES,https://xcellparts.com/product-category/accessories,8,click,CASES N TEMPERED / LENS PROTECTORS,https://xcellparts.com/product-category/accessories/cases-n-tempered-lens-protectors,1,dom-inspection,SERIES 41MM,https://xcellparts.com/product-category/accessories/cases-n-tempered-lens-protectors/iwatch-cases-n-tempered-lens-protectors/series-41mm,66,3,7,3,dom-inspection,div#split-1125111-1125169 > div.xcell-mm__plp-thumbs.xcell-mm__plp-thumbs--flat > a.xcell-mm__plp-thumb,https://xcellparts.com/product-category/accessories/cases-n-tempered-lens-protectors/iwatch-cases-n-tempered-lens-protectors/series-41mm,False,False,2026-09-07T04:40:13+00:00,,,,,
XCell Parts,https://xcellparts.com/,ACCESSORIES,https://xcellparts.com/product-category/accessories,8,click,CASES N TEMPERED / LENS PROTECTORS,https://xcellparts.com/product-category/accessories/cases-n-tempered-lens-protectors,1,dom-inspection,SERIES 40MM,https://xcellparts.com/product-category/accessories/cases-n-tempered-lens-protectors/iwatch-cases-n-tempered-lens-protectors/series-40mm,67,3,8,3,dom-inspection,div#split-1125111-1125169 > div.xcell-mm__plp-thumbs.xcell-mm__plp-thumbs--flat > a.xcell-mm__plp-thumb,https://xcellparts.com/product-category/accessories/cases-n-tempered-lens-protectors/iwatch-cases-n-tempered-lens-protectors/series-40mm,False,False,2026-09-07T04:40:13+00:00,,,,,
XCell Parts,https://xcellparts.com/,ACCESSORIES,https://xcellparts.com/product-category/accessories,8,click,CASES N TEMPERED / LENS PROTECTORS,https://xcellparts.com/product-category/accessories/cases-n-tempered-lens-protectors,1,dom-inspection,SERIES 38MM,https://xcellparts.com/product-category/accessories/cases-n-tempered-lens-protectors/iwatch-cases-n-tempered-lens-protectors/series-38mm,68,3,9,3,dom-inspection,div#split-1125111-1125169 > div.xcell-mm__plp-thumbs.xcell-mm__plp-thumbs--flat > a.xcell-mm__plp-thumb,https://xcellparts.com/product-category/accessories/cases-n-tempered-lens-protectors/iwatch-cases-n-tempered-lens-protectors/series-38mm,False,False,2026-09-07T04:40:13+00:00,,,,,
XCell Parts,https://xcellparts.com/,ACCESSORIES,https://xcellparts.com/product-category/accessories,8,click,CASES N TEMPERED / LENS PROTECTORS,https://xcellparts.com/product-category/accessories/cases-n-tempered-lens-protectors,1,dom-inspection,SAMSUNG A SERIES,https://xcellparts.com/product-category/accessories/cases-n-tempered-lens-protectors/samsung-a-series-cases-n-tempered-lens-protectors,69,4,1,3,dom-inspection,div#split-1125111-1125170 > a.xcell-mm__plp-group-head,https://xcellparts.com/product-category/accessories/cases-n-tempered-lens-protectors/samsung-a-series-cases-n-tempered-lens-protectors,False,False,2026-09-07T04:40:13+00:00,,,,,
XCell Parts,https://xcellparts.com/,ACCESSORIES,https://xcellparts.com/product-category/accessories,8,click,CASES N TEMPERED / LENS PROTECTORS,https://xcellparts.com/product-category/accessories/cases-n-tempered-lens-protectors,1,dom-inspection,GALAXY A54 5G,https://xcellparts.com/product-category/accessories/cases-n-tempered-lens-protectors/samsung-a-series-cases-n-tempered-lens-protectors/galaxy-a54-5g,70,4,2,3,dom-inspection,div#split-1125111-1125170 > div.xcell-mm__plp-thumbs.xcell-mm__plp-thumbs--flat > a.xcell-mm__plp-thumb,https://xcellparts.com/product-category/accessories/cases-n-tempered-lens-protectors/samsung-a-series-cases-n-tempered-lens-protectors/galaxy-a54-5g,False,False,2026-09-07T04:40:13+00:00,,,,,
XCell Parts,https://xcellparts.com/,ACCESSORIES,https://xcellparts.com/product-category/accessories,8,click,CASES N TEMPERED / LENS PROTECTORS,https://xcellparts.com/product-category/accessories/cases-n-tempered-lens-protectors,1,dom-inspection,GALAXY A35 5G,https://xcellparts.com/product-category/accessories/cases-n-tempered-lens-protectors/samsung-a-series-cases-n-tempered-lens-protectors/galaxy-a35-5g,71,4,3,3,dom-inspection,div#split-1125111-1125170 > div.xcell-mm__plp-thumbs.xcell-mm__plp-thumbs--flat > a.xcell-mm__plp-thumb,https://xcellparts.com/product-category/accessories/cases-n-tempered-lens-protectors/samsung-a-series-cases-n-tempered-lens-protectors/galaxy-a35-5g,False,False,2026-09-07T04:40:13+00:00,,,,,
XCell Parts,https://xcellparts.com/,ACCESSORIES,https://xcellparts.com/product-category/accessories,8,click,CASES N TEMPERED / LENS PROTECTORS,https://xcellparts.com/product-category/accessories/cases-n-tempered-lens-protectors,1,dom-inspection,GALAXY A24,https://xcellparts.com/product-category/accessories/cases-n-tempered-lens-protectors/samsung-a-series-cases-n-tempered-lens-protectors/galaxy-a24,72,4,4,3,dom-inspection,div#split-1125111-1125170 > div.xcell-mm__plp-thumbs.xcell-mm__plp-thumbs--flat > a.xcell-mm__plp-thumb,https://xcellparts.com/product-category/accessories/cases-n-tempered-lens-protectors/samsung-a-series-cases-n-tempered-lens-protectors/galaxy-a24,False,False,2026-09-07T04:40:13+00:00,,,,,
XCell Parts,https://xcellparts.com/,ACCESSORIES,https://xcellparts.com/product-category/accessories,8,click,CASES N TEMPERED / LENS PROTECTORS,https://xcellparts.com/product-category/accessories/cases-n-tempered-lens-protectors,1,dom-inspection,GALAXY A21,https://xcellparts.com/product-category/accessories/cases-n-tempered-lens-protectors/samsung-a-series-cases-n-tempered-lens-protectors/galaxy-a21,73,4,5,3,dom-inspection,div#split-1125111-1125170 > div.xcell-mm__plp-thumbs.xcell-mm__plp-thumbs--flat > a.xcell-mm__plp-thumb,https://xcellparts.com/product-category/accessories/cases-n-tempered-lens-protectors/samsung-a-series-cases-n-tempered-lens-protectors/galaxy-a21,False,False,2026-09-07T04:40:13+00:00,,,,,
XCell Parts,https://xcellparts.com/,ACCESSORIES,https://xcellparts.com/product-category/accessories,8,click,CASES N TEMPERED / LENS PROTECTORS,https://xcellparts.com/product-category/accessories/cases-n-tempered-lens-protectors,1,dom-inspection,GALAXY A16 5G,https://xcellparts.com/product-category/accessories/cases-n-tempered-lens-protectors/samsung-a-series-cases-n-tempered-lens-protectors/galaxy-a16-5g,74,4,6,3,dom-inspection,div#split-1125111-1125170 > div.xcell-mm__plp-thumbs.xcell-mm__plp-thumbs--flat > a.xcell-mm__plp-thumb,https://xcellparts.com/product-category/accessories/cases-n-tempered-lens-protectors/samsung-a-series-cases-n-tempered-lens-protectors/galaxy-a16-5g,False,False,2026-09-07T04:40:13+00:00,,,,,
XCell Parts,https://xcellparts.com/,ACCESSORIES,https://xcellparts.com/product-category/accessories,8,click,CASES N TEMPERED / LENS PROTECTORS,https://xcellparts.com/product-category/accessories/cases-n-tempered-lens-protectors,1,dom-inspection,GALAXY A14 5G,https://xcellparts.com/product-category/accessories/cases-n-tempered-lens-protectors/samsung-a-series-cases-n-tempered-lens-protectors/galaxy-a14-5g,75,4,7,3,dom-inspection,div#split-1125111-1125170 > div.xcell-mm__plp-thumbs.xcell-mm__plp-thumbs--flat > a.xcell-mm__plp-thumb,https://xcellparts.com/product-category/accessories/cases-n-tempered-lens-protectors/samsung-a-series-cases-n-tempered-lens-protectors/galaxy-a14-5g,False,False,2026-09-07T04:40:13+00:00,,,,,
XCell Parts,https://xcellparts.com/,ACCESSORIES,https://xcellparts.com/product-category/accessories,8,click,CASES N TEMPERED / LENS PROTECTORS,https://xcellparts.com/product-category/accessories/cases-n-tempered-lens-protectors,1,dom-inspection,GALAXY A02,https://xcellparts.com/product-category/accessories/cases-n-tempered-lens-protectors/samsung-a-series-cases-n-tempered-lens-protectors/galaxy-a02,76,4,8,3,dom-inspection,div#split-1125111-1125170 > div.xcell-mm__plp-thumbs.xcell-mm__plp-thumbs--flat > a.xcell-mm__plp-thumb,https://xcellparts.com/product-category/accessories/cases-n-tempered-lens-protectors/samsung-a-series-cases-n-tempered-lens-protectors/galaxy-a02,False,False,2026-09-07T04:40:13+00:00,,,,,
XCell Parts,https://xcellparts.com/,ACCESSORIES,https://xcellparts.com/product-category/accessories,8,click,CASES N TEMPERED / LENS PROTECTORS,https://xcellparts.com/product-category/accessories/cases-n-tempered-lens-protectors,1,dom-inspection,SAMSUNG NOTE SERIES,https://xcellparts.com/product-category/accessories/cases-n-tempered-lens-protectors/samsung-note-series,77,5,1,3,dom-inspection,div#split-1125111-1125192 > a.xcell-mm__plp-group-head,https://xcellparts.com/product-category/accessories/cases-n-tempered-lens-protectors/samsung-note-series,False,False,2026-09-07T04:40:13+00:00,,,,,
XCell Parts,https://xcellparts.com/,ACCESSORIES,https://xcellparts.com/product-category/accessories,8,click,CASES N TEMPERED / LENS PROTECTORS,https://xcellparts.com/product-category/accessories/cases-n-tempered-lens-protectors,1,dom-inspection,NOTE 20 ULTRA,https://xcellparts.com/product-category/accessories/cases-n-tempered-lens-protectors/samsung-note-series/note-20-ultra-samsung-note-series,78,5,2,3,dom-inspection,div#split-1125111-1125192 > div.xcell-mm__plp-thumbs.xcell-mm__plp-thumbs--flat > a.xcell-mm__plp-thumb,https://xcellparts.com/product-category/accessories/cases-n-tempered-lens-protectors/samsung-note-series/note-20-ultra-samsung-note-series,False,False,2026-09-07T04:40:13+00:00,,,,,
XCell Parts,https://xcellparts.com/,ACCESSORIES,https://xcellparts.com/product-category/accessories,8,click,CASES N TEMPERED / LENS PROTECTORS,https://xcellparts.com/product-category/accessories/cases-n-tempered-lens-protectors,1,dom-inspection,NOTE 20,https://xcellparts.com/product-category/accessories/cases-n-tempered-lens-protectors/samsung-note-series/note-20-samsung-note-series,79,5,3,3,dom-inspection,div#split-1125111-1125192 > div.xcell-mm__plp-thumbs.xcell-mm__plp-thumbs--flat > a.xcell-mm__plp-thumb,https://xcellparts.com/product-category/accessories/cases-n-tempered-lens-protectors/samsung-note-series/note-20-samsung-note-series,False,False,2026-09-07T04:40:13+00:00,,,,,
XCell Parts,https://xcellparts.com/,ACCESSORIES,https://xcellparts.com/product-category/accessories,8,click,CASES N TEMPERED / LENS PROTECTORS,https://xcellparts.com/product-category/accessories/cases-n-tempered-lens-protectors,1,dom-inspection,NOTE 10 PLUS,https://xcellparts.com/product-category/accessories/cases-n-tempered-lens-protectors/samsung-note-series/note-10-plus-samsung-note-series,80,5,4,3,dom-inspection,div#split-1125111-1125192 > div.xcell-mm__plp-thumbs.xcell-mm__plp-thumbs--flat > a.xcell-mm__plp-thumb,https://xcellparts.com/product-category/accessories/cases-n-tempered-lens-protectors/samsung-note-series/note-10-plus-samsung-note-series,False,False,2026-09-07T04:40:13+00:00,,,,,
XCell Parts,https://xcellparts.com/,ACCESSORIES,https://xcellparts.com/product-category/accessories,8,click,CASES N TEMPERED / LENS PROTECTORS,https://xcellparts.com/product-category/accessories/cases-n-tempered-lens-protectors,1,dom-inspection,NOTE 10,https://xcellparts.com/product-category/accessories/cases-n-tempered-lens-protectors/samsung-note-series/note-10-samsung-note-series,81,5,5,3,dom-inspection,div#split-1125111-1125192 > div.xcell-mm__plp-thumbs.xcell-mm__plp-thumbs--flat > a.xcell-mm__plp-thumb,https://xcellparts.com/product-category/accessories/cases-n-tempered-lens-protectors/samsung-note-series/note-10-samsung-note-series,False,False,2026-09-07T04:40:13+00:00,,,,,
XCell Parts,https://xcellparts.com/,ACCESSORIES,https://xcellparts.com/product-category/accessories,8,click,CASES N TEMPERED / LENS PROTECTORS,https://xcellparts.com/product-category/accessories/cases-n-tempered-lens-protectors,1,dom-inspection,NOTE 9,https://xcellparts.com/product-category/accessories/cases-n-tempered-lens-protectors/samsung-note-series/note-9-samsung-note-series,82,5,6,3,dom-inspection,div#split-1125111-1125192 > div.xcell-mm__plp-thumbs.xcell-mm__plp-thumbs--flat > a.xcell-mm__plp-thumb,https://xcellparts.com/product-category/accessories/cases-n-tempered-lens-protectors/samsung-note-series/note-9-samsung-note-series,False,False,2026-09-07T04:40:13+00:00,,,,,
XCell Parts,https://xcellparts.com/,ACCESSORIES,https://xcellparts.com/product-category/accessories,8,click,CASES N TEMPERED / LENS PROTECTORS,https://xcellparts.com/product-category/accessories/cases-n-tempered-lens-protectors,1,dom-inspection,NOTE 8,https://xcellparts.com/product-category/accessories/cases-n-tempered-lens-protectors/samsung-note-series/note-8-samsung-note-series,83,5,7,3,dom-inspection,div#split-1125111-1125192 > div.xcell-mm__plp-thumbs.xcell-mm__plp-thumbs--flat > a.xcell-mm__plp-thumb,https://xcellparts.com/product-category/accessories/cases-n-tempered-lens-protectors/samsung-note-series/note-8-samsung-note-series,False,False,2026-09-07T04:40:13+00:00,,,,,
XCell Parts,https://xcellparts.com/,ACCESSORIES,https://xcellparts.com/product-category/accessories,8,click,CASES N TEMPERED / LENS PROTECTORS,https://xcellparts.com/product-category/accessories/cases-n-tempered-lens-protectors,1,dom-inspection,SAMSUNG S SERIES,https://xcellparts.com/product-category/accessories/cases-n-tempered-lens-protectors/samsung-s-series,84,6,1,3,dom-inspection,div#split-1125111-1125205 > a.xcell-mm__plp-group-head,https://xcellparts.com/product-category/accessories/cases-n-tempered-lens-protectors/samsung-s-series,False,False,2026-09-07T04:40:13+00:00,,,,,
XCell Parts,https://xcellparts.com/,ACCESSORIES,https://xcellparts.com/product-category/accessories,8,click,CASES N TEMPERED / LENS PROTECTORS,https://xcellparts.com/product-category/accessories/cases-n-tempered-lens-protectors,1,dom-inspection,GALAXY S26 ULTRA,https://xcellparts.com/product-category/accessories/cases-n-tempered-lens-protectors/samsung-s-series/galaxy-s26-ultra-samsung-s-series,85,6,2,3,dom-inspection,div#split-1125111-1125205 > div.xcell-mm__plp-thumbs.xcell-mm__plp-thumbs--flat > a.xcell-mm__plp-thumb,https://xcellparts.com/product-category/accessories/cases-n-tempered-lens-protectors/samsung-s-series/galaxy-s26-ultra-samsung-s-series,False,False,2026-09-07T04:40:13+00:00,,,,,
XCell Parts,https://xcellparts.com/,ACCESSORIES,https://xcellparts.com/product-category/accessories,8,click,CASES N TEMPERED / LENS PROTECTORS,https://xcellparts.com/product-category/accessories/cases-n-tempered-lens-protectors,1,dom-inspection,GALAXY S26 PLUS,https://xcellparts.com/product-category/accessories/cases-n-tempered-lens-protectors/samsung-s-series/galaxy-s26-plus-samsung-s-series,86,6,3,3,dom-inspection,div#split-1125111-1125205 > div.xcell-mm__plp-thumbs.xcell-mm__plp-thumbs--flat > a.xcell-mm__plp-thumb,https://xcellparts.com/product-category/accessories/cases-n-tempered-lens-protectors/samsung-s-series/galaxy-s26-plus-samsung-s-series,False,False,2026-09-07T04:40:13+00:00,,,,,
XCell Parts,https://xcellparts.com/,ACCESSORIES,https://xcellparts.com/product-category/accessories,8,click,CASES N TEMPERED / LENS PROTECTORS,https://xcellparts.com/product-category/accessories/cases-n-tempered-lens-protectors,1,dom-inspection,GALAXY S26,https://xcellparts.com/product-category/accessories/cases-n-tempered-lens-protectors/samsung-s-series/galaxy-s26-samsung-s-series,87,6,4,3,dom-inspection,div#split-1125111-1125205 > div.xcell-mm__plp-thumbs.xcell-mm__plp-thumbs--flat > a.xcell-mm__plp-thumb,https://xcellparts.com/product-category/accessories/cases-n-tempered-lens-protectors/samsung-s-series/galaxy-s26-samsung-s-series,False,False,2026-09-07T04:40:13+00:00,,,,,
XCell Parts,https://xcellparts.com/,ACCESSORIES,https://xcellparts.com/product-category/accessories,8,click,CASES N TEMPERED / LENS PROTECTORS,https://xcellparts.com/product-category/accessories/cases-n-tempered-lens-protectors,1,dom-inspection,GALAXY S25FE 5G,https://xcellparts.com/product-category/accessories/cases-n-tempered-lens-protectors/samsung-s-series/galaxy-s25fe-5g,88,6,5,3,dom-inspection,div#split-1125111-1125205 > div.xcell-mm__plp-thumbs.xcell-mm__plp-thumbs--flat > a.xcell-mm__plp-thumb,https://xcellparts.com/product-category/accessories/cases-n-tempered-lens-protectors/samsung-s-series/galaxy-s25fe-5g,False,False,2026-09-07T04:40:13+00:00,,,,,
XCell Parts,https://xcellparts.com/,ACCESSORIES,https://xcellparts.com/product-category/accessories,8,click,CASES N TEMPERED / LENS PROTECTORS,https://xcellparts.com/product-category/accessories/cases-n-tempered-lens-protectors,1,dom-inspection,GALAXY S25 EDGE,https://xcellparts.com/product-category/accessories/cases-n-tempered-lens-protectors/samsung-s-series/galaxy-s25-edge-samsung-s-series,89,6,6,3,dom-inspection,div#split-1125111-1125205 > div.xcell-mm__plp-thumbs.xcell-mm__plp-thumbs--flat > a.xcell-mm__plp-thumb,https://xcellparts.com/product-category/accessories/cases-n-tempered-lens-protectors/samsung-s-series/galaxy-s25-edge-samsung-s-series,False,False,2026-09-07T04:40:13+00:00,,,,,
XCell Parts,https://xcellparts.com/,ACCESSORIES,https://xcellparts.com/product-category/accessories,8,click,CASES N TEMPERED / LENS PROTECTORS,https://xcellparts.com/product-category/accessories/cases-n-tempered-lens-protectors,1,dom-inspection,GALAXY S25 ULTRA,https://xcellparts.com/product-category/accessories/cases-n-tempered-lens-protectors/samsung-s-series/galaxy-s25-ultra,90,6,7,3,dom-inspection,div#split-1125111-1125205 > div.xcell-mm__plp-thumbs.xcell-mm__plp-thumbs--flat > a.xcell-mm__plp-thumb,https://xcellparts.com/product-category/accessories/cases-n-tempered-lens-protectors/samsung-s-series/galaxy-s25-ultra,False,False,2026-09-07T04:40:13+00:00,,,,,
XCell Parts,https://xcellparts.com/,ACCESSORIES,https://xcellparts.com/product-category/accessories,8,click,CASES N TEMPERED / LENS PROTECTORS,https://xcellparts.com/product-category/accessories/cases-n-tempered-lens-protectors,1,dom-inspection,GALAXY S25 PLUS,https://xcellparts.com/product-category/accessories/cases-n-tempered-lens-protectors/samsung-s-series/galaxy-s25-plus-samsung-s-series,91,6,8,3,dom-inspection,div#split-1125111-1125205 > div.xcell-mm__plp-thumbs.xcell-mm__plp-thumbs--flat > a.xcell-mm__plp-thumb,https://xcellparts.com/product-category/accessories/cases-n-tempered-lens-protectors/samsung-s-series/galaxy-s25-plus-samsung-s-series,False,False,2026-09-07T04:40:13+00:00,,,,,
XCell Parts,https://xcellparts.com/,ACCESSORIES,https://xcellparts.com/product-category/accessories,8,click,CASES N TEMPERED / LENS PROTECTORS,https://xcellparts.com/product-category/accessories/cases-n-tempered-lens-protectors,1,dom-inspection,GALAXY S25,https://xcellparts.com/product-category/accessories/cases-n-tempered-lens-protectors/samsung-s-series/galaxy-s25-samsung-s-series,92,6,9,3,dom-inspection,div#split-1125111-1125205 > div.xcell-mm__plp-thumbs.xcell-mm__plp-thumbs--flat > a.xcell-mm__plp-thumb,https://xcellparts.com/product-category/accessories/cases-n-tempered-lens-protectors/samsung-s-series/galaxy-s25-samsung-s-series,False,False,2026-09-07T04:40:13+00:00,,,,,
XCell Parts,https://xcellparts.com/,ACCESSORIES,https://xcellparts.com/product-category/accessories,8,click,CASES N TEMPERED / LENS PROTECTORS,https://xcellparts.com/product-category/accessories/cases-n-tempered-lens-protectors,1,dom-inspection,GALAXY S24FE 5G,https://xcellparts.com/product-category/accessories/cases-n-tempered-lens-protectors/samsung-s-series/galaxy-s24fe-5g-samsung-s-series,93,6,10,3,dom-inspection,div#split-1125111-1125205 > div.xcell-mm__plp-thumbs.xcell-mm__plp-thumbs--flat > a.xcell-mm__plp-thumb,https://xcellparts.com/product-category/accessories/cases-n-tempered-lens-protectors/samsung-s-series/galaxy-s24fe-5g-samsung-s-series,False,False,2026-09-07T04:40:13+00:00,,,,,
XCell Parts,https://xcellparts.com/,ACCESSORIES,https://xcellparts.com/product-category/accessories,8,click,CASES N TEMPERED / LENS PROTECTORS,https://xcellparts.com/product-category/accessories/cases-n-tempered-lens-protectors,1,dom-inspection,GALAXY S24 ULTRA,https://xcellparts.com/product-category/accessories/cases-n-tempered-lens-protectors/samsung-s-series/galaxy-s24-ultra,94,6,11,3,dom-inspection,div#split-1125111-1125205 > div.xcell-mm__plp-thumbs.xcell-mm__plp-thumbs--flat > a.xcell-mm__plp-thumb,https://xcellparts.com/product-category/accessories/cases-n-tempered-lens-protectors/samsung-s-series/galaxy-s24-ultra,False,False,2026-09-07T04:40:13+00:00,,,,,
XCell Parts,https://xcellparts.com/,ACCESSORIES,https://xcellparts.com/product-category/accessories,8,click,CASES N TEMPERED / LENS PROTECTORS,https://xcellparts.com/product-category/accessories/cases-n-tempered-lens-protectors,1,dom-inspection,GALAXY S24 PLUS,https://xcellparts.com/product-category/accessories/cases-n-tempered-lens-protectors/samsung-s-series/galaxy-s24-plus,95,6,12,3,dom-inspection,div#split-1125111-1125205 > div.xcell-mm__plp-thumbs.xcell-mm__plp-thumbs--flat > a.xcell-mm__plp-thumb,https://xcellparts.com/product-category/accessories/cases-n-tempered-lens-protectors/samsung-s-series/galaxy-s24-plus,False,False,2026-09-07T04:40:13+00:00,,,,,
XCell Parts,https://xcellparts.com/,ACCESSORIES,https://xcellparts.com/product-category/accessories,8,click,CASES N TEMPERED / LENS PROTECTORS,https://xcellparts.com/product-category/accessories/cases-n-tempered-lens-protectors,1,dom-inspection,GALAXY S24,https://xcellparts.com/product-category/accessories/cases-n-tempered-lens-protectors/samsung-s-series/galaxy-s24,96,6,13,3,dom-inspection,div#split-1125111-1125205 > div.xcell-mm__plp-thumbs.xcell-mm__plp-thumbs--flat > a.xcell-mm__plp-thumb,https://xcellparts.com/product-category/accessories/cases-n-tempered-lens-protectors/samsung-s-series/galaxy-s24,False,False,2026-09-07T04:40:13+00:00,,,,,
XCell Parts,https://xcellparts.com/,ACCESSORIES,https://xcellparts.com/product-category/accessories,8,click,CASES N TEMPERED / LENS PROTECTORS,https://xcellparts.com/product-category/accessories/cases-n-tempered-lens-protectors,1,dom-inspection,GALAXY S23FE 5G,https://xcellparts.com/product-category/accessories/cases-n-tempered-lens-protectors/samsung-s-series/galaxy-s23fe-5g-samsung-s-series,97,6,14,3,dom-inspection,div#split-1125111-1125205 > div.xcell-mm__plp-thumbs.xcell-mm__plp-thumbs--flat > a.xcell-mm__plp-thumb,https://xcellparts.com/product-category/accessories/cases-n-tempered-lens-protectors/samsung-s-series/galaxy-s23fe-5g-samsung-s-series,False,False,2026-09-07T04:40:13+00:00,,,,,
XCell Parts,https://xcellparts.com/,ACCESSORIES,https://xcellparts.com/product-category/accessories,8,click,CASES N TEMPERED / LENS PROTECTORS,https://xcellparts.com/product-category/accessories/cases-n-tempered-lens-protectors,1,dom-inspection,GALAXY S23 ULTRA,https://xcellparts.com/product-category/accessories/cases-n-tempered-lens-protectors/samsung-s-series/galaxy-s23-ultra,98,6,15,3,dom-inspection,div#split-1125111-1125205 > div.xcell-mm__plp-thumbs.xcell-mm__plp-thumbs--flat > a.xcell-mm__plp-thumb,https://xcellparts.com/product-category/accessories/cases-n-tempered-lens-protectors/samsung-s-series/galaxy-s23-ultra,False,False,2026-09-07T04:40:13+00:00,,,,,
XCell Parts,https://xcellparts.com/,ACCESSORIES,https://xcellparts.com/product-category/accessories,8,click,CASES N TEMPERED / LENS PROTECTORS,https://xcellparts.com/product-category/accessories/cases-n-tempered-lens-protectors,1,dom-inspection,GALAXY S23 PLUS,https://xcellparts.com/product-category/accessories/cases-n-tempered-lens-protectors/samsung-s-series/galaxy-s23-plus-samsung-s-series,99,6,16,3,dom-inspection,div#split-1125111-1125205 > div.xcell-mm__plp-thumbs.xcell-mm__plp-thumbs--flat > a.xcell-mm__plp-thumb,https://xcellparts.com/product-category/accessories/cases-n-tempered-lens-protectors/samsung-s-series/galaxy-s23-plus-samsung-s-series,False,False,2026-09-07T04:40:13+00:00,,,,,
XCell Parts,https://xcellparts.com/,ACCESSORIES,https://xcellparts.com/product-category/accessories,8,click,CASES N TEMPERED / LENS PROTECTORS,https://xcellparts.com/product-category/accessories/cases-n-tempered-lens-protectors,1,dom-inspection,GALAXY S23,https://xcellparts.com/product-category/accessories/cases-n-tempered-lens-protectors/samsung-s-series/galaxy-s23-samsung-s-series,100,6,17,3,dom-inspection,div#split-1125111-1125205 > div.xcell-mm__plp-thumbs.xcell-mm__plp-thumbs--flat > a.xcell-mm__plp-thumb,https://xcellparts.com/product-category/accessories/cases-n-tempered-lens-protectors/samsung-s-series/galaxy-s23-samsung-s-series,False,False,2026-09-07T04:40:13+00:00,,,,,
XCell Parts,https://xcellparts.com/,ACCESSORIES,https://xcellparts.com/product-category/accessories,8,click,CASES N TEMPERED / LENS PROTECTORS,https://xcellparts.com/product-category/accessories/cases-n-tempered-lens-protectors,1,dom-inspection,GALAXY S22 ULTRA,https://xcellparts.com/product-category/accessories/cases-n-tempered-lens-protectors/samsung-s-series/galaxy-s22-ultra-samsung-s-series,101,6,18,3,dom-inspection,div#split-1125111-1125205 > div.xcell-mm__plp-thumbs.xcell-mm__plp-thumbs--flat > a.xcell-mm__plp-thumb,https://xcellparts.com/product-category/accessories/cases-n-tempered-lens-protectors/samsung-s-series/galaxy-s22-ultra-samsung-s-series,False,False,2026-09-07T04:40:13+00:00,,,,,
XCell Parts,https://xcellparts.com/,ACCESSORIES,https://xcellparts.com/product-category/accessories,8,click,CASES N TEMPERED / LENS PROTECTORS,https://xcellparts.com/product-category/accessories/cases-n-tempered-lens-protectors,1,dom-inspection,GALAXY S22 PLUS,https://xcellparts.com/product-category/accessories/cases-n-tempered-lens-protectors/samsung-s-series/galaxy-s22-plus-samsung-s-series,102,6,19,3,dom-inspection,div#split-1125111-1125205 > div.xcell-mm__plp-thumbs.xcell-mm__plp-thumbs--flat > a.xcell-mm__plp-thumb,https://xcellparts.com/product-category/accessories/cases-n-tempered-lens-protectors/samsung-s-series/galaxy-s22-plus-samsung-s-series,False,False,2026-09-07T04:40:13+00:00,,,,,
XCell Parts,https://xcellparts.com/,ACCESSORIES,https://xcellparts.com/product-category/accessories,8,click,CASES N TEMPERED / LENS PROTECTORS,https://xcellparts.com/product-category/accessories/cases-n-tempered-lens-protectors,1,dom-inspection,GALAXY S22,https://xcellparts.com/product-category/accessories/cases-n-tempered-lens-protectors/samsung-s-series/galaxy-s22-samsung-s-series,103,6,20,3,dom-inspection,div#split-1125111-1125205 > div.xcell-mm__plp-thumbs.xcell-mm__plp-thumbs--flat > a.xcell-mm__plp-thumb,https://xcellparts.com/product-category/accessories/cases-n-tempered-lens-protectors/samsung-s-series/galaxy-s22-samsung-s-series,False,False,2026-09-07T04:40:13+00:00,,,,,
XCell Parts,https://xcellparts.com/,ACCESSORIES,https://xcellparts.com/product-category/accessories,8,click,CASES N TEMPERED / LENS PROTECTORS,https://xcellparts.com/product-category/accessories/cases-n-tempered-lens-protectors,1,dom-inspection,GALAXY S21FE 5G,https://xcellparts.com/product-category/accessories/cases-n-tempered-lens-protectors/samsung-s-series/galaxy-s21fe-5g-samsung-s-series,104,6,21,3,dom-inspection,div#split-1125111-1125205 > div.xcell-mm__plp-thumbs.xcell-mm__plp-thumbs--flat > a.xcell-mm__plp-thumb,https://xcellparts.com/product-category/accessories/cases-n-tempered-lens-protectors/samsung-s-series/galaxy-s21fe-5g-samsung-s-series,False,False,2026-09-07T04:40:13+00:00,,,,,
XCell Parts,https://xcellparts.com/,ACCESSORIES,https://xcellparts.com/product-category/accessories,8,click,CASES N TEMPERED / LENS PROTECTORS,https://xcellparts.com/product-category/accessories/cases-n-tempered-lens-protectors,1,dom-inspection,GALAXY S21 ULTRA,https://xcellparts.com/product-category/accessories/cases-n-tempered-lens-protectors/samsung-s-series/galaxy-s21-ultra-samsung-s-series,105,6,22,3,dom-inspection,div#split-1125111-1125205 > div.xcell-mm__plp-thumbs.xcell-mm__plp-thumbs--flat > a.xcell-mm__plp-thumb,https://xcellparts.com/product-category/accessories/cases-n-tempered-lens-protectors/samsung-s-series/galaxy-s21-ultra-samsung-s-series,False,False,2026-09-07T04:40:13+00:00,,,,,
XCell Parts,https://xcellparts.com/,ACCESSORIES,https://xcellparts.com/product-category/accessories,8,click,CASES N TEMPERED / LENS PROTECTORS,https://xcellparts.com/product-category/accessories/cases-n-tempered-lens-protectors,1,dom-inspection,GALAXY S21 PLUS,https://xcellparts.com/product-category/accessories/cases-n-tempered-lens-protectors/samsung-s-series/galaxy-s21-plus-samsung-s-series,106,6,23,3,dom-inspection,div#split-1125111-1125205 > div.xcell-mm__plp-thumbs.xcell-mm__plp-thumbs--flat > a.xcell-mm__plp-thumb,https://xcellparts.com/product-category/accessories/cases-n-tempered-lens-protectors/samsung-s-series/galaxy-s21-plus-samsung-s-series,False,False,2026-09-07T04:40:13+00:00,,,,,
XCell Parts,https://xcellparts.com/,ACCESSORIES,https://xcellparts.com/product-category/accessories,8,click,CASES N TEMPERED / LENS PROTECTORS,https://xcellparts.com/product-category/accessories/cases-n-tempered-lens-protectors,1,dom-inspection,GALAXY S21,https://xcellparts.com/product-category/accessories/cases-n-tempered-lens-protectors/samsung-s-series/galaxy-s21,107,6,24,3,dom-inspection,div#split-1125111-1125205 > div.xcell-mm__plp-thumbs.xcell-mm__plp-thumbs--flat > a.xcell-mm__plp-thumb,https://xcellparts.com/product-category/accessories/cases-n-tempered-lens-protectors/samsung-s-series/galaxy-s21,False,False,2026-09-07T04:40:13+00:00,,,,,
XCell Parts,https://xcellparts.com/,ACCESSORIES,https://xcellparts.com/product-category/accessories,8,click,CASES N TEMPERED / LENS PROTECTORS,https://xcellparts.com/product-category/accessories/cases-n-tempered-lens-protectors,1,dom-inspection,GALAXY S20FE 5G,https://xcellparts.com/product-category/accessories/cases-n-tempered-lens-protectors/samsung-s-series/galaxy-s20fe-5g-samsung-s-series,108,6,25,3,dom-inspection,div#split-1125111-1125205 > div.xcell-mm__plp-thumbs.xcell-mm__plp-thumbs--flat > a.xcell-mm__plp-thumb,https://xcellparts.com/product-category/accessories/cases-n-tempered-lens-protectors/samsung-s-series/galaxy-s20fe-5g-samsung-s-series,False,False,2026-09-07T04:40:13+00:00,,,,,
XCell Parts,https://xcellparts.com/,ACCESSORIES,https://xcellparts.com/product-category/accessories,8,click,CASES N TEMPERED / LENS PROTECTORS,https://xcellparts.com/product-category/accessories/cases-n-tempered-lens-protectors,1,dom-inspection,GALAXY S20 ULTRA,https://xcellparts.com/product-category/accessories/cases-n-tempered-lens-protectors/samsung-s-series/galaxy-s20-ultra-samsung-s-series,109,6,26,3,dom-inspection,div#split-1125111-1125205 > div.xcell-mm__plp-thumbs.xcell-mm__plp-thumbs--flat > a.xcell-mm__plp-thumb,https://xcellparts.com/product-category/accessories/cases-n-tempered-lens-protectors/samsung-s-series/galaxy-s20-ultra-samsung-s-series,False,False,2026-09-07T04:40:13+00:00,,,,,
XCell Parts,https://xcellparts.com/,ACCESSORIES,https://xcellparts.com/product-category/accessories,8,click,CASES N TEMPERED / LENS PROTECTORS,https://xcellparts.com/product-category/accessories/cases-n-tempered-lens-protectors,1,dom-inspection,GALAXY S20 PLUS,https://xcellparts.com/product-category/accessories/cases-n-tempered-lens-protectors/samsung-s-series/galaxy-s20-plus,110,6,27,3,dom-inspection,div#split-1125111-1125205 > div.xcell-mm__plp-thumbs.xcell-mm__plp-thumbs--flat > a.xcell-mm__plp-thumb,https://xcellparts.com/product-category/accessories/cases-n-tempered-lens-protectors/samsung-s-series/galaxy-s20-plus,False,False,2026-09-07T04:40:13+00:00,,,,,
XCell Parts,https://xcellparts.com/,ACCESSORIES,https://xcellparts.com/product-category/accessories,8,click,CASES N TEMPERED / LENS PROTECTORS,https://xcellparts.com/product-category/accessories/cases-n-tempered-lens-protectors,1,dom-inspection,GALAXY S20,https://xcellparts.com/product-category/accessories/cases-n-tempered-lens-protectors/samsung-s-series/galaxy-s20,111,6,28,3,dom-inspection,div#split-1125111-1125205 > div.xcell-mm__plp-thumbs.xcell-mm__plp-thumbs--flat > a.xcell-mm__plp-thumb,https://xcellparts.com/product-category/accessories/cases-n-tempered-lens-protectors/samsung-s-series/galaxy-s20,False,False,2026-09-07T04:40:13+00:00,,,,,
XCell Parts,https://xcellparts.com/,ACCESSORIES,https://xcellparts.com/product-category/accessories,8,click,CASES N TEMPERED / LENS PROTECTORS,https://xcellparts.com/product-category/accessories/cases-n-tempered-lens-protectors,1,dom-inspection,GALAXY S10E,https://xcellparts.com/product-category/accessories/cases-n-tempered-lens-protectors/samsung-s-series/galaxy-s10e-samsung-s-series,112,6,29,3,dom-inspection,div#split-1125111-1125205 > div.xcell-mm__plp-thumbs.xcell-mm__plp-thumbs--flat > a.xcell-mm__plp-thumb,https://xcellparts.com/product-category/accessories/cases-n-tempered-lens-protectors/samsung-s-series/galaxy-s10e-samsung-s-series,False,False,2026-09-07T04:40:13+00:00,,,,,
XCell Parts,https://xcellparts.com/,ACCESSORIES,https://xcellparts.com/product-category/accessories,8,click,CASES N TEMPERED / LENS PROTECTORS,https://xcellparts.com/product-category/accessories/cases-n-tempered-lens-protectors,1,dom-inspection,GALAXY S10 PLUS,https://xcellparts.com/product-category/accessories/cases-n-tempered-lens-protectors/samsung-s-series/galaxy-s10-plus-samsung-s-series,113,6,30,3,dom-inspection,div#split-1125111-1125205 > div.xcell-mm__plp-thumbs.xcell-mm__plp-thumbs--flat > a.xcell-mm__plp-thumb,https://xcellparts.com/product-category/accessories/cases-n-tempered-lens-protectors/samsung-s-series/galaxy-s10-plus-samsung-s-series,False,False,2026-09-07T04:40:13+00:00,,,,,
XCell Parts,https://xcellparts.com/,ACCESSORIES,https://xcellparts.com/product-category/accessories,8,click,CASES N TEMPERED / LENS PROTECTORS,https://xcellparts.com/product-category/accessories/cases-n-tempered-lens-protectors,1,dom-inspection,GALAXY S10,https://xcellparts.com/product-category/accessories/cases-n-tempered-lens-protectors/samsung-s-series/galaxy-s10-samsung-s-series,114,6,31,3,dom-inspection,div#split-1125111-1125205 > div.xcell-mm__plp-thumbs.xcell-mm__plp-thumbs--flat > a.xcell-mm__plp-thumb,https://xcellparts.com/product-category/accessories/cases-n-tempered-lens-protectors/samsung-s-series/galaxy-s10-samsung-s-series,False,False,2026-09-07T04:40:13+00:00,,,,,
XCell Parts,https://xcellparts.com/,ACCESSORIES,https://xcellparts.com/product-category/accessories,8,click,CASES N TEMPERED / LENS PROTECTORS,https://xcellparts.com/product-category/accessories/cases-n-tempered-lens-protectors,1,dom-inspection,GALAXY S9 PLUS,https://xcellparts.com/product-category/accessories/cases-n-tempered-lens-protectors/samsung-s-series/galaxy-s9-plus-samsung-s-series,115,6,32,3,dom-inspection,div#split-1125111-1125205 > div.xcell-mm__plp-thumbs.xcell-mm__plp-thumbs--flat > a.xcell-mm__plp-thumb,https://xcellparts.com/product-category/accessories/cases-n-tempered-lens-protectors/samsung-s-series/galaxy-s9-plus-samsung-s-series,False,False,2026-09-07T04:40:13+00:00,,,,,
XCell Parts,https://xcellparts.com/,ACCESSORIES,https://xcellparts.com/product-category/accessories,8,click,CASES N TEMPERED / LENS PROTECTORS,https://xcellparts.com/product-category/accessories/cases-n-tempered-lens-protectors,1,dom-inspection,GALAXY S9,https://xcellparts.com/product-category/accessories/cases-n-tempered-lens-protectors/samsung-s-series/galaxy-s9-samsung-s-series,116,6,33,3,dom-inspection,div#split-1125111-1125205 > div.xcell-mm__plp-thumbs.xcell-mm__plp-thumbs--flat > a.xcell-mm__plp-thumb,https://xcellparts.com/product-category/accessories/cases-n-tempered-lens-protectors/samsung-s-series/galaxy-s9-samsung-s-series,False,False,2026-09-07T04:40:13+00:00,,,,,
XCell Parts,https://xcellparts.com/,ACCESSORIES,https://xcellparts.com/product-category/accessories,8,click,CASES N TEMPERED / LENS PROTECTORS,https://xcellparts.com/product-category/accessories/cases-n-tempered-lens-protectors,1,dom-inspection,GALAXY S8 PLUS,https://xcellparts.com/product-category/accessories/cases-n-tempered-lens-protectors/samsung-s-series/galaxy-s8-plus-samsung-s-series,117,6,34,3,dom-inspection,div#split-1125111-1125205 > div.xcell-mm__plp-thumbs.xcell-mm__plp-thumbs--flat > a.xcell-mm__plp-thumb,https://xcellparts.com/product-category/accessories/cases-n-tempered-lens-protectors/samsung-s-series/galaxy-s8-plus-samsung-s-series,False,False,2026-09-07T04:40:13+00:00,,,,,
XCell Parts,https://xcellparts.com/,ACCESSORIES,https://xcellparts.com/product-category/accessories,8,click,CASES N TEMPERED / LENS PROTECTORS,https://xcellparts.com/product-category/accessories/cases-n-tempered-lens-protectors,1,dom-inspection,GALAXY S8,https://xcellparts.com/product-category/accessories/cases-n-tempered-lens-protectors/samsung-s-series/galaxy-s8-samsung-s-series,118,6,35,3,dom-inspection,div#split-1125111-1125205 > div.xcell-mm__plp-thumbs.xcell-mm__plp-thumbs--flat > a.xcell-mm__plp-thumb,https://xcellparts.com/product-category/accessories/cases-n-tempered-lens-protectors/samsung-s-series/galaxy-s8-samsung-s-series,False,False,2026-09-07T04:40:13+00:00,,,,,
XCell Parts,https://xcellparts.com/,ACCESSORIES,https://xcellparts.com/product-category/accessories,8,click,CASES N TEMPERED / LENS PROTECTORS,https://xcellparts.com/product-category/accessories/cases-n-tempered-lens-protectors,1,dom-inspection,SAMSUNG TAB SERIES,https://xcellparts.com/product-category/accessories/cases-n-tempered-lens-protectors/samsung-tab-series,119,7,1,3,dom-inspection,div#split-1125111-1125171 > a.xcell-mm__plp-group-head,https://xcellparts.com/product-category/accessories/cases-n-tempered-lens-protectors/samsung-tab-series,False,False,2026-09-07T04:40:13+00:00,,,,,
XCell Parts,https://xcellparts.com/,ACCESSORIES,https://xcellparts.com/product-category/accessories,8,click,CASES N TEMPERED / LENS PROTECTORS,https://xcellparts.com/product-category/accessories/cases-n-tempered-lens-protectors,1,dom-inspection,GALAXY TABLET,https://xcellparts.com/product-category/accessories/cases-n-tempered-lens-protectors/samsung-tab-series/galaxy-tablet,120,7,2,3,dom-inspection,div#split-1125111-1125171 > div.xcell-mm__plp-thumbs.xcell-mm__plp-thumbs--flat > a.xcell-mm__plp-thumb,https://xcellparts.com/product-category/accessories/cases-n-tempered-lens-protectors/samsung-tab-series/galaxy-tablet,False,False,2026-09-07T04:40:13+00:00,,,,,
XCell Parts,https://xcellparts.com/,ACCESSORIES,https://xcellparts.com/product-category/accessories,8,click,CHARGERS,https://xcellparts.com/product-category/accessories/chargers,2,dom-inspection,CAR ADAPTOR,https://xcellparts.com/product-category/accessories/chargers/car-adaptor-chargers,1,1,1,3,dom-inspection,div#plp-4910-1125191 > div.xcell-mm__plp-thumbs > a.xcell-mm__plp-thumb,https://xcellparts.com/product-category/accessories/chargers/car-adaptor-chargers,False,False,2026-09-07T04:40:13+00:00,,,,,
XCell Parts,https://xcellparts.com/,ACCESSORIES,https://xcellparts.com/product-category/accessories,8,click,CHARGERS,https://xcellparts.com/product-category/accessories/chargers,2,dom-inspection,LAPTOP CHARGERS,https://xcellparts.com/product-category/accessories/chargers/laptop-chargers,2,1,2,3,dom-inspection,div#plp-4910-1125191 > div.xcell-mm__plp-thumbs > a.xcell-mm__plp-thumb,https://xcellparts.com/product-category/accessories/chargers/laptop-chargers,False,False,2026-09-07T04:40:13+00:00,,,,,
XCell Parts,https://xcellparts.com/,ACCESSORIES,https://xcellparts.com/product-category/accessories,8,click,CHARGERS,https://xcellparts.com/product-category/accessories/chargers,2,dom-inspection,USB CABLES,https://xcellparts.com/product-category/accessories/chargers/usb-cables-chargers,3,1,3,3,dom-inspection,div#plp-4910-1125191 > div.xcell-mm__plp-thumbs > a.xcell-mm__plp-thumb,https://xcellparts.com/product-category/accessories/chargers/usb-cables-chargers,False,False,2026-09-07T04:40:13+00:00,,,,,
XCell Parts,https://xcellparts.com/,ACCESSORIES,https://xcellparts.com/product-category/accessories,8,click,CHARGERS,https://xcellparts.com/product-category/accessories/chargers,2,dom-inspection,WALL ADAPTORS,https://xcellparts.com/product-category/accessories/chargers/wall-adaptors-chargers,4,1,4,3,dom-inspection,div#plp-4910-1125191 > div.xcell-mm__plp-thumbs > a.xcell-mm__plp-thumb,https://xcellparts.com/product-category/accessories/chargers/wall-adaptors-chargers,False,False,2026-09-07T04:40:13+00:00,,,,,
XCell Parts,https://xcellparts.com/,ACCESSORIES,https://xcellparts.com/product-category/accessories,8,click,OTHER ACCESSORIES,https://xcellparts.com/product-category/accessories/other-accessories,3,dom-inspection,AUX CABLES,https://xcellparts.com/product-category/accessories/other-accessories/aux-cables,1,1,1,3,dom-inspection,div#plp-4910-1118989 > div.xcell-mm__plp-thumbs > a.xcell-mm__plp-thumb,https://xcellparts.com/product-category/accessories/other-accessories/aux-cables,False,False,2026-09-07T04:40:13+00:00,,,,,
XCell Parts,https://xcellparts.com/,ACCESSORIES,https://xcellparts.com/product-category/accessories,8,click,OTHER ACCESSORIES,https://xcellparts.com/product-category/accessories/other-accessories,3,dom-inspection,CAR MOUNT,https://xcellparts.com/product-category/accessories/other-accessories/car-mount,2,1,2,3,dom-inspection,div#plp-4910-1118989 > div.xcell-mm__plp-thumbs > a.xcell-mm__plp-thumb,https://xcellparts.com/product-category/accessories/other-accessories/car-mount,False,False,2026-09-07T04:40:13+00:00,,,,,
XCell Parts,https://xcellparts.com/,ACCESSORIES,https://xcellparts.com/product-category/accessories,8,click,OTHER ACCESSORIES,https://xcellparts.com/product-category/accessories/other-accessories,3,dom-inspection,DONGLES,https://xcellparts.com/product-category/accessories/other-accessories/dongles,3,1,3,3,dom-inspection,div#plp-4910-1118989 > div.xcell-mm__plp-thumbs > a.xcell-mm__plp-thumb,https://xcellparts.com/product-category/accessories/other-accessories/dongles,False,False,2026-09-07T04:40:13+00:00,,,,,
XCell Parts,https://xcellparts.com/,ACCESSORIES,https://xcellparts.com/product-category/accessories,8,click,OTHER ACCESSORIES,https://xcellparts.com/product-category/accessories/other-accessories,3,dom-inspection,FANS,https://xcellparts.com/product-category/accessories/other-accessories/fans,4,1,4,3,dom-inspection,div#plp-4910-1118989 > div.xcell-mm__plp-thumbs > a.xcell-mm__plp-thumb,https://xcellparts.com/product-category/accessories/other-accessories/fans,False,False,2026-09-07T04:40:13+00:00,,,,,
XCell Parts,https://xcellparts.com/,ACCESSORIES,https://xcellparts.com/product-category/accessories,8,click,OTHER ACCESSORIES,https://xcellparts.com/product-category/accessories/other-accessories,3,dom-inspection,FLASH DRIVE,https://xcellparts.com/product-category/accessories/other-accessories/flash-drive-other-accessories,5,1,5,3,dom-inspection,div#plp-4910-1118989 > div.xcell-mm__plp-thumbs > a.xcell-mm__plp-thumb,https://xcellparts.com/product-category/accessories/other-accessories/flash-drive-other-accessories,False,False,2026-09-07T04:40:13+00:00,,,,,
XCell Parts,https://xcellparts.com/,ACCESSORIES,https://xcellparts.com/product-category/accessories,8,click,OTHER ACCESSORIES,https://xcellparts.com/product-category/accessories/other-accessories,3,dom-inspection,HEADPHONES,https://xcellparts.com/product-category/accessories/other-accessories/headphones,6,1,6,3,dom-inspection,div#plp-4910-1118989 > div.xcell-mm__plp-thumbs > a.xcell-mm__plp-thumb,https://xcellparts.com/product-category/accessories/other-accessories/headphones,False,False,2026-09-07T04:40:13+00:00,,,,,
XCell Parts,https://xcellparts.com/,ACCESSORIES,https://xcellparts.com/product-category/accessories,8,click,OTHER ACCESSORIES,https://xcellparts.com/product-category/accessories/other-accessories,3,dom-inspection,PHONE HOLDER,https://xcellparts.com/product-category/accessories/other-accessories/phone-holder,7,1,7,3,dom-inspection,div#plp-4910-1118989 > div.xcell-mm__plp-thumbs > a.xcell-mm__plp-thumb,https://xcellparts.com/product-category/accessories/other-accessories/phone-holder,False,False,2026-09-07T04:40:13+00:00,,,,,
XCell Parts,https://xcellparts.com/,ACCESSORIES,https://xcellparts.com/product-category/accessories,8,click,OTHER ACCESSORIES,https://xcellparts.com/product-category/accessories/other-accessories,3,dom-inspection,POWER BANKS,https://xcellparts.com/product-category/accessories/other-accessories/power-banks,8,1,8,3,dom-inspection,div#plp-4910-1118989 > div.xcell-mm__plp-thumbs > a.xcell-mm__plp-thumb,https://xcellparts.com/product-category/accessories/other-accessories/power-banks,False,False,2026-09-07T04:40:13+00:00,,,,,
XCell Parts,https://xcellparts.com/,ACCESSORIES,https://xcellparts.com/product-category/accessories,8,click,OTHER ACCESSORIES,https://xcellparts.com/product-category/accessories/other-accessories,3,dom-inspection,SD CARD,https://xcellparts.com/product-category/accessories/other-accessories/sd-card,9,1,9,3,dom-inspection,div#plp-4910-1118989 > div.xcell-mm__plp-thumbs > a.xcell-mm__plp-thumb,https://xcellparts.com/product-category/accessories/other-accessories/sd-card,False,False,2026-09-07T04:40:13+00:00,,,,,
XCell Parts,https://xcellparts.com/,ACCESSORIES,https://xcellparts.com/product-category/accessories,8,click,BRANDS,https://xcellparts.com/product-category/accessories/brands,4,dom-inspection,ACEFAST,https://xcellparts.com/product-category/accessories/brands/acefast,1,1,1,3,dom-inspection,div#plp-4910-706227 > div.xcell-mm__plp-thumbs > a.xcell-mm__plp-thumb,https://xcellparts.com/product-category/accessories/brands/acefast,False,False,2026-09-07T04:40:13+00:00,,,,,
XCell Parts,https://xcellparts.com/,ACCESSORIES,https://xcellparts.com/product-category/accessories,8,click,BRANDS,https://xcellparts.com/product-category/accessories/brands,4,dom-inspection,ATIQFAS,https://xcellparts.com/product-category/accessories/brands/atiqfas,2,1,2,3,dom-inspection,div#plp-4910-706227 > div.xcell-mm__plp-thumbs > a.xcell-mm__plp-thumb,https://xcellparts.com/product-category/accessories/brands/atiqfas,False,False,2026-09-07T04:40:13+00:00,,,,,
XCell Parts,https://xcellparts.com/,ACCESSORIES,https://xcellparts.com/product-category/accessories,8,click,BRANDS,https://xcellparts.com/product-category/accessories/brands,4,dom-inspection,LDNIO,https://xcellparts.com/product-category/accessories/brands/ldnio,3,1,3,3,dom-inspection,div#plp-4910-706227 > div.xcell-mm__plp-thumbs > a.xcell-mm__plp-thumb,https://xcellparts.com/product-category/accessories/brands/ldnio,False,False,2026-09-07T04:40:13+00:00,,,,,
XCell Parts,https://xcellparts.com/,TOOLS N SUPPLIES,https://xcellparts.com/product-category/tools-n-supplies,9,click,EVERYDAY TOOLS,https://xcellparts.com/product-category/tools-n-supplies/everyday-tools,1,dom-inspection,ADHESIVE TAPES,https://xcellparts.com/product-category/tools-n-supplies/everyday-tools/adhesive-tapes-everyday-tools,1,1,1,3,dom-inspection,div#plp-34483-1125679 > div.xcell-mm__plp-thumbs > a.xcell-mm__plp-thumb,https://xcellparts.com/product-category/tools-n-supplies/everyday-tools/adhesive-tapes-everyday-tools,False,False,2026-09-07T04:40:13+00:00,,,,,
XCell Parts,https://xcellparts.com/,TOOLS N SUPPLIES,https://xcellparts.com/product-category/tools-n-supplies,9,click,EVERYDAY TOOLS,https://xcellparts.com/product-category/tools-n-supplies/everyday-tools,1,dom-inspection,SAFETY TOOLS,https://xcellparts.com/product-category/tools-n-supplies/everyday-tools/safety-tools,2,1,2,3,dom-inspection,div#plp-34483-1125679 > div.xcell-mm__plp-thumbs > a.xcell-mm__plp-thumb,https://xcellparts.com/product-category/tools-n-supplies/everyday-tools/safety-tools,False,False,2026-09-07T04:40:13+00:00,,,,,
XCell Parts,https://xcellparts.com/,TOOLS N SUPPLIES,https://xcellparts.com/product-category/tools-n-supplies,9,click,EVERYDAY TOOLS,https://xcellparts.com/product-category/tools-n-supplies/everyday-tools,1,dom-inspection,ALCOHOL N DISPENSERS,https://xcellparts.com/product-category/tools-n-supplies/everyday-tools/alcohol-n-dispensers-everyday-tools,3,1,3,3,dom-inspection,div#plp-34483-1125679 > div.xcell-mm__plp-thumbs > a.xcell-mm__plp-thumb,https://xcellparts.com/product-category/tools-n-supplies/everyday-tools/alcohol-n-dispensers-everyday-tools,False,False,2026-09-07T04:40:13+00:00,,,,,
XCell Parts,https://xcellparts.com/,TOOLS N SUPPLIES,https://xcellparts.com/product-category/tools-n-supplies,9,click,EVERYDAY TOOLS,https://xcellparts.com/product-category/tools-n-supplies/everyday-tools,1,dom-inspection,BLADES,https://xcellparts.com/product-category/tools-n-supplies/everyday-tools/blades-everyday-tools,4,1,4,3,dom-inspection,div#plp-34483-1125679 > div.xcell-mm__plp-thumbs > a.xcell-mm__plp-thumb,https://xcellparts.com/product-category/tools-n-supplies/everyday-tools/blades-everyday-tools,False,False,2026-09-07T04:40:13+00:00,,,,,
XCell Parts,https://xcellparts.com/,TOOLS N SUPPLIES,https://xcellparts.com/product-category/tools-n-supplies,9,click,EVERYDAY TOOLS,https://xcellparts.com/product-category/tools-n-supplies/everyday-tools,1,dom-inspection,CLEANER SUPPLIES,https://xcellparts.com/product-category/tools-n-supplies/everyday-tools/cleaner-supplies-everyday-tools,5,1,5,3,dom-inspection,div#plp-34483-1125679 > div.xcell-mm__plp-thumbs > a.xcell-mm__plp-thumb,https://xcellparts.com/product-category/tools-n-supplies/everyday-tools/cleaner-supplies-everyday-tools,False,False,2026-09-07T04:40:13+00:00,,,,,
XCell Parts,https://xcellparts.com/,TOOLS N SUPPLIES,https://xcellparts.com/product-category/tools-n-supplies,9,click,EVERYDAY TOOLS,https://xcellparts.com/product-category/tools-n-supplies/everyday-tools,1,dom-inspection,CLEANING SUPPLIES,https://xcellparts.com/product-category/tools-n-supplies/everyday-tools/cleaning-supplies,6,1,6,3,dom-inspection,div#plp-34483-1125679 > div.xcell-mm__plp-thumbs > a.xcell-mm__plp-thumb,https://xcellparts.com/product-category/tools-n-supplies/everyday-tools/cleaning-supplies,False,False,2026-09-07T04:40:13+00:00,,,,,
XCell Parts,https://xcellparts.com/,TOOLS N SUPPLIES,https://xcellparts.com/product-category/tools-n-supplies,9,click,EVERYDAY TOOLS,https://xcellparts.com/product-category/tools-n-supplies/everyday-tools,1,dom-inspection,FIXTURE,https://xcellparts.com/product-category/tools-n-supplies/everyday-tools/fixture,7,1,7,3,dom-inspection,div#plp-34483-1125679 > div.xcell-mm__plp-thumbs > a.xcell-mm__plp-thumb,https://xcellparts.com/product-category/tools-n-supplies/everyday-tools/fixture,False,False,2026-09-07T04:40:13+00:00,,,,,
XCell Parts,https://xcellparts.com/,TOOLS N SUPPLIES,https://xcellparts.com/product-category/tools-n-supplies,9,click,EVERYDAY TOOLS,https://xcellparts.com/product-category/tools-n-supplies/everyday-tools,1,dom-inspection,HEAT MATS,https://xcellparts.com/product-category/tools-n-supplies/everyday-tools/heat-mats-everyday-tools,8,1,8,3,dom-inspection,div#plp-34483-1125679 > div.xcell-mm__plp-thumbs > a.xcell-mm__plp-thumb,https://xcellparts.com/product-category/tools-n-supplies/everyday-tools/heat-mats-everyday-tools,False,False,2026-09-07T04:40:13+00:00,,,,,
XCell Parts,https://xcellparts.com/,TOOLS N SUPPLIES,https://xcellparts.com/product-category/tools-n-supplies,9,click,EVERYDAY TOOLS,https://xcellparts.com/product-category/tools-n-supplies/everyday-tools,1,dom-inspection,GLUES,https://xcellparts.com/product-category/tools-n-supplies/everyday-tools/glues-everyday-tools,9,1,9,3,dom-inspection,div#plp-34483-1125679 > div.xcell-mm__plp-thumbs > a.xcell-mm__plp-thumb,https://xcellparts.com/product-category/tools-n-supplies/everyday-tools/glues-everyday-tools,False,False,2026-09-07T04:40:13+00:00,,,,,
XCell Parts,https://xcellparts.com/,TOOLS N SUPPLIES,https://xcellparts.com/product-category/tools-n-supplies,9,click,EVERYDAY TOOLS,https://xcellparts.com/product-category/tools-n-supplies/everyday-tools,1,dom-inspection,KAPTON TAPE,https://xcellparts.com/product-category/tools-n-supplies/everyday-tools/kapton-tape-everyday-tools,10,1,10,3,dom-inspection,div#plp-34483-1125679 > div.xcell-mm__plp-thumbs > a.xcell-mm__plp-thumb,https://xcellparts.com/product-category/tools-n-supplies/everyday-tools/kapton-tape-everyday-tools,False,False,2026-09-07T04:40:13+00:00,,,,,
XCell Parts,https://xcellparts.com/,TOOLS N SUPPLIES,https://xcellparts.com/product-category/tools-n-supplies,9,click,EVERYDAY TOOLS,https://xcellparts.com/product-category/tools-n-supplies/everyday-tools,1,dom-inspection,HYDROGEL SUPPLIES,https://xcellparts.com/product-category/tools-n-supplies/everyday-tools/hydrogel-supplies,11,1,11,3,dom-inspection,div#plp-34483-1125679 > div.xcell-mm__plp-thumbs > a.xcell-mm__plp-thumb,https://xcellparts.com/product-category/tools-n-supplies/everyday-tools/hydrogel-supplies,False,False,2026-09-07T04:40:13+00:00,,,,,
XCell Parts,https://xcellparts.com/,TOOLS N SUPPLIES,https://xcellparts.com/product-category/tools-n-supplies,9,click,EVERYDAY TOOLS,https://xcellparts.com/product-category/tools-n-supplies/everyday-tools,1,dom-inspection,METAL TWEEZERS,https://xcellparts.com/product-category/tools-n-supplies/everyday-tools/metal-tweezers,12,1,12,3,dom-inspection,div#plp-34483-1125679 > div.xcell-mm__plp-thumbs > a.xcell-mm__plp-thumb,https://xcellparts.com/product-category/tools-n-supplies/everyday-tools/metal-tweezers,False,False,2026-09-07T04:40:13+00:00,,,,,
XCell Parts,https://xcellparts.com/,TOOLS N SUPPLIES,https://xcellparts.com/product-category/tools-n-supplies,9,click,EVERYDAY TOOLS,https://xcellparts.com/product-category/tools-n-supplies/everyday-tools,1,dom-inspection,OPENING TOOLS,https://xcellparts.com/product-category/tools-n-supplies/everyday-tools/opening-tools,13,1,13,3,dom-inspection,div#plp-34483-1125679 > div.xcell-mm__plp-thumbs > a.xcell-mm__plp-thumb,https://xcellparts.com/product-category/tools-n-supplies/everyday-tools/opening-tools,False,False,2026-09-07T04:40:13+00:00,,,,,
XCell Parts,https://xcellparts.com/,TOOLS N SUPPLIES,https://xcellparts.com/product-category/tools-n-supplies,9,click,EVERYDAY TOOLS,https://xcellparts.com/product-category/tools-n-supplies/everyday-tools,1,dom-inspection,ORGANIZATION,https://xcellparts.com/product-category/tools-n-supplies/everyday-tools/organization,14,1,14,3,dom-inspection,div#plp-34483-1125679 > div.xcell-mm__plp-thumbs > a.xcell-mm__plp-thumb,https://xcellparts.com/product-category/tools-n-supplies/everyday-tools/organization,False,False,2026-09-07T04:40:13+00:00,,,,,
XCell Parts,https://xcellparts.com/,TOOLS N SUPPLIES,https://xcellparts.com/product-category/tools-n-supplies,9,click,EVERYDAY TOOLS,https://xcellparts.com/product-category/tools-n-supplies/everyday-tools,1,dom-inspection,PLIERS N SCISSORS,https://xcellparts.com/product-category/tools-n-supplies/everyday-tools/pliers-n-scissors,15,1,15,3,dom-inspection,div#plp-34483-1125679 > div.xcell-mm__plp-thumbs > a.xcell-mm__plp-thumb,https://xcellparts.com/product-category/tools-n-supplies/everyday-tools/pliers-n-scissors,False,False,2026-09-07T04:40:13+00:00,,,,,
XCell Parts,https://xcellparts.com/,TOOLS N SUPPLIES,https://xcellparts.com/product-category/tools-n-supplies,9,click,EVERYDAY TOOLS,https://xcellparts.com/product-category/tools-n-supplies/everyday-tools,1,dom-inspection,PROTECTIVE CAMERA,https://xcellparts.com/product-category/tools-n-supplies/everyday-tools/protective-camera-everyday-tools,16,1,16,3,dom-inspection,div#plp-34483-1125679 > div.xcell-mm__plp-thumbs > a.xcell-mm__plp-thumb,https://xcellparts.com/product-category/tools-n-supplies/everyday-tools/protective-camera-everyday-tools,False,False,2026-09-07T04:40:13+00:00,,,,,
XCell Parts,https://xcellparts.com/,TOOLS N SUPPLIES,https://xcellparts.com/product-category/tools-n-supplies,9,click,EVERYDAY TOOLS,https://xcellparts.com/product-category/tools-n-supplies/everyday-tools,1,dom-inspection,REPAIR CAMERA,https://xcellparts.com/product-category/tools-n-supplies/everyday-tools/repair-camera-everyday-tools,17,1,17,3,dom-inspection,div#plp-34483-1125679 > div.xcell-mm__plp-thumbs > a.xcell-mm__plp-thumb,https://xcellparts.com/product-category/tools-n-supplies/everyday-tools/repair-camera-everyday-tools,False,False,2026-09-07T04:40:13+00:00,,,,,
XCell Parts,https://xcellparts.com/,TOOLS N SUPPLIES,https://xcellparts.com/product-category/tools-n-supplies,9,click,EVERYDAY TOOLS,https://xcellparts.com/product-category/tools-n-supplies/everyday-tools,1,dom-inspection,SCREWDRIVER,https://xcellparts.com/product-category/tools-n-supplies/everyday-tools/screwdriver,18,1,18,3,dom-inspection,div#plp-34483-1125679 > div.xcell-mm__plp-thumbs > a.xcell-mm__plp-thumb,https://xcellparts.com/product-category/tools-n-supplies/everyday-tools/screwdriver,False,False,2026-09-07T04:40:13+00:00,,,,,
XCell Parts,https://xcellparts.com/,TOOLS N SUPPLIES,https://xcellparts.com/product-category/tools-n-supplies,9,click,EVERYDAY TOOLS,https://xcellparts.com/product-category/tools-n-supplies/everyday-tools,1,dom-inspection,WORK MAT,https://xcellparts.com/product-category/tools-n-supplies/everyday-tools/work-mat-everyday-tools,19,1,19,3,dom-inspection,div#plp-34483-1125679 > div.xcell-mm__plp-thumbs > a.xcell-mm__plp-thumb,https://xcellparts.com/product-category/tools-n-supplies/everyday-tools/work-mat-everyday-tools,False,False,2026-09-07T04:40:13+00:00,,,,,
XCell Parts,https://xcellparts.com/,TOOLS N SUPPLIES,https://xcellparts.com/product-category/tools-n-supplies,9,click,EVERYDAY TOOLS,https://xcellparts.com/product-category/tools-n-supplies/everyday-tools,1,dom-inspection,WORKBENCH,https://xcellparts.com/product-category/tools-n-supplies/everyday-tools/workbench-everyday-tools,20,1,20,3,dom-inspection,div#plp-34483-1125679 > div.xcell-mm__plp-thumbs > a.xcell-mm__plp-thumb,https://xcellparts.com/product-category/tools-n-supplies/everyday-tools/workbench-everyday-tools,False,False,2026-09-07T04:40:13+00:00,,,,,
XCell Parts,https://xcellparts.com/,TOOLS N SUPPLIES,https://xcellparts.com/product-category/tools-n-supplies,9,click,MACHINES,https://xcellparts.com/product-category/tools-n-supplies/machines,2,dom-inspection,DC POWER SUPPLY,https://xcellparts.com/product-category/tools-n-supplies/machines/dc-power-supply-machines,1,1,1,3,dom-inspection,div#plp-34483-1125697 > div.xcell-mm__plp-thumbs > a.xcell-mm__plp-thumb,https://xcellparts.com/product-category/tools-n-supplies/machines/dc-power-supply-machines,False,False,2026-09-07T04:40:13+00:00,,,,,
XCell Parts,https://xcellparts.com/,TOOLS N SUPPLIES,https://xcellparts.com/product-category/tools-n-supplies,9,click,MACHINES,https://xcellparts.com/product-category/tools-n-supplies/machines,2,dom-inspection,DIGITAL MULTIMETER,https://xcellparts.com/product-category/tools-n-supplies/machines/digital-multimeter-machines,2,1,2,3,dom-inspection,div#plp-34483-1125697 > div.xcell-mm__plp-thumbs > a.xcell-mm__plp-thumb,https://xcellparts.com/product-category/tools-n-supplies/machines/digital-multimeter-machines,False,False,2026-09-07T04:40:13+00:00,,,,,
XCell Parts,https://xcellparts.com/,TOOLS N SUPPLIES,https://xcellparts.com/product-category/tools-n-supplies,9,click,MACHINES,https://xcellparts.com/product-category/tools-n-supplies/machines,2,dom-inspection,GLUE REMOVALS,https://xcellparts.com/product-category/tools-n-supplies/machines/glue-removals-machines,3,1,3,3,dom-inspection,div#plp-34483-1125697 > div.xcell-mm__plp-thumbs > a.xcell-mm__plp-thumb,https://xcellparts.com/product-category/tools-n-supplies/machines/glue-removals-machines,False,False,2026-09-07T04:40:13+00:00,,,,,
XCell Parts,https://xcellparts.com/,TOOLS N SUPPLIES,https://xcellparts.com/product-category/tools-n-supplies,9,click,MACHINES,https://xcellparts.com/product-category/tools-n-supplies/machines,2,dom-inspection,GRINDER,https://xcellparts.com/product-category/tools-n-supplies/machines/grinder-machines,4,1,4,3,dom-inspection,div#plp-34483-1125697 > div.xcell-mm__plp-thumbs > a.xcell-mm__plp-thumb,https://xcellparts.com/product-category/tools-n-supplies/machines/grinder-machines,False,False,2026-09-07T04:40:13+00:00,,,,,
XCell Parts,https://xcellparts.com/,TOOLS N SUPPLIES,https://xcellparts.com/product-category/tools-n-supplies,9,click,MACHINES,https://xcellparts.com/product-category/tools-n-supplies/machines,2,dom-inspection,LASER MACHINE,https://xcellparts.com/product-category/tools-n-supplies/machines/laser-machine-machines,5,1,5,3,dom-inspection,div#plp-34483-1125697 > div.xcell-mm__plp-thumbs > a.xcell-mm__plp-thumb,https://xcellparts.com/product-category/tools-n-supplies/machines/laser-machine-machines,False,False,2026-09-07T04:40:13+00:00,,,,,
XCell Parts,https://xcellparts.com/,TOOLS N SUPPLIES,https://xcellparts.com/product-category/tools-n-supplies,9,click,MACHINES,https://xcellparts.com/product-category/tools-n-supplies/machines,2,dom-inspection,MICROSCOPES,https://xcellparts.com/product-category/tools-n-supplies/machines/microscopes-machines,6,1,6,3,dom-inspection,div#plp-34483-1125697 > div.xcell-mm__plp-thumbs > a.xcell-mm__plp-thumb,https://xcellparts.com/product-category/tools-n-supplies/machines/microscopes-machines,False,False,2026-09-07T04:40:13+00:00,,,,,
XCell Parts,https://xcellparts.com/,TOOLS N SUPPLIES,https://xcellparts.com/product-category/tools-n-supplies,9,click,MACHINES,https://xcellparts.com/product-category/tools-n-supplies/machines,2,dom-inspection,REFURBISHED SUPPLIES,https://xcellparts.com/product-category/tools-n-supplies/machines/refurbished-supplies-machines,7,1,7,3,dom-inspection,div#plp-34483-1125697 > div.xcell-mm__plp-thumbs > a.xcell-mm__plp-thumb,https://xcellparts.com/product-category/tools-n-supplies/machines/refurbished-supplies-machines,False,False,2026-09-07T04:40:13+00:00,,,,,
XCell Parts,https://xcellparts.com/,TOOLS N SUPPLIES,https://xcellparts.com/product-category/tools-n-supplies,9,click,MACHINES,https://xcellparts.com/product-category/tools-n-supplies/machines,2,dom-inspection,TESTING SUPPLIES,https://xcellparts.com/product-category/tools-n-supplies/machines/testing-supplies-machines,8,1,8,3,dom-inspection,div#plp-34483-1125697 > div.xcell-mm__plp-thumbs > a.xcell-mm__plp-thumb,https://xcellparts.com/product-category/tools-n-supplies/machines/testing-supplies-machines,False,False,2026-09-07T04:40:13+00:00,,,,,
XCell Parts,https://xcellparts.com/,TOOLS N SUPPLIES,https://xcellparts.com/product-category/tools-n-supplies,9,click,MACHINES,https://xcellparts.com/product-category/tools-n-supplies/machines,2,dom-inspection,ULTRASONIC CLEANER,https://xcellparts.com/product-category/tools-n-supplies/machines/ultrasonic-cleaner-machines,9,1,9,3,dom-inspection,div#plp-34483-1125697 > div.xcell-mm__plp-thumbs > a.xcell-mm__plp-thumb,https://xcellparts.com/product-category/tools-n-supplies/machines/ultrasonic-cleaner-machines,False,False,2026-09-07T04:40:13+00:00,,,,,
XCell Parts,https://xcellparts.com/,TOOLS N SUPPLIES,https://xcellparts.com/product-category/tools-n-supplies,9,click,SOLDERING SUPPLIES,https://xcellparts.com/product-category/tools-n-supplies/soldering-supplies,3,dom-inspection,HOT AIR STATIONS,https://xcellparts.com/product-category/tools-n-supplies/soldering-supplies/hot-air-stations-soldering-supplies,1,1,1,3,dom-inspection,div#plp-34483-94416 > div.xcell-mm__plp-thumbs > a.xcell-mm__plp-thumb,https://xcellparts.com/product-category/tools-n-supplies/soldering-supplies/hot-air-stations-soldering-supplies,False,False,2026-09-07T04:40:13+00:00,,,,,
XCell Parts,https://xcellparts.com/,TOOLS N SUPPLIES,https://xcellparts.com/product-category/tools-n-supplies,9,click,SOLDERING SUPPLIES,https://xcellparts.com/product-category/tools-n-supplies/soldering-supplies,3,dom-inspection,ISOCKET TEST,https://xcellparts.com/product-category/tools-n-supplies/soldering-supplies/isocket-test-soldering-supplies,2,1,2,3,dom-inspection,div#plp-34483-94416 > div.xcell-mm__plp-thumbs > a.xcell-mm__plp-thumb,https://xcellparts.com/product-category/tools-n-supplies/soldering-supplies/isocket-test-soldering-supplies,False,False,2026-09-07T04:40:13+00:00,,,,,
XCell Parts,https://xcellparts.com/,TOOLS N SUPPLIES,https://xcellparts.com/product-category/tools-n-supplies,9,click,SOLDERING SUPPLIES,https://xcellparts.com/product-category/tools-n-supplies/soldering-supplies,3,dom-inspection,MAPS SCHEMATICS,https://xcellparts.com/product-category/tools-n-supplies/soldering-supplies/maps-schematics,3,1,3,3,dom-inspection,div#plp-34483-94416 > div.xcell-mm__plp-thumbs > a.xcell-mm__plp-thumb,https://xcellparts.com/product-category/tools-n-supplies/soldering-supplies/maps-schematics,False,False,2026-09-07T04:40:13+00:00,,,,,
XCell Parts,https://xcellparts.com/,TOOLS N SUPPLIES,https://xcellparts.com/product-category/tools-n-supplies,9,click,SOLDERING SUPPLIES,https://xcellparts.com/product-category/tools-n-supplies/soldering-supplies,3,dom-inspection,REBALLING SUPPLIES,https://xcellparts.com/product-category/tools-n-supplies/soldering-supplies/reballing-supplies,4,1,4,3,dom-inspection,div#plp-34483-94416 > div.xcell-mm__plp-thumbs > a.xcell-mm__plp-thumb,https://xcellparts.com/product-category/tools-n-supplies/soldering-supplies/reballing-supplies,False,False,2026-09-07T04:40:13+00:00,,,,,
XCell Parts,https://xcellparts.com/,TOOLS N SUPPLIES,https://xcellparts.com/product-category/tools-n-supplies,9,click,SOLDERING SUPPLIES,https://xcellparts.com/product-category/tools-n-supplies/soldering-supplies,3,dom-inspection,SOLDERING CONSUMABLE,https://xcellparts.com/product-category/tools-n-supplies/soldering-supplies/soldering-consumable,5,1,5,3,dom-inspection,div#plp-34483-94416 > div.xcell-mm__plp-thumbs > a.xcell-mm__plp-thumb,https://xcellparts.com/product-category/tools-n-supplies/soldering-supplies/soldering-consumable,False,False,2026-09-07T04:40:13+00:00,,,,,
XCell Parts,https://xcellparts.com/,TOOLS N SUPPLIES,https://xcellparts.com/product-category/tools-n-supplies,9,click,SOLDERING SUPPLIES,https://xcellparts.com/product-category/tools-n-supplies/soldering-supplies,3,dom-inspection,SOLDERING STATIONS,https://xcellparts.com/product-category/tools-n-supplies/soldering-supplies/soldering-stations,6,1,6,3,dom-inspection,div#plp-34483-94416 > div.xcell-mm__plp-thumbs > a.xcell-mm__plp-thumb,https://xcellparts.com/product-category/tools-n-supplies/soldering-supplies/soldering-stations,False,False,2026-09-07T04:40:13+00:00,,,,,
XCell Parts,https://xcellparts.com/,TOOLS N SUPPLIES,https://xcellparts.com/product-category/tools-n-supplies,9,click,SOLDERING SUPPLIES,https://xcellparts.com/product-category/tools-n-supplies/soldering-supplies,3,dom-inspection,SOLDERING TIPS,https://xcellparts.com/product-category/tools-n-supplies/soldering-supplies/soldering-tips,7,1,7,3,dom-inspection,div#plp-34483-94416 > div.xcell-mm__plp-thumbs > a.xcell-mm__plp-thumb,https://xcellparts.com/product-category/tools-n-supplies/soldering-supplies/soldering-tips,False,False,2026-09-07T04:40:13+00:00,,,,,
XCell Parts,https://xcellparts.com/,TOOLS N SUPPLIES,https://xcellparts.com/product-category/tools-n-supplies,9,click,SOLDERING SUPPLIES,https://xcellparts.com/product-category/tools-n-supplies/soldering-supplies,3,dom-inspection,SOLDERING WICK,https://xcellparts.com/product-category/tools-n-supplies/soldering-supplies/soldering-wick,8,1,8,3,dom-inspection,div#plp-34483-94416 > div.xcell-mm__plp-thumbs > a.xcell-mm__plp-thumb,https://xcellparts.com/product-category/tools-n-supplies/soldering-supplies/soldering-wick,False,False,2026-09-07T04:40:13+00:00,,,,,
XCell Parts,https://xcellparts.com/,TOOLS N SUPPLIES,https://xcellparts.com/product-category/tools-n-supplies,9,click,SOLDERING SUPPLIES,https://xcellparts.com/product-category/tools-n-supplies/soldering-supplies,3,dom-inspection,THERMAL PASTE,https://xcellparts.com/product-category/tools-n-supplies/soldering-supplies/thermal-paste,9,1,9,3,dom-inspection,div#plp-34483-94416 > div.xcell-mm__plp-thumbs > a.xcell-mm__plp-thumb,https://xcellparts.com/product-category/tools-n-supplies/soldering-supplies/thermal-paste,False,False,2026-09-07T04:40:13+00:00,,,,,
XCell Parts,https://xcellparts.com/,TOOLS N SUPPLIES,https://xcellparts.com/product-category/tools-n-supplies,9,click,BRANDS,https://xcellparts.com/product-category/tools-n-supplies/brands-tools-n-supplies,4,dom-inspection,2UUL,https://xcellparts.com/product-category/tools-n-supplies/brands-tools-n-supplies/2uul,1,1,1,3,dom-inspection,div#plp-34483-1125722 > div.xcell-mm__plp-thumbs > a.xcell-mm__plp-thumb,https://xcellparts.com/product-category/tools-n-supplies/brands-tools-n-supplies/2uul,False,False,2026-09-07T04:40:13+00:00,,,,,
XCell Parts,https://xcellparts.com/,TOOLS N SUPPLIES,https://xcellparts.com/product-category/tools-n-supplies,9,click,BRANDS,https://xcellparts.com/product-category/tools-n-supplies/brands-tools-n-supplies,4,dom-inspection,AMAOE,https://xcellparts.com/product-category/tools-n-supplies/brands-tools-n-supplies/amaoe,2,1,2,3,dom-inspection,div#plp-34483-1125722 > div.xcell-mm__plp-thumbs > a.xcell-mm__plp-thumb,https://xcellparts.com/product-category/tools-n-supplies/brands-tools-n-supplies/amaoe,False,False,2026-09-07T04:40:13+00:00,,,,,
XCell Parts,https://xcellparts.com/,TOOLS N SUPPLIES,https://xcellparts.com/product-category/tools-n-supplies,9,click,BRANDS,https://xcellparts.com/product-category/tools-n-supplies/brands-tools-n-supplies,4,dom-inspection,FORWARD,https://xcellparts.com/product-category/tools-n-supplies/brands-tools-n-supplies/forward,3,1,3,3,dom-inspection,div#plp-34483-1125722 > div.xcell-mm__plp-thumbs > a.xcell-mm__plp-thumb,https://xcellparts.com/product-category/tools-n-supplies/brands-tools-n-supplies/forward,False,False,2026-09-07T04:40:13+00:00,,,,,
XCell Parts,https://xcellparts.com/,TOOLS N SUPPLIES,https://xcellparts.com/product-category/tools-n-supplies,9,click,BRANDS,https://xcellparts.com/product-category/tools-n-supplies/brands-tools-n-supplies,4,dom-inspection,LB TOOL,https://xcellparts.com/product-category/tools-n-supplies/brands-tools-n-supplies/lb-tool,4,1,4,3,dom-inspection,div#plp-34483-1125722 > div.xcell-mm__plp-thumbs > a.xcell-mm__plp-thumb,https://xcellparts.com/product-category/tools-n-supplies/brands-tools-n-supplies/lb-tool,False,False,2026-09-07T04:40:13+00:00,,,,,
XCell Parts,https://xcellparts.com/,TOOLS N SUPPLIES,https://xcellparts.com/product-category/tools-n-supplies,9,click,BRANDS,https://xcellparts.com/product-category/tools-n-supplies/brands-tools-n-supplies,4,dom-inspection,MECHANIC,https://xcellparts.com/product-category/tools-n-supplies/brands-tools-n-supplies/mechanic,5,1,5,3,dom-inspection,div#plp-34483-1125722 > div.xcell-mm__plp-thumbs > a.xcell-mm__plp-thumb,https://xcellparts.com/product-category/tools-n-supplies/brands-tools-n-supplies/mechanic,False,False,2026-09-07T04:40:13+00:00,,,,,
XCell Parts,https://xcellparts.com/,TOOLS N SUPPLIES,https://xcellparts.com/product-category/tools-n-supplies,9,click,BRANDS,https://xcellparts.com/product-category/tools-n-supplies/brands-tools-n-supplies,4,dom-inspection,MIJING,https://xcellparts.com/product-category/tools-n-supplies/brands-tools-n-supplies/mijing,6,1,6,3,dom-inspection,div#plp-34483-1125722 > div.xcell-mm__plp-thumbs > a.xcell-mm__plp-thumb,https://xcellparts.com/product-category/tools-n-supplies/brands-tools-n-supplies/mijing,False,False,2026-09-07T04:40:13+00:00,,,,,
XCell Parts,https://xcellparts.com/,TOOLS N SUPPLIES,https://xcellparts.com/product-category/tools-n-supplies,9,click,BRANDS,https://xcellparts.com/product-category/tools-n-supplies/brands-tools-n-supplies,4,dom-inspection,MUSTTBUY,https://xcellparts.com/product-category/tools-n-supplies/brands-tools-n-supplies/musttbuy,7,1,7,3,dom-inspection,div#plp-34483-1125722 > div.xcell-mm__plp-thumbs > a.xcell-mm__plp-thumb,https://xcellparts.com/product-category/tools-n-supplies/brands-tools-n-supplies/musttbuy,False,False,2026-09-07T04:40:13+00:00,,,,,
XCell Parts,https://xcellparts.com/,TOOLS N SUPPLIES,https://xcellparts.com/product-category/tools-n-supplies,9,click,BRANDS,https://xcellparts.com/product-category/tools-n-supplies/brands-tools-n-supplies,4,dom-inspection,POLARTRONIX,https://xcellparts.com/product-category/tools-n-supplies/brands-tools-n-supplies/polartronix,8,1,8,3,dom-inspection,div#plp-34483-1125722 > div.xcell-mm__plp-thumbs > a.xcell-mm__plp-thumb,https://xcellparts.com/product-category/tools-n-supplies/brands-tools-n-supplies/polartronix,False,False,2026-09-07T04:40:13+00:00,,,,,
XCell Parts,https://xcellparts.com/,TOOLS N SUPPLIES,https://xcellparts.com/product-category/tools-n-supplies,9,click,BRANDS,https://xcellparts.com/product-category/tools-n-supplies/brands-tools-n-supplies,4,dom-inspection,QIANLI,https://xcellparts.com/product-category/tools-n-supplies/brands-tools-n-supplies/qianli,9,1,9,3,dom-inspection,div#plp-34483-1125722 > div.xcell-mm__plp-thumbs > a.xcell-mm__plp-thumb,https://xcellparts.com/product-category/tools-n-supplies/brands-tools-n-supplies/qianli,False,False,2026-09-07T04:40:13+00:00,,,,,
XCell Parts,https://xcellparts.com/,TOOLS N SUPPLIES,https://xcellparts.com/product-category/tools-n-supplies,9,click,BRANDS,https://xcellparts.com/product-category/tools-n-supplies/brands-tools-n-supplies,4,dom-inspection,RF4,https://xcellparts.com/product-category/tools-n-supplies/brands-tools-n-supplies/rf4,10,1,10,3,dom-inspection,div#plp-34483-1125722 > div.xcell-mm__plp-thumbs > a.xcell-mm__plp-thumb,https://xcellparts.com/product-category/tools-n-supplies/brands-tools-n-supplies/rf4,False,False,2026-09-07T04:40:13+00:00,,,,,
XCell Parts,https://xcellparts.com/,TOOLS N SUPPLIES,https://xcellparts.com/product-category/tools-n-supplies,9,click,BRANDS,https://xcellparts.com/product-category/tools-n-supplies/brands-tools-n-supplies,4,dom-inspection,SOFIX,https://xcellparts.com/product-category/tools-n-supplies/brands-tools-n-supplies/sofix,11,1,11,3,dom-inspection,div#plp-34483-1125722 > div.xcell-mm__plp-thumbs > a.xcell-mm__plp-thumb,https://xcellparts.com/product-category/tools-n-supplies/brands-tools-n-supplies/sofix,False,False,2026-09-07T04:40:13+00:00,,,,,
XCell Parts,https://xcellparts.com/,TOOLS N SUPPLIES,https://xcellparts.com/product-category/tools-n-supplies,9,click,BRANDS,https://xcellparts.com/product-category/tools-n-supplies/brands-tools-n-supplies,4,dom-inspection,SUGON,https://xcellparts.com/product-category/tools-n-supplies/brands-tools-n-supplies/sugon,12,1,12,3,dom-inspection,div#plp-34483-1125722 > div.xcell-mm__plp-thumbs > a.xcell-mm__plp-thumb,https://xcellparts.com/product-category/tools-n-supplies/brands-tools-n-supplies/sugon,False,False,2026-09-07T04:40:13+00:00,,,,,
XCell Parts,https://xcellparts.com/,TOOLS N SUPPLIES,https://xcellparts.com/product-category/tools-n-supplies,9,click,BRANDS,https://xcellparts.com/product-category/tools-n-supplies/brands-tools-n-supplies,4,dom-inspection,SUNSHINE,https://xcellparts.com/product-category/tools-n-supplies/brands-tools-n-supplies/sunshine,13,1,13,3,dom-inspection,div#plp-34483-1125722 > div.xcell-mm__plp-thumbs > a.xcell-mm__plp-thumb,https://xcellparts.com/product-category/tools-n-supplies/brands-tools-n-supplies/sunshine,False,False,2026-09-07T04:40:13+00:00,,,,,
XCell Parts,https://xcellparts.com/,TOOLS N SUPPLIES,https://xcellparts.com/product-category/tools-n-supplies,9,click,BRANDS,https://xcellparts.com/product-category/tools-n-supplies/brands-tools-n-supplies,4,dom-inspection,TBK,https://xcellparts.com/product-category/tools-n-supplies/brands-tools-n-supplies/tbk,14,1,14,3,dom-inspection,div#plp-34483-1125722 > div.xcell-mm__plp-thumbs > a.xcell-mm__plp-thumb,https://xcellparts.com/product-category/tools-n-supplies/brands-tools-n-supplies/tbk,False,False,2026-09-07T04:40:13+00:00,,,,,
XCell Parts,https://xcellparts.com/,TOOLS N SUPPLIES,https://xcellparts.com/product-category/tools-n-supplies,9,click,BRANDS,https://xcellparts.com/product-category/tools-n-supplies/brands-tools-n-supplies,4,dom-inspection,TESA,https://xcellparts.com/product-category/tools-n-supplies/brands-tools-n-supplies/tesa,15,1,15,3,dom-inspection,div#plp-34483-1125722 > div.xcell-mm__plp-thumbs > a.xcell-mm__plp-thumb,https://xcellparts.com/product-category/tools-n-supplies/brands-tools-n-supplies/tesa,False,False,2026-09-07T04:40:13+00:00,,,,,
XCell Parts,https://xcellparts.com/,TOOLS N SUPPLIES,https://xcellparts.com/product-category/tools-n-supplies,9,click,BRANDS,https://xcellparts.com/product-category/tools-n-supplies/brands-tools-n-supplies,4,dom-inspection,YCS,https://xcellparts.com/product-category/tools-n-supplies/brands-tools-n-supplies/ycs,16,1,16,3,dom-inspection,div#plp-34483-1125722 > div.xcell-mm__plp-thumbs > a.xcell-mm__plp-thumb,https://xcellparts.com/product-category/tools-n-supplies/brands-tools-n-supplies/ycs,False,False,2026-09-07T04:40:13+00:00,,,,,
XCell Parts,https://xcellparts.com/,TOOLS N SUPPLIES,https://xcellparts.com/product-category/tools-n-supplies,9,click,BRANDS,https://xcellparts.com/product-category/tools-n-supplies/brands-tools-n-supplies,4,dom-inspection,ZHANLIDA,https://xcellparts.com/product-category/tools-n-supplies/brands-tools-n-supplies/zhanlida,17,1,17,3,dom-inspection,div#plp-34483-1125722 > div.xcell-mm__plp-thumbs > a.xcell-mm__plp-thumb,https://xcellparts.com/product-category/tools-n-supplies/brands-tools-n-supplies/zhanlida,False,False,2026-09-07T04:40:13+00:00,,,,,
XCell Parts,https://xcellparts.com/,TOOLS N SUPPLIES,https://xcellparts.com/product-category/tools-n-supplies,9,click,CHARGING PORTS,https://xcellparts.com/product-category/tools-n-supplies/charging-ports,5,dom-inspection,ALCATEL CHARGING PORTS,https://xcellparts.com/product-category/tools-n-supplies/charging-ports/alcatel-charging-ports,1,1,1,3,dom-inspection,div#plp-34483-1125637 > div.xcell-mm__plp-thumbs > a.xcell-mm__plp-thumb,https://xcellparts.com/product-category/tools-n-supplies/charging-ports/alcatel-charging-ports,False,False,2026-09-07T04:40:13+00:00,,,,,
XCell Parts,https://xcellparts.com/,TOOLS N SUPPLIES,https://xcellparts.com/product-category/tools-n-supplies,9,click,CHARGING PORTS,https://xcellparts.com/product-category/tools-n-supplies/charging-ports,5,dom-inspection,AMAZON CHARGING PORTS,https://xcellparts.com/product-category/tools-n-supplies/charging-ports/amazon-charging-ports,2,1,2,3,dom-inspection,div#plp-34483-1125637 > div.xcell-mm__plp-thumbs > a.xcell-mm__plp-thumb,https://xcellparts.com/product-category/tools-n-supplies/charging-ports/amazon-charging-ports,False,False,2026-09-07T04:40:13+00:00,,,,,
XCell Parts,https://xcellparts.com/,TOOLS N SUPPLIES,https://xcellparts.com/product-category/tools-n-supplies,9,click,CHARGING PORTS,https://xcellparts.com/product-category/tools-n-supplies/charging-ports,5,dom-inspection,GOOGLE CHARGING PORTS,https://xcellparts.com/product-category/tools-n-supplies/charging-ports/google-charging-ports,3,1,3,3,dom-inspection,div#plp-34483-1125637 > div.xcell-mm__plp-thumbs > a.xcell-mm__plp-thumb,https://xcellparts.com/product-category/tools-n-supplies/charging-ports/google-charging-ports,False,False,2026-09-07T04:40:13+00:00,,,,,
XCell Parts,https://xcellparts.com/,TOOLS N SUPPLIES,https://xcellparts.com/product-category/tools-n-supplies,9,click,CHARGING PORTS,https://xcellparts.com/product-category/tools-n-supplies/charging-ports,5,dom-inspection,IPAD CHARGING PORTS,https://xcellparts.com/product-category/tools-n-supplies/charging-ports/ipad-charging-ports,4,1,4,3,dom-inspection,div#plp-34483-1125637 > div.xcell-mm__plp-thumbs > a.xcell-mm__plp-thumb,https://xcellparts.com/product-category/tools-n-supplies/charging-ports/ipad-charging-ports,False,False,2026-09-07T04:40:13+00:00,,,,,
XCell Parts,https://xcellparts.com/,TOOLS N SUPPLIES,https://xcellparts.com/product-category/tools-n-supplies,9,click,CHARGING PORTS,https://xcellparts.com/product-category/tools-n-supplies/charging-ports,5,dom-inspection,LG CHARGING PORTS,https://xcellparts.com/product-category/tools-n-supplies/charging-ports/lg-charging-ports,5,1,5,3,dom-inspection,div#plp-34483-1125637 > div.xcell-mm__plp-thumbs > a.xcell-mm__plp-thumb,https://xcellparts.com/product-category/tools-n-supplies/charging-ports/lg-charging-ports,False,False,2026-09-07T04:40:13+00:00,,,,,
XCell Parts,https://xcellparts.com/,TOOLS N SUPPLIES,https://xcellparts.com/product-category/tools-n-supplies,9,click,CHARGING PORTS,https://xcellparts.com/product-category/tools-n-supplies/charging-ports,5,dom-inspection,MOTOROLA CHARGING PORTS,https://xcellparts.com/product-category/tools-n-supplies/charging-ports/motorola-charging-ports,6,1,6,3,dom-inspection,div#plp-34483-1125637 > div.xcell-mm__plp-thumbs > a.xcell-mm__plp-thumb,https://xcellparts.com/product-category/tools-n-supplies/charging-ports/motorola-charging-ports,False,False,2026-09-07T04:40:13+00:00,,,,,
XCell Parts,https://xcellparts.com/,TOOLS N SUPPLIES,https://xcellparts.com/product-category/tools-n-supplies,9,click,CHARGING PORTS,https://xcellparts.com/product-category/tools-n-supplies/charging-ports,5,dom-inspection,ONN CHARGING PORTS,https://xcellparts.com/product-category/tools-n-supplies/charging-ports/onn-charging-ports,7,1,7,3,dom-inspection,div#plp-34483-1125637 > div.xcell-mm__plp-thumbs > a.xcell-mm__plp-thumb,https://xcellparts.com/product-category/tools-n-supplies/charging-ports/onn-charging-ports,False,False,2026-09-07T04:40:13+00:00,,,,,
XCell Parts,https://xcellparts.com/,TOOLS N SUPPLIES,https://xcellparts.com/product-category/tools-n-supplies,9,click,CHARGING PORTS,https://xcellparts.com/product-category/tools-n-supplies/charging-ports,5,dom-inspection,OTHER BRANDS CHARGING PORTS,https://xcellparts.com/product-category/tools-n-supplies/charging-ports/other-brands-charging-ports,8,1,8,3,dom-inspection,div#plp-34483-1125637 > div.xcell-mm__plp-thumbs > a.xcell-mm__plp-thumb,https://xcellparts.com/product-category/tools-n-supplies/charging-ports/other-brands-charging-ports,False,False,2026-09-07T04:40:13+00:00,,,,,
XCell Parts,https://xcellparts.com/,TOOLS N SUPPLIES,https://xcellparts.com/product-category/tools-n-supplies,9,click,CHARGING PORTS,https://xcellparts.com/product-category/tools-n-supplies/charging-ports,5,dom-inspection,REVVL CHARGING PORTS,https://xcellparts.com/product-category/tools-n-supplies/charging-ports/revvl-charging-ports,9,1,9,3,dom-inspection,div#plp-34483-1125637 > div.xcell-mm__plp-thumbs > a.xcell-mm__plp-thumb,https://xcellparts.com/product-category/tools-n-supplies/charging-ports/revvl-charging-ports,False,False,2026-09-07T04:40:13+00:00,,,,,
XCell Parts,https://xcellparts.com/,TOOLS N SUPPLIES,https://xcellparts.com/product-category/tools-n-supplies,9,click,CHARGING PORTS,https://xcellparts.com/product-category/tools-n-supplies/charging-ports,5,dom-inspection,SAMSUNG CHARGING PORTS,https://xcellparts.com/product-category/tools-n-supplies/charging-ports/samsung-charging-ports,10,1,10,3,dom-inspection,div#plp-34483-1125637 > div.xcell-mm__plp-thumbs > a.xcell-mm__plp-thumb,https://xcellparts.com/product-category/tools-n-supplies/charging-ports/samsung-charging-ports,False,False,2026-09-07T04:40:13+00:00,,,,,
XCell Parts,https://xcellparts.com/,TOOLS N SUPPLIES,https://xcellparts.com/product-category/tools-n-supplies,9,click,CHARGING PORTS,https://xcellparts.com/product-category/tools-n-supplies/charging-ports,5,dom-inspection,TCL CHARGING PORTS,https://xcellparts.com/product-category/tools-n-supplies/charging-ports/tcl-charging-ports,11,1,11,3,dom-inspection,div#plp-34483-1125637 > div.xcell-mm__plp-thumbs > a.xcell-mm__plp-thumb,https://xcellparts.com/product-category/tools-n-supplies/charging-ports/tcl-charging-ports,False,False,2026-09-07T04:40:13+00:00,,,,,
XCell Parts,https://xcellparts.com/,TOOLS N SUPPLIES,https://xcellparts.com/product-category/tools-n-supplies,9,click,CHARGING PORTS,https://xcellparts.com/product-category/tools-n-supplies/charging-ports,5,dom-inspection,THINK PAD CHARGING PORTS,https://xcellparts.com/product-category/tools-n-supplies/charging-ports/think-pad-charging-ports,12,1,12,3,dom-inspection,div#plp-34483-1125637 > div.xcell-mm__plp-thumbs > a.xcell-mm__plp-thumb,https://xcellparts.com/product-category/tools-n-supplies/charging-ports/think-pad-charging-ports,False,False,2026-09-07T04:40:13+00:00,,,,,
XCell Parts,https://xcellparts.com/,TOOLS N SUPPLIES,https://xcellparts.com/product-category/tools-n-supplies,9,click,CHARGING PORTS,https://xcellparts.com/product-category/tools-n-supplies/charging-ports,5,dom-inspection,XIAOMI CHARGING PORTS,https://xcellparts.com/product-category/tools-n-supplies/charging-ports/xiaomi-charging-ports,13,1,13,3,dom-inspection,div#plp-34483-1125637 > div.xcell-mm__plp-thumbs > a.xcell-mm__plp-thumb,https://xcellparts.com/product-category/tools-n-supplies/charging-ports/xiaomi-charging-ports,False,False,2026-09-07T04:40:13+00:00,,,,,
XCell Parts,https://xcellparts.com/,TOOLS N SUPPLIES,https://xcellparts.com/product-category/tools-n-supplies,9,click,IC CHIPS,https://xcellparts.com/product-category/tools-n-supplies/ic-chips,6,dom-inspection,IPAD CHIPS,https://xcellparts.com/product-category/tools-n-supplies/ic-chips/ipad-chips,1,1,1,3,dom-inspection,div#plp-34483-1125717 > div.xcell-mm__plp-thumbs > a.xcell-mm__plp-thumb,https://xcellparts.com/product-category/tools-n-supplies/ic-chips/ipad-chips,False,False,2026-09-07T04:40:13+00:00,,,,,
XCell Parts,https://xcellparts.com/,TOOLS N SUPPLIES,https://xcellparts.com/product-category/tools-n-supplies,9,click,IC CHIPS,https://xcellparts.com/product-category/tools-n-supplies/ic-chips,6,dom-inspection,MACBOOK CHIPS,https://xcellparts.com/product-category/tools-n-supplies/ic-chips/macbook-chips,2,1,2,3,dom-inspection,div#plp-34483-1125717 > div.xcell-mm__plp-thumbs > a.xcell-mm__plp-thumb,https://xcellparts.com/product-category/tools-n-supplies/ic-chips/macbook-chips,False,False,2026-09-07T04:40:13+00:00,,,,,
XCell Parts,https://xcellparts.com/,TOOLS N SUPPLIES,https://xcellparts.com/product-category/tools-n-supplies,9,click,IC CHIPS,https://xcellparts.com/product-category/tools-n-supplies/ic-chips,6,dom-inspection,IPHONE CHIPS,https://xcellparts.com/product-category/tools-n-supplies/ic-chips/iphone-chips,3,1,3,3,dom-inspection,div#plp-34483-1125717 > div.xcell-mm__plp-thumbs > a.xcell-mm__plp-thumb,https://xcellparts.com/product-category/tools-n-supplies/ic-chips/iphone-chips,False,False,2026-09-07T04:40:13+00:00,,,,,
XCell Parts,https://xcellparts.com/,TOOLS N SUPPLIES,https://xcellparts.com/product-category/tools-n-supplies,9,click,IC CHIPS,https://xcellparts.com/product-category/tools-n-supplies/ic-chips,6,dom-inspection,SAMSUNG CHIPS,https://xcellparts.com/product-category/tools-n-supplies/ic-chips/samsung-chips,4,1,4,3,dom-inspection,div#plp-34483-1125717 > div.xcell-mm__plp-thumbs > a.xcell-mm__plp-thumb,https://xcellparts.com/product-category/tools-n-supplies/ic-chips/samsung-chips,False,False,2026-09-07T04:40:13+00:00,,,,,
XCell Parts,https://xcellparts.com/,PRE OWNED DEVICES,https://xcellparts.com/product-category/pre-owned-devices,10,click,PRE OWNED DEVICES,https://xcellparts.com/product-category/pre-owned-devices,1,dom-inspection,MOTOROLA,https://xcellparts.com/product-category/pre-owned-devices/motorola,1,1,1,3,dom-inspection,div#xcell-p-1037033 > div.xcell-mm__panel-inner > div.xcell-mm__panel-scroll > div.xcell-mm__plp > div.xcell-mm__plp-thumbs > a.xcell-mm__plp-thumb,https://xcellparts.com/product-category/pre-owned-devices/motorola,False,False,2026-09-07T04:40:13+00:00,,,,,
XCell Parts,https://xcellparts.com/,PRE OWNED DEVICES,https://xcellparts.com/product-category/pre-owned-devices,10,click,PRE OWNED DEVICES,https://xcellparts.com/product-category/pre-owned-devices,1,dom-inspection,SAMSUNG,https://xcellparts.com/product-category/pre-owned-devices/samsung-pre-owned-devices,2,1,2,3,dom-inspection,div#xcell-p-1037033 > div.xcell-mm__panel-inner > div.xcell-mm__panel-scroll > div.xcell-mm__plp > div.xcell-mm__plp-thumbs > a.xcell-mm__plp-thumb,https://xcellparts.com/product-category/pre-owned-devices/samsung-pre-owned-devices,False,False,2026-09-07T04:40:13+00:00,,,,,
