website,website_url,parent_name,parent_url,parent_display_order,parent_open_method,sub_child_name,sub_child_url,sub_child_display_order,sub_child_activation_method,child_name,child_url,child_display_order,column_number,row_number,hierarchy_level,discovery_method,source_selector,normalized_url,url_missing,is_duplicate,scraped_at,http_status,final_url,redirect_url,response_error,validation_timestamp
GadgetFix,https://gadgetfix.com/,Apple,https://gadgetfix.com/category/apple-1228.html,1,dom-inspection,iWatch,https://gadgetfix.com/category/iwatch-1638.html,1,dom-inspection,Series 9,https://gadgetfix.com/category/series-9-2121.html,1,0,1,3,dom-inspection,,https://gadgetfix.com/category/series-9-2121.html,False,False,2026-09-07T04:49:55+00:00,,,,,
GadgetFix,https://gadgetfix.com/,Apple,https://gadgetfix.com/category/apple-1228.html,1,dom-inspection,iWatch,https://gadgetfix.com/category/iwatch-1638.html,1,dom-inspection,Series Ultra (2st Gen),https://gadgetfix.com/category/series-ultra-2st-gen-2123.html,2,0,2,3,dom-inspection,,https://gadgetfix.com/category/series-ultra-2st-gen-2123.html,False,False,2026-09-07T04:49:55+00:00,,,,,
GadgetFix,https://gadgetfix.com/,Apple,https://gadgetfix.com/category/apple-1228.html,1,dom-inspection,iWatch,https://gadgetfix.com/category/iwatch-1638.html,1,dom-inspection,Series Ultra (1st Gen),https://gadgetfix.com/category/series-ultra-1st-gen-2122.html,3,0,3,3,dom-inspection,,https://gadgetfix.com/category/series-ultra-1st-gen-2122.html,False,False,2026-09-07T04:49:55+00:00,,,,,
GadgetFix,https://gadgetfix.com/,Apple,https://gadgetfix.com/category/apple-1228.html,1,dom-inspection,iWatch,https://gadgetfix.com/category/iwatch-1638.html,1,dom-inspection,Series 8,https://gadgetfix.com/category/series-8-2062.html,4,0,4,3,dom-inspection,,https://gadgetfix.com/category/series-8-2062.html,False,False,2026-09-07T04:49:55+00:00,,,,,
GadgetFix,https://gadgetfix.com/,Apple,https://gadgetfix.com/category/apple-1228.html,1,dom-inspection,iWatch,https://gadgetfix.com/category/iwatch-1638.html,1,dom-inspection,Series SE (2nd Gen),https://gadgetfix.com/category/series-se-2nd-gen-2058.html,5,0,5,3,dom-inspection,,https://gadgetfix.com/category/series-se-2nd-gen-2058.html,False,False,2026-09-07T04:49:55+00:00,,,,,
GadgetFix,https://gadgetfix.com/,Apple,https://gadgetfix.com/category/apple-1228.html,1,dom-inspection,iWatch,https://gadgetfix.com/category/iwatch-1638.html,1,dom-inspection,Series 7,https://gadgetfix.com/category/series-7-1962.html,6,0,6,3,dom-inspection,,https://gadgetfix.com/category/series-7-1962.html,False,False,2026-09-07T04:49:55+00:00,,,,,
GadgetFix,https://gadgetfix.com/,Apple,https://gadgetfix.com/category/apple-1228.html,1,dom-inspection,iWatch,https://gadgetfix.com/category/iwatch-1638.html,1,dom-inspection,Series 6,https://gadgetfix.com/category/series-6-1861.html,7,0,7,3,dom-inspection,,https://gadgetfix.com/category/series-6-1861.html,False,False,2026-09-07T04:49:55+00:00,,,,,
GadgetFix,https://gadgetfix.com/,Apple,https://gadgetfix.com/category/apple-1228.html,1,dom-inspection,iWatch,https://gadgetfix.com/category/iwatch-1638.html,1,dom-inspection,Series SE (1st Gen),https://gadgetfix.com/category/series-se-1st-gen-1887.html,8,0,8,3,dom-inspection,,https://gadgetfix.com/category/series-se-1st-gen-1887.html,False,False,2026-09-07T04:49:55+00:00,,,,,
GadgetFix,https://gadgetfix.com/,Apple,https://gadgetfix.com/category/apple-1228.html,1,dom-inspection,iWatch,https://gadgetfix.com/category/iwatch-1638.html,1,dom-inspection,Series 5,https://gadgetfix.com/category/series-5-1790.html,9,0,9,3,dom-inspection,,https://gadgetfix.com/category/series-5-1790.html,False,False,2026-09-07T04:49:55+00:00,,,,,
GadgetFix,https://gadgetfix.com/,Apple,https://gadgetfix.com/category/apple-1228.html,1,dom-inspection,iWatch,https://gadgetfix.com/category/iwatch-1638.html,1,dom-inspection,Series 4,https://gadgetfix.com/category/series-4-1743.html,10,0,10,3,dom-inspection,,https://gadgetfix.com/category/series-4-1743.html,False,False,2026-09-07T04:49:55+00:00,,,,,
GadgetFix,https://gadgetfix.com/,Apple,https://gadgetfix.com/category/apple-1228.html,1,dom-inspection,iWatch,https://gadgetfix.com/category/iwatch-1638.html,1,dom-inspection,Series 3,https://gadgetfix.com/category/series-3-1641.html,11,0,11,3,dom-inspection,,https://gadgetfix.com/category/series-3-1641.html,False,False,2026-09-07T04:49:55+00:00,,,,,
GadgetFix,https://gadgetfix.com/,Apple,https://gadgetfix.com/category/apple-1228.html,1,dom-inspection,iWatch,https://gadgetfix.com/category/iwatch-1638.html,1,dom-inspection,Series 2,https://gadgetfix.com/category/series-2-1640.html,12,0,12,3,dom-inspection,,https://gadgetfix.com/category/series-2-1640.html,False,False,2026-09-07T04:49:55+00:00,,,,,
GadgetFix,https://gadgetfix.com/,Apple,https://gadgetfix.com/category/apple-1228.html,1,dom-inspection,iWatch,https://gadgetfix.com/category/iwatch-1638.html,1,dom-inspection,Series 1,https://gadgetfix.com/category/series-1-1639.html,13,0,13,3,dom-inspection,,https://gadgetfix.com/category/series-1-1639.html,False,False,2026-09-07T04:49:55+00:00,,,,,
GadgetFix,https://gadgetfix.com/,Apple,https://gadgetfix.com/category/apple-1228.html,1,dom-inspection,iPhone,https://gadgetfix.com/category/iphone-1559.html,2,dom-inspection,Iphone 17e,https://gadgetfix.com/category/iphone-17e-2227.html,1,0,1,3,dom-inspection,,https://gadgetfix.com/category/iphone-17e-2227.html,False,False,2026-09-07T04:49:55+00:00,,,,,
GadgetFix,https://gadgetfix.com/,Apple,https://gadgetfix.com/category/apple-1228.html,1,dom-inspection,iPhone,https://gadgetfix.com/category/iphone-1559.html,2,dom-inspection,Iphone 17 Pro Max,https://gadgetfix.com/category/iphone-17-pro-max-2209.html,2,0,2,3,dom-inspection,,https://gadgetfix.com/category/iphone-17-pro-max-2209.html,False,False,2026-09-07T04:49:55+00:00,,,,,
GadgetFix,https://gadgetfix.com/,Apple,https://gadgetfix.com/category/apple-1228.html,1,dom-inspection,iPhone,https://gadgetfix.com/category/iphone-1559.html,2,dom-inspection,Iphone 17 Pro,https://gadgetfix.com/category/iphone-17-pro-2208.html,3,0,3,3,dom-inspection,,https://gadgetfix.com/category/iphone-17-pro-2208.html,False,False,2026-09-07T04:49:55+00:00,,,,,
GadgetFix,https://gadgetfix.com/,Apple,https://gadgetfix.com/category/apple-1228.html,1,dom-inspection,iPhone,https://gadgetfix.com/category/iphone-1559.html,2,dom-inspection,Iphone Air,https://gadgetfix.com/category/iphone-air-2207.html,4,0,4,3,dom-inspection,,https://gadgetfix.com/category/iphone-air-2207.html,False,False,2026-09-07T04:49:55+00:00,,,,,
GadgetFix,https://gadgetfix.com/,Apple,https://gadgetfix.com/category/apple-1228.html,1,dom-inspection,iPhone,https://gadgetfix.com/category/iphone-1559.html,2,dom-inspection,Iphone 17,https://gadgetfix.com/category/iphone-17-2206.html,5,0,5,3,dom-inspection,,https://gadgetfix.com/category/iphone-17-2206.html,False,False,2026-09-07T04:49:55+00:00,,,,,
GadgetFix,https://gadgetfix.com/,Apple,https://gadgetfix.com/category/apple-1228.html,1,dom-inspection,iPhone,https://gadgetfix.com/category/iphone-1559.html,2,dom-inspection,Iphone 16e,https://gadgetfix.com/category/iphone-16e-2189.html,6,0,6,3,dom-inspection,,https://gadgetfix.com/category/iphone-16e-2189.html,False,False,2026-09-07T04:49:55+00:00,,,,,
GadgetFix,https://gadgetfix.com/,Apple,https://gadgetfix.com/category/apple-1228.html,1,dom-inspection,iPhone,https://gadgetfix.com/category/iphone-1559.html,2,dom-inspection,Iphone 16 Pro Max,https://gadgetfix.com/category/iphone-16-pro-max-2152.html,7,0,7,3,dom-inspection,,https://gadgetfix.com/category/iphone-16-pro-max-2152.html,False,False,2026-09-07T04:49:55+00:00,,,,,
GadgetFix,https://gadgetfix.com/,Apple,https://gadgetfix.com/category/apple-1228.html,1,dom-inspection,iPhone,https://gadgetfix.com/category/iphone-1559.html,2,dom-inspection,Iphone 16 Pro,https://gadgetfix.com/category/iphone-16-pro-2151.html,8,0,8,3,dom-inspection,,https://gadgetfix.com/category/iphone-16-pro-2151.html,False,False,2026-09-07T04:49:55+00:00,,,,,
GadgetFix,https://gadgetfix.com/,Apple,https://gadgetfix.com/category/apple-1228.html,1,dom-inspection,iPhone,https://gadgetfix.com/category/iphone-1559.html,2,dom-inspection,Iphone 16 Plus,https://gadgetfix.com/category/iphone-16-plus-2150.html,9,0,9,3,dom-inspection,,https://gadgetfix.com/category/iphone-16-plus-2150.html,False,False,2026-09-07T04:49:55+00:00,,,,,
GadgetFix,https://gadgetfix.com/,Apple,https://gadgetfix.com/category/apple-1228.html,1,dom-inspection,iPhone,https://gadgetfix.com/category/iphone-1559.html,2,dom-inspection,Iphone 16,https://gadgetfix.com/category/iphone-16-2149.html,10,0,10,3,dom-inspection,,https://gadgetfix.com/category/iphone-16-2149.html,False,False,2026-09-07T04:49:55+00:00,,,,,
GadgetFix,https://gadgetfix.com/,Apple,https://gadgetfix.com/category/apple-1228.html,1,dom-inspection,iPhone,https://gadgetfix.com/category/iphone-1559.html,2,dom-inspection,Iphone 15 Pro Max,https://gadgetfix.com/category/iphone-15-pro-max-2092.html,11,0,11,3,dom-inspection,,https://gadgetfix.com/category/iphone-15-pro-max-2092.html,False,False,2026-09-07T04:49:55+00:00,,,,,
GadgetFix,https://gadgetfix.com/,Apple,https://gadgetfix.com/category/apple-1228.html,1,dom-inspection,iPhone,https://gadgetfix.com/category/iphone-1559.html,2,dom-inspection,IPhone 15 Pro,https://gadgetfix.com/category/iphone-15-pro-2091.html,12,0,12,3,dom-inspection,,https://gadgetfix.com/category/iphone-15-pro-2091.html,False,False,2026-09-07T04:49:55+00:00,,,,,
GadgetFix,https://gadgetfix.com/,Apple,https://gadgetfix.com/category/apple-1228.html,1,dom-inspection,iPhone,https://gadgetfix.com/category/iphone-1559.html,2,dom-inspection,Iphone 15 Plus,https://gadgetfix.com/category/iphone-15-plus-2090.html,13,0,13,3,dom-inspection,,https://gadgetfix.com/category/iphone-15-plus-2090.html,False,False,2026-09-07T04:49:55+00:00,,,,,
GadgetFix,https://gadgetfix.com/,Apple,https://gadgetfix.com/category/apple-1228.html,1,dom-inspection,iPhone,https://gadgetfix.com/category/iphone-1559.html,2,dom-inspection,Iphone 15,https://gadgetfix.com/category/iphone-15-2089.html,14,0,14,3,dom-inspection,,https://gadgetfix.com/category/iphone-15-2089.html,False,False,2026-09-07T04:49:55+00:00,,,,,
GadgetFix,https://gadgetfix.com/,Apple,https://gadgetfix.com/category/apple-1228.html,1,dom-inspection,iPhone,https://gadgetfix.com/category/iphone-1559.html,2,dom-inspection,Iphone 14 Pro Max,https://gadgetfix.com/category/iphone-14-pro-max-2051.html,15,0,15,3,dom-inspection,,https://gadgetfix.com/category/iphone-14-pro-max-2051.html,False,False,2026-09-07T04:49:55+00:00,,,,,
GadgetFix,https://gadgetfix.com/,Apple,https://gadgetfix.com/category/apple-1228.html,1,dom-inspection,iPhone,https://gadgetfix.com/category/iphone-1559.html,2,dom-inspection,Iphone 14 Pro,https://gadgetfix.com/category/iphone-14-pro-2050.html,16,0,16,3,dom-inspection,,https://gadgetfix.com/category/iphone-14-pro-2050.html,False,False,2026-09-07T04:49:55+00:00,,,,,
GadgetFix,https://gadgetfix.com/,Apple,https://gadgetfix.com/category/apple-1228.html,1,dom-inspection,iPhone,https://gadgetfix.com/category/iphone-1559.html,2,dom-inspection,Iphone 14 Plus,https://gadgetfix.com/category/iphone-14-plus-2049.html,17,0,17,3,dom-inspection,,https://gadgetfix.com/category/iphone-14-plus-2049.html,False,False,2026-09-07T04:49:55+00:00,,,,,
GadgetFix,https://gadgetfix.com/,Apple,https://gadgetfix.com/category/apple-1228.html,1,dom-inspection,iPhone,https://gadgetfix.com/category/iphone-1559.html,2,dom-inspection,Iphone 14,https://gadgetfix.com/category/iphone-14-2048.html,18,0,18,3,dom-inspection,,https://gadgetfix.com/category/iphone-14-2048.html,False,False,2026-09-07T04:49:55+00:00,,,,,
GadgetFix,https://gadgetfix.com/,Apple,https://gadgetfix.com/category/apple-1228.html,1,dom-inspection,iPhone,https://gadgetfix.com/category/iphone-1559.html,2,dom-inspection,Iphone 13 Pro Max,https://gadgetfix.com/category/iphone-13-pro-max-1939.html,19,0,19,3,dom-inspection,,https://gadgetfix.com/category/iphone-13-pro-max-1939.html,False,False,2026-09-07T04:49:55+00:00,,,,,
GadgetFix,https://gadgetfix.com/,Apple,https://gadgetfix.com/category/apple-1228.html,1,dom-inspection,iPhone,https://gadgetfix.com/category/iphone-1559.html,2,dom-inspection,Iphone 13 Pro,https://gadgetfix.com/category/iphone-13-pro-1938.html,20,0,20,3,dom-inspection,,https://gadgetfix.com/category/iphone-13-pro-1938.html,False,False,2026-09-07T04:49:55+00:00,,,,,
GadgetFix,https://gadgetfix.com/,Apple,https://gadgetfix.com/category/apple-1228.html,1,dom-inspection,iPhone,https://gadgetfix.com/category/iphone-1559.html,2,dom-inspection,Iphone 13,https://gadgetfix.com/category/iphone-13-1937.html,21,0,21,3,dom-inspection,,https://gadgetfix.com/category/iphone-13-1937.html,False,False,2026-09-07T04:49:55+00:00,,,,,
GadgetFix,https://gadgetfix.com/,Apple,https://gadgetfix.com/category/apple-1228.html,1,dom-inspection,iPhone,https://gadgetfix.com/category/iphone-1559.html,2,dom-inspection,Iphone 13 Mini,https://gadgetfix.com/category/iphone-13-mini-1936.html,22,0,22,3,dom-inspection,,https://gadgetfix.com/category/iphone-13-mini-1936.html,False,False,2026-09-07T04:49:55+00:00,,,,,
GadgetFix,https://gadgetfix.com/,Apple,https://gadgetfix.com/category/apple-1228.html,1,dom-inspection,iPhone,https://gadgetfix.com/category/iphone-1559.html,2,dom-inspection,Iphone 12 Pro Max,https://gadgetfix.com/category/iphone-12-pro-max-1859.html,23,0,23,3,dom-inspection,,https://gadgetfix.com/category/iphone-12-pro-max-1859.html,False,False,2026-09-07T04:49:55+00:00,,,,,
GadgetFix,https://gadgetfix.com/,Apple,https://gadgetfix.com/category/apple-1228.html,1,dom-inspection,iPhone,https://gadgetfix.com/category/iphone-1559.html,2,dom-inspection,Iphone 12 Pro,https://gadgetfix.com/category/iphone-12-pro-1856.html,24,0,24,3,dom-inspection,,https://gadgetfix.com/category/iphone-12-pro-1856.html,False,False,2026-09-07T04:49:55+00:00,,,,,
GadgetFix,https://gadgetfix.com/,Apple,https://gadgetfix.com/category/apple-1228.html,1,dom-inspection,iPhone,https://gadgetfix.com/category/iphone-1559.html,2,dom-inspection,Iphone 12,https://gadgetfix.com/category/iphone-12-1855.html,25,0,25,3,dom-inspection,,https://gadgetfix.com/category/iphone-12-1855.html,False,False,2026-09-07T04:49:55+00:00,,,,,
GadgetFix,https://gadgetfix.com/,Apple,https://gadgetfix.com/category/apple-1228.html,1,dom-inspection,iPhone,https://gadgetfix.com/category/iphone-1559.html,2,dom-inspection,Iphone 12 Mini,https://gadgetfix.com/category/iphone-12-mini-1858.html,26,0,26,3,dom-inspection,,https://gadgetfix.com/category/iphone-12-mini-1858.html,False,False,2026-09-07T04:49:55+00:00,,,,,
GadgetFix,https://gadgetfix.com/,Apple,https://gadgetfix.com/category/apple-1228.html,1,dom-inspection,iPhone,https://gadgetfix.com/category/iphone-1559.html,2,dom-inspection,Iphone 11 Pro Max,https://gadgetfix.com/category/iphone-11-pro-max-1785.html,27,0,27,3,dom-inspection,,https://gadgetfix.com/category/iphone-11-pro-max-1785.html,False,False,2026-09-07T04:49:55+00:00,,,,,
GadgetFix,https://gadgetfix.com/,Apple,https://gadgetfix.com/category/apple-1228.html,1,dom-inspection,iPhone,https://gadgetfix.com/category/iphone-1559.html,2,dom-inspection,Iphone 11 Pro,https://gadgetfix.com/category/iphone-11-pro-1784.html,28,0,28,3,dom-inspection,,https://gadgetfix.com/category/iphone-11-pro-1784.html,False,False,2026-09-07T04:49:55+00:00,,,,,
GadgetFix,https://gadgetfix.com/,Apple,https://gadgetfix.com/category/apple-1228.html,1,dom-inspection,iPhone,https://gadgetfix.com/category/iphone-1559.html,2,dom-inspection,Iphone 11,https://gadgetfix.com/category/iphone-11-1778.html,29,0,29,3,dom-inspection,,https://gadgetfix.com/category/iphone-11-1778.html,False,False,2026-09-07T04:49:55+00:00,,,,,
GadgetFix,https://gadgetfix.com/,Apple,https://gadgetfix.com/category/apple-1228.html,1,dom-inspection,iPhone,https://gadgetfix.com/category/iphone-1559.html,2,dom-inspection,Iphone XS Max,https://gadgetfix.com/category/iphone-xs-max-1611.html,30,0,30,3,dom-inspection,,https://gadgetfix.com/category/iphone-xs-max-1611.html,False,False,2026-09-07T04:49:55+00:00,,,,,
GadgetFix,https://gadgetfix.com/,Apple,https://gadgetfix.com/category/apple-1228.html,1,dom-inspection,iPhone,https://gadgetfix.com/category/iphone-1559.html,2,dom-inspection,Iphone XS,https://gadgetfix.com/category/iphone-xs-1706.html,31,0,31,3,dom-inspection,,https://gadgetfix.com/category/iphone-xs-1706.html,False,False,2026-09-07T04:49:55+00:00,,,,,
GadgetFix,https://gadgetfix.com/,Apple,https://gadgetfix.com/category/apple-1228.html,1,dom-inspection,iPhone,https://gadgetfix.com/category/iphone-1559.html,2,dom-inspection,Iphone XR,https://gadgetfix.com/category/iphone-xr-1705.html,32,0,32,3,dom-inspection,,https://gadgetfix.com/category/iphone-xr-1705.html,False,False,2026-09-07T04:49:55+00:00,,,,,
GadgetFix,https://gadgetfix.com/,Apple,https://gadgetfix.com/category/apple-1228.html,1,dom-inspection,iPhone,https://gadgetfix.com/category/iphone-1559.html,2,dom-inspection,Iphone X,https://gadgetfix.com/category/iphone-x-1652.html,33,0,33,3,dom-inspection,,https://gadgetfix.com/category/iphone-x-1652.html,False,False,2026-09-07T04:49:55+00:00,,,,,
GadgetFix,https://gadgetfix.com/,Apple,https://gadgetfix.com/category/apple-1228.html,1,dom-inspection,iPhone,https://gadgetfix.com/category/iphone-1559.html,2,dom-inspection,Iphone 8 Plus,https://gadgetfix.com/category/iphone-8-plus-1622.html,34,0,34,3,dom-inspection,,https://gadgetfix.com/category/iphone-8-plus-1622.html,False,False,2026-09-07T04:49:55+00:00,,,,,
GadgetFix,https://gadgetfix.com/,Apple,https://gadgetfix.com/category/apple-1228.html,1,dom-inspection,iPhone,https://gadgetfix.com/category/iphone-1559.html,2,dom-inspection,Iphone 8,https://gadgetfix.com/category/iphone-8-1621.html,35,0,35,3,dom-inspection,,https://gadgetfix.com/category/iphone-8-1621.html,False,False,2026-09-07T04:49:55+00:00,,,,,
GadgetFix,https://gadgetfix.com/,Apple,https://gadgetfix.com/category/apple-1228.html,1,dom-inspection,iPhone,https://gadgetfix.com/category/iphone-1559.html,2,dom-inspection,Iphone 7 Plus,https://gadgetfix.com/category/iphone-7-plus-1595.html,36,0,36,3,dom-inspection,,https://gadgetfix.com/category/iphone-7-plus-1595.html,False,False,2026-09-07T04:49:55+00:00,,,,,
GadgetFix,https://gadgetfix.com/,Apple,https://gadgetfix.com/category/apple-1228.html,1,dom-inspection,iPhone,https://gadgetfix.com/category/iphone-1559.html,2,dom-inspection,Iphone 7,https://gadgetfix.com/category/iphone-7-1594.html,37,0,37,3,dom-inspection,,https://gadgetfix.com/category/iphone-7-1594.html,False,False,2026-09-07T04:49:55+00:00,,,,,
GadgetFix,https://gadgetfix.com/,Apple,https://gadgetfix.com/category/apple-1228.html,1,dom-inspection,iPhone,https://gadgetfix.com/category/iphone-1559.html,2,dom-inspection,Iphone 6S Plus,https://gadgetfix.com/category/iphone-6s-plus-1541.html,38,0,38,3,dom-inspection,,https://gadgetfix.com/category/iphone-6s-plus-1541.html,False,False,2026-09-07T04:49:55+00:00,,,,,
GadgetFix,https://gadgetfix.com/,Apple,https://gadgetfix.com/category/apple-1228.html,1,dom-inspection,iPhone,https://gadgetfix.com/category/iphone-1559.html,2,dom-inspection,Iphone 6S,https://gadgetfix.com/category/iphone-6s-1540.html,39,0,39,3,dom-inspection,,https://gadgetfix.com/category/iphone-6s-1540.html,False,False,2026-09-07T04:49:55+00:00,,,,,
GadgetFix,https://gadgetfix.com/,Apple,https://gadgetfix.com/category/apple-1228.html,1,dom-inspection,iPhone,https://gadgetfix.com/category/iphone-1559.html,2,dom-inspection,Iphone 6 Plus,https://gadgetfix.com/category/iphone-6-plus-1539.html,40,0,40,3,dom-inspection,,https://gadgetfix.com/category/iphone-6-plus-1539.html,False,False,2026-09-07T04:49:55+00:00,,,,,
GadgetFix,https://gadgetfix.com/,Apple,https://gadgetfix.com/category/apple-1228.html,1,dom-inspection,iPhone,https://gadgetfix.com/category/iphone-1559.html,2,dom-inspection,iPhone 6,https://gadgetfix.com/category/iphone-6-1214.html,41,0,41,3,dom-inspection,,https://gadgetfix.com/category/iphone-6-1214.html,False,False,2026-09-07T04:49:55+00:00,,,,,
GadgetFix,https://gadgetfix.com/,Apple,https://gadgetfix.com/category/apple-1228.html,1,dom-inspection,iPhone,https://gadgetfix.com/category/iphone-1559.html,2,dom-inspection,Iphone SE 3rd Gen (2022),https://gadgetfix.com/category/iphone-se-3rd-gen-2022-2047.html,42,0,42,3,dom-inspection,,https://gadgetfix.com/category/iphone-se-3rd-gen-2022-2047.html,False,False,2026-09-07T04:49:55+00:00,,,,,
GadgetFix,https://gadgetfix.com/,Apple,https://gadgetfix.com/category/apple-1228.html,1,dom-inspection,iPhone,https://gadgetfix.com/category/iphone-1559.html,2,dom-inspection,Iphone SE 2nd Gen (2020),https://gadgetfix.com/category/iphone-se-2nd-gen-2020-1798.html,43,0,43,3,dom-inspection,,https://gadgetfix.com/category/iphone-se-2nd-gen-2020-1798.html,False,False,2026-09-07T04:49:55+00:00,,,,,
GadgetFix,https://gadgetfix.com/,Apple,https://gadgetfix.com/category/apple-1228.html,1,dom-inspection,iPhone,https://gadgetfix.com/category/iphone-1559.html,2,dom-inspection,Iphone SE 1st Gen (2016),https://gadgetfix.com/category/iphone-se-1st-gen-2016-1580.html,44,0,44,3,dom-inspection,,https://gadgetfix.com/category/iphone-se-1st-gen-2016-1580.html,False,False,2026-09-07T04:49:55+00:00,,,,,
GadgetFix,https://gadgetfix.com/,Apple,https://gadgetfix.com/category/apple-1228.html,1,dom-inspection,iPhone,https://gadgetfix.com/category/iphone-1559.html,2,dom-inspection,iPhone 5S,https://gadgetfix.com/category/iphone-5s-1277.html,45,0,45,3,dom-inspection,,https://gadgetfix.com/category/iphone-5s-1277.html,False,False,2026-09-07T04:49:55+00:00,,,,,
GadgetFix,https://gadgetfix.com/,Apple,https://gadgetfix.com/category/apple-1228.html,1,dom-inspection,iPhone,https://gadgetfix.com/category/iphone-1559.html,2,dom-inspection,iPhone 5C,https://gadgetfix.com/category/iphone-5c-1278.html,46,0,46,3,dom-inspection,,https://gadgetfix.com/category/iphone-5c-1278.html,False,False,2026-09-07T04:49:55+00:00,,,,,
GadgetFix,https://gadgetfix.com/,Apple,https://gadgetfix.com/category/apple-1228.html,1,dom-inspection,iPhone,https://gadgetfix.com/category/iphone-1559.html,2,dom-inspection,Iphone 5,https://gadgetfix.com/category/iphone-5-1189.html,47,0,47,3,dom-inspection,,https://gadgetfix.com/category/iphone-5-1189.html,False,False,2026-09-07T04:49:55+00:00,,,,,
GadgetFix,https://gadgetfix.com/,Apple,https://gadgetfix.com/category/apple-1228.html,1,dom-inspection,iPhone,https://gadgetfix.com/category/iphone-1559.html,2,dom-inspection,Iphone 4S,https://gadgetfix.com/category/iphone-4s-1184.html,48,0,48,3,dom-inspection,,https://gadgetfix.com/category/iphone-4s-1184.html,False,False,2026-09-07T04:49:55+00:00,,,,,
GadgetFix,https://gadgetfix.com/,Apple,https://gadgetfix.com/category/apple-1228.html,1,dom-inspection,iPad,https://gadgetfix.com/category/ipad-1560.html,3,dom-inspection,Air Series,https://gadgetfix.com/category/air-series-1967.html,1,0,1,3,dom-inspection,,https://gadgetfix.com/category/air-series-1967.html,False,False,2026-09-07T04:49:55+00:00,,,,,
GadgetFix,https://gadgetfix.com/,Apple,https://gadgetfix.com/category/apple-1228.html,1,dom-inspection,iPad,https://gadgetfix.com/category/ipad-1560.html,3,dom-inspection,Mini Series,https://gadgetfix.com/category/mini-series-1965.html,2,0,2,3,dom-inspection,,https://gadgetfix.com/category/mini-series-1965.html,False,False,2026-09-07T04:49:55+00:00,,,,,
GadgetFix,https://gadgetfix.com/,Apple,https://gadgetfix.com/category/apple-1228.html,1,dom-inspection,iPad,https://gadgetfix.com/category/ipad-1560.html,3,dom-inspection,Pro Series,https://gadgetfix.com/category/pro-series-1966.html,3,0,3,3,dom-inspection,,https://gadgetfix.com/category/pro-series-1966.html,False,False,2026-09-07T04:49:55+00:00,,,,,
GadgetFix,https://gadgetfix.com/,Apple,https://gadgetfix.com/category/apple-1228.html,1,dom-inspection,iPad,https://gadgetfix.com/category/ipad-1560.html,3,dom-inspection,Number Series,https://gadgetfix.com/category/number-series-1968.html,4,0,4,3,dom-inspection,,https://gadgetfix.com/category/number-series-1968.html,False,False,2026-09-07T04:49:55+00:00,,,,,
GadgetFix,https://gadgetfix.com/,Apple,https://gadgetfix.com/category/apple-1228.html,1,dom-inspection,iPod,https://gadgetfix.com/category/ipod-1561.html,4,dom-inspection,iPod Touch 7th Gen,https://gadgetfix.com/category/ipod-touch-7th-gen-1788.html,1,0,1,3,dom-inspection,,https://gadgetfix.com/category/ipod-touch-7th-gen-1788.html,False,False,2026-09-07T04:49:55+00:00,,,,,
GadgetFix,https://gadgetfix.com/,Apple,https://gadgetfix.com/category/apple-1228.html,1,dom-inspection,iPod,https://gadgetfix.com/category/ipod-1561.html,4,dom-inspection,iPod Touch 6th Gen,https://gadgetfix.com/category/ipod-touch-6th-gen-1571.html,2,0,2,3,dom-inspection,,https://gadgetfix.com/category/ipod-touch-6th-gen-1571.html,False,False,2026-09-07T04:49:55+00:00,,,,,
GadgetFix,https://gadgetfix.com/,Apple,https://gadgetfix.com/category/apple-1228.html,1,dom-inspection,iPod,https://gadgetfix.com/category/ipod-1561.html,4,dom-inspection,iPod Touch 5th Gen,https://gadgetfix.com/category/ipod-touch-5th-gen-1219.html,3,0,3,3,dom-inspection,,https://gadgetfix.com/category/ipod-touch-5th-gen-1219.html,False,False,2026-09-07T04:49:55+00:00,,,,,
GadgetFix,https://gadgetfix.com/,Apple,https://gadgetfix.com/category/apple-1228.html,1,dom-inspection,iPod,https://gadgetfix.com/category/ipod-1561.html,4,dom-inspection,ipod Touch 4th Gen,https://gadgetfix.com/category/ipod-touch-4th-gen-1225.html,4,0,4,3,dom-inspection,,https://gadgetfix.com/category/ipod-touch-4th-gen-1225.html,False,False,2026-09-07T04:49:55+00:00,,,,,
GadgetFix,https://gadgetfix.com/,Apple,https://gadgetfix.com/category/apple-1228.html,1,dom-inspection,iPod,https://gadgetfix.com/category/ipod-1561.html,4,dom-inspection,iPod Nano 7th Gen,https://gadgetfix.com/category/ipod-nano-7th-gen-1363.html,5,0,5,3,dom-inspection,,https://gadgetfix.com/category/ipod-nano-7th-gen-1363.html,False,False,2026-09-07T04:49:55+00:00,,,,,
GadgetFix,https://gadgetfix.com/,Google,https://gadgetfix.com/category/google-1552.html,2,dom-inspection,Pixel Series,https://gadgetfix.com/category/pixel-series-2045.html,1,dom-inspection,Pixel 10A,https://gadgetfix.com/category/pixel-10a-2234.html,1,0,1,3,dom-inspection,,https://gadgetfix.com/category/pixel-10a-2234.html,False,False,2026-09-07T04:49:55+00:00,,,,,
GadgetFix,https://gadgetfix.com/,Google,https://gadgetfix.com/category/google-1552.html,2,dom-inspection,Pixel Series,https://gadgetfix.com/category/pixel-series-2045.html,1,dom-inspection,Pixel 10 Pro Fold,https://gadgetfix.com/category/pixel-10-pro-fold-2219.html,2,0,2,3,dom-inspection,,https://gadgetfix.com/category/pixel-10-pro-fold-2219.html,False,False,2026-09-07T04:49:55+00:00,,,,,
GadgetFix,https://gadgetfix.com/,Google,https://gadgetfix.com/category/google-1552.html,2,dom-inspection,Pixel Series,https://gadgetfix.com/category/pixel-series-2045.html,1,dom-inspection,Pixel 10 Pro XL,https://gadgetfix.com/category/pixel-10-pro-xl-2212.html,3,0,3,3,dom-inspection,,https://gadgetfix.com/category/pixel-10-pro-xl-2212.html,False,False,2026-09-07T04:49:55+00:00,,,,,
GadgetFix,https://gadgetfix.com/,Google,https://gadgetfix.com/category/google-1552.html,2,dom-inspection,Pixel Series,https://gadgetfix.com/category/pixel-series-2045.html,1,dom-inspection,Pixel 10 Pro,https://gadgetfix.com/category/pixel-10-pro-2211.html,4,0,4,3,dom-inspection,,https://gadgetfix.com/category/pixel-10-pro-2211.html,False,False,2026-09-07T04:49:55+00:00,,,,,
GadgetFix,https://gadgetfix.com/,Google,https://gadgetfix.com/category/google-1552.html,2,dom-inspection,Pixel Series,https://gadgetfix.com/category/pixel-series-2045.html,1,dom-inspection,Pixel 10,https://gadgetfix.com/category/pixel-10-2210.html,5,0,5,3,dom-inspection,,https://gadgetfix.com/category/pixel-10-2210.html,False,False,2026-09-07T04:49:55+00:00,,,,,
GadgetFix,https://gadgetfix.com/,Google,https://gadgetfix.com/category/google-1552.html,2,dom-inspection,Pixel Series,https://gadgetfix.com/category/pixel-series-2045.html,1,dom-inspection,Pixel 9A,https://gadgetfix.com/category/pixel-9a-2202.html,6,0,6,3,dom-inspection,,https://gadgetfix.com/category/pixel-9a-2202.html,False,False,2026-09-07T04:49:55+00:00,,,,,
GadgetFix,https://gadgetfix.com/,Google,https://gadgetfix.com/category/google-1552.html,2,dom-inspection,Pixel Series,https://gadgetfix.com/category/pixel-series-2045.html,1,dom-inspection,Pixel 9 Pro Fold,https://gadgetfix.com/category/pixel-9-pro-fold-2203.html,7,0,7,3,dom-inspection,,https://gadgetfix.com/category/pixel-9-pro-fold-2203.html,False,False,2026-09-07T04:49:55+00:00,,,,,
GadgetFix,https://gadgetfix.com/,Google,https://gadgetfix.com/category/google-1552.html,2,dom-inspection,Pixel Series,https://gadgetfix.com/category/pixel-series-2045.html,1,dom-inspection,Pixel 9 Pro XL,https://gadgetfix.com/category/pixel-9-pro-xl-2156.html,8,0,8,3,dom-inspection,,https://gadgetfix.com/category/pixel-9-pro-xl-2156.html,False,False,2026-09-07T04:49:55+00:00,,,,,
GadgetFix,https://gadgetfix.com/,Google,https://gadgetfix.com/category/google-1552.html,2,dom-inspection,Pixel Series,https://gadgetfix.com/category/pixel-series-2045.html,1,dom-inspection,Pixel 9 Pro,https://gadgetfix.com/category/pixel-9-pro-2155.html,9,0,9,3,dom-inspection,,https://gadgetfix.com/category/pixel-9-pro-2155.html,False,False,2026-09-07T04:49:55+00:00,,,,,
GadgetFix,https://gadgetfix.com/,Google,https://gadgetfix.com/category/google-1552.html,2,dom-inspection,Pixel Series,https://gadgetfix.com/category/pixel-series-2045.html,1,dom-inspection,Pixel 9,https://gadgetfix.com/category/pixel-9-2154.html,10,0,10,3,dom-inspection,,https://gadgetfix.com/category/pixel-9-2154.html,False,False,2026-09-07T04:49:55+00:00,,,,,
GadgetFix,https://gadgetfix.com/,Google,https://gadgetfix.com/category/google-1552.html,2,dom-inspection,Pixel Series,https://gadgetfix.com/category/pixel-series-2045.html,1,dom-inspection,Pixel 8A,https://gadgetfix.com/category/pixel-8a-2139.html,11,0,11,3,dom-inspection,,https://gadgetfix.com/category/pixel-8a-2139.html,False,False,2026-09-07T04:49:55+00:00,,,,,
GadgetFix,https://gadgetfix.com/,Google,https://gadgetfix.com/category/google-1552.html,2,dom-inspection,Pixel Series,https://gadgetfix.com/category/pixel-series-2045.html,1,dom-inspection,Pixel 8 Pro,https://gadgetfix.com/category/pixel-8-pro-2102.html,12,0,12,3,dom-inspection,,https://gadgetfix.com/category/pixel-8-pro-2102.html,False,False,2026-09-07T04:49:55+00:00,,,,,
GadgetFix,https://gadgetfix.com/,Google,https://gadgetfix.com/category/google-1552.html,2,dom-inspection,Pixel Series,https://gadgetfix.com/category/pixel-series-2045.html,1,dom-inspection,Pixel 8,https://gadgetfix.com/category/pixel-8-2101.html,13,0,13,3,dom-inspection,,https://gadgetfix.com/category/pixel-8-2101.html,False,False,2026-09-07T04:49:55+00:00,,,,,
GadgetFix,https://gadgetfix.com/,Google,https://gadgetfix.com/category/google-1552.html,2,dom-inspection,Pixel Series,https://gadgetfix.com/category/pixel-series-2045.html,1,dom-inspection,Pixel Fold,https://gadgetfix.com/category/pixel-fold-2158.html,14,0,14,3,dom-inspection,,https://gadgetfix.com/category/pixel-fold-2158.html,False,False,2026-09-07T04:49:55+00:00,,,,,
GadgetFix,https://gadgetfix.com/,Google,https://gadgetfix.com/category/google-1552.html,2,dom-inspection,Pixel Series,https://gadgetfix.com/category/pixel-series-2045.html,1,dom-inspection,Pixel 7A,https://gadgetfix.com/category/pixel-7a-2086.html,15,0,15,3,dom-inspection,,https://gadgetfix.com/category/pixel-7a-2086.html,False,False,2026-09-07T04:49:55+00:00,,,,,
GadgetFix,https://gadgetfix.com/,Google,https://gadgetfix.com/category/google-1552.html,2,dom-inspection,Pixel Series,https://gadgetfix.com/category/pixel-series-2045.html,1,dom-inspection,Pixel 7 Pro,https://gadgetfix.com/category/pixel-7-pro-2054.html,16,0,16,3,dom-inspection,,https://gadgetfix.com/category/pixel-7-pro-2054.html,False,False,2026-09-07T04:49:55+00:00,,,,,
GadgetFix,https://gadgetfix.com/,Google,https://gadgetfix.com/category/google-1552.html,2,dom-inspection,Pixel Series,https://gadgetfix.com/category/pixel-series-2045.html,1,dom-inspection,Pixel 7,https://gadgetfix.com/category/pixel-7-2053.html,17,0,17,3,dom-inspection,,https://gadgetfix.com/category/pixel-7-2053.html,False,False,2026-09-07T04:49:55+00:00,,,,,
GadgetFix,https://gadgetfix.com/,Google,https://gadgetfix.com/category/google-1552.html,2,dom-inspection,Pixel Series,https://gadgetfix.com/category/pixel-series-2045.html,1,dom-inspection,Pixel 6A,https://gadgetfix.com/category/pixel-6a-2036.html,18,0,18,3,dom-inspection,,https://gadgetfix.com/category/pixel-6a-2036.html,False,False,2026-09-07T04:49:55+00:00,,,,,
GadgetFix,https://gadgetfix.com/,Google,https://gadgetfix.com/category/google-1552.html,2,dom-inspection,Pixel Series,https://gadgetfix.com/category/pixel-series-2045.html,1,dom-inspection,Pixel 6 Pro,https://gadgetfix.com/category/pixel-6-pro-1950.html,19,0,19,3,dom-inspection,,https://gadgetfix.com/category/pixel-6-pro-1950.html,False,False,2026-09-07T04:49:55+00:00,,,,,
GadgetFix,https://gadgetfix.com/,Google,https://gadgetfix.com/category/google-1552.html,2,dom-inspection,Pixel Series,https://gadgetfix.com/category/pixel-series-2045.html,1,dom-inspection,Pixel 6,https://gadgetfix.com/category/pixel-6-1949.html,20,0,20,3,dom-inspection,,https://gadgetfix.com/category/pixel-6-1949.html,False,False,2026-09-07T04:49:55+00:00,,,,,
GadgetFix,https://gadgetfix.com/,Google,https://gadgetfix.com/category/google-1552.html,2,dom-inspection,Pixel Series,https://gadgetfix.com/category/pixel-series-2045.html,1,dom-inspection,Pixel 5A 5G,https://gadgetfix.com/category/pixel-5a-5g-1943.html,21,0,21,3,dom-inspection,,https://gadgetfix.com/category/pixel-5a-5g-1943.html,False,False,2026-09-07T04:49:55+00:00,,,,,
GadgetFix,https://gadgetfix.com/,Google,https://gadgetfix.com/category/google-1552.html,2,dom-inspection,Pixel Series,https://gadgetfix.com/category/pixel-series-2045.html,1,dom-inspection,Pixel 5,https://gadgetfix.com/category/pixel-5-1864.html,22,0,22,3,dom-inspection,,https://gadgetfix.com/category/pixel-5-1864.html,False,False,2026-09-07T04:49:55+00:00,,,,,
GadgetFix,https://gadgetfix.com/,Google,https://gadgetfix.com/category/google-1552.html,2,dom-inspection,Pixel Series,https://gadgetfix.com/category/pixel-series-2045.html,1,dom-inspection,Pixel 4A 5G,https://gadgetfix.com/category/pixel-4a-5g-1852.html,23,0,23,3,dom-inspection,,https://gadgetfix.com/category/pixel-4a-5g-1852.html,False,False,2026-09-07T04:49:55+00:00,,,,,
GadgetFix,https://gadgetfix.com/,Google,https://gadgetfix.com/category/google-1552.html,2,dom-inspection,Pixel Series,https://gadgetfix.com/category/pixel-series-2045.html,1,dom-inspection,Pixel 4A,https://gadgetfix.com/category/pixel-4a-1869.html,24,0,24,3,dom-inspection,,https://gadgetfix.com/category/pixel-4a-1869.html,False,False,2026-09-07T04:49:55+00:00,,,,,
GadgetFix,https://gadgetfix.com/,Google,https://gadgetfix.com/category/google-1552.html,2,dom-inspection,Pixel Series,https://gadgetfix.com/category/pixel-series-2045.html,1,dom-inspection,Pixel 4 XL,https://gadgetfix.com/category/pixel-4-xl-1783.html,25,0,25,3,dom-inspection,,https://gadgetfix.com/category/pixel-4-xl-1783.html,False,False,2026-09-07T04:49:55+00:00,,,,,
GadgetFix,https://gadgetfix.com/,Google,https://gadgetfix.com/category/google-1552.html,2,dom-inspection,Pixel Series,https://gadgetfix.com/category/pixel-series-2045.html,1,dom-inspection,Pixel 4,https://gadgetfix.com/category/pixel-4-1782.html,26,0,26,3,dom-inspection,,https://gadgetfix.com/category/pixel-4-1782.html,False,False,2026-09-07T04:49:55+00:00,,,,,
GadgetFix,https://gadgetfix.com/,Google,https://gadgetfix.com/category/google-1552.html,2,dom-inspection,Pixel Series,https://gadgetfix.com/category/pixel-series-2045.html,1,dom-inspection,Pixel 3A XL,https://gadgetfix.com/category/pixel-3a-xl-1752.html,27,0,27,3,dom-inspection,,https://gadgetfix.com/category/pixel-3a-xl-1752.html,False,False,2026-09-07T04:49:55+00:00,,,,,
GadgetFix,https://gadgetfix.com/,Google,https://gadgetfix.com/category/google-1552.html,2,dom-inspection,Pixel Series,https://gadgetfix.com/category/pixel-series-2045.html,1,dom-inspection,Pixel 3A,https://gadgetfix.com/category/pixel-3a-1751.html,28,0,28,3,dom-inspection,,https://gadgetfix.com/category/pixel-3a-1751.html,False,False,2026-09-07T04:49:55+00:00,,,,,
GadgetFix,https://gadgetfix.com/,Google,https://gadgetfix.com/category/google-1552.html,2,dom-inspection,Pixel Series,https://gadgetfix.com/category/pixel-series-2045.html,1,dom-inspection,Pixel 3 XL,https://gadgetfix.com/category/pixel-3-xl-1704.html,29,0,29,3,dom-inspection,,https://gadgetfix.com/category/pixel-3-xl-1704.html,False,False,2026-09-07T04:49:55+00:00,,,,,
GadgetFix,https://gadgetfix.com/,Google,https://gadgetfix.com/category/google-1552.html,2,dom-inspection,Pixel Series,https://gadgetfix.com/category/pixel-series-2045.html,1,dom-inspection,Pixel 3,https://gadgetfix.com/category/pixel-3-1703.html,30,0,30,3,dom-inspection,,https://gadgetfix.com/category/pixel-3-1703.html,False,False,2026-09-07T04:49:55+00:00,,,,,
GadgetFix,https://gadgetfix.com/,Google,https://gadgetfix.com/category/google-1552.html,2,dom-inspection,Pixel Series,https://gadgetfix.com/category/pixel-series-2045.html,1,dom-inspection,Pixel 2 XL,https://gadgetfix.com/category/pixel-2-xl-1636.html,31,0,31,3,dom-inspection,,https://gadgetfix.com/category/pixel-2-xl-1636.html,False,False,2026-09-07T04:49:55+00:00,,,,,
GadgetFix,https://gadgetfix.com/,Google,https://gadgetfix.com/category/google-1552.html,2,dom-inspection,Pixel Series,https://gadgetfix.com/category/pixel-series-2045.html,1,dom-inspection,Pixel 2,https://gadgetfix.com/category/pixel-2-1635.html,32,0,32,3,dom-inspection,,https://gadgetfix.com/category/pixel-2-1635.html,False,False,2026-09-07T04:49:55+00:00,,,,,
GadgetFix,https://gadgetfix.com/,Google,https://gadgetfix.com/category/google-1552.html,2,dom-inspection,Pixel Series,https://gadgetfix.com/category/pixel-series-2045.html,1,dom-inspection,Pixel XL,https://gadgetfix.com/category/pixel-xl-1598.html,33,0,33,3,dom-inspection,,https://gadgetfix.com/category/pixel-xl-1598.html,False,False,2026-09-07T04:49:55+00:00,,,,,
GadgetFix,https://gadgetfix.com/,Google,https://gadgetfix.com/category/google-1552.html,2,dom-inspection,Pixel Series,https://gadgetfix.com/category/pixel-series-2045.html,1,dom-inspection,Pixel,https://gadgetfix.com/category/pixel-1597.html,34,0,34,3,dom-inspection,,https://gadgetfix.com/category/pixel-1597.html,False,False,2026-09-07T04:49:55+00:00,,,,,
GadgetFix,https://gadgetfix.com/,Google,https://gadgetfix.com/category/google-1552.html,2,dom-inspection,Nexus Series,https://gadgetfix.com/category/nexus-series-2046.html,2,dom-inspection,Pixel Nexus S1,https://gadgetfix.com/category/pixel-nexus-s1-1653.html,1,0,1,3,dom-inspection,,https://gadgetfix.com/category/pixel-nexus-s1-1653.html,False,False,2026-09-07T04:49:55+00:00,,,,,
GadgetFix,https://gadgetfix.com/,Google,https://gadgetfix.com/category/google-1552.html,2,dom-inspection,Nexus Series,https://gadgetfix.com/category/nexus-series-2046.html,2,dom-inspection,Nexus 6P,https://gadgetfix.com/category/nexus-6p-1557.html,2,0,2,3,dom-inspection,,https://gadgetfix.com/category/nexus-6p-1557.html,False,False,2026-09-07T04:49:55+00:00,,,,,
GadgetFix,https://gadgetfix.com/,Google,https://gadgetfix.com/category/google-1552.html,2,dom-inspection,Nexus Series,https://gadgetfix.com/category/nexus-series-2046.html,2,dom-inspection,Nexus 6,https://gadgetfix.com/category/nexus-6-1556.html,3,0,3,3,dom-inspection,,https://gadgetfix.com/category/nexus-6-1556.html,False,False,2026-09-07T04:49:55+00:00,,,,,
GadgetFix,https://gadgetfix.com/,Google,https://gadgetfix.com/category/google-1552.html,2,dom-inspection,Nexus Series,https://gadgetfix.com/category/nexus-series-2046.html,2,dom-inspection,Nexus 5X,https://gadgetfix.com/category/nexus-5x-1555.html,4,0,4,3,dom-inspection,,https://gadgetfix.com/category/nexus-5x-1555.html,False,False,2026-09-07T04:49:55+00:00,,,,,
GadgetFix,https://gadgetfix.com/,Google,https://gadgetfix.com/category/google-1552.html,2,dom-inspection,Nexus Series,https://gadgetfix.com/category/nexus-series-2046.html,2,dom-inspection,Nexus 5,https://gadgetfix.com/category/nexus-5-1554.html,5,0,5,3,dom-inspection,,https://gadgetfix.com/category/nexus-5-1554.html,False,False,2026-09-07T04:49:55+00:00,,,,,
GadgetFix,https://gadgetfix.com/,Google,https://gadgetfix.com/category/google-1552.html,2,dom-inspection,Nexus Series,https://gadgetfix.com/category/nexus-series-2046.html,2,dom-inspection,Nexus 4,https://gadgetfix.com/category/nexus-4-1553.html,6,0,6,3,dom-inspection,,https://gadgetfix.com/category/nexus-4-1553.html,False,False,2026-09-07T04:49:55+00:00,,,,,
GadgetFix,https://gadgetfix.com/,LG,https://gadgetfix.com/category/lg-1171.html,3,dom-inspection,V Series,https://gadgetfix.com/category/v-series-1668.html,1,dom-inspection,V60 ThinQ 5G,https://gadgetfix.com/category/v60-thinq-5g-1815.html,1,0,1,3,dom-inspection,,https://gadgetfix.com/category/v60-thinq-5g-1815.html,False,False,2026-09-07T04:49:55+00:00,,,,,
GadgetFix,https://gadgetfix.com/,LG,https://gadgetfix.com/category/lg-1171.html,3,dom-inspection,V Series,https://gadgetfix.com/category/v-series-1668.html,1,dom-inspection,V50S ThinQ 5G,https://gadgetfix.com/category/v50s-thinq-5g-1807.html,2,0,2,3,dom-inspection,,https://gadgetfix.com/category/v50s-thinq-5g-1807.html,False,False,2026-09-07T04:49:55+00:00,,,,,
GadgetFix,https://gadgetfix.com/,LG,https://gadgetfix.com/category/lg-1171.html,3,dom-inspection,V Series,https://gadgetfix.com/category/v-series-1668.html,1,dom-inspection,V50 ThinQ 5G,https://gadgetfix.com/category/v50-thinq-5g-1781.html,3,0,3,3,dom-inspection,,https://gadgetfix.com/category/v50-thinq-5g-1781.html,False,False,2026-09-07T04:49:55+00:00,,,,,
GadgetFix,https://gadgetfix.com/,LG,https://gadgetfix.com/category/lg-1171.html,3,dom-inspection,V Series,https://gadgetfix.com/category/v-series-1668.html,1,dom-inspection,V40 ThinQ,https://gadgetfix.com/category/v40-thinq-1707.html,4,0,4,3,dom-inspection,,https://gadgetfix.com/category/v40-thinq-1707.html,False,False,2026-09-07T04:49:55+00:00,,,,,
GadgetFix,https://gadgetfix.com/,LG,https://gadgetfix.com/category/lg-1171.html,3,dom-inspection,V Series,https://gadgetfix.com/category/v-series-1668.html,1,dom-inspection,V35 ThinQ,https://gadgetfix.com/category/v35-thinq-1685.html,5,0,5,3,dom-inspection,,https://gadgetfix.com/category/v35-thinq-1685.html,False,False,2026-09-07T04:49:55+00:00,,,,,
GadgetFix,https://gadgetfix.com/,LG,https://gadgetfix.com/category/lg-1171.html,3,dom-inspection,V Series,https://gadgetfix.com/category/v-series-1668.html,1,dom-inspection,V30 | V30+ | V30S ThinQ,https://gadgetfix.com/category/v30-v30-v30s-thinq-1634.html,6,0,6,3,dom-inspection,,https://gadgetfix.com/category/v30-v30-v30s-thinq-1634.html,False,False,2026-09-07T04:49:55+00:00,,,,,
GadgetFix,https://gadgetfix.com/,LG,https://gadgetfix.com/category/lg-1171.html,3,dom-inspection,V Series,https://gadgetfix.com/category/v-series-1668.html,1,dom-inspection,V20,https://gadgetfix.com/category/v20-1614.html,7,0,7,3,dom-inspection,,https://gadgetfix.com/category/v20-1614.html,False,False,2026-09-07T04:49:55+00:00,,,,,
GadgetFix,https://gadgetfix.com/,LG,https://gadgetfix.com/category/lg-1171.html,3,dom-inspection,V Series,https://gadgetfix.com/category/v-series-1668.html,1,dom-inspection,V10,https://gadgetfix.com/category/v10-1602.html,8,0,8,3,dom-inspection,,https://gadgetfix.com/category/v10-1602.html,False,False,2026-09-07T04:49:55+00:00,,,,,
GadgetFix,https://gadgetfix.com/,LG,https://gadgetfix.com/category/lg-1171.html,3,dom-inspection,G Series,https://gadgetfix.com/category/g-series-1667.html,2,dom-inspection,Velvet,https://gadgetfix.com/category/velvet-1844.html,1,0,1,3,dom-inspection,,https://gadgetfix.com/category/velvet-1844.html,False,False,2026-09-07T04:49:55+00:00,,,,,
GadgetFix,https://gadgetfix.com/,LG,https://gadgetfix.com/category/lg-1171.html,3,dom-inspection,G Series,https://gadgetfix.com/category/g-series-1667.html,2,dom-inspection,G8X ThinQ,https://gadgetfix.com/category/g8x-thinq-1803.html,2,0,2,3,dom-inspection,,https://gadgetfix.com/category/g8x-thinq-1803.html,False,False,2026-09-07T04:49:55+00:00,,,,,
GadgetFix,https://gadgetfix.com/,LG,https://gadgetfix.com/category/lg-1171.html,3,dom-inspection,G Series,https://gadgetfix.com/category/g-series-1667.html,2,dom-inspection,G8S ThinQ,https://gadgetfix.com/category/g8s-thinq-1802.html,3,0,3,3,dom-inspection,,https://gadgetfix.com/category/g8s-thinq-1802.html,False,False,2026-09-07T04:49:55+00:00,,,,,
GadgetFix,https://gadgetfix.com/,LG,https://gadgetfix.com/category/lg-1171.html,3,dom-inspection,G Series,https://gadgetfix.com/category/g-series-1667.html,2,dom-inspection,G8 ThinQ,https://gadgetfix.com/category/g8-thinq-1750.html,4,0,4,3,dom-inspection,,https://gadgetfix.com/category/g8-thinq-1750.html,False,False,2026-09-07T04:49:55+00:00,,,,,
GadgetFix,https://gadgetfix.com/,LG,https://gadgetfix.com/category/lg-1171.html,3,dom-inspection,G Series,https://gadgetfix.com/category/g-series-1667.html,2,dom-inspection,G7 ThinQ,https://gadgetfix.com/category/g7-thinq-1681.html,5,0,5,3,dom-inspection,,https://gadgetfix.com/category/g7-thinq-1681.html,False,False,2026-09-07T04:49:55+00:00,,,,,
GadgetFix,https://gadgetfix.com/,LG,https://gadgetfix.com/category/lg-1171.html,3,dom-inspection,G Series,https://gadgetfix.com/category/g-series-1667.html,2,dom-inspection,G6,https://gadgetfix.com/category/g6-1617.html,6,0,6,3,dom-inspection,,https://gadgetfix.com/category/g6-1617.html,False,False,2026-09-07T04:49:55+00:00,,,,,
GadgetFix,https://gadgetfix.com/,LG,https://gadgetfix.com/category/lg-1171.html,3,dom-inspection,G Series,https://gadgetfix.com/category/g-series-1667.html,2,dom-inspection,G5,https://gadgetfix.com/category/g5-1583.html,7,0,7,3,dom-inspection,,https://gadgetfix.com/category/g5-1583.html,False,False,2026-09-07T04:49:55+00:00,,,,,
GadgetFix,https://gadgetfix.com/,LG,https://gadgetfix.com/category/lg-1171.html,3,dom-inspection,G Series,https://gadgetfix.com/category/g-series-1667.html,2,dom-inspection,G4,https://gadgetfix.com/category/g4-1582.html,8,0,8,3,dom-inspection,,https://gadgetfix.com/category/g4-1582.html,False,False,2026-09-07T04:49:55+00:00,,,,,
GadgetFix,https://gadgetfix.com/,LG,https://gadgetfix.com/category/lg-1171.html,3,dom-inspection,G Series,https://gadgetfix.com/category/g-series-1667.html,2,dom-inspection,G3,https://gadgetfix.com/category/g3-1390.html,9,0,9,3,dom-inspection,,https://gadgetfix.com/category/g3-1390.html,False,False,2026-09-07T04:49:55+00:00,,,,,
GadgetFix,https://gadgetfix.com/,LG,https://gadgetfix.com/category/lg-1171.html,3,dom-inspection,G Series,https://gadgetfix.com/category/g-series-1667.html,2,dom-inspection,G2,https://gadgetfix.com/category/g2-1251.html,10,0,10,3,dom-inspection,,https://gadgetfix.com/category/g2-1251.html,False,False,2026-09-07T04:49:55+00:00,,,,,
GadgetFix,https://gadgetfix.com/,LG,https://gadgetfix.com/category/lg-1171.html,3,dom-inspection,Stylo | Stylus Series,https://gadgetfix.com/category/stylo-stylus-series-1670.html,3,dom-inspection,Stylo 6,https://gadgetfix.com/category/stylo-6-1833.html,1,0,1,3,dom-inspection,,https://gadgetfix.com/category/stylo-6-1833.html,False,False,2026-09-07T04:49:55+00:00,,,,,
GadgetFix,https://gadgetfix.com/,LG,https://gadgetfix.com/category/lg-1171.html,3,dom-inspection,Stylo | Stylus Series,https://gadgetfix.com/category/stylo-stylus-series-1670.html,3,dom-inspection,Stylo 5,https://gadgetfix.com/category/stylo-5-1771.html,2,0,2,3,dom-inspection,,https://gadgetfix.com/category/stylo-5-1771.html,False,False,2026-09-07T04:49:55+00:00,,,,,
GadgetFix,https://gadgetfix.com/,LG,https://gadgetfix.com/category/lg-1171.html,3,dom-inspection,Stylo | Stylus Series,https://gadgetfix.com/category/stylo-stylus-series-1670.html,3,dom-inspection,Stylo 4 | Stylo 4 Plus,https://gadgetfix.com/category/stylo-4-stylo-4-plus-1682.html,3,0,3,3,dom-inspection,,https://gadgetfix.com/category/stylo-4-stylo-4-plus-1682.html,False,False,2026-09-07T04:49:55+00:00,,,,,
GadgetFix,https://gadgetfix.com/,LG,https://gadgetfix.com/category/lg-1171.html,3,dom-inspection,Stylo | Stylus Series,https://gadgetfix.com/category/stylo-stylus-series-1670.html,3,dom-inspection,Stylo 3 Plus,https://gadgetfix.com/category/stylo-3-plus-1645.html,4,0,4,3,dom-inspection,,https://gadgetfix.com/category/stylo-3-plus-1645.html,False,False,2026-09-07T04:49:55+00:00,,,,,
GadgetFix,https://gadgetfix.com/,LG,https://gadgetfix.com/category/lg-1171.html,3,dom-inspection,Stylo | Stylus Series,https://gadgetfix.com/category/stylo-stylus-series-1670.html,3,dom-inspection,Stylo 3,https://gadgetfix.com/category/stylo-3-1644.html,5,0,5,3,dom-inspection,,https://gadgetfix.com/category/stylo-3-1644.html,False,False,2026-09-07T04:49:55+00:00,,,,,
GadgetFix,https://gadgetfix.com/,LG,https://gadgetfix.com/category/lg-1171.html,3,dom-inspection,Stylo | Stylus Series,https://gadgetfix.com/category/stylo-stylus-series-1670.html,3,dom-inspection,Stylo 2 Plus,https://gadgetfix.com/category/stylo-2-plus-1643.html,6,0,6,3,dom-inspection,,https://gadgetfix.com/category/stylo-2-plus-1643.html,False,False,2026-09-07T04:49:55+00:00,,,,,
GadgetFix,https://gadgetfix.com/,LG,https://gadgetfix.com/category/lg-1171.html,3,dom-inspection,Stylo | Stylus Series,https://gadgetfix.com/category/stylo-stylus-series-1670.html,3,dom-inspection,Stylo 2,https://gadgetfix.com/category/stylo-2-1642.html,7,0,7,3,dom-inspection,,https://gadgetfix.com/category/stylo-2-1642.html,False,False,2026-09-07T04:49:55+00:00,,,,,
GadgetFix,https://gadgetfix.com/,LG,https://gadgetfix.com/category/lg-1171.html,3,dom-inspection,K Series,https://gadgetfix.com/category/k-series-1669.html,4,dom-inspection,K92 5G 2020,https://gadgetfix.com/category/k92-5g-2020-1875.html,1,0,1,3,dom-inspection,,https://gadgetfix.com/category/k92-5g-2020-1875.html,False,False,2026-09-07T04:49:55+00:00,,,,,
GadgetFix,https://gadgetfix.com/,LG,https://gadgetfix.com/category/lg-1171.html,3,dom-inspection,K Series,https://gadgetfix.com/category/k-series-1669.html,4,dom-inspection,K71 2020,https://gadgetfix.com/category/k71-2020-1905.html,2,0,2,3,dom-inspection,,https://gadgetfix.com/category/k71-2020-1905.html,False,False,2026-09-07T04:49:55+00:00,,,,,
GadgetFix,https://gadgetfix.com/,LG,https://gadgetfix.com/category/lg-1171.html,3,dom-inspection,K Series,https://gadgetfix.com/category/k-series-1669.html,4,dom-inspection,K62 2020,https://gadgetfix.com/category/k62-2020-1886.html,3,0,3,3,dom-inspection,,https://gadgetfix.com/category/k62-2020-1886.html,False,False,2026-09-07T04:49:55+00:00,,,,,
GadgetFix,https://gadgetfix.com/,LG,https://gadgetfix.com/category/lg-1171.html,3,dom-inspection,K Series,https://gadgetfix.com/category/k-series-1669.html,4,dom-inspection,K61 2020,https://gadgetfix.com/category/k61-2020-1836.html,4,0,4,3,dom-inspection,,https://gadgetfix.com/category/k61-2020-1836.html,False,False,2026-09-07T04:49:55+00:00,,,,,
GadgetFix,https://gadgetfix.com/,LG,https://gadgetfix.com/category/lg-1171.html,3,dom-inspection,K Series,https://gadgetfix.com/category/k-series-1669.html,4,dom-inspection,K52 2020,https://gadgetfix.com/category/k52-2020-1885.html,5,0,5,3,dom-inspection,,https://gadgetfix.com/category/k52-2020-1885.html,False,False,2026-09-07T04:49:55+00:00,,,,,
GadgetFix,https://gadgetfix.com/,LG,https://gadgetfix.com/category/lg-1171.html,3,dom-inspection,K Series,https://gadgetfix.com/category/k-series-1669.html,4,dom-inspection,K51 2020,https://gadgetfix.com/category/k51-2020-1839.html,6,0,6,3,dom-inspection,,https://gadgetfix.com/category/k51-2020-1839.html,False,False,2026-09-07T04:49:55+00:00,,,,,
GadgetFix,https://gadgetfix.com/,LG,https://gadgetfix.com/category/lg-1171.html,3,dom-inspection,K Series,https://gadgetfix.com/category/k-series-1669.html,4,dom-inspection,K50S 2019,https://gadgetfix.com/category/k50s-2019-1819.html,7,0,7,3,dom-inspection,,https://gadgetfix.com/category/k50s-2019-1819.html,False,False,2026-09-07T04:49:55+00:00,,,,,
GadgetFix,https://gadgetfix.com/,LG,https://gadgetfix.com/category/lg-1171.html,3,dom-inspection,K Series,https://gadgetfix.com/category/k-series-1669.html,4,dom-inspection,K50 2019,https://gadgetfix.com/category/k50-2019-1777.html,8,0,8,3,dom-inspection,,https://gadgetfix.com/category/k50-2019-1777.html,False,False,2026-09-07T04:49:55+00:00,,,,,
GadgetFix,https://gadgetfix.com/,LG,https://gadgetfix.com/category/lg-1171.html,3,dom-inspection,K Series,https://gadgetfix.com/category/k-series-1669.html,4,dom-inspection,K42 2020,https://gadgetfix.com/category/k42-2020-1884.html,9,0,9,3,dom-inspection,,https://gadgetfix.com/category/k42-2020-1884.html,False,False,2026-09-07T04:49:55+00:00,,,,,
GadgetFix,https://gadgetfix.com/,LG,https://gadgetfix.com/category/lg-1171.html,3,dom-inspection,K Series,https://gadgetfix.com/category/k-series-1669.html,4,dom-inspection,K41 2020,https://gadgetfix.com/category/k41-2020-1883.html,10,0,10,3,dom-inspection,,https://gadgetfix.com/category/k41-2020-1883.html,False,False,2026-09-07T04:49:55+00:00,,,,,
GadgetFix,https://gadgetfix.com/,LG,https://gadgetfix.com/category/lg-1171.html,3,dom-inspection,K Series,https://gadgetfix.com/category/k-series-1669.html,4,dom-inspection,K40S,https://gadgetfix.com/category/k40s-1808.html,11,0,11,3,dom-inspection,,https://gadgetfix.com/category/k40s-1808.html,False,False,2026-09-07T04:49:55+00:00,,,,,
GadgetFix,https://gadgetfix.com/,LG,https://gadgetfix.com/category/lg-1171.html,3,dom-inspection,K Series,https://gadgetfix.com/category/k-series-1669.html,4,dom-inspection,K40 | K12 Plus,https://gadgetfix.com/category/k40-k12-plus-1773.html,12,0,12,3,dom-inspection,,https://gadgetfix.com/category/k40-k12-plus-1773.html,False,False,2026-09-07T04:49:55+00:00,,,,,
GadgetFix,https://gadgetfix.com/,LG,https://gadgetfix.com/category/lg-1171.html,3,dom-inspection,K Series,https://gadgetfix.com/category/k-series-1669.html,4,dom-inspection,K31 2020,https://gadgetfix.com/category/k31-2020-1870.html,13,0,13,3,dom-inspection,,https://gadgetfix.com/category/k31-2020-1870.html,False,False,2026-09-07T04:49:55+00:00,,,,,
GadgetFix,https://gadgetfix.com/,LG,https://gadgetfix.com/category/lg-1171.html,3,dom-inspection,K Series,https://gadgetfix.com/category/k-series-1669.html,4,dom-inspection,K30 2019,https://gadgetfix.com/category/k30-2019-1804.html,14,0,14,3,dom-inspection,,https://gadgetfix.com/category/k30-2019-1804.html,False,False,2026-09-07T04:49:55+00:00,,,,,
GadgetFix,https://gadgetfix.com/,LG,https://gadgetfix.com/category/lg-1171.html,3,dom-inspection,K Series,https://gadgetfix.com/category/k-series-1669.html,4,dom-inspection,K30 | Phoenix Plus,https://gadgetfix.com/category/k30-phoenix-plus-1688.html,15,0,15,3,dom-inspection,,https://gadgetfix.com/category/k30-phoenix-plus-1688.html,False,False,2026-09-07T04:49:55+00:00,,,,,
GadgetFix,https://gadgetfix.com/,LG,https://gadgetfix.com/category/lg-1171.html,3,dom-inspection,K Series,https://gadgetfix.com/category/k-series-1669.html,4,dom-inspection,K20 | K22 | K22 Plus (2020),https://gadgetfix.com/category/k20-k22-k22-plus-2020-1898.html,16,0,16,3,dom-inspection,,https://gadgetfix.com/category/k20-k22-k22-plus-2020-1898.html,False,False,2026-09-07T04:49:55+00:00,,,,,
GadgetFix,https://gadgetfix.com/,LG,https://gadgetfix.com/category/lg-1171.html,3,dom-inspection,K Series,https://gadgetfix.com/category/k-series-1669.html,4,dom-inspection,K20 2019,https://gadgetfix.com/category/k20-2019-1805.html,17,0,17,3,dom-inspection,,https://gadgetfix.com/category/k20-2019-1805.html,False,False,2026-09-07T04:49:55+00:00,,,,,
GadgetFix,https://gadgetfix.com/,LG,https://gadgetfix.com/category/lg-1171.html,3,dom-inspection,K Series,https://gadgetfix.com/category/k-series-1669.html,4,dom-inspection,K20 | K20 Plus,https://gadgetfix.com/category/k20-k20-plus-1687.html,18,0,18,3,dom-inspection,,https://gadgetfix.com/category/k20-k20-plus-1687.html,False,False,2026-09-07T04:49:55+00:00,,,,,
GadgetFix,https://gadgetfix.com/,LG,https://gadgetfix.com/category/lg-1171.html,3,dom-inspection,K Series,https://gadgetfix.com/category/k-series-1669.html,4,dom-inspection,K10 (2018),https://gadgetfix.com/category/k10-2018-1684.html,19,0,19,3,dom-inspection,,https://gadgetfix.com/category/k10-2018-1684.html,False,False,2026-09-07T04:49:55+00:00,,,,,
GadgetFix,https://gadgetfix.com/,LG,https://gadgetfix.com/category/lg-1171.html,3,dom-inspection,K Series,https://gadgetfix.com/category/k-series-1669.html,4,dom-inspection,K10 (2017),https://gadgetfix.com/category/k10-2017-1686.html,20,0,20,3,dom-inspection,,https://gadgetfix.com/category/k10-2017-1686.html,False,False,2026-09-07T04:49:55+00:00,,,,,
GadgetFix,https://gadgetfix.com/,LG,https://gadgetfix.com/category/lg-1171.html,3,dom-inspection,K Series,https://gadgetfix.com/category/k-series-1669.html,4,dom-inspection,K10 410 (2016),https://gadgetfix.com/category/k10-410-2016-1683.html,21,0,21,3,dom-inspection,,https://gadgetfix.com/category/k10-410-2016-1683.html,False,False,2026-09-07T04:49:55+00:00,,,,,
GadgetFix,https://gadgetfix.com/,LG,https://gadgetfix.com/category/lg-1171.html,3,dom-inspection,K Series,https://gadgetfix.com/category/k-series-1669.html,4,dom-inspection,K8X 2020,https://gadgetfix.com/category/k8x-2020-1871.html,22,0,22,3,dom-inspection,,https://gadgetfix.com/category/k8x-2020-1871.html,False,False,2026-09-07T04:49:55+00:00,,,,,
GadgetFix,https://gadgetfix.com/,LG,https://gadgetfix.com/category/lg-1171.html,3,dom-inspection,K Series,https://gadgetfix.com/category/k-series-1669.html,4,dom-inspection,K8 2018,https://gadgetfix.com/category/k8-2018-1695.html,23,0,23,3,dom-inspection,,https://gadgetfix.com/category/k8-2018-1695.html,False,False,2026-09-07T04:49:55+00:00,,,,,
GadgetFix,https://gadgetfix.com/,LG,https://gadgetfix.com/category/lg-1171.html,3,dom-inspection,K Series,https://gadgetfix.com/category/k-series-1669.html,4,dom-inspection,K8 2017,https://gadgetfix.com/category/k8-2017-1696.html,24,0,24,3,dom-inspection,,https://gadgetfix.com/category/k8-2017-1696.html,False,False,2026-09-07T04:49:55+00:00,,,,,
GadgetFix,https://gadgetfix.com/,LG,https://gadgetfix.com/category/lg-1171.html,3,dom-inspection,Q Series,https://gadgetfix.com/category/q-series-1708.html,5,dom-inspection,Q70,https://gadgetfix.com/category/q70-1834.html,1,0,1,3,dom-inspection,,https://gadgetfix.com/category/q70-1834.html,False,False,2026-09-07T04:49:55+00:00,,,,,
GadgetFix,https://gadgetfix.com/,LG,https://gadgetfix.com/category/lg-1171.html,3,dom-inspection,Q Series,https://gadgetfix.com/category/q-series-1708.html,5,dom-inspection,Q7 | Q7 Plus,https://gadgetfix.com/category/q7-q7-plus-1709.html,2,0,2,3,dom-inspection,,https://gadgetfix.com/category/q7-q7-plus-1709.html,False,False,2026-09-07T04:49:55+00:00,,,,,
GadgetFix,https://gadgetfix.com/,LG,https://gadgetfix.com/category/lg-1171.html,3,dom-inspection,Q Series,https://gadgetfix.com/category/q-series-1708.html,5,dom-inspection,Q6,https://gadgetfix.com/category/q6-1710.html,3,0,3,3,dom-inspection,,https://gadgetfix.com/category/q6-1710.html,False,False,2026-09-07T04:49:55+00:00,,,,,
GadgetFix,https://gadgetfix.com/,LG,https://gadgetfix.com/category/lg-1171.html,3,dom-inspection,Q Series,https://gadgetfix.com/category/q-series-1708.html,5,dom-inspection,Aristo Series,https://gadgetfix.com/category/aristo-series-1822.html,4,0,4,3,dom-inspection,,https://gadgetfix.com/category/aristo-series-1822.html,False,False,2026-09-07T04:49:55+00:00,,,,,
GadgetFix,https://gadgetfix.com/,LG,https://gadgetfix.com/category/lg-1171.html,3,dom-inspection,Q Series,https://gadgetfix.com/category/q-series-1708.html,5,dom-inspection,Aristo 5,https://gadgetfix.com/category/aristo-5-1872.html,5,0,5,3,dom-inspection,,https://gadgetfix.com/category/aristo-5-1872.html,False,False,2026-09-07T04:49:55+00:00,,,,,
GadgetFix,https://gadgetfix.com/,LG,https://gadgetfix.com/category/lg-1171.html,3,dom-inspection,Q Series,https://gadgetfix.com/category/q-series-1708.html,5,dom-inspection,Aristo 4+,https://gadgetfix.com/category/aristo-4-1827.html,6,0,6,3,dom-inspection,,https://gadgetfix.com/category/aristo-4-1827.html,False,False,2026-09-07T04:49:55+00:00,,,,,
GadgetFix,https://gadgetfix.com/,LG,https://gadgetfix.com/category/lg-1171.html,3,dom-inspection,Q Series,https://gadgetfix.com/category/q-series-1708.html,5,dom-inspection,Aristo 3 Plus,https://gadgetfix.com/category/aristo-3-plus-1828.html,7,0,7,3,dom-inspection,,https://gadgetfix.com/category/aristo-3-plus-1828.html,False,False,2026-09-07T04:49:55+00:00,,,,,
GadgetFix,https://gadgetfix.com/,LG,https://gadgetfix.com/category/lg-1171.html,3,dom-inspection,Q Series,https://gadgetfix.com/category/q-series-1708.html,5,dom-inspection,Aristo 3,https://gadgetfix.com/category/aristo-3-1826.html,8,0,8,3,dom-inspection,,https://gadgetfix.com/category/aristo-3-1826.html,False,False,2026-09-07T04:49:55+00:00,,,,,
GadgetFix,https://gadgetfix.com/,LG,https://gadgetfix.com/category/lg-1171.html,3,dom-inspection,Q Series,https://gadgetfix.com/category/q-series-1708.html,5,dom-inspection,Aristo 2 Plus,https://gadgetfix.com/category/aristo-2-plus-1825.html,9,0,9,3,dom-inspection,,https://gadgetfix.com/category/aristo-2-plus-1825.html,False,False,2026-09-07T04:49:55+00:00,,,,,
GadgetFix,https://gadgetfix.com/,LG,https://gadgetfix.com/category/lg-1171.html,3,dom-inspection,Q Series,https://gadgetfix.com/category/q-series-1708.html,5,dom-inspection,Aristo 2,https://gadgetfix.com/category/aristo-2-1824.html,10,0,10,3,dom-inspection,,https://gadgetfix.com/category/aristo-2-1824.html,False,False,2026-09-07T04:49:55+00:00,,,,,
GadgetFix,https://gadgetfix.com/,LG,https://gadgetfix.com/category/lg-1171.html,3,dom-inspection,Q Series,https://gadgetfix.com/category/q-series-1708.html,5,dom-inspection,Aristo,https://gadgetfix.com/category/aristo-1823.html,11,0,11,3,dom-inspection,,https://gadgetfix.com/category/aristo-1823.html,False,False,2026-09-07T04:49:55+00:00,,,,,
GadgetFix,https://gadgetfix.com/,LG,https://gadgetfix.com/category/lg-1171.html,3,dom-inspection,Q Series,https://gadgetfix.com/category/q-series-1708.html,5,dom-inspection,Others,https://gadgetfix.com/category/others-1200.html,12,0,12,3,dom-inspection,,https://gadgetfix.com/category/others-1200.html,False,False,2026-09-07T04:49:55+00:00,,,,,
GadgetFix,https://gadgetfix.com/,LG,https://gadgetfix.com/category/lg-1171.html,3,dom-inspection,Q Series,https://gadgetfix.com/category/q-series-1708.html,5,dom-inspection,Wing 5G,https://gadgetfix.com/category/wing-5g-1874.html,13,0,13,3,dom-inspection,,https://gadgetfix.com/category/wing-5g-1874.html,False,False,2026-09-07T04:49:55+00:00,,,,,
GadgetFix,https://gadgetfix.com/,LG,https://gadgetfix.com/category/lg-1171.html,3,dom-inspection,Q Series,https://gadgetfix.com/category/q-series-1708.html,5,dom-inspection,Harmony 4 | Premier Pro Plus | Xpression Plus 3,https://gadgetfix.com/category/harmony-4-premier-pro-plus-xpression-plus-3-1873.html,14,0,14,3,dom-inspection,,https://gadgetfix.com/category/harmony-4-premier-pro-plus-xpression-plus-3-1873.html,False,False,2026-09-07T04:49:55+00:00,,,,,
GadgetFix,https://gadgetfix.com/,Microsoft,https://gadgetfix.com/category/microsoft-1454.html,4,dom-inspection,Surface Pro Series,https://gadgetfix.com/category/surface-pro-series-1927.html,1,dom-inspection,Surface Pro 11 (2024),https://gadgetfix.com/category/surface-pro-11-2024-2167.html,1,0,1,3,dom-inspection,,https://gadgetfix.com/category/surface-pro-11-2024-2167.html,False,False,2026-09-07T04:49:55+00:00,,,,,
GadgetFix,https://gadgetfix.com/,Microsoft,https://gadgetfix.com/category/microsoft-1454.html,4,dom-inspection,Surface Pro Series,https://gadgetfix.com/category/surface-pro-series-1927.html,1,dom-inspection,Surface Pro 10 (2024),https://gadgetfix.com/category/surface-pro-10-2024-2166.html,2,0,2,3,dom-inspection,,https://gadgetfix.com/category/surface-pro-10-2024-2166.html,False,False,2026-09-07T04:49:55+00:00,,,,,
GadgetFix,https://gadgetfix.com/,Microsoft,https://gadgetfix.com/category/microsoft-1454.html,4,dom-inspection,Surface Pro Series,https://gadgetfix.com/category/surface-pro-series-1927.html,1,dom-inspection,Surface Pro 9 (2022),https://gadgetfix.com/category/surface-pro-9-2022-2078.html,3,0,3,3,dom-inspection,,https://gadgetfix.com/category/surface-pro-9-2022-2078.html,False,False,2026-09-07T04:49:55+00:00,,,,,
GadgetFix,https://gadgetfix.com/,Microsoft,https://gadgetfix.com/category/microsoft-1454.html,4,dom-inspection,Surface Pro Series,https://gadgetfix.com/category/surface-pro-series-1927.html,1,dom-inspection,Surface Pro 8 (2021),https://gadgetfix.com/category/surface-pro-8-2021-2077.html,4,0,4,3,dom-inspection,,https://gadgetfix.com/category/surface-pro-8-2021-2077.html,False,False,2026-09-07T04:49:55+00:00,,,,,
GadgetFix,https://gadgetfix.com/,Microsoft,https://gadgetfix.com/category/microsoft-1454.html,4,dom-inspection,Surface Pro Series,https://gadgetfix.com/category/surface-pro-series-1927.html,1,dom-inspection,Surface Pro 7 Plus (2021),https://gadgetfix.com/category/surface-pro-7-plus-2021-1948.html,5,0,5,3,dom-inspection,,https://gadgetfix.com/category/surface-pro-7-plus-2021-1948.html,False,False,2026-09-07T04:49:55+00:00,,,,,
GadgetFix,https://gadgetfix.com/,Microsoft,https://gadgetfix.com/category/microsoft-1454.html,4,dom-inspection,Surface Pro Series,https://gadgetfix.com/category/surface-pro-series-1927.html,1,dom-inspection,Surface Pro X (2020),https://gadgetfix.com/category/surface-pro-x-2020-1907.html,6,0,6,3,dom-inspection,,https://gadgetfix.com/category/surface-pro-x-2020-1907.html,False,False,2026-09-07T04:49:55+00:00,,,,,
GadgetFix,https://gadgetfix.com/,Microsoft,https://gadgetfix.com/category/microsoft-1454.html,4,dom-inspection,Surface Pro Series,https://gadgetfix.com/category/surface-pro-series-1927.html,1,dom-inspection,Surface Pro 7 (2019),https://gadgetfix.com/category/surface-pro-7-2019-1789.html,7,0,7,3,dom-inspection,,https://gadgetfix.com/category/surface-pro-7-2019-1789.html,False,False,2026-09-07T04:49:55+00:00,,,,,
GadgetFix,https://gadgetfix.com/,Microsoft,https://gadgetfix.com/category/microsoft-1454.html,4,dom-inspection,Surface Pro Series,https://gadgetfix.com/category/surface-pro-series-1927.html,1,dom-inspection,Surface Pro 6 (2018),https://gadgetfix.com/category/surface-pro-6-2018-1746.html,8,0,8,3,dom-inspection,,https://gadgetfix.com/category/surface-pro-6-2018-1746.html,False,False,2026-09-07T04:49:55+00:00,,,,,
GadgetFix,https://gadgetfix.com/,Microsoft,https://gadgetfix.com/category/microsoft-1454.html,4,dom-inspection,Surface Pro Series,https://gadgetfix.com/category/surface-pro-series-1927.html,1,dom-inspection,Surface Pro 5 (2017),https://gadgetfix.com/category/surface-pro-5-2017-1628.html,9,0,9,3,dom-inspection,,https://gadgetfix.com/category/surface-pro-5-2017-1628.html,False,False,2026-09-07T04:49:55+00:00,,,,,
GadgetFix,https://gadgetfix.com/,Microsoft,https://gadgetfix.com/category/microsoft-1454.html,4,dom-inspection,Surface Pro Series,https://gadgetfix.com/category/surface-pro-series-1927.html,1,dom-inspection,Surface Pro 4,https://gadgetfix.com/category/surface-pro-4-1585.html,10,0,10,3,dom-inspection,,https://gadgetfix.com/category/surface-pro-4-1585.html,False,False,2026-09-07T04:49:55+00:00,,,,,
GadgetFix,https://gadgetfix.com/,Microsoft,https://gadgetfix.com/category/microsoft-1454.html,4,dom-inspection,Surface Pro Series,https://gadgetfix.com/category/surface-pro-series-1927.html,1,dom-inspection,Surface Pro 3,https://gadgetfix.com/category/surface-pro-3-1613.html,11,0,11,3,dom-inspection,,https://gadgetfix.com/category/surface-pro-3-1613.html,False,False,2026-09-07T04:49:55+00:00,,,,,
GadgetFix,https://gadgetfix.com/,Microsoft,https://gadgetfix.com/category/microsoft-1454.html,4,dom-inspection,Surface Pro Series,https://gadgetfix.com/category/surface-pro-series-1927.html,1,dom-inspection,Surface Pro,https://gadgetfix.com/category/surface-pro-1459.html,12,0,12,3,dom-inspection,,https://gadgetfix.com/category/surface-pro-1459.html,False,False,2026-09-07T04:49:55+00:00,,,,,
GadgetFix,https://gadgetfix.com/,Microsoft,https://gadgetfix.com/category/microsoft-1454.html,4,dom-inspection,Surface Go Series,https://gadgetfix.com/category/surface-go-series-1928.html,2,dom-inspection,Surface Go 3 (2021),https://gadgetfix.com/category/surface-go-3-2021-2118.html,1,0,1,3,dom-inspection,,https://gadgetfix.com/category/surface-go-3-2021-2118.html,False,False,2026-09-07T04:49:55+00:00,,,,,
GadgetFix,https://gadgetfix.com/,Microsoft,https://gadgetfix.com/category/microsoft-1454.html,4,dom-inspection,Surface Go Series,https://gadgetfix.com/category/surface-go-series-1928.html,2,dom-inspection,Surface Go 2 (2020),https://gadgetfix.com/category/surface-go-2-2020-1917.html,2,0,2,3,dom-inspection,,https://gadgetfix.com/category/surface-go-2-2020-1917.html,False,False,2026-09-07T04:49:55+00:00,,,,,
GadgetFix,https://gadgetfix.com/,Microsoft,https://gadgetfix.com/category/microsoft-1454.html,4,dom-inspection,Surface Go Series,https://gadgetfix.com/category/surface-go-series-1928.html,2,dom-inspection,Surface Go (2018),https://gadgetfix.com/category/surface-go-2018-1776.html,3,0,3,3,dom-inspection,,https://gadgetfix.com/category/surface-go-2018-1776.html,False,False,2026-09-07T04:49:55+00:00,,,,,
GadgetFix,https://gadgetfix.com/,Microsoft,https://gadgetfix.com/category/microsoft-1454.html,4,dom-inspection,Surface Book Series,https://gadgetfix.com/category/surface-book-series-1929.html,3,dom-inspection,Surface Book 3 2020,https://gadgetfix.com/category/surface-book-3-2020-2114.html,1,0,1,3,dom-inspection,,https://gadgetfix.com/category/surface-book-3-2020-2114.html,False,False,2026-09-07T04:49:55+00:00,,,,,
GadgetFix,https://gadgetfix.com/,Microsoft,https://gadgetfix.com/category/microsoft-1454.html,4,dom-inspection,Surface Book Series,https://gadgetfix.com/category/surface-book-series-1929.html,3,dom-inspection,Surface Book 2 2017,https://gadgetfix.com/category/surface-book-2-2017-1458.html,2,0,2,3,dom-inspection,,https://gadgetfix.com/category/surface-book-2-2017-1458.html,False,False,2026-09-07T04:49:55+00:00,,,,,
GadgetFix,https://gadgetfix.com/,Microsoft,https://gadgetfix.com/category/microsoft-1454.html,4,dom-inspection,Surface Book Series,https://gadgetfix.com/category/surface-book-series-1929.html,3,dom-inspection,Surface Book 2015,https://gadgetfix.com/category/surface-book-2015-1587.html,3,0,3,3,dom-inspection,,https://gadgetfix.com/category/surface-book-2015-1587.html,False,False,2026-09-07T04:49:55+00:00,,,,,
GadgetFix,https://gadgetfix.com/,Microsoft,https://gadgetfix.com/category/microsoft-1454.html,4,dom-inspection,Surface Laptop Series,https://gadgetfix.com/category/surface-laptop-series-1930.html,4,dom-inspection,Surface Laptop Studio,https://gadgetfix.com/category/surface-laptop-studio-2143.html,1,0,1,3,dom-inspection,,https://gadgetfix.com/category/surface-laptop-studio-2143.html,False,False,2026-09-07T04:49:55+00:00,,,,,
GadgetFix,https://gadgetfix.com/,Microsoft,https://gadgetfix.com/category/microsoft-1454.html,4,dom-inspection,Surface Laptop Series,https://gadgetfix.com/category/surface-laptop-series-1930.html,4,dom-inspection,Surface Laptop 5,https://gadgetfix.com/category/surface-laptop-5-2117.html,2,0,2,3,dom-inspection,,https://gadgetfix.com/category/surface-laptop-5-2117.html,False,False,2026-09-07T04:49:55+00:00,,,,,
GadgetFix,https://gadgetfix.com/,Microsoft,https://gadgetfix.com/category/microsoft-1454.html,4,dom-inspection,Surface Laptop Series,https://gadgetfix.com/category/surface-laptop-series-1930.html,4,dom-inspection,Surface Laptop 4,https://gadgetfix.com/category/surface-laptop-4-1926.html,3,0,3,3,dom-inspection,,https://gadgetfix.com/category/surface-laptop-4-1926.html,False,False,2026-09-07T04:49:55+00:00,,,,,
GadgetFix,https://gadgetfix.com/,Microsoft,https://gadgetfix.com/category/microsoft-1454.html,4,dom-inspection,Surface Laptop Series,https://gadgetfix.com/category/surface-laptop-series-1930.html,4,dom-inspection,Surface Laptop 3,https://gadgetfix.com/category/surface-laptop-3-1925.html,4,0,4,3,dom-inspection,,https://gadgetfix.com/category/surface-laptop-3-1925.html,False,False,2026-09-07T04:49:55+00:00,,,,,
GadgetFix,https://gadgetfix.com/,Microsoft,https://gadgetfix.com/category/microsoft-1454.html,4,dom-inspection,Surface Laptop Series,https://gadgetfix.com/category/surface-laptop-series-1930.html,4,dom-inspection,Surface Laptop 2,https://gadgetfix.com/category/surface-laptop-2-1924.html,5,0,5,3,dom-inspection,,https://gadgetfix.com/category/surface-laptop-2-1924.html,False,False,2026-09-07T04:49:55+00:00,,,,,
GadgetFix,https://gadgetfix.com/,Microsoft,https://gadgetfix.com/category/microsoft-1454.html,4,dom-inspection,Surface Laptop Series,https://gadgetfix.com/category/surface-laptop-series-1930.html,4,dom-inspection,Surface Laptop 1,https://gadgetfix.com/category/surface-laptop-1-1923.html,6,0,6,3,dom-inspection,,https://gadgetfix.com/category/surface-laptop-1-1923.html,False,False,2026-09-07T04:49:55+00:00,,,,,
GadgetFix,https://gadgetfix.com/,Microsoft,https://gadgetfix.com/category/microsoft-1454.html,4,dom-inspection,Surface Laptop Go Series,https://gadgetfix.com/category/surface-laptop-go-series-2168.html,5,dom-inspection,Surface Laptop Go 4,https://gadgetfix.com/category/surface-laptop-go-4-2172.html,1,0,1,3,dom-inspection,,https://gadgetfix.com/category/surface-laptop-go-4-2172.html,False,False,2026-09-07T04:49:55+00:00,,,,,
GadgetFix,https://gadgetfix.com/,Microsoft,https://gadgetfix.com/category/microsoft-1454.html,4,dom-inspection,Surface Laptop Go Series,https://gadgetfix.com/category/surface-laptop-go-series-2168.html,5,dom-inspection,Surface Laptop Go 3,https://gadgetfix.com/category/surface-laptop-go-3-2171.html,2,0,2,3,dom-inspection,,https://gadgetfix.com/category/surface-laptop-go-3-2171.html,False,False,2026-09-07T04:49:55+00:00,,,,,
GadgetFix,https://gadgetfix.com/,Microsoft,https://gadgetfix.com/category/microsoft-1454.html,4,dom-inspection,Surface Laptop Go Series,https://gadgetfix.com/category/surface-laptop-go-series-2168.html,5,dom-inspection,Surface Laptop Go 2,https://gadgetfix.com/category/surface-laptop-go-2-2170.html,3,0,3,3,dom-inspection,,https://gadgetfix.com/category/surface-laptop-go-2-2170.html,False,False,2026-09-07T04:49:55+00:00,,,,,
GadgetFix,https://gadgetfix.com/,Microsoft,https://gadgetfix.com/category/microsoft-1454.html,4,dom-inspection,Surface Laptop Go Series,https://gadgetfix.com/category/surface-laptop-go-series-2168.html,5,dom-inspection,Surface Laptop Go 1,https://gadgetfix.com/category/surface-laptop-go-1-2169.html,4,0,4,3,dom-inspection,,https://gadgetfix.com/category/surface-laptop-go-1-2169.html,False,False,2026-09-07T04:49:55+00:00,,,,,
GadgetFix,https://gadgetfix.com/,Motorola,https://gadgetfix.com/category/motorola-1177.html,5,dom-inspection,Razr Series,https://gadgetfix.com/category/razr-series-2177.html,1,dom-inspection,Razr Plus | Razr 50 Ultra (XT2451 | 2024),https://gadgetfix.com/category/razr-plus-razr-50-ultra-xt2451-2024-2180.html,1,0,1,3,dom-inspection,,https://gadgetfix.com/category/razr-plus-razr-50-ultra-xt2451-2024-2180.html,False,False,2026-09-07T04:49:55+00:00,,,,,
GadgetFix,https://gadgetfix.com/,Motorola,https://gadgetfix.com/category/motorola-1177.html,5,dom-inspection,Razr Series,https://gadgetfix.com/category/razr-series-2177.html,1,dom-inspection,Razr | Razr 50 (XT2453 | 2024),https://gadgetfix.com/category/razr-razr-50-xt2453-2024-2179.html,2,0,2,3,dom-inspection,,https://gadgetfix.com/category/razr-razr-50-xt2453-2024-2179.html,False,False,2026-09-07T04:49:55+00:00,,,,,
GadgetFix,https://gadgetfix.com/,Motorola,https://gadgetfix.com/category/motorola-1177.html,5,dom-inspection,Razr Series,https://gadgetfix.com/category/razr-series-2177.html,1,dom-inspection,Razr Plus | Razr 40 Ultra (XT2321 | 2023),https://gadgetfix.com/category/razr-plus-razr-40-ultra-xt2321-2023-2178.html,3,0,3,3,dom-inspection,,https://gadgetfix.com/category/razr-plus-razr-40-ultra-xt2321-2023-2178.html,False,False,2026-09-07T04:49:55+00:00,,,,,
GadgetFix,https://gadgetfix.com/,Motorola,https://gadgetfix.com/category/motorola-1177.html,5,dom-inspection,Razr Series,https://gadgetfix.com/category/razr-series-2177.html,1,dom-inspection,Razr | Razr 40 (XT2323 | 2023),https://gadgetfix.com/category/razr-razr-40-xt2323-2023-2181.html,4,0,4,3,dom-inspection,,https://gadgetfix.com/category/razr-razr-40-xt2323-2023-2181.html,False,False,2026-09-07T04:49:55+00:00,,,,,
GadgetFix,https://gadgetfix.com/,Motorola,https://gadgetfix.com/category/motorola-1177.html,5,dom-inspection,G Series,https://gadgetfix.com/category/g-series-1663.html,2,dom-inspection,Moto G24 Power (2024) | XT2425,https://gadgetfix.com/category/moto-g24-power-2024-xt2425-2176.html,1,0,1,3,dom-inspection,,https://gadgetfix.com/category/moto-g24-power-2024-xt2425-2176.html,False,False,2026-09-07T04:49:55+00:00,,,,,
GadgetFix,https://gadgetfix.com/,Motorola,https://gadgetfix.com/category/motorola-1177.html,5,dom-inspection,G Series,https://gadgetfix.com/category/g-series-1663.html,2,dom-inspection,Moto G24 (2024) | XT2423,https://gadgetfix.com/category/moto-g24-2024-xt2423-2175.html,2,0,2,3,dom-inspection,,https://gadgetfix.com/category/moto-g24-2024-xt2423-2175.html,False,False,2026-09-07T04:49:55+00:00,,,,,
GadgetFix,https://gadgetfix.com/,Motorola,https://gadgetfix.com/category/motorola-1177.html,5,dom-inspection,G Series,https://gadgetfix.com/category/g-series-1663.html,2,dom-inspection,Moto G 05 (2026) | XT2613,https://gadgetfix.com/category/moto-g-05-2026-xt2613-2224.html,3,0,3,3,dom-inspection,,https://gadgetfix.com/category/moto-g-05-2026-xt2613-2224.html,False,False,2026-09-07T04:49:55+00:00,,,,,
GadgetFix,https://gadgetfix.com/,Motorola,https://gadgetfix.com/category/motorola-1177.html,5,dom-inspection,G Series,https://gadgetfix.com/category/g-series-1663.html,2,dom-inspection,Moto G 05 (2025) | XT2421,https://gadgetfix.com/category/moto-g-05-2025-xt2421-2200.html,4,0,4,3,dom-inspection,,https://gadgetfix.com/category/moto-g-05-2025-xt2421-2200.html,False,False,2026-09-07T04:49:55+00:00,,,,,
GadgetFix,https://gadgetfix.com/,Motorola,https://gadgetfix.com/category/motorola-1177.html,5,dom-inspection,G Series,https://gadgetfix.com/category/g-series-1663.html,2,dom-inspection,Moto G 04 (2024) | XT2421,https://gadgetfix.com/category/moto-g-04-2024-xt2421-2174.html,5,0,5,3,dom-inspection,,https://gadgetfix.com/category/moto-g-04-2024-xt2421-2174.html,False,False,2026-09-07T04:49:55+00:00,,,,,
GadgetFix,https://gadgetfix.com/,Motorola,https://gadgetfix.com/category/motorola-1177.html,5,dom-inspection,G Series,https://gadgetfix.com/category/g-series-1663.html,2,dom-inspection,Moto G Stylus 5G (2025) | XT2517,https://gadgetfix.com/category/moto-g-stylus-5g-2025-xt2517-2195.html,6,0,6,3,dom-inspection,,https://gadgetfix.com/category/moto-g-stylus-5g-2025-xt2517-2195.html,False,False,2026-09-07T04:49:55+00:00,,,,,
GadgetFix,https://gadgetfix.com/,Motorola,https://gadgetfix.com/category/motorola-1177.html,5,dom-inspection,G Series,https://gadgetfix.com/category/g-series-1663.html,2,dom-inspection,Moto G Stylus 5G (2024) | XT2419,https://gadgetfix.com/category/moto-g-stylus-5g-2024-xt2419-2129.html,7,0,7,3,dom-inspection,,https://gadgetfix.com/category/moto-g-stylus-5g-2024-xt2419-2129.html,False,False,2026-09-07T04:49:55+00:00,,,,,
GadgetFix,https://gadgetfix.com/,Motorola,https://gadgetfix.com/category/motorola-1177.html,5,dom-inspection,G Series,https://gadgetfix.com/category/g-series-1663.html,2,dom-inspection,Moto G Stylus 5G (2023) | XT2315,https://gadgetfix.com/category/moto-g-stylus-5g-2023-xt2315-2100.html,8,0,8,3,dom-inspection,,https://gadgetfix.com/category/moto-g-stylus-5g-2023-xt2315-2100.html,False,False,2026-09-07T04:49:55+00:00,,,,,
GadgetFix,https://gadgetfix.com/,Motorola,https://gadgetfix.com/category/motorola-1177.html,5,dom-inspection,G Series,https://gadgetfix.com/category/g-series-1663.html,2,dom-inspection,Moto G Stylus 4G (2023) | XT2317,https://gadgetfix.com/category/moto-g-stylus-4g-2023-xt2317-2104.html,9,0,9,3,dom-inspection,,https://gadgetfix.com/category/moto-g-stylus-4g-2023-xt2317-2104.html,False,False,2026-09-07T04:49:55+00:00,,,,,
GadgetFix,https://gadgetfix.com/,Motorola,https://gadgetfix.com/category/motorola-1177.html,5,dom-inspection,G Series,https://gadgetfix.com/category/g-series-1663.html,2,dom-inspection,Moto G Stylus 5G (2022) | XT2215,https://gadgetfix.com/category/moto-g-stylus-5g-2022-xt2215-2052.html,10,0,10,3,dom-inspection,,https://gadgetfix.com/category/moto-g-stylus-5g-2022-xt2215-2052.html,False,False,2026-09-07T04:49:55+00:00,,,,,
GadgetFix,https://gadgetfix.com/,Motorola,https://gadgetfix.com/category/motorola-1177.html,5,dom-inspection,G Series,https://gadgetfix.com/category/g-series-1663.html,2,dom-inspection,Moto G Stylus 4G (2022) | XT2211-2,https://gadgetfix.com/category/moto-g-stylus-4g-2022-xt2211-2-2001.html,11,0,11,3,dom-inspection,,https://gadgetfix.com/category/moto-g-stylus-4g-2022-xt2211-2-2001.html,False,False,2026-09-07T04:49:55+00:00,,,,,
GadgetFix,https://gadgetfix.com/,Motorola,https://gadgetfix.com/category/motorola-1177.html,5,dom-inspection,G Series,https://gadgetfix.com/category/g-series-1663.html,2,dom-inspection,Moto G Stylus 5G (2021) | XT2131,https://gadgetfix.com/category/moto-g-stylus-5g-2021-xt2131-1933.html,12,0,12,3,dom-inspection,,https://gadgetfix.com/category/moto-g-stylus-5g-2021-xt2131-1933.html,False,False,2026-09-07T04:49:55+00:00,,,,,
GadgetFix,https://gadgetfix.com/,Motorola,https://gadgetfix.com/category/motorola-1177.html,5,dom-inspection,G Series,https://gadgetfix.com/category/g-series-1663.html,2,dom-inspection,Moto G Stylus (2021) | XT2115,https://gadgetfix.com/category/moto-g-stylus-2021-xt2115-1897.html,13,0,13,3,dom-inspection,,https://gadgetfix.com/category/moto-g-stylus-2021-xt2115-1897.html,False,False,2026-09-07T04:49:55+00:00,,,,,
GadgetFix,https://gadgetfix.com/,Motorola,https://gadgetfix.com/category/motorola-1177.html,5,dom-inspection,G Series,https://gadgetfix.com/category/g-series-1663.html,2,dom-inspection,Moto G Stylus (2020) | XT2043,https://gadgetfix.com/category/moto-g-stylus-2020-xt2043-1843.html,14,0,14,3,dom-inspection,,https://gadgetfix.com/category/moto-g-stylus-2020-xt2043-1843.html,False,False,2026-09-07T04:49:55+00:00,,,,,
GadgetFix,https://gadgetfix.com/,Motorola,https://gadgetfix.com/category/motorola-1177.html,5,dom-inspection,G Series,https://gadgetfix.com/category/g-series-1663.html,2,dom-inspection,Moto G Pure (2021) | XT2163,https://gadgetfix.com/category/moto-g-pure-2021-xt2163-1970.html,15,0,15,3,dom-inspection,,https://gadgetfix.com/category/moto-g-pure-2021-xt2163-1970.html,False,False,2026-09-07T04:49:55+00:00,,,,,
GadgetFix,https://gadgetfix.com/,Motorola,https://gadgetfix.com/category/motorola-1177.html,5,dom-inspection,G Series,https://gadgetfix.com/category/g-series-1663.html,2,dom-inspection,Moto G Power 5G (2026) | XT2617,https://gadgetfix.com/category/moto-g-power-5g-2026-xt2617-2226.html,16,0,16,3,dom-inspection,,https://gadgetfix.com/category/moto-g-power-5g-2026-xt2617-2226.html,False,False,2026-09-07T04:49:55+00:00,,,,,
GadgetFix,https://gadgetfix.com/,Motorola,https://gadgetfix.com/category/motorola-1177.html,5,dom-inspection,G Series,https://gadgetfix.com/category/g-series-1663.html,2,dom-inspection,Moto G Power 5G (2025) | XT2515,https://gadgetfix.com/category/moto-g-power-5g-2025-xt2515-2196.html,17,0,17,3,dom-inspection,,https://gadgetfix.com/category/moto-g-power-5g-2025-xt2515-2196.html,False,False,2026-09-07T04:49:55+00:00,,,,,
GadgetFix,https://gadgetfix.com/,Motorola,https://gadgetfix.com/category/motorola-1177.html,5,dom-inspection,G Series,https://gadgetfix.com/category/g-series-1663.html,2,dom-inspection,Moto G Power 5G (2024) | XT2415,https://gadgetfix.com/category/moto-g-power-5g-2024-xt2415-2116.html,18,0,18,3,dom-inspection,,https://gadgetfix.com/category/moto-g-power-5g-2024-xt2415-2116.html,False,False,2026-09-07T04:49:55+00:00,,,,,
GadgetFix,https://gadgetfix.com/,Motorola,https://gadgetfix.com/category/motorola-1177.html,5,dom-inspection,G Series,https://gadgetfix.com/category/g-series-1663.html,2,dom-inspection,Moto G Power 5G (2023) | XT2311,https://gadgetfix.com/category/moto-g-power-5g-2023-xt2311-2103.html,19,0,19,3,dom-inspection,,https://gadgetfix.com/category/moto-g-power-5g-2023-xt2311-2103.html,False,False,2026-09-07T04:49:55+00:00,,,,,
GadgetFix,https://gadgetfix.com/,Motorola,https://gadgetfix.com/category/motorola-1177.html,5,dom-inspection,G Series,https://gadgetfix.com/category/g-series-1663.html,2,dom-inspection,Moto G Power (2022) | XT2165,https://gadgetfix.com/category/moto-g-power-2022-xt2165-2023.html,20,0,20,3,dom-inspection,,https://gadgetfix.com/category/moto-g-power-2022-xt2165-2023.html,False,False,2026-09-07T04:49:55+00:00,,,,,
GadgetFix,https://gadgetfix.com/,Motorola,https://gadgetfix.com/category/motorola-1177.html,5,dom-inspection,G Series,https://gadgetfix.com/category/g-series-1663.html,2,dom-inspection,Moto G Power (2021) | XT2117,https://gadgetfix.com/category/moto-g-power-2021-xt2117-1900.html,21,0,21,3,dom-inspection,,https://gadgetfix.com/category/moto-g-power-2021-xt2117-1900.html,False,False,2026-09-07T04:49:55+00:00,,,,,
GadgetFix,https://gadgetfix.com/,Motorola,https://gadgetfix.com/category/motorola-1177.html,5,dom-inspection,G Series,https://gadgetfix.com/category/g-series-1663.html,2,dom-inspection,Moto G Power (2020) | XT2041,https://gadgetfix.com/category/moto-g-power-2020-xt2041-1980.html,22,0,22,3,dom-inspection,,https://gadgetfix.com/category/moto-g-power-2020-xt2041-1980.html,False,False,2026-09-07T04:49:55+00:00,,,,,
GadgetFix,https://gadgetfix.com/,Motorola,https://gadgetfix.com/category/motorola-1177.html,5,dom-inspection,G Series,https://gadgetfix.com/category/g-series-1663.html,2,dom-inspection,Moto G Play (2026) | XT2615,https://gadgetfix.com/category/moto-g-play-2026-xt2615-2223.html,23,0,23,3,dom-inspection,,https://gadgetfix.com/category/moto-g-play-2026-xt2615-2223.html,False,False,2026-09-07T04:49:55+00:00,,,,,
GadgetFix,https://gadgetfix.com/,Motorola,https://gadgetfix.com/category/motorola-1177.html,5,dom-inspection,G Series,https://gadgetfix.com/category/g-series-1663.html,2,dom-inspection,Moto G Play (2024) | XT2413-2,https://gadgetfix.com/category/moto-g-play-2024-xt2413-2-2113.html,24,0,24,3,dom-inspection,,https://gadgetfix.com/category/moto-g-play-2024-xt2413-2-2113.html,False,False,2026-09-07T04:49:55+00:00,,,,,
GadgetFix,https://gadgetfix.com/,Motorola,https://gadgetfix.com/category/motorola-1177.html,5,dom-inspection,G Series,https://gadgetfix.com/category/g-series-1663.html,2,dom-inspection,Moto G Play (2023) | XT2271-5,https://gadgetfix.com/category/moto-g-play-2023-xt2271-5-2072.html,25,0,25,3,dom-inspection,,https://gadgetfix.com/category/moto-g-play-2023-xt2271-5-2072.html,False,False,2026-09-07T04:49:55+00:00,,,,,
GadgetFix,https://gadgetfix.com/,Motorola,https://gadgetfix.com/category/motorola-1177.html,5,dom-inspection,G Series,https://gadgetfix.com/category/g-series-1663.html,2,dom-inspection,Moto G Play (2021) | XT2093,https://gadgetfix.com/category/moto-g-play-2021-xt2093-1899.html,26,0,26,3,dom-inspection,,https://gadgetfix.com/category/moto-g-play-2021-xt2093-1899.html,False,False,2026-09-07T04:49:55+00:00,,,,,
GadgetFix,https://gadgetfix.com/,Motorola,https://gadgetfix.com/category/motorola-1177.html,5,dom-inspection,G Series,https://gadgetfix.com/category/g-series-1663.html,2,dom-inspection,Moto G Fast,https://gadgetfix.com/category/moto-g-fast-1851.html,27,0,27,3,dom-inspection,,https://gadgetfix.com/category/moto-g-fast-1851.html,False,False,2026-09-07T04:49:55+00:00,,,,,
GadgetFix,https://gadgetfix.com/,Motorola,https://gadgetfix.com/category/motorola-1177.html,5,dom-inspection,G Series,https://gadgetfix.com/category/g-series-1663.html,2,dom-inspection,Moto G200 | XT2175 (2022),https://gadgetfix.com/category/moto-g200-xt2175-2022-2041.html,28,0,28,3,dom-inspection,,https://gadgetfix.com/category/moto-g200-xt2175-2022-2041.html,False,False,2026-09-07T04:49:55+00:00,,,,,
GadgetFix,https://gadgetfix.com/,Motorola,https://gadgetfix.com/category/motorola-1177.html,5,dom-inspection,G Series,https://gadgetfix.com/category/g-series-1663.html,2,dom-inspection,Moto G100 | XT2125,https://gadgetfix.com/category/moto-g100-xt2125-1931.html,29,0,29,3,dom-inspection,,https://gadgetfix.com/category/moto-g100-xt2125-1931.html,False,False,2026-09-07T04:49:55+00:00,,,,,
GadgetFix,https://gadgetfix.com/,Motorola,https://gadgetfix.com/category/motorola-1177.html,5,dom-inspection,G Series,https://gadgetfix.com/category/g-series-1663.html,2,dom-inspection,Moto G75 5G XT2437-2,https://gadgetfix.com/category/moto-g75-5g-xt2437-2-2197.html,30,0,30,3,dom-inspection,,https://gadgetfix.com/category/moto-g75-5g-xt2437-2-2197.html,False,False,2026-09-07T04:49:55+00:00,,,,,
GadgetFix,https://gadgetfix.com/,Motorola,https://gadgetfix.com/category/motorola-1177.html,5,dom-inspection,G Series,https://gadgetfix.com/category/g-series-1663.html,2,dom-inspection,Moto G71S (2022) | XT2225-2,https://gadgetfix.com/category/moto-g71s-2022-xt2225-2-2035.html,31,0,31,3,dom-inspection,,https://gadgetfix.com/category/moto-g71s-2022-xt2225-2-2035.html,False,False,2026-09-07T04:49:55+00:00,,,,,
GadgetFix,https://gadgetfix.com/,Motorola,https://gadgetfix.com/category/motorola-1177.html,5,dom-inspection,G Series,https://gadgetfix.com/category/g-series-1663.html,2,dom-inspection,Moto G71 (2022) | XT2169-1,https://gadgetfix.com/category/moto-g71-2022-xt2169-1-2027.html,32,0,32,3,dom-inspection,,https://gadgetfix.com/category/moto-g71-2022-xt2169-1-2027.html,False,False,2026-09-07T04:49:55+00:00,,,,,
GadgetFix,https://gadgetfix.com/,Motorola,https://gadgetfix.com/category/motorola-1177.html,5,dom-inspection,G Series,https://gadgetfix.com/category/g-series-1663.html,2,dom-inspection,Moto G60S (2021) | XT2133,https://gadgetfix.com/category/moto-g60s-2021-xt2133-1975.html,33,0,33,3,dom-inspection,,https://gadgetfix.com/category/moto-g60s-2021-xt2133-1975.html,False,False,2026-09-07T04:49:55+00:00,,,,,
GadgetFix,https://gadgetfix.com/,Motorola,https://gadgetfix.com/category/motorola-1177.html,5,dom-inspection,G Series,https://gadgetfix.com/category/g-series-1663.html,2,dom-inspection,Moto G60 (2021) | XT2135-1,https://gadgetfix.com/category/moto-g60-2021-xt2135-1-2021.html,34,0,34,3,dom-inspection,,https://gadgetfix.com/category/moto-g60-2021-xt2135-1-2021.html,False,False,2026-09-07T04:49:55+00:00,,,,,
GadgetFix,https://gadgetfix.com/,Motorola,https://gadgetfix.com/category/motorola-1177.html,5,dom-inspection,G Series,https://gadgetfix.com/category/g-series-1663.html,2,dom-inspection,Moto G51 5G (2021) | XT2171,https://gadgetfix.com/category/moto-g51-5g-2021-xt2171-2059.html,35,0,35,3,dom-inspection,,https://gadgetfix.com/category/moto-g51-5g-2021-xt2171-2059.html,False,False,2026-09-07T04:49:55+00:00,,,,,
GadgetFix,https://gadgetfix.com/,Motorola,https://gadgetfix.com/category/motorola-1177.html,5,dom-inspection,G Series,https://gadgetfix.com/category/g-series-1663.html,2,dom-inspection,Moto G50 5G (2021) | XT2149,https://gadgetfix.com/category/moto-g50-5g-2021-xt2149-1977.html,36,0,36,3,dom-inspection,,https://gadgetfix.com/category/moto-g50-5g-2021-xt2149-1977.html,False,False,2026-09-07T04:49:55+00:00,,,,,
GadgetFix,https://gadgetfix.com/,Motorola,https://gadgetfix.com/category/motorola-1177.html,5,dom-inspection,G Series,https://gadgetfix.com/category/g-series-1663.html,2,dom-inspection,Moto G50 (2021) | XT2137,https://gadgetfix.com/category/moto-g50-2021-xt2137-1976.html,37,0,37,3,dom-inspection,,https://gadgetfix.com/category/moto-g50-2021-xt2137-1976.html,False,False,2026-09-07T04:49:55+00:00,,,,,
GadgetFix,https://gadgetfix.com/,Motorola,https://gadgetfix.com/category/motorola-1177.html,5,dom-inspection,G Series,https://gadgetfix.com/category/g-series-1663.html,2,dom-inspection,Moto G41 (2022) | XT2167,https://gadgetfix.com/category/moto-g41-2022-xt2167-2026.html,38,0,38,3,dom-inspection,,https://gadgetfix.com/category/moto-g41-2022-xt2167-2026.html,False,False,2026-09-07T04:49:55+00:00,,,,,
GadgetFix,https://gadgetfix.com/,Motorola,https://gadgetfix.com/category/motorola-1177.html,5,dom-inspection,G Series,https://gadgetfix.com/category/g-series-1663.html,2,dom-inspection,Moto G31 (2021) | XT2173,https://gadgetfix.com/category/moto-g31-2021-xt2173-2025.html,39,0,39,3,dom-inspection,,https://gadgetfix.com/category/moto-g31-2021-xt2173-2025.html,False,False,2026-09-07T04:49:55+00:00,,,,,
GadgetFix,https://gadgetfix.com/,Motorola,https://gadgetfix.com/category/motorola-1177.html,5,dom-inspection,G Series,https://gadgetfix.com/category/g-series-1663.html,2,dom-inspection,Moto G30 (2021) | XT2129,https://gadgetfix.com/category/moto-g30-2021-xt2129-1893.html,40,0,40,3,dom-inspection,,https://gadgetfix.com/category/moto-g30-2021-xt2129-1893.html,False,False,2026-09-07T04:49:55+00:00,,,,,
GadgetFix,https://gadgetfix.com/,Motorola,https://gadgetfix.com/category/motorola-1177.html,5,dom-inspection,G Series,https://gadgetfix.com/category/g-series-1663.html,2,dom-inspection,Moto G22 (2022) | XT2231,https://gadgetfix.com/category/moto-g22-2022-xt2231-2024.html,41,0,41,3,dom-inspection,,https://gadgetfix.com/category/moto-g22-2022-xt2231-2024.html,False,False,2026-09-07T04:49:55+00:00,,,,,
GadgetFix,https://gadgetfix.com/,Motorola,https://gadgetfix.com/category/motorola-1177.html,5,dom-inspection,G Series,https://gadgetfix.com/category/g-series-1663.html,2,dom-inspection,Moto G20 (2021) | XT2128,https://gadgetfix.com/category/moto-g20-2021-xt2128-1944.html,42,0,42,3,dom-inspection,,https://gadgetfix.com/category/moto-g20-2021-xt2128-1944.html,False,False,2026-09-07T04:49:55+00:00,,,,,
GadgetFix,https://gadgetfix.com/,Motorola,https://gadgetfix.com/category/motorola-1177.html,5,dom-inspection,G Series,https://gadgetfix.com/category/g-series-1663.html,2,dom-inspection,Moto G15 Power (2025) | XT2521-5,https://gadgetfix.com/category/moto-g15-power-2025-xt2521-5-2199.html,43,0,43,3,dom-inspection,,https://gadgetfix.com/category/moto-g15-power-2025-xt2521-5-2199.html,False,False,2026-09-07T04:49:55+00:00,,,,,
GadgetFix,https://gadgetfix.com/,Motorola,https://gadgetfix.com/category/motorola-1177.html,5,dom-inspection,G Series,https://gadgetfix.com/category/g-series-1663.html,2,dom-inspection,Moto G15 (2025) | XT2521-3,https://gadgetfix.com/category/moto-g15-2025-xt2521-3-2198.html,44,0,44,3,dom-inspection,,https://gadgetfix.com/category/moto-g15-2025-xt2521-3-2198.html,False,False,2026-09-07T04:49:55+00:00,,,,,
GadgetFix,https://gadgetfix.com/,Motorola,https://gadgetfix.com/category/motorola-1177.html,5,dom-inspection,G Series,https://gadgetfix.com/category/g-series-1663.html,2,dom-inspection,Moto G10 Power (2021) | XT2127,https://gadgetfix.com/category/moto-g10-power-2021-xt2127-1894.html,45,0,45,3,dom-inspection,,https://gadgetfix.com/category/moto-g10-power-2021-xt2127-1894.html,False,False,2026-09-07T04:49:55+00:00,,,,,
GadgetFix,https://gadgetfix.com/,Motorola,https://gadgetfix.com/category/motorola-1177.html,5,dom-inspection,G Series,https://gadgetfix.com/category/g-series-1663.html,2,dom-inspection,Moto G10 (2021) | XT2127,https://gadgetfix.com/category/moto-g10-2021-xt2127-1892.html,46,0,46,3,dom-inspection,,https://gadgetfix.com/category/moto-g10-2021-xt2127-1892.html,False,False,2026-09-07T04:49:55+00:00,,,,,
GadgetFix,https://gadgetfix.com/,Motorola,https://gadgetfix.com/category/motorola-1177.html,5,dom-inspection,G Series,https://gadgetfix.com/category/g-series-1663.html,2,dom-inspection,Moto G9 Power (2020) | XT2091,https://gadgetfix.com/category/moto-g9-power-2020-xt2091-1940.html,47,0,47,3,dom-inspection,,https://gadgetfix.com/category/moto-g9-power-2020-xt2091-1940.html,False,False,2026-09-07T04:49:55+00:00,,,,,
GadgetFix,https://gadgetfix.com/,Motorola,https://gadgetfix.com/category/motorola-1177.html,5,dom-inspection,G Series,https://gadgetfix.com/category/g-series-1663.html,2,dom-inspection,Moto G9 Plus (2020) | XT2087,https://gadgetfix.com/category/moto-g9-plus-2020-xt2087-1942.html,48,0,48,3,dom-inspection,,https://gadgetfix.com/category/moto-g9-plus-2020-xt2087-1942.html,False,False,2026-09-07T04:49:55+00:00,,,,,
GadgetFix,https://gadgetfix.com/,Motorola,https://gadgetfix.com/category/motorola-1177.html,5,dom-inspection,G Series,https://gadgetfix.com/category/g-series-1663.html,2,dom-inspection,Moto G9 Play,https://gadgetfix.com/category/moto-g9-play-1895.html,49,0,49,3,dom-inspection,,https://gadgetfix.com/category/moto-g9-play-1895.html,False,False,2026-09-07T04:49:55+00:00,,,,,
GadgetFix,https://gadgetfix.com/,Motorola,https://gadgetfix.com/category/motorola-1177.html,5,dom-inspection,G Series,https://gadgetfix.com/category/g-series-1663.html,2,dom-inspection,Moto G8 Power Lite,https://gadgetfix.com/category/moto-g8-power-lite-1845.html,50,0,50,3,dom-inspection,,https://gadgetfix.com/category/moto-g8-power-lite-1845.html,False,False,2026-09-07T04:49:55+00:00,,,,,
GadgetFix,https://gadgetfix.com/,Motorola,https://gadgetfix.com/category/motorola-1177.html,5,dom-inspection,G Series,https://gadgetfix.com/category/g-series-1663.html,2,dom-inspection,Moto G8 Power,https://gadgetfix.com/category/moto-g8-power-1842.html,51,0,51,3,dom-inspection,,https://gadgetfix.com/category/moto-g8-power-1842.html,False,False,2026-09-07T04:49:55+00:00,,,,,
GadgetFix,https://gadgetfix.com/,Motorola,https://gadgetfix.com/category/motorola-1177.html,5,dom-inspection,G Series,https://gadgetfix.com/category/g-series-1663.html,2,dom-inspection,Moto G8 Play,https://gadgetfix.com/category/moto-g8-play-1847.html,52,0,52,3,dom-inspection,,https://gadgetfix.com/category/moto-g8-play-1847.html,False,False,2026-09-07T04:49:55+00:00,,,,,
GadgetFix,https://gadgetfix.com/,Motorola,https://gadgetfix.com/category/motorola-1177.html,5,dom-inspection,G Series,https://gadgetfix.com/category/g-series-1663.html,2,dom-inspection,Moto G8 Plus,https://gadgetfix.com/category/moto-g8-plus-1860.html,53,0,53,3,dom-inspection,,https://gadgetfix.com/category/moto-g8-plus-1860.html,False,False,2026-09-07T04:49:55+00:00,,,,,
GadgetFix,https://gadgetfix.com/,Motorola,https://gadgetfix.com/category/motorola-1177.html,5,dom-inspection,G Series,https://gadgetfix.com/category/g-series-1663.html,2,dom-inspection,Moto G8,https://gadgetfix.com/category/moto-g8-1846.html,54,0,54,3,dom-inspection,,https://gadgetfix.com/category/moto-g8-1846.html,False,False,2026-09-07T04:49:55+00:00,,,,,
GadgetFix,https://gadgetfix.com/,Motorola,https://gadgetfix.com/category/motorola-1177.html,5,dom-inspection,G Series,https://gadgetfix.com/category/g-series-1663.html,2,dom-inspection,Moto G7 Supra | XT1955-5,https://gadgetfix.com/category/moto-g7-supra-xt1955-5-2016.html,55,0,55,3,dom-inspection,,https://gadgetfix.com/category/moto-g7-supra-xt1955-5-2016.html,False,False,2026-09-07T04:49:55+00:00,,,,,
GadgetFix,https://gadgetfix.com/,Motorola,https://gadgetfix.com/category/motorola-1177.html,5,dom-inspection,G Series,https://gadgetfix.com/category/g-series-1663.html,2,dom-inspection,Moto G7 Power | XT1955,https://gadgetfix.com/category/moto-g7-power-xt1955-1754.html,56,0,56,3,dom-inspection,,https://gadgetfix.com/category/moto-g7-power-xt1955-1754.html,False,False,2026-09-07T04:49:55+00:00,,,,,
GadgetFix,https://gadgetfix.com/,Motorola,https://gadgetfix.com/category/motorola-1177.html,5,dom-inspection,G Series,https://gadgetfix.com/category/g-series-1663.html,2,dom-inspection,Moto G7 Plus,https://gadgetfix.com/category/moto-g7-plus-1755.html,57,0,57,3,dom-inspection,,https://gadgetfix.com/category/moto-g7-plus-1755.html,False,False,2026-09-07T04:49:55+00:00,,,,,
GadgetFix,https://gadgetfix.com/,Motorola,https://gadgetfix.com/category/motorola-1177.html,5,dom-inspection,G Series,https://gadgetfix.com/category/g-series-1663.html,2,dom-inspection,Moto G7 Play (2019) | XT1952,https://gadgetfix.com/category/moto-g7-play-2019-xt1952-1756.html,58,0,58,3,dom-inspection,,https://gadgetfix.com/category/moto-g7-play-2019-xt1952-1756.html,False,False,2026-09-07T04:49:55+00:00,,,,,
GadgetFix,https://gadgetfix.com/,Motorola,https://gadgetfix.com/category/motorola-1177.html,5,dom-inspection,G Series,https://gadgetfix.com/category/g-series-1663.html,2,dom-inspection,Moto G7,https://gadgetfix.com/category/moto-g7-1753.html,59,0,59,3,dom-inspection,,https://gadgetfix.com/category/moto-g7-1753.html,False,False,2026-09-07T04:49:55+00:00,,,,,
GadgetFix,https://gadgetfix.com/,Motorola,https://gadgetfix.com/category/motorola-1177.html,5,dom-inspection,G Series,https://gadgetfix.com/category/g-series-1663.html,2,dom-inspection,Moto G6 Play,https://gadgetfix.com/category/moto-g6-play-1701.html,60,0,60,3,dom-inspection,,https://gadgetfix.com/category/moto-g6-play-1701.html,False,False,2026-09-07T04:49:55+00:00,,,,,
GadgetFix,https://gadgetfix.com/,Motorola,https://gadgetfix.com/category/motorola-1177.html,5,dom-inspection,G Series,https://gadgetfix.com/category/g-series-1663.html,2,dom-inspection,Moto G6,https://gadgetfix.com/category/moto-g6-1732.html,61,0,61,3,dom-inspection,,https://gadgetfix.com/category/moto-g6-1732.html,False,False,2026-09-07T04:49:55+00:00,,,,,
GadgetFix,https://gadgetfix.com/,Motorola,https://gadgetfix.com/category/motorola-1177.html,5,dom-inspection,G Series,https://gadgetfix.com/category/g-series-1663.html,2,dom-inspection,Moto G5S Plus,https://gadgetfix.com/category/moto-g5s-plus-1625.html,62,0,62,3,dom-inspection,,https://gadgetfix.com/category/moto-g5s-plus-1625.html,False,False,2026-09-07T04:49:55+00:00,,,,,
GadgetFix,https://gadgetfix.com/,Motorola,https://gadgetfix.com/category/motorola-1177.html,5,dom-inspection,G Series,https://gadgetfix.com/category/g-series-1663.html,2,dom-inspection,Moto G5S,https://gadgetfix.com/category/moto-g5s-1624.html,63,0,63,3,dom-inspection,,https://gadgetfix.com/category/moto-g5s-1624.html,False,False,2026-09-07T04:49:55+00:00,,,,,
GadgetFix,https://gadgetfix.com/,Motorola,https://gadgetfix.com/category/motorola-1177.html,5,dom-inspection,G Series,https://gadgetfix.com/category/g-series-1663.html,2,dom-inspection,Moto G5 Plus,https://gadgetfix.com/category/moto-g5-plus-1616.html,64,0,64,3,dom-inspection,,https://gadgetfix.com/category/moto-g5-plus-1616.html,False,False,2026-09-07T04:49:55+00:00,,,,,
GadgetFix,https://gadgetfix.com/,Motorola,https://gadgetfix.com/category/motorola-1177.html,5,dom-inspection,G Series,https://gadgetfix.com/category/g-series-1663.html,2,dom-inspection,Moto G5,https://gadgetfix.com/category/moto-g5-1615.html,65,0,65,3,dom-inspection,,https://gadgetfix.com/category/moto-g5-1615.html,False,False,2026-09-07T04:49:55+00:00,,,,,
GadgetFix,https://gadgetfix.com/,Motorola,https://gadgetfix.com/category/motorola-1177.html,5,dom-inspection,G Series,https://gadgetfix.com/category/g-series-1663.html,2,dom-inspection,Moto G4 Plus LTE,https://gadgetfix.com/category/moto-g4-plus-lte-1584.html,66,0,66,3,dom-inspection,,https://gadgetfix.com/category/moto-g4-plus-lte-1584.html,False,False,2026-09-07T04:49:55+00:00,,,,,
GadgetFix,https://gadgetfix.com/,Motorola,https://gadgetfix.com/category/motorola-1177.html,5,dom-inspection,G Series,https://gadgetfix.com/category/g-series-1663.html,2,dom-inspection,Moto G4 LTE,https://gadgetfix.com/category/moto-g4-lte-1591.html,67,0,67,3,dom-inspection,,https://gadgetfix.com/category/moto-g4-lte-1591.html,False,False,2026-09-07T04:49:55+00:00,,,,,
GadgetFix,https://gadgetfix.com/,Motorola,https://gadgetfix.com/category/motorola-1177.html,5,dom-inspection,G Series,https://gadgetfix.com/category/g-series-1663.html,2,dom-inspection,Moto G4 Play,https://gadgetfix.com/category/moto-g4-play-1604.html,68,0,68,3,dom-inspection,,https://gadgetfix.com/category/moto-g4-play-1604.html,False,False,2026-09-07T04:49:55+00:00,,,,,
GadgetFix,https://gadgetfix.com/,Motorola,https://gadgetfix.com/category/motorola-1177.html,5,dom-inspection,G Series,https://gadgetfix.com/category/g-series-1663.html,2,dom-inspection,Moto G 3rd Gen,https://gadgetfix.com/category/moto-g-3rd-gen-1549.html,69,0,69,3,dom-inspection,,https://gadgetfix.com/category/moto-g-3rd-gen-1549.html,False,False,2026-09-07T04:49:55+00:00,,,,,
GadgetFix,https://gadgetfix.com/,Motorola,https://gadgetfix.com/category/motorola-1177.html,5,dom-inspection,G Series,https://gadgetfix.com/category/g-series-1663.html,2,dom-inspection,Moto G 2nd Gen,https://gadgetfix.com/category/moto-g-2nd-gen-1548.html,70,0,70,3,dom-inspection,,https://gadgetfix.com/category/moto-g-2nd-gen-1548.html,False,False,2026-09-07T04:49:55+00:00,,,,,
GadgetFix,https://gadgetfix.com/,Motorola,https://gadgetfix.com/category/motorola-1177.html,5,dom-inspection,G Series,https://gadgetfix.com/category/g-series-1663.html,2,dom-inspection,Moto G 5G Plus 2020,https://gadgetfix.com/category/moto-g-5g-plus-2020-1888.html,71,0,71,3,dom-inspection,,https://gadgetfix.com/category/moto-g-5g-plus-2020-1888.html,False,False,2026-09-07T04:49:55+00:00,,,,,
GadgetFix,https://gadgetfix.com/,Motorola,https://gadgetfix.com/category/motorola-1177.html,5,dom-inspection,G Series,https://gadgetfix.com/category/g-series-1663.html,2,dom-inspection,Moto G 5G (2025) | XT2513,https://gadgetfix.com/category/moto-g-5g-2025-xt2513-2201.html,72,0,72,3,dom-inspection,,https://gadgetfix.com/category/moto-g-5g-2025-xt2513-2201.html,False,False,2026-09-07T04:49:55+00:00,,,,,
GadgetFix,https://gadgetfix.com/,Motorola,https://gadgetfix.com/category/motorola-1177.html,5,dom-inspection,G Series,https://gadgetfix.com/category/g-series-1663.html,2,dom-inspection,Moto G 5G (2024) | XT2417,https://gadgetfix.com/category/moto-g-5g-2024-xt2417-2132.html,73,0,73,3,dom-inspection,,https://gadgetfix.com/category/moto-g-5g-2024-xt2417-2132.html,False,False,2026-09-07T04:49:55+00:00,,,,,
GadgetFix,https://gadgetfix.com/,Motorola,https://gadgetfix.com/category/motorola-1177.html,5,dom-inspection,G Series,https://gadgetfix.com/category/g-series-1663.html,2,dom-inspection,Moto G 5G (2023) | XT2313,https://gadgetfix.com/category/moto-g-5g-2023-xt2313-2098.html,74,0,74,3,dom-inspection,,https://gadgetfix.com/category/moto-g-5g-2023-xt2313-2098.html,False,False,2026-09-07T04:49:55+00:00,,,,,
GadgetFix,https://gadgetfix.com/,Motorola,https://gadgetfix.com/category/motorola-1177.html,5,dom-inspection,G Series,https://gadgetfix.com/category/g-series-1663.html,2,dom-inspection,Moto G 5G (2022) | XT2213,https://gadgetfix.com/category/moto-g-5g-2022-xt2213-2055.html,75,0,75,3,dom-inspection,,https://gadgetfix.com/category/moto-g-5g-2022-xt2213-2055.html,False,False,2026-09-07T04:49:55+00:00,,,,,
GadgetFix,https://gadgetfix.com/,Motorola,https://gadgetfix.com/category/motorola-1177.html,5,dom-inspection,G Series,https://gadgetfix.com/category/g-series-1663.html,2,dom-inspection,Moto G 5G (2020) | XT2113,https://gadgetfix.com/category/moto-g-5g-2020-xt2113-1890.html,76,0,76,3,dom-inspection,,https://gadgetfix.com/category/moto-g-5g-2020-xt2113-1890.html,False,False,2026-09-07T04:49:55+00:00,,,,,
GadgetFix,https://gadgetfix.com/,Motorola,https://gadgetfix.com/category/motorola-1177.html,5,dom-inspection,G Series,https://gadgetfix.com/category/g-series-1663.html,2,dom-inspection,Moto G,https://gadgetfix.com/category/moto-g-1473.html,77,0,77,3,dom-inspection,,https://gadgetfix.com/category/moto-g-1473.html,False,False,2026-09-07T04:49:55+00:00,,,,,
GadgetFix,https://gadgetfix.com/,Motorola,https://gadgetfix.com/category/motorola-1177.html,5,dom-inspection,Edge Series,https://gadgetfix.com/category/edge-series-1208.html,3,dom-inspection,Edge 60 Stylus (XT2517-4 | 2025),https://gadgetfix.com/category/edge-60-stylus-xt2517-4-2025-2225.html,1,0,1,3,dom-inspection,,https://gadgetfix.com/category/edge-60-stylus-xt2517-4-2025-2225.html,False,False,2026-09-07T04:49:55+00:00,,,,,
GadgetFix,https://gadgetfix.com/,Motorola,https://gadgetfix.com/category/motorola-1177.html,5,dom-inspection,Edge Series,https://gadgetfix.com/category/edge-series-1208.html,3,dom-inspection,Edge 60 Pro (XT2507 | 2025),https://gadgetfix.com/category/edge-60-pro-xt2507-2025-2222.html,2,0,2,3,dom-inspection,,https://gadgetfix.com/category/edge-60-pro-xt2507-2025-2222.html,False,False,2026-09-07T04:49:55+00:00,,,,,
GadgetFix,https://gadgetfix.com/,Motorola,https://gadgetfix.com/category/motorola-1177.html,5,dom-inspection,Edge Series,https://gadgetfix.com/category/edge-series-1208.html,3,dom-inspection,Edge 60 (XT2505 | 2025),https://gadgetfix.com/category/edge-60-xt2505-2025-2221.html,3,0,3,3,dom-inspection,,https://gadgetfix.com/category/edge-60-xt2505-2025-2221.html,False,False,2026-09-07T04:49:55+00:00,,,,,
GadgetFix,https://gadgetfix.com/,Motorola,https://gadgetfix.com/category/motorola-1177.html,5,dom-inspection,Edge Series,https://gadgetfix.com/category/edge-series-1208.html,3,dom-inspection,Edge 60 Fusion (XT2503 | 2025),https://gadgetfix.com/category/edge-60-fusion-xt2503-2025-2220.html,4,0,4,3,dom-inspection,,https://gadgetfix.com/category/edge-60-fusion-xt2503-2025-2220.html,False,False,2026-09-07T04:49:55+00:00,,,,,
GadgetFix,https://gadgetfix.com/,Motorola,https://gadgetfix.com/category/motorola-1177.html,5,dom-inspection,Edge Series,https://gadgetfix.com/category/edge-series-1208.html,3,dom-inspection,Edge S50 (XT2409 | 2024),https://gadgetfix.com/category/edge-s50-xt2409-2024-2135.html,5,0,5,3,dom-inspection,,https://gadgetfix.com/category/edge-s50-xt2409-2024-2135.html,False,False,2026-09-07T04:49:55+00:00,,,,,
GadgetFix,https://gadgetfix.com/,Motorola,https://gadgetfix.com/category/motorola-1177.html,5,dom-inspection,Edge Series,https://gadgetfix.com/category/edge-series-1208.html,3,dom-inspection,Edge 50 Neo (XT2409 | 2024),https://gadgetfix.com/category/edge-50-neo-xt2409-2024-2162.html,6,0,6,3,dom-inspection,,https://gadgetfix.com/category/edge-50-neo-xt2409-2024-2162.html,False,False,2026-09-07T04:49:55+00:00,,,,,
GadgetFix,https://gadgetfix.com/,Motorola,https://gadgetfix.com/category/motorola-1177.html,5,dom-inspection,Edge Series,https://gadgetfix.com/category/edge-series-1208.html,3,dom-inspection,Edge 50 Fusion 5G (XT2429 | 2024),https://gadgetfix.com/category/edge-50-fusion-5g-xt2429-2024-2161.html,7,0,7,3,dom-inspection,,https://gadgetfix.com/category/edge-50-fusion-5g-xt2429-2024-2161.html,False,False,2026-09-07T04:49:55+00:00,,,,,
GadgetFix,https://gadgetfix.com/,Motorola,https://gadgetfix.com/category/motorola-1177.html,5,dom-inspection,Edge Series,https://gadgetfix.com/category/edge-series-1208.html,3,dom-inspection,Edge 50 Ultra (XT2401-2 | 2024),https://gadgetfix.com/category/edge-50-ultra-xt2401-2-2024-2160.html,8,0,8,3,dom-inspection,,https://gadgetfix.com/category/edge-50-ultra-xt2401-2-2024-2160.html,False,False,2026-09-07T04:49:55+00:00,,,,,
GadgetFix,https://gadgetfix.com/,Motorola,https://gadgetfix.com/category/motorola-1177.html,5,dom-inspection,Edge Series,https://gadgetfix.com/category/edge-series-1208.html,3,dom-inspection,Edge 50 Pro (XT2403 | 2024),https://gadgetfix.com/category/edge-50-pro-xt2403-2024-1974.html,9,0,9,3,dom-inspection,,https://gadgetfix.com/category/edge-50-pro-xt2403-2024-1974.html,False,False,2026-09-07T04:49:55+00:00,,,,,
GadgetFix,https://gadgetfix.com/,Motorola,https://gadgetfix.com/category/motorola-1177.html,5,dom-inspection,Edge Series,https://gadgetfix.com/category/edge-series-1208.html,3,dom-inspection,Edge 50 (XT2407 | 2024),https://gadgetfix.com/category/edge-50-xt2407-2024-2136.html,10,0,10,3,dom-inspection,,https://gadgetfix.com/category/edge-50-xt2407-2024-2136.html,False,False,2026-09-07T04:49:55+00:00,,,,,
GadgetFix,https://gadgetfix.com/,Motorola,https://gadgetfix.com/category/motorola-1177.html,5,dom-inspection,Edge Series,https://gadgetfix.com/category/edge-series-1208.html,3,dom-inspection,Edge 40 Pro (XT2301-4 | 2023),https://gadgetfix.com/category/edge-40-pro-xt2301-4-2023-2148.html,11,0,11,3,dom-inspection,,https://gadgetfix.com/category/edge-40-pro-xt2301-4-2023-2148.html,False,False,2026-09-07T04:49:55+00:00,,,,,
GadgetFix,https://gadgetfix.com/,Motorola,https://gadgetfix.com/category/motorola-1177.html,5,dom-inspection,Edge Series,https://gadgetfix.com/category/edge-series-1208.html,3,dom-inspection,Edge 40 Neo (XT2307 | 2023),https://gadgetfix.com/category/edge-40-neo-xt2307-2023-2138.html,12,0,12,3,dom-inspection,,https://gadgetfix.com/category/edge-40-neo-xt2307-2023-2138.html,False,False,2026-09-07T04:49:55+00:00,,,,,
GadgetFix,https://gadgetfix.com/,Motorola,https://gadgetfix.com/category/motorola-1177.html,5,dom-inspection,Edge Series,https://gadgetfix.com/category/edge-series-1208.html,3,dom-inspection,Edge 40 (XT2303 | 2023),https://gadgetfix.com/category/edge-40-xt2303-2023-2144.html,13,0,13,3,dom-inspection,,https://gadgetfix.com/category/edge-40-xt2303-2023-2144.html,False,False,2026-09-07T04:49:55+00:00,,,,,
GadgetFix,https://gadgetfix.com/,Motorola,https://gadgetfix.com/category/motorola-1177.html,5,dom-inspection,Edge Series,https://gadgetfix.com/category/edge-series-1208.html,3,dom-inspection,Edge 30 Ultra (XT2201 | 2022),https://gadgetfix.com/category/edge-30-ultra-xt2201-2022-2163.html,14,0,14,3,dom-inspection,,https://gadgetfix.com/category/edge-30-ultra-xt2201-2022-2163.html,False,False,2026-09-07T04:49:55+00:00,,,,,
GadgetFix,https://gadgetfix.com/,Motorola,https://gadgetfix.com/category/motorola-1177.html,5,dom-inspection,Edge Series,https://gadgetfix.com/category/edge-series-1208.html,3,dom-inspection,Edge 30 Pro (XT2201 | 2022),https://gadgetfix.com/category/edge-30-pro-xt2201-2022-2056.html,15,0,15,3,dom-inspection,,https://gadgetfix.com/category/edge-30-pro-xt2201-2022-2056.html,False,False,2026-09-07T04:49:55+00:00,,,,,
GadgetFix,https://gadgetfix.com/,Motorola,https://gadgetfix.com/category/motorola-1177.html,5,dom-inspection,Edge Series,https://gadgetfix.com/category/edge-series-1208.html,3,dom-inspection,Edge X30 (XT2201 | 2021),https://gadgetfix.com/category/edge-x30-xt2201-2021-1988.html,16,0,16,3,dom-inspection,,https://gadgetfix.com/category/edge-x30-xt2201-2021-1988.html,False,False,2026-09-07T04:49:55+00:00,,,,,
GadgetFix,https://gadgetfix.com/,Motorola,https://gadgetfix.com/category/motorola-1177.html,5,dom-inspection,Edge Series,https://gadgetfix.com/category/edge-series-1208.html,3,dom-inspection,Edge S30 (XT2175 | 2022),https://gadgetfix.com/category/edge-s30-xt2175-2022-2040.html,17,0,17,3,dom-inspection,,https://gadgetfix.com/category/edge-s30-xt2175-2022-2040.html,False,False,2026-09-07T04:49:55+00:00,,,,,
GadgetFix,https://gadgetfix.com/,Motorola,https://gadgetfix.com/category/motorola-1177.html,5,dom-inspection,Edge Series,https://gadgetfix.com/category/edge-series-1208.html,3,dom-inspection,Edge 30 (XT2203 | 2022),https://gadgetfix.com/category/edge-30-xt2203-2022-2034.html,18,0,18,3,dom-inspection,,https://gadgetfix.com/category/edge-30-xt2203-2022-2034.html,False,False,2026-09-07T04:49:55+00:00,,,,,
GadgetFix,https://gadgetfix.com/,Motorola,https://gadgetfix.com/category/motorola-1177.html,5,dom-inspection,Edge Series,https://gadgetfix.com/category/edge-series-1208.html,3,dom-inspection,Edge 20 Pro (XT2153 | 2021),https://gadgetfix.com/category/edge-20-pro-xt2153-2021-1987.html,19,0,19,3,dom-inspection,,https://gadgetfix.com/category/edge-20-pro-xt2153-2021-1987.html,False,False,2026-09-07T04:49:55+00:00,,,,,
GadgetFix,https://gadgetfix.com/,Motorola,https://gadgetfix.com/category/motorola-1177.html,5,dom-inspection,Edge Series,https://gadgetfix.com/category/edge-series-1208.html,3,dom-inspection,Edge 20 Fusion (XT2139 | 2021),https://gadgetfix.com/category/edge-20-fusion-xt2139-2021-2032.html,20,0,20,3,dom-inspection,,https://gadgetfix.com/category/edge-20-fusion-xt2139-2021-2032.html,False,False,2026-09-07T04:49:55+00:00,,,,,
GadgetFix,https://gadgetfix.com/,Motorola,https://gadgetfix.com/category/motorola-1177.html,5,dom-inspection,Edge Series,https://gadgetfix.com/category/edge-series-1208.html,3,dom-inspection,Edge 20 Lite (XT2139 | 2021),https://gadgetfix.com/category/edge-20-lite-xt2139-2021-1973.html,21,0,21,3,dom-inspection,,https://gadgetfix.com/category/edge-20-lite-xt2139-2021-1973.html,False,False,2026-09-07T04:49:55+00:00,,,,,
GadgetFix,https://gadgetfix.com/,Motorola,https://gadgetfix.com/category/motorola-1177.html,5,dom-inspection,Edge Series,https://gadgetfix.com/category/edge-series-1208.html,3,dom-inspection,Edge Plus (XT2301-1 | 2023),https://gadgetfix.com/category/edge-plus-xt2301-1-2023-2147.html,22,0,22,3,dom-inspection,,https://gadgetfix.com/category/edge-plus-xt2301-1-2023-2147.html,False,False,2026-09-07T04:49:55+00:00,,,,,
GadgetFix,https://gadgetfix.com/,Motorola,https://gadgetfix.com/category/motorola-1177.html,5,dom-inspection,Edge Series,https://gadgetfix.com/category/edge-series-1208.html,3,dom-inspection,Edge Plus (XT2201 | 2022),https://gadgetfix.com/category/edge-plus-xt2201-2022-2057.html,23,0,23,3,dom-inspection,,https://gadgetfix.com/category/edge-plus-xt2201-2022-2057.html,False,False,2026-09-07T04:49:55+00:00,,,,,
GadgetFix,https://gadgetfix.com/,Motorola,https://gadgetfix.com/category/motorola-1177.html,5,dom-inspection,Edge Series,https://gadgetfix.com/category/edge-series-1208.html,3,dom-inspection,Edge 20 (XT2143 | 2021),https://gadgetfix.com/category/edge-20-xt2143-2021-1986.html,24,0,24,3,dom-inspection,,https://gadgetfix.com/category/edge-20-xt2143-2021-1986.html,False,False,2026-09-07T04:49:55+00:00,,,,,
GadgetFix,https://gadgetfix.com/,Motorola,https://gadgetfix.com/category/motorola-1177.html,5,dom-inspection,Edge Series,https://gadgetfix.com/category/edge-series-1208.html,3,dom-inspection,Edge Plus (XT2061 | 2020),https://gadgetfix.com/category/edge-plus-xt2061-2020-1971.html,25,0,25,3,dom-inspection,,https://gadgetfix.com/category/edge-plus-xt2061-2020-1971.html,False,False,2026-09-07T04:49:55+00:00,,,,,
GadgetFix,https://gadgetfix.com/,Motorola,https://gadgetfix.com/category/motorola-1177.html,5,dom-inspection,Edge Series,https://gadgetfix.com/category/edge-series-1208.html,3,dom-inspection,Edge S (XT2125 | 2021),https://gadgetfix.com/category/edge-s-xt2125-2021-1932.html,26,0,26,3,dom-inspection,,https://gadgetfix.com/category/edge-s-xt2125-2021-1932.html,False,False,2026-09-07T04:49:55+00:00,,,,,
GadgetFix,https://gadgetfix.com/,Motorola,https://gadgetfix.com/category/motorola-1177.html,5,dom-inspection,Edge Series,https://gadgetfix.com/category/edge-series-1208.html,3,dom-inspection,Edge 2024 | XT2405,https://gadgetfix.com/category/edge-2024-xt2405-2137.html,27,0,27,3,dom-inspection,,https://gadgetfix.com/category/edge-2024-xt2405-2137.html,False,False,2026-09-07T04:49:55+00:00,,,,,
GadgetFix,https://gadgetfix.com/,Motorola,https://gadgetfix.com/category/motorola-1177.html,5,dom-inspection,Edge Series,https://gadgetfix.com/category/edge-series-1208.html,3,dom-inspection,Edge 2023 | XT2305,https://gadgetfix.com/category/edge-2023-xt2305-2145.html,28,0,28,3,dom-inspection,,https://gadgetfix.com/category/edge-2023-xt2305-2145.html,False,False,2026-09-07T04:49:55+00:00,,,,,
GadgetFix,https://gadgetfix.com/,Motorola,https://gadgetfix.com/category/motorola-1177.html,5,dom-inspection,Edge Series,https://gadgetfix.com/category/edge-series-1208.html,3,dom-inspection,Edge 2022 | XT2205-1,https://gadgetfix.com/category/edge-2022-xt2205-1-2097.html,29,0,29,3,dom-inspection,,https://gadgetfix.com/category/edge-2022-xt2205-1-2097.html,False,False,2026-09-07T04:49:55+00:00,,,,,
GadgetFix,https://gadgetfix.com/,Motorola,https://gadgetfix.com/category/motorola-1177.html,5,dom-inspection,Edge Series,https://gadgetfix.com/category/edge-series-1208.html,3,dom-inspection,Edge 2021 | XT2141,https://gadgetfix.com/category/edge-2021-xt2141-1972.html,30,0,30,3,dom-inspection,,https://gadgetfix.com/category/edge-2021-xt2141-1972.html,False,False,2026-09-07T04:49:55+00:00,,,,,
GadgetFix,https://gadgetfix.com/,Motorola,https://gadgetfix.com/category/motorola-1177.html,5,dom-inspection,Edge Series,https://gadgetfix.com/category/edge-series-1208.html,3,dom-inspection,Edge 2020 | XT2063,https://gadgetfix.com/category/edge-2020-xt2063-1848.html,31,0,31,3,dom-inspection,,https://gadgetfix.com/category/edge-2020-xt2063-1848.html,False,False,2026-09-07T04:49:55+00:00,,,,,
GadgetFix,https://gadgetfix.com/,Motorola,https://gadgetfix.com/category/motorola-1177.html,5,dom-inspection,E Series,https://gadgetfix.com/category/e-series-1666.html,4,dom-inspection,Moto E40 (2021),https://gadgetfix.com/category/moto-e40-2021-2018.html,1,0,1,3,dom-inspection,,https://gadgetfix.com/category/moto-e40-2021-2018.html,False,False,2026-09-07T04:49:55+00:00,,,,,
GadgetFix,https://gadgetfix.com/,Motorola,https://gadgetfix.com/category/motorola-1177.html,5,dom-inspection,E Series,https://gadgetfix.com/category/e-series-1666.html,4,dom-inspection,Moto E7 Power (2021) | XT2097-6,https://gadgetfix.com/category/moto-e7-power-2021-xt2097-6-1906.html,2,0,2,3,dom-inspection,,https://gadgetfix.com/category/moto-e7-power-2021-xt2097-6-1906.html,False,False,2026-09-07T04:49:55+00:00,,,,,
GadgetFix,https://gadgetfix.com/,Motorola,https://gadgetfix.com/category/motorola-1177.html,5,dom-inspection,E Series,https://gadgetfix.com/category/e-series-1666.html,4,dom-inspection,Moto E7 Plus (2020) | XT2081,https://gadgetfix.com/category/moto-e7-plus-2020-xt2081-1891.html,3,0,3,3,dom-inspection,,https://gadgetfix.com/category/moto-e7-plus-2020-xt2081-1891.html,False,False,2026-09-07T04:49:55+00:00,,,,,
GadgetFix,https://gadgetfix.com/,Motorola,https://gadgetfix.com/category/motorola-1177.html,5,dom-inspection,E Series,https://gadgetfix.com/category/e-series-1666.html,4,dom-inspection,Moto E7 (2020) | XT2095,https://gadgetfix.com/category/moto-e7-2020-xt2095-2013.html,4,0,4,3,dom-inspection,,https://gadgetfix.com/category/moto-e7-2020-xt2095-2013.html,False,False,2026-09-07T04:49:55+00:00,,,,,
GadgetFix,https://gadgetfix.com/,Motorola,https://gadgetfix.com/category/motorola-1177.html,5,dom-inspection,E Series,https://gadgetfix.com/category/e-series-1666.html,4,dom-inspection,Moto E (2020) | XT2052,https://gadgetfix.com/category/moto-e-2020-xt2052-1853.html,5,0,5,3,dom-inspection,,https://gadgetfix.com/category/moto-e-2020-xt2052-1853.html,False,False,2026-09-07T04:49:55+00:00,,,,,
GadgetFix,https://gadgetfix.com/,Motorola,https://gadgetfix.com/category/motorola-1177.html,5,dom-inspection,E Series,https://gadgetfix.com/category/e-series-1666.html,4,dom-inspection,Moto E6 Plus (2019) | XT2025,https://gadgetfix.com/category/moto-e6-plus-2019-xt2025-1806.html,6,0,6,3,dom-inspection,,https://gadgetfix.com/category/moto-e6-plus-2019-xt2025-1806.html,False,False,2026-09-07T04:49:55+00:00,,,,,
GadgetFix,https://gadgetfix.com/,Motorola,https://gadgetfix.com/category/motorola-1177.html,5,dom-inspection,E Series,https://gadgetfix.com/category/e-series-1666.html,4,dom-inspection,Moto E6,https://gadgetfix.com/category/moto-e6-1809.html,7,0,7,3,dom-inspection,,https://gadgetfix.com/category/moto-e6-1809.html,False,False,2026-09-07T04:49:55+00:00,,,,,
GadgetFix,https://gadgetfix.com/,Motorola,https://gadgetfix.com/category/motorola-1177.html,5,dom-inspection,E Series,https://gadgetfix.com/category/e-series-1666.html,4,dom-inspection,Moto E5 Plus,https://gadgetfix.com/category/moto-e5-plus-1714.html,8,0,8,3,dom-inspection,,https://gadgetfix.com/category/moto-e5-plus-1714.html,False,False,2026-09-07T04:49:55+00:00,,,,,
GadgetFix,https://gadgetfix.com/,Motorola,https://gadgetfix.com/category/motorola-1177.html,5,dom-inspection,E Series,https://gadgetfix.com/category/e-series-1666.html,4,dom-inspection,Moto E5,https://gadgetfix.com/category/moto-e5-1713.html,9,0,9,3,dom-inspection,,https://gadgetfix.com/category/moto-e5-1713.html,False,False,2026-09-07T04:49:55+00:00,,,,,
GadgetFix,https://gadgetfix.com/,Motorola,https://gadgetfix.com/category/motorola-1177.html,5,dom-inspection,E Series,https://gadgetfix.com/category/e-series-1666.html,4,dom-inspection,Moto E4 Plus Dual,https://gadgetfix.com/category/moto-e4-plus-dual-1678.html,10,0,10,3,dom-inspection,,https://gadgetfix.com/category/moto-e4-plus-dual-1678.html,False,False,2026-09-07T04:49:55+00:00,,,,,
GadgetFix,https://gadgetfix.com/,Motorola,https://gadgetfix.com/category/motorola-1177.html,5,dom-inspection,E Series,https://gadgetfix.com/category/e-series-1666.html,4,dom-inspection,Moto E4 Plus,https://gadgetfix.com/category/moto-e4-plus-1627.html,11,0,11,3,dom-inspection,,https://gadgetfix.com/category/moto-e4-plus-1627.html,False,False,2026-09-07T04:49:55+00:00,,,,,
GadgetFix,https://gadgetfix.com/,Motorola,https://gadgetfix.com/category/motorola-1177.html,5,dom-inspection,E Series,https://gadgetfix.com/category/e-series-1666.html,4,dom-inspection,Moto E4,https://gadgetfix.com/category/moto-e4-1626.html,12,0,12,3,dom-inspection,,https://gadgetfix.com/category/moto-e4-1626.html,False,False,2026-09-07T04:49:55+00:00,,,,,
GadgetFix,https://gadgetfix.com/,Motorola,https://gadgetfix.com/category/motorola-1177.html,5,dom-inspection,E Series,https://gadgetfix.com/category/e-series-1666.html,4,dom-inspection,Moto E 2nd Gen,https://gadgetfix.com/category/moto-e-2nd-gen-1547.html,13,0,13,3,dom-inspection,,https://gadgetfix.com/category/moto-e-2nd-gen-1547.html,False,False,2026-09-07T04:49:55+00:00,,,,,
GadgetFix,https://gadgetfix.com/,Motorola,https://gadgetfix.com/category/motorola-1177.html,5,dom-inspection,E Series,https://gadgetfix.com/category/e-series-1666.html,4,dom-inspection,Moto E (2014) | XT1021,https://gadgetfix.com/category/moto-e-2014-xt1021-1546.html,14,0,14,3,dom-inspection,,https://gadgetfix.com/category/moto-e-2014-xt1021-1546.html,False,False,2026-09-07T04:49:55+00:00,,,,,
GadgetFix,https://gadgetfix.com/,Motorola,https://gadgetfix.com/category/motorola-1177.html,5,dom-inspection,One Series,https://gadgetfix.com/category/one-series-1810.html,5,dom-inspection,One 5G Ace (2021) | XT2113-2,https://gadgetfix.com/category/one-5g-ace-2021-xt2113-2-1896.html,1,0,1,3,dom-inspection,,https://gadgetfix.com/category/one-5g-ace-2021-xt2113-2-1896.html,False,False,2026-09-07T04:49:55+00:00,,,,,
GadgetFix,https://gadgetfix.com/,Motorola,https://gadgetfix.com/category/motorola-1177.html,5,dom-inspection,One Series,https://gadgetfix.com/category/one-series-1810.html,5,dom-inspection,One 5G (2020) | XT2075,https://gadgetfix.com/category/one-5g-2020-xt2075-1889.html,2,0,2,3,dom-inspection,,https://gadgetfix.com/category/one-5g-2020-xt2075-1889.html,False,False,2026-09-07T04:49:55+00:00,,,,,
GadgetFix,https://gadgetfix.com/,Motorola,https://gadgetfix.com/category/motorola-1177.html,5,dom-inspection,One Series,https://gadgetfix.com/category/one-series-1810.html,5,dom-inspection,One Fusion (2020) | XT2073-2,https://gadgetfix.com/category/one-fusion-2020-xt2073-2-2031.html,3,0,3,3,dom-inspection,,https://gadgetfix.com/category/one-fusion-2020-xt2073-2-2031.html,False,False,2026-09-07T04:49:55+00:00,,,,,
GadgetFix,https://gadgetfix.com/,Motorola,https://gadgetfix.com/category/motorola-1177.html,5,dom-inspection,One Series,https://gadgetfix.com/category/one-series-1810.html,5,dom-inspection,One Fusion Plus (2020) | XT2067,https://gadgetfix.com/category/one-fusion-plus-2020-xt2067-1854.html,4,0,4,3,dom-inspection,,https://gadgetfix.com/category/one-fusion-plus-2020-xt2067-1854.html,False,False,2026-09-07T04:49:55+00:00,,,,,
GadgetFix,https://gadgetfix.com/,Motorola,https://gadgetfix.com/category/motorola-1177.html,5,dom-inspection,One Series,https://gadgetfix.com/category/one-series-1810.html,5,dom-inspection,One Hyper (2020) | XT2027,https://gadgetfix.com/category/one-hyper-2020-xt2027-1813.html,5,0,5,3,dom-inspection,,https://gadgetfix.com/category/one-hyper-2020-xt2027-1813.html,False,False,2026-09-07T04:49:55+00:00,,,,,
GadgetFix,https://gadgetfix.com/,Motorola,https://gadgetfix.com/category/motorola-1177.html,5,dom-inspection,One Series,https://gadgetfix.com/category/one-series-1810.html,5,dom-inspection,One Macro (2019) | XT2016,https://gadgetfix.com/category/one-macro-2019-xt2016-2014.html,6,0,6,3,dom-inspection,,https://gadgetfix.com/category/one-macro-2019-xt2016-2014.html,False,False,2026-09-07T04:49:55+00:00,,,,,
GadgetFix,https://gadgetfix.com/,Motorola,https://gadgetfix.com/category/motorola-1177.html,5,dom-inspection,One Series,https://gadgetfix.com/category/one-series-1810.html,5,dom-inspection,One Action (2019) | XT2013,https://gadgetfix.com/category/one-action-2019-xt2013-1812.html,7,0,7,3,dom-inspection,,https://gadgetfix.com/category/one-action-2019-xt2013-1812.html,False,False,2026-09-07T04:49:55+00:00,,,,,
GadgetFix,https://gadgetfix.com/,Motorola,https://gadgetfix.com/category/motorola-1177.html,5,dom-inspection,One Series,https://gadgetfix.com/category/one-series-1810.html,5,dom-inspection,One Zoom (2019) | XT2010,https://gadgetfix.com/category/one-zoom-2019-xt2010-1814.html,8,0,8,3,dom-inspection,,https://gadgetfix.com/category/one-zoom-2019-xt2010-1814.html,False,False,2026-09-07T04:49:55+00:00,,,,,
GadgetFix,https://gadgetfix.com/,Motorola,https://gadgetfix.com/category/motorola-1177.html,5,dom-inspection,One Series,https://gadgetfix.com/category/one-series-1810.html,5,dom-inspection,One Vision (2019) | XT1970,https://gadgetfix.com/category/one-vision-2019-xt1970-2012.html,9,0,9,3,dom-inspection,,https://gadgetfix.com/category/one-vision-2019-xt1970-2012.html,False,False,2026-09-07T04:49:55+00:00,,,,,
GadgetFix,https://gadgetfix.com/,Motorola,https://gadgetfix.com/category/motorola-1177.html,5,dom-inspection,One Series,https://gadgetfix.com/category/one-series-1810.html,5,dom-inspection,One Power (2018) | P30 Note | XT1942,https://gadgetfix.com/category/one-power-2018-p30-note-xt1942-2017.html,10,0,10,3,dom-inspection,,https://gadgetfix.com/category/one-power-2018-p30-note-xt1942-2017.html,False,False,2026-09-07T04:49:55+00:00,,,,,
GadgetFix,https://gadgetfix.com/,Motorola,https://gadgetfix.com/category/motorola-1177.html,5,dom-inspection,One Series,https://gadgetfix.com/category/one-series-1810.html,5,dom-inspection,One (2018) | P30 Play | XT1941,https://gadgetfix.com/category/one-2018-p30-play-xt1941-1818.html,11,0,11,3,dom-inspection,,https://gadgetfix.com/category/one-2018-p30-play-xt1941-1818.html,False,False,2026-09-07T04:49:55+00:00,,,,,
GadgetFix,https://gadgetfix.com/,Motorola,https://gadgetfix.com/category/motorola-1177.html,5,dom-inspection,One Series,https://gadgetfix.com/category/one-series-1810.html,5,dom-inspection,Z Series,https://gadgetfix.com/category/z-series-1665.html,12,0,12,3,dom-inspection,,https://gadgetfix.com/category/z-series-1665.html,False,False,2026-09-07T04:49:55+00:00,,,,,
GadgetFix,https://gadgetfix.com/,Motorola,https://gadgetfix.com/category/motorola-1177.html,5,dom-inspection,One Series,https://gadgetfix.com/category/one-series-1810.html,5,dom-inspection,Moto Z4,https://gadgetfix.com/category/moto-z4-1759.html,13,0,13,3,dom-inspection,,https://gadgetfix.com/category/moto-z4-1759.html,False,False,2026-09-07T04:49:55+00:00,,,,,
GadgetFix,https://gadgetfix.com/,Motorola,https://gadgetfix.com/category/motorola-1177.html,5,dom-inspection,One Series,https://gadgetfix.com/category/one-series-1810.html,5,dom-inspection,Moto Z3 | Z3 Play (2018) | XT1929,https://gadgetfix.com/category/moto-z3-z3-play-2018-xt1929-1699.html,14,0,14,3,dom-inspection,,https://gadgetfix.com/category/moto-z3-z3-play-2018-xt1929-1699.html,False,False,2026-09-07T04:49:55+00:00,,,,,
GadgetFix,https://gadgetfix.com/,Motorola,https://gadgetfix.com/category/motorola-1177.html,5,dom-inspection,One Series,https://gadgetfix.com/category/one-series-1810.html,5,dom-inspection,Moto Z2 Force XT1789,https://gadgetfix.com/category/moto-z2-force-xt1789-1659.html,15,0,15,3,dom-inspection,,https://gadgetfix.com/category/moto-z2-force-xt1789-1659.html,False,False,2026-09-07T04:49:55+00:00,,,,,
GadgetFix,https://gadgetfix.com/,Motorola,https://gadgetfix.com/category/motorola-1177.html,5,dom-inspection,One Series,https://gadgetfix.com/category/one-series-1810.html,5,dom-inspection,Moto Z Force XT1650-02,https://gadgetfix.com/category/moto-z-force-xt1650-02-1620.html,16,0,16,3,dom-inspection,,https://gadgetfix.com/category/moto-z-force-xt1650-02-1620.html,False,False,2026-09-07T04:49:55+00:00,,,,,
GadgetFix,https://gadgetfix.com/,Motorola,https://gadgetfix.com/category/motorola-1177.html,5,dom-inspection,One Series,https://gadgetfix.com/category/one-series-1810.html,5,dom-inspection,Moto Z2 Play,https://gadgetfix.com/category/moto-z2-play-1619.html,17,0,17,3,dom-inspection,,https://gadgetfix.com/category/moto-z2-play-1619.html,False,False,2026-09-07T04:49:55+00:00,,,,,
GadgetFix,https://gadgetfix.com/,Motorola,https://gadgetfix.com/category/motorola-1177.html,5,dom-inspection,One Series,https://gadgetfix.com/category/one-series-1810.html,5,dom-inspection,Moto Z Play | Z Play Droid,https://gadgetfix.com/category/moto-z-play-z-play-droid-1599.html,18,0,18,3,dom-inspection,,https://gadgetfix.com/category/moto-z-play-z-play-droid-1599.html,False,False,2026-09-07T04:49:55+00:00,,,,,
GadgetFix,https://gadgetfix.com/,Motorola,https://gadgetfix.com/category/motorola-1177.html,5,dom-inspection,One Series,https://gadgetfix.com/category/one-series-1810.html,5,dom-inspection,Moto Z Droid Edition XLTE,https://gadgetfix.com/category/moto-z-droid-edition-xlte-1603.html,19,0,19,3,dom-inspection,,https://gadgetfix.com/category/moto-z-droid-edition-xlte-1603.html,False,False,2026-09-07T04:49:55+00:00,,,,,
GadgetFix,https://gadgetfix.com/,Motorola,https://gadgetfix.com/category/motorola-1177.html,5,dom-inspection,One Series,https://gadgetfix.com/category/one-series-1810.html,5,dom-inspection,X Series,https://gadgetfix.com/category/x-series-1664.html,20,0,20,3,dom-inspection,,https://gadgetfix.com/category/x-series-1664.html,False,False,2026-09-07T04:49:55+00:00,,,,,
GadgetFix,https://gadgetfix.com/,Motorola,https://gadgetfix.com/category/motorola-1177.html,5,dom-inspection,One Series,https://gadgetfix.com/category/one-series-1810.html,5,dom-inspection,Moto X40,https://gadgetfix.com/category/moto-x40-2146.html,21,0,21,3,dom-inspection,,https://gadgetfix.com/category/moto-x40-2146.html,False,False,2026-09-07T04:49:55+00:00,,,,,
GadgetFix,https://gadgetfix.com/,Motorola,https://gadgetfix.com/category/motorola-1177.html,5,dom-inspection,One Series,https://gadgetfix.com/category/one-series-1810.html,5,dom-inspection,Moto X30 Pro (XT2241 | 2022),https://gadgetfix.com/category/moto-x30-pro-xt2241-2022-2164.html,22,0,22,3,dom-inspection,,https://gadgetfix.com/category/moto-x30-pro-xt2241-2022-2164.html,False,False,2026-09-07T04:49:55+00:00,,,,,
GadgetFix,https://gadgetfix.com/,Motorola,https://gadgetfix.com/category/motorola-1177.html,5,dom-inspection,One Series,https://gadgetfix.com/category/one-series-1810.html,5,dom-inspection,Moto X4,https://gadgetfix.com/category/moto-x4-1649.html,23,0,23,3,dom-inspection,,https://gadgetfix.com/category/moto-x4-1649.html,False,False,2026-09-07T04:49:55+00:00,,,,,
GadgetFix,https://gadgetfix.com/,Motorola,https://gadgetfix.com/category/motorola-1177.html,5,dom-inspection,One Series,https://gadgetfix.com/category/one-series-1810.html,5,dom-inspection,Moto X 2nd Gen,https://gadgetfix.com/category/moto-x-2nd-gen-1545.html,24,0,24,3,dom-inspection,,https://gadgetfix.com/category/moto-x-2nd-gen-1545.html,False,False,2026-09-07T04:49:55+00:00,,,,,
GadgetFix,https://gadgetfix.com/,Motorola,https://gadgetfix.com/category/motorola-1177.html,5,dom-inspection,One Series,https://gadgetfix.com/category/one-series-1810.html,5,dom-inspection,Moto X,https://gadgetfix.com/category/moto-x-1259.html,25,0,25,3,dom-inspection,,https://gadgetfix.com/category/moto-x-1259.html,False,False,2026-09-07T04:49:55+00:00,,,,,
GadgetFix,https://gadgetfix.com/,Motorola,https://gadgetfix.com/category/motorola-1177.html,5,dom-inspection,One Series,https://gadgetfix.com/category/one-series-1810.html,5,dom-inspection,Moto X Play,https://gadgetfix.com/category/moto-x-play-1550.html,26,0,26,3,dom-inspection,,https://gadgetfix.com/category/moto-x-play-1550.html,False,False,2026-09-07T04:49:55+00:00,,,,,
GadgetFix,https://gadgetfix.com/,Motorola,https://gadgetfix.com/category/motorola-1177.html,5,dom-inspection,One Series,https://gadgetfix.com/category/one-series-1810.html,5,dom-inspection,Moto X Style (2015),https://gadgetfix.com/category/moto-x-style-2015-1566.html,27,0,27,3,dom-inspection,,https://gadgetfix.com/category/moto-x-style-2015-1566.html,False,False,2026-09-07T04:49:55+00:00,,,,,
GadgetFix,https://gadgetfix.com/,Motorola,https://gadgetfix.com/category/motorola-1177.html,5,dom-inspection,One Series,https://gadgetfix.com/category/one-series-1810.html,5,dom-inspection,Moto X Pure Edition,https://gadgetfix.com/category/moto-x-pure-edition-1567.html,28,0,28,3,dom-inspection,,https://gadgetfix.com/category/moto-x-pure-edition-1567.html,False,False,2026-09-07T04:49:55+00:00,,,,,
GadgetFix,https://gadgetfix.com/,Motorola,https://gadgetfix.com/category/motorola-1177.html,5,dom-inspection,One Series,https://gadgetfix.com/category/one-series-1810.html,5,dom-inspection,Droid Series,https://gadgetfix.com/category/droid-series-1565.html,29,0,29,3,dom-inspection,,https://gadgetfix.com/category/droid-series-1565.html,False,False,2026-09-07T04:49:55+00:00,,,,,
GadgetFix,https://gadgetfix.com/,Motorola,https://gadgetfix.com/category/motorola-1177.html,5,dom-inspection,One Series,https://gadgetfix.com/category/one-series-1810.html,5,dom-inspection,Droid Turbo 2 XT1580 XT1581 XT1585,https://gadgetfix.com/category/droid-turbo-2-xt1580-xt1581-xt1585-1572.html,30,0,30,3,dom-inspection,,https://gadgetfix.com/category/droid-turbo-2-xt1580-xt1581-xt1585-1572.html,False,False,2026-09-07T04:49:55+00:00,,,,,
GadgetFix,https://gadgetfix.com/,Motorola,https://gadgetfix.com/category/motorola-1177.html,5,dom-inspection,One Series,https://gadgetfix.com/category/one-series-1810.html,5,dom-inspection,Droid Turbo XT1225 | XT1254,https://gadgetfix.com/category/droid-turbo-xt1225-xt1254-1551.html,31,0,31,3,dom-inspection,,https://gadgetfix.com/category/droid-turbo-xt1225-xt1254-1551.html,False,False,2026-09-07T04:49:55+00:00,,,,,
GadgetFix,https://gadgetfix.com/,Motorola,https://gadgetfix.com/category/motorola-1177.html,5,dom-inspection,One Series,https://gadgetfix.com/category/one-series-1810.html,5,dom-inspection,Droid MAXX 2 XT1565,https://gadgetfix.com/category/droid-maxx-2-xt1565-1576.html,32,0,32,3,dom-inspection,,https://gadgetfix.com/category/droid-maxx-2-xt1565-1576.html,False,False,2026-09-07T04:49:55+00:00,,,,,
GadgetFix,https://gadgetfix.com/,Motorola,https://gadgetfix.com/category/motorola-1177.html,5,dom-inspection,One Series,https://gadgetfix.com/category/one-series-1810.html,5,dom-inspection,Droid Ultra XT1080 | MAXX XT1080M,https://gadgetfix.com/category/droid-ultra-xt1080-maxx-xt1080m-1258.html,33,0,33,3,dom-inspection,,https://gadgetfix.com/category/droid-ultra-xt1080-maxx-xt1080m-1258.html,False,False,2026-09-07T04:49:55+00:00,,,,,
GadgetFix,https://gadgetfix.com/,Motorola,https://gadgetfix.com/category/motorola-1177.html,5,dom-inspection,One Series,https://gadgetfix.com/category/one-series-1810.html,5,dom-inspection,Droid Razr HD XT925 XT926 | Maxx XT926M,https://gadgetfix.com/category/droid-razr-hd-xt925-xt926-maxx-xt926m-1262.html,34,0,34,3,dom-inspection,,https://gadgetfix.com/category/droid-razr-hd-xt925-xt926-maxx-xt926m-1262.html,False,False,2026-09-07T04:49:55+00:00,,,,,
GadgetFix,https://gadgetfix.com/,Motorola,https://gadgetfix.com/category/motorola-1177.html,5,dom-inspection,One Series,https://gadgetfix.com/category/one-series-1810.html,5,dom-inspection,Droid Razr M XT907,https://gadgetfix.com/category/droid-razr-m-xt907-1261.html,35,0,35,3,dom-inspection,,https://gadgetfix.com/category/droid-razr-m-xt907-1261.html,False,False,2026-09-07T04:49:55+00:00,,,,,
GadgetFix,https://gadgetfix.com/,Motorola,https://gadgetfix.com/category/motorola-1177.html,5,dom-inspection,One Series,https://gadgetfix.com/category/one-series-1810.html,5,dom-inspection,Droid Razr XT890 | XT910 | XT912 | XT913 | XT916,https://gadgetfix.com/category/droid-razr-xt890-xt910-xt912-xt913-xt916-1428.html,36,0,36,3,dom-inspection,,https://gadgetfix.com/category/droid-razr-xt890-xt910-xt912-xt913-xt916-1428.html,False,False,2026-09-07T04:49:55+00:00,,,,,
GadgetFix,https://gadgetfix.com/,Motorola,https://gadgetfix.com/category/motorola-1177.html,5,dom-inspection,One Series,https://gadgetfix.com/category/one-series-1810.html,5,dom-inspection,Droid Mini XT1030,https://gadgetfix.com/category/droid-mini-xt1030-1260.html,37,0,37,3,dom-inspection,,https://gadgetfix.com/category/droid-mini-xt1030-1260.html,False,False,2026-09-07T04:49:55+00:00,,,,,
GadgetFix,https://gadgetfix.com/,Motorola,https://gadgetfix.com/category/motorola-1177.html,5,dom-inspection,One Series,https://gadgetfix.com/category/one-series-1810.html,5,dom-inspection,Droid 4 XT894,https://gadgetfix.com/category/droid-4-xt894-1256.html,38,0,38,3,dom-inspection,,https://gadgetfix.com/category/droid-4-xt894-1256.html,False,False,2026-09-07T04:49:55+00:00,,,,,
GadgetFix,https://gadgetfix.com/,Motorola,https://gadgetfix.com/category/motorola-1177.html,5,dom-inspection,One Series,https://gadgetfix.com/category/one-series-1810.html,5,dom-inspection,OTHERS,https://gadgetfix.com/category/others-1978.html,39,0,39,3,dom-inspection,,https://gadgetfix.com/category/others-1978.html,False,False,2026-09-07T04:49:55+00:00,,,,,
GadgetFix,https://gadgetfix.com/,Motorola,https://gadgetfix.com/category/motorola-1177.html,5,dom-inspection,One Series,https://gadgetfix.com/category/one-series-1810.html,5,dom-inspection,Moto RAZR 5G (2020) | XT2071,https://gadgetfix.com/category/moto-razr-5g-2020-xt2071-1979.html,40,0,40,3,dom-inspection,,https://gadgetfix.com/category/moto-razr-5g-2020-xt2071-1979.html,False,False,2026-09-07T04:49:55+00:00,,,,,
GadgetFix,https://gadgetfix.com/,Motorola,https://gadgetfix.com/category/motorola-1177.html,5,dom-inspection,One Series,https://gadgetfix.com/category/one-series-1810.html,5,dom-inspection,Moto Defy (2021) | XT2083,https://gadgetfix.com/category/moto-defy-2021-xt2083-2019.html,41,0,41,3,dom-inspection,,https://gadgetfix.com/category/moto-defy-2021-xt2083-2019.html,False,False,2026-09-07T04:49:55+00:00,,,,,
GadgetFix,https://gadgetfix.com/,Motorola,https://gadgetfix.com/category/motorola-1177.html,5,dom-inspection,One Series,https://gadgetfix.com/category/one-series-1810.html,5,dom-inspection,P30 (2018) | XT1943,https://gadgetfix.com/category/p30-2018-xt1943-1816.html,42,0,42,3,dom-inspection,,https://gadgetfix.com/category/p30-2018-xt1943-1816.html,False,False,2026-09-07T04:49:55+00:00,,,,,
GadgetFix,https://gadgetfix.com/,OnePlus,https://gadgetfix.com/category/oneplus-1637.html,6,dom-inspection,Oneplus Series,https://gadgetfix.com/category/oneplus-series-2043.html,1,dom-inspection,OnePlus 12R 5G,https://gadgetfix.com/category/oneplus-12r-5g-2130.html,1,0,1,3,dom-inspection,,https://gadgetfix.com/category/oneplus-12r-5g-2130.html,False,False,2026-09-07T04:49:55+00:00,,,,,
GadgetFix,https://gadgetfix.com/,OnePlus,https://gadgetfix.com/category/oneplus-1637.html,6,dom-inspection,Oneplus Series,https://gadgetfix.com/category/oneplus-series-2043.html,1,dom-inspection,Oneplus 12 5G,https://gadgetfix.com/category/oneplus-12-5g-2153.html,2,0,2,3,dom-inspection,,https://gadgetfix.com/category/oneplus-12-5g-2153.html,False,False,2026-09-07T04:49:55+00:00,,,,,
GadgetFix,https://gadgetfix.com/,OnePlus,https://gadgetfix.com/category/oneplus-1637.html,6,dom-inspection,Oneplus Series,https://gadgetfix.com/category/oneplus-series-2043.html,1,dom-inspection,OnePlus 11,https://gadgetfix.com/category/oneplus-11-2165.html,3,0,3,3,dom-inspection,,https://gadgetfix.com/category/oneplus-11-2165.html,False,False,2026-09-07T04:49:55+00:00,,,,,
GadgetFix,https://gadgetfix.com/,OnePlus,https://gadgetfix.com/category/oneplus-1637.html,6,dom-inspection,Oneplus Series,https://gadgetfix.com/category/oneplus-series-2043.html,1,dom-inspection,OnePlus 10R,https://gadgetfix.com/category/oneplus-10r-2039.html,4,0,4,3,dom-inspection,,https://gadgetfix.com/category/oneplus-10r-2039.html,False,False,2026-09-07T04:49:55+00:00,,,,,
GadgetFix,https://gadgetfix.com/,OnePlus,https://gadgetfix.com/category/oneplus-1637.html,6,dom-inspection,Oneplus Series,https://gadgetfix.com/category/oneplus-series-2043.html,1,dom-inspection,OnePlus 10 Pro,https://gadgetfix.com/category/oneplus-10-pro-2015.html,5,0,5,3,dom-inspection,,https://gadgetfix.com/category/oneplus-10-pro-2015.html,False,False,2026-09-07T04:49:55+00:00,,,,,
GadgetFix,https://gadgetfix.com/,OnePlus,https://gadgetfix.com/category/oneplus-1637.html,6,dom-inspection,Oneplus Series,https://gadgetfix.com/category/oneplus-series-2043.html,1,dom-inspection,OnePlus 9 Pro,https://gadgetfix.com/category/oneplus-9-pro-1989.html,6,0,6,3,dom-inspection,,https://gadgetfix.com/category/oneplus-9-pro-1989.html,False,False,2026-09-07T04:49:55+00:00,,,,,
GadgetFix,https://gadgetfix.com/,OnePlus,https://gadgetfix.com/category/oneplus-1637.html,6,dom-inspection,Oneplus Series,https://gadgetfix.com/category/oneplus-series-2043.html,1,dom-inspection,Oneplus 9R,https://gadgetfix.com/category/oneplus-9r-2079.html,7,0,7,3,dom-inspection,,https://gadgetfix.com/category/oneplus-9r-2079.html,False,False,2026-09-07T04:49:55+00:00,,,,,
GadgetFix,https://gadgetfix.com/,OnePlus,https://gadgetfix.com/category/oneplus-1637.html,6,dom-inspection,Oneplus Series,https://gadgetfix.com/category/oneplus-series-2043.html,1,dom-inspection,OnePlus 9,https://gadgetfix.com/category/oneplus-9-1947.html,8,0,8,3,dom-inspection,,https://gadgetfix.com/category/oneplus-9-1947.html,False,False,2026-09-07T04:49:55+00:00,,,,,
GadgetFix,https://gadgetfix.com/,OnePlus,https://gadgetfix.com/category/oneplus-1637.html,6,dom-inspection,Oneplus Series,https://gadgetfix.com/category/oneplus-series-2043.html,1,dom-inspection,OnePlus 8 Pro,https://gadgetfix.com/category/oneplus-8-pro-1946.html,9,0,9,3,dom-inspection,,https://gadgetfix.com/category/oneplus-8-pro-1946.html,False,False,2026-09-07T04:49:55+00:00,,,,,
GadgetFix,https://gadgetfix.com/,OnePlus,https://gadgetfix.com/category/oneplus-1637.html,6,dom-inspection,Oneplus Series,https://gadgetfix.com/category/oneplus-series-2043.html,1,dom-inspection,OnePlus 8T,https://gadgetfix.com/category/oneplus-8t-2011.html,10,0,10,3,dom-inspection,,https://gadgetfix.com/category/oneplus-8t-2011.html,False,False,2026-09-07T04:49:55+00:00,,,,,
GadgetFix,https://gadgetfix.com/,OnePlus,https://gadgetfix.com/category/oneplus-1637.html,6,dom-inspection,Oneplus Series,https://gadgetfix.com/category/oneplus-series-2043.html,1,dom-inspection,OnePlus 8,https://gadgetfix.com/category/oneplus-8-1945.html,11,0,11,3,dom-inspection,,https://gadgetfix.com/category/oneplus-8-1945.html,False,False,2026-09-07T04:49:55+00:00,,,,,
GadgetFix,https://gadgetfix.com/,OnePlus,https://gadgetfix.com/category/oneplus-1637.html,6,dom-inspection,Oneplus Series,https://gadgetfix.com/category/oneplus-series-2043.html,1,dom-inspection,OnePlus 7T Pro,https://gadgetfix.com/category/oneplus-7t-pro-1990.html,12,0,12,3,dom-inspection,,https://gadgetfix.com/category/oneplus-7t-pro-1990.html,False,False,2026-09-07T04:49:55+00:00,,,,,
GadgetFix,https://gadgetfix.com/,OnePlus,https://gadgetfix.com/category/oneplus-1637.html,6,dom-inspection,Oneplus Series,https://gadgetfix.com/category/oneplus-series-2043.html,1,dom-inspection,OnePlus 7T,https://gadgetfix.com/category/oneplus-7t-1849.html,13,0,13,3,dom-inspection,,https://gadgetfix.com/category/oneplus-7t-1849.html,False,False,2026-09-07T04:49:55+00:00,,,,,
GadgetFix,https://gadgetfix.com/,OnePlus,https://gadgetfix.com/category/oneplus-1637.html,6,dom-inspection,Oneplus Series,https://gadgetfix.com/category/oneplus-series-2043.html,1,dom-inspection,OnePlus 7 Pro,https://gadgetfix.com/category/oneplus-7-pro-1768.html,14,0,14,3,dom-inspection,,https://gadgetfix.com/category/oneplus-7-pro-1768.html,False,False,2026-09-07T04:49:55+00:00,,,,,
GadgetFix,https://gadgetfix.com/,OnePlus,https://gadgetfix.com/category/oneplus-1637.html,6,dom-inspection,Oneplus Series,https://gadgetfix.com/category/oneplus-series-2043.html,1,dom-inspection,OnePlus 7,https://gadgetfix.com/category/oneplus-7-1758.html,15,0,15,3,dom-inspection,,https://gadgetfix.com/category/oneplus-7-1758.html,False,False,2026-09-07T04:49:55+00:00,,,,,
GadgetFix,https://gadgetfix.com/,OnePlus,https://gadgetfix.com/category/oneplus-1637.html,6,dom-inspection,Oneplus Series,https://gadgetfix.com/category/oneplus-series-2043.html,1,dom-inspection,OnePlus 6T,https://gadgetfix.com/category/oneplus-6t-1737.html,16,0,16,3,dom-inspection,,https://gadgetfix.com/category/oneplus-6t-1737.html,False,False,2026-09-07T04:49:55+00:00,,,,,
GadgetFix,https://gadgetfix.com/,OnePlus,https://gadgetfix.com/category/oneplus-1637.html,6,dom-inspection,Oneplus Series,https://gadgetfix.com/category/oneplus-series-2043.html,1,dom-inspection,OnePlus 6,https://gadgetfix.com/category/oneplus-6-1677.html,17,0,17,3,dom-inspection,,https://gadgetfix.com/category/oneplus-6-1677.html,False,False,2026-09-07T04:49:55+00:00,,,,,
GadgetFix,https://gadgetfix.com/,OnePlus,https://gadgetfix.com/category/oneplus-1637.html,6,dom-inspection,Oneplus Series,https://gadgetfix.com/category/oneplus-series-2043.html,1,dom-inspection,OnePlus 5T,https://gadgetfix.com/category/oneplus-5t-1676.html,18,0,18,3,dom-inspection,,https://gadgetfix.com/category/oneplus-5t-1676.html,False,False,2026-09-07T04:49:55+00:00,,,,,
GadgetFix,https://gadgetfix.com/,OnePlus,https://gadgetfix.com/category/oneplus-1637.html,6,dom-inspection,Oneplus Series,https://gadgetfix.com/category/oneplus-series-2043.html,1,dom-inspection,OnePlus 5,https://gadgetfix.com/category/oneplus-5-1675.html,19,0,19,3,dom-inspection,,https://gadgetfix.com/category/oneplus-5-1675.html,False,False,2026-09-07T04:49:55+00:00,,,,,
GadgetFix,https://gadgetfix.com/,OnePlus,https://gadgetfix.com/category/oneplus-1637.html,6,dom-inspection,Oneplus Series,https://gadgetfix.com/category/oneplus-series-2043.html,1,dom-inspection,OnePlus 3T,https://gadgetfix.com/category/oneplus-3t-1674.html,20,0,20,3,dom-inspection,,https://gadgetfix.com/category/oneplus-3t-1674.html,False,False,2026-09-07T04:49:55+00:00,,,,,
GadgetFix,https://gadgetfix.com/,OnePlus,https://gadgetfix.com/category/oneplus-1637.html,6,dom-inspection,Oneplus Series,https://gadgetfix.com/category/oneplus-series-2043.html,1,dom-inspection,OnePlus 3,https://gadgetfix.com/category/oneplus-3-1673.html,21,0,21,3,dom-inspection,,https://gadgetfix.com/category/oneplus-3-1673.html,False,False,2026-09-07T04:49:55+00:00,,,,,
GadgetFix,https://gadgetfix.com/,OnePlus,https://gadgetfix.com/category/oneplus-1637.html,6,dom-inspection,Oneplus Series,https://gadgetfix.com/category/oneplus-series-2043.html,1,dom-inspection,OnePlus 2,https://gadgetfix.com/category/oneplus-2-1672.html,22,0,22,3,dom-inspection,,https://gadgetfix.com/category/oneplus-2-1672.html,False,False,2026-09-07T04:49:55+00:00,,,,,
GadgetFix,https://gadgetfix.com/,OnePlus,https://gadgetfix.com/category/oneplus-1637.html,6,dom-inspection,Oneplus Series,https://gadgetfix.com/category/oneplus-series-2043.html,1,dom-inspection,OnePlus One,https://gadgetfix.com/category/oneplus-one-1671.html,23,0,23,3,dom-inspection,,https://gadgetfix.com/category/oneplus-one-1671.html,False,False,2026-09-07T04:49:55+00:00,,,,,
GadgetFix,https://gadgetfix.com/,OnePlus,https://gadgetfix.com/category/oneplus-1637.html,6,dom-inspection,Nord Series,https://gadgetfix.com/category/nord-series-2044.html,2,dom-inspection,OnePlus Nord N300 5G,https://gadgetfix.com/category/oneplus-nord-n300-5g-2067.html,1,0,1,3,dom-inspection,,https://gadgetfix.com/category/oneplus-nord-n300-5g-2067.html,False,False,2026-09-07T04:49:55+00:00,,,,,
GadgetFix,https://gadgetfix.com/,OnePlus,https://gadgetfix.com/category/oneplus-1637.html,6,dom-inspection,Nord Series,https://gadgetfix.com/category/nord-series-2044.html,2,dom-inspection,OnePlus Nord N30 5G,https://gadgetfix.com/category/oneplus-nord-n30-5g-2124.html,2,0,2,3,dom-inspection,,https://gadgetfix.com/category/oneplus-nord-n30-5g-2124.html,False,False,2026-09-07T04:49:55+00:00,,,,,
GadgetFix,https://gadgetfix.com/,OnePlus,https://gadgetfix.com/category/oneplus-1637.html,6,dom-inspection,Nord Series,https://gadgetfix.com/category/nord-series-2044.html,2,dom-inspection,OnePlus Nord N200 5G,https://gadgetfix.com/category/oneplus-nord-n200-5g-1941.html,3,0,3,3,dom-inspection,,https://gadgetfix.com/category/oneplus-nord-n200-5g-1941.html,False,False,2026-09-07T04:49:55+00:00,,,,,
GadgetFix,https://gadgetfix.com/,OnePlus,https://gadgetfix.com/category/oneplus-1637.html,6,dom-inspection,Nord Series,https://gadgetfix.com/category/nord-series-2044.html,2,dom-inspection,OnePlus Nord N20 SE,https://gadgetfix.com/category/oneplus-nord-n20-se-2033.html,4,0,4,3,dom-inspection,,https://gadgetfix.com/category/oneplus-nord-n20-se-2033.html,False,False,2026-09-07T04:49:55+00:00,,,,,
GadgetFix,https://gadgetfix.com/,OnePlus,https://gadgetfix.com/category/oneplus-1637.html,6,dom-inspection,Nord Series,https://gadgetfix.com/category/nord-series-2044.html,2,dom-inspection,OnePlus Nord N10 5G,https://gadgetfix.com/category/oneplus-nord-n10-5g-1935.html,5,0,5,3,dom-inspection,,https://gadgetfix.com/category/oneplus-nord-n10-5g-1935.html,False,False,2026-09-07T04:49:55+00:00,,,,,
GadgetFix,https://gadgetfix.com/,OnePlus,https://gadgetfix.com/category/oneplus-1637.html,6,dom-inspection,Nord Series,https://gadgetfix.com/category/nord-series-2044.html,2,dom-inspection,OnePlus Nord CE 2 5G,https://gadgetfix.com/category/oneplus-nord-ce-2-5g-1999.html,6,0,6,3,dom-inspection,,https://gadgetfix.com/category/oneplus-nord-ce-2-5g-1999.html,False,False,2026-09-07T04:49:55+00:00,,,,,
GadgetFix,https://gadgetfix.com/,OnePlus,https://gadgetfix.com/category/oneplus-1637.html,6,dom-inspection,Nord Series,https://gadgetfix.com/category/nord-series-2044.html,2,dom-inspection,OnePlus Nord CE 5G,https://gadgetfix.com/category/oneplus-nord-ce-5g-1998.html,7,0,7,3,dom-inspection,,https://gadgetfix.com/category/oneplus-nord-ce-5g-1998.html,False,False,2026-09-07T04:49:55+00:00,,,,,
GadgetFix,https://gadgetfix.com/,OnePlus,https://gadgetfix.com/category/oneplus-1637.html,6,dom-inspection,Nord Series,https://gadgetfix.com/category/nord-series-2044.html,2,dom-inspection,OnePlus Nord 2 5G,https://gadgetfix.com/category/oneplus-nord-2-5g-1997.html,8,0,8,3,dom-inspection,,https://gadgetfix.com/category/oneplus-nord-2-5g-1997.html,False,False,2026-09-07T04:49:55+00:00,,,,,
GadgetFix,https://gadgetfix.com/,OnePlus,https://gadgetfix.com/category/oneplus-1637.html,6,dom-inspection,Nord Series,https://gadgetfix.com/category/nord-series-2044.html,2,dom-inspection,OnePlus Nord N100,https://gadgetfix.com/category/oneplus-nord-n100-1934.html,9,0,9,3,dom-inspection,,https://gadgetfix.com/category/oneplus-nord-n100-1934.html,False,False,2026-09-07T04:49:55+00:00,,,,,
GadgetFix,https://gadgetfix.com/,OnePlus,https://gadgetfix.com/category/oneplus-1637.html,6,dom-inspection,Nord Series,https://gadgetfix.com/category/nord-series-2044.html,2,dom-inspection,OnePlus Nord,https://gadgetfix.com/category/oneplus-nord-2000.html,10,0,10,3,dom-inspection,,https://gadgetfix.com/category/oneplus-nord-2000.html,False,False,2026-09-07T04:49:55+00:00,,,,,
GadgetFix,https://gadgetfix.com/,OnePlus,https://gadgetfix.com/category/oneplus-1637.html,6,dom-inspection,Others,https://gadgetfix.com/category/others-2042.html,3,dom-inspection,OnePlus Ace Pro,https://gadgetfix.com/category/oneplus-ace-pro-2038.html,1,0,1,3,dom-inspection,,https://gadgetfix.com/category/oneplus-ace-pro-2038.html,False,False,2026-09-07T04:49:55+00:00,,,,,
GadgetFix,https://gadgetfix.com/,OnePlus,https://gadgetfix.com/category/oneplus-1637.html,6,dom-inspection,Others,https://gadgetfix.com/category/others-2042.html,3,dom-inspection,OnePlus Ace 3 5G,https://gadgetfix.com/category/oneplus-ace-3-5g-2182.html,2,0,2,3,dom-inspection,,https://gadgetfix.com/category/oneplus-ace-3-5g-2182.html,False,False,2026-09-07T04:49:55+00:00,,,,,
GadgetFix,https://gadgetfix.com/,OnePlus,https://gadgetfix.com/category/oneplus-1637.html,6,dom-inspection,Others,https://gadgetfix.com/category/others-2042.html,3,dom-inspection,OnePlus Ace,https://gadgetfix.com/category/oneplus-ace-2037.html,3,0,3,3,dom-inspection,,https://gadgetfix.com/category/oneplus-ace-2037.html,False,False,2026-09-07T04:49:55+00:00,,,,,
GadgetFix,https://gadgetfix.com/,Samsung,https://gadgetfix.com/category/samsung-1172.html,7,dom-inspection,Galaxy S Series,https://gadgetfix.com/category/galaxy-s-series-1562.html,1,dom-inspection,S26 Ultra,https://gadgetfix.com/category/s26-ultra-2230.html,1,0,1,3,dom-inspection,,https://gadgetfix.com/category/s26-ultra-2230.html,False,False,2026-09-07T04:49:55+00:00,,,,,
GadgetFix,https://gadgetfix.com/,Samsung,https://gadgetfix.com/category/samsung-1172.html,7,dom-inspection,Galaxy S Series,https://gadgetfix.com/category/galaxy-s-series-1562.html,1,dom-inspection,S26 Plus,https://gadgetfix.com/category/s26-plus-2229.html,2,0,2,3,dom-inspection,,https://gadgetfix.com/category/s26-plus-2229.html,False,False,2026-09-07T04:49:55+00:00,,,,,
GadgetFix,https://gadgetfix.com/,Samsung,https://gadgetfix.com/category/samsung-1172.html,7,dom-inspection,Galaxy S Series,https://gadgetfix.com/category/galaxy-s-series-1562.html,1,dom-inspection,S26,https://gadgetfix.com/category/s26-2228.html,3,0,3,3,dom-inspection,,https://gadgetfix.com/category/s26-2228.html,False,False,2026-09-07T04:49:55+00:00,,,,,
GadgetFix,https://gadgetfix.com/,Samsung,https://gadgetfix.com/category/samsung-1172.html,7,dom-inspection,Galaxy S Series,https://gadgetfix.com/category/galaxy-s-series-1562.html,1,dom-inspection,S25 FE,https://gadgetfix.com/category/s25-fe-2213.html,4,0,4,3,dom-inspection,,https://gadgetfix.com/category/s25-fe-2213.html,False,False,2026-09-07T04:49:55+00:00,,,,,
GadgetFix,https://gadgetfix.com/,Samsung,https://gadgetfix.com/category/samsung-1172.html,7,dom-inspection,Galaxy S Series,https://gadgetfix.com/category/galaxy-s-series-1562.html,1,dom-inspection,S25 Edge,https://gadgetfix.com/category/s25-edge-2204.html,5,0,5,3,dom-inspection,,https://gadgetfix.com/category/s25-edge-2204.html,False,False,2026-09-07T04:49:55+00:00,,,,,
GadgetFix,https://gadgetfix.com/,Samsung,https://gadgetfix.com/category/samsung-1172.html,7,dom-inspection,Galaxy S Series,https://gadgetfix.com/category/galaxy-s-series-1562.html,1,dom-inspection,S25 Ultra,https://gadgetfix.com/category/s25-ultra-2187.html,6,0,6,3,dom-inspection,,https://gadgetfix.com/category/s25-ultra-2187.html,False,False,2026-09-07T04:49:55+00:00,,,,,
GadgetFix,https://gadgetfix.com/,Samsung,https://gadgetfix.com/category/samsung-1172.html,7,dom-inspection,Galaxy S Series,https://gadgetfix.com/category/galaxy-s-series-1562.html,1,dom-inspection,S25 Plus,https://gadgetfix.com/category/s25-plus-2186.html,7,0,7,3,dom-inspection,,https://gadgetfix.com/category/s25-plus-2186.html,False,False,2026-09-07T04:49:55+00:00,,,,,
GadgetFix,https://gadgetfix.com/,Samsung,https://gadgetfix.com/category/samsung-1172.html,7,dom-inspection,Galaxy S Series,https://gadgetfix.com/category/galaxy-s-series-1562.html,1,dom-inspection,S25,https://gadgetfix.com/category/s25-2185.html,8,0,8,3,dom-inspection,,https://gadgetfix.com/category/s25-2185.html,False,False,2026-09-07T04:49:55+00:00,,,,,
GadgetFix,https://gadgetfix.com/,Samsung,https://gadgetfix.com/category/samsung-1172.html,7,dom-inspection,Galaxy S Series,https://gadgetfix.com/category/galaxy-s-series-1562.html,1,dom-inspection,S24 FE,https://gadgetfix.com/category/s24-fe-2183.html,9,0,9,3,dom-inspection,,https://gadgetfix.com/category/s24-fe-2183.html,False,False,2026-09-07T04:49:55+00:00,,,,,
GadgetFix,https://gadgetfix.com/,Samsung,https://gadgetfix.com/category/samsung-1172.html,7,dom-inspection,Galaxy S Series,https://gadgetfix.com/category/galaxy-s-series-1562.html,1,dom-inspection,S24 Ultra 5G,https://gadgetfix.com/category/s24-ultra-5g-2107.html,10,0,10,3,dom-inspection,,https://gadgetfix.com/category/s24-ultra-5g-2107.html,False,False,2026-09-07T04:49:55+00:00,,,,,
GadgetFix,https://gadgetfix.com/,Samsung,https://gadgetfix.com/category/samsung-1172.html,7,dom-inspection,Galaxy S Series,https://gadgetfix.com/category/galaxy-s-series-1562.html,1,dom-inspection,S24 Plus 5G,https://gadgetfix.com/category/s24-plus-5g-2115.html,11,0,11,3,dom-inspection,,https://gadgetfix.com/category/s24-plus-5g-2115.html,False,False,2026-09-07T04:49:55+00:00,,,,,
GadgetFix,https://gadgetfix.com/,Samsung,https://gadgetfix.com/category/samsung-1172.html,7,dom-inspection,Galaxy S Series,https://gadgetfix.com/category/galaxy-s-series-1562.html,1,dom-inspection,S24 5G,https://gadgetfix.com/category/s24-5g-2112.html,12,0,12,3,dom-inspection,,https://gadgetfix.com/category/s24-5g-2112.html,False,False,2026-09-07T04:49:55+00:00,,,,,
GadgetFix,https://gadgetfix.com/,Samsung,https://gadgetfix.com/category/samsung-1172.html,7,dom-inspection,Galaxy S Series,https://gadgetfix.com/category/galaxy-s-series-1562.html,1,dom-inspection,S23 FE,https://gadgetfix.com/category/s23-fe-2106.html,13,0,13,3,dom-inspection,,https://gadgetfix.com/category/s23-fe-2106.html,False,False,2026-09-07T04:49:55+00:00,,,,,
GadgetFix,https://gadgetfix.com/,Samsung,https://gadgetfix.com/category/samsung-1172.html,7,dom-inspection,Galaxy S Series,https://gadgetfix.com/category/galaxy-s-series-1562.html,1,dom-inspection,S23 Ultra,https://gadgetfix.com/category/s23-ultra-2076.html,14,0,14,3,dom-inspection,,https://gadgetfix.com/category/s23-ultra-2076.html,False,False,2026-09-07T04:49:55+00:00,,,,,
GadgetFix,https://gadgetfix.com/,Samsung,https://gadgetfix.com/category/samsung-1172.html,7,dom-inspection,Galaxy S Series,https://gadgetfix.com/category/galaxy-s-series-1562.html,1,dom-inspection,S23 Plus,https://gadgetfix.com/category/s23-plus-2075.html,15,0,15,3,dom-inspection,,https://gadgetfix.com/category/s23-plus-2075.html,False,False,2026-09-07T04:49:55+00:00,,,,,
GadgetFix,https://gadgetfix.com/,Samsung,https://gadgetfix.com/category/samsung-1172.html,7,dom-inspection,Galaxy S Series,https://gadgetfix.com/category/galaxy-s-series-1562.html,1,dom-inspection,S23,https://gadgetfix.com/category/s23-2074.html,16,0,16,3,dom-inspection,,https://gadgetfix.com/category/s23-2074.html,False,False,2026-09-07T04:49:55+00:00,,,,,
GadgetFix,https://gadgetfix.com/,Samsung,https://gadgetfix.com/category/samsung-1172.html,7,dom-inspection,Galaxy S Series,https://gadgetfix.com/category/galaxy-s-series-1562.html,1,dom-inspection,S22 Ultra,https://gadgetfix.com/category/s22-ultra-1985.html,17,0,17,3,dom-inspection,,https://gadgetfix.com/category/s22-ultra-1985.html,False,False,2026-09-07T04:49:55+00:00,,,,,
GadgetFix,https://gadgetfix.com/,Samsung,https://gadgetfix.com/category/samsung-1172.html,7,dom-inspection,Galaxy S Series,https://gadgetfix.com/category/galaxy-s-series-1562.html,1,dom-inspection,S22 Plus,https://gadgetfix.com/category/s22-plus-1984.html,18,0,18,3,dom-inspection,,https://gadgetfix.com/category/s22-plus-1984.html,False,False,2026-09-07T04:49:55+00:00,,,,,
GadgetFix,https://gadgetfix.com/,Samsung,https://gadgetfix.com/category/samsung-1172.html,7,dom-inspection,Galaxy S Series,https://gadgetfix.com/category/galaxy-s-series-1562.html,1,dom-inspection,S22,https://gadgetfix.com/category/s22-1983.html,19,0,19,3,dom-inspection,,https://gadgetfix.com/category/s22-1983.html,False,False,2026-09-07T04:49:55+00:00,,,,,
GadgetFix,https://gadgetfix.com/,Samsung,https://gadgetfix.com/category/samsung-1172.html,7,dom-inspection,Galaxy S Series,https://gadgetfix.com/category/galaxy-s-series-1562.html,1,dom-inspection,S21 FE,https://gadgetfix.com/category/s21-fe-1952.html,20,0,20,3,dom-inspection,,https://gadgetfix.com/category/s21-fe-1952.html,False,False,2026-09-07T04:49:55+00:00,,,,,
GadgetFix,https://gadgetfix.com/,Samsung,https://gadgetfix.com/category/samsung-1172.html,7,dom-inspection,Galaxy S Series,https://gadgetfix.com/category/galaxy-s-series-1562.html,1,dom-inspection,S21 Ultra 5G,https://gadgetfix.com/category/s21-ultra-5g-1879.html,21,0,21,3,dom-inspection,,https://gadgetfix.com/category/s21-ultra-5g-1879.html,False,False,2026-09-07T04:49:55+00:00,,,,,
GadgetFix,https://gadgetfix.com/,Samsung,https://gadgetfix.com/category/samsung-1172.html,7,dom-inspection,Galaxy S Series,https://gadgetfix.com/category/galaxy-s-series-1562.html,1,dom-inspection,S21 Plus 5G,https://gadgetfix.com/category/s21-plus-5g-1878.html,22,0,22,3,dom-inspection,,https://gadgetfix.com/category/s21-plus-5g-1878.html,False,False,2026-09-07T04:49:55+00:00,,,,,
GadgetFix,https://gadgetfix.com/,Samsung,https://gadgetfix.com/category/samsung-1172.html,7,dom-inspection,Galaxy S Series,https://gadgetfix.com/category/galaxy-s-series-1562.html,1,dom-inspection,S21 5G,https://gadgetfix.com/category/s21-5g-1877.html,23,0,23,3,dom-inspection,,https://gadgetfix.com/category/s21-5g-1877.html,False,False,2026-09-07T04:49:55+00:00,,,,,
GadgetFix,https://gadgetfix.com/,Samsung,https://gadgetfix.com/category/samsung-1172.html,7,dom-inspection,Galaxy S Series,https://gadgetfix.com/category/galaxy-s-series-1562.html,1,dom-inspection,S20 FE,https://gadgetfix.com/category/s20-fe-1868.html,24,0,24,3,dom-inspection,,https://gadgetfix.com/category/s20-fe-1868.html,False,False,2026-09-07T04:49:55+00:00,,,,,
GadgetFix,https://gadgetfix.com/,Samsung,https://gadgetfix.com/category/samsung-1172.html,7,dom-inspection,Galaxy S Series,https://gadgetfix.com/category/galaxy-s-series-1562.html,1,dom-inspection,S20 Ultra,https://gadgetfix.com/category/s20-ultra-1795.html,25,0,25,3,dom-inspection,,https://gadgetfix.com/category/s20-ultra-1795.html,False,False,2026-09-07T04:49:55+00:00,,,,,
GadgetFix,https://gadgetfix.com/,Samsung,https://gadgetfix.com/category/samsung-1172.html,7,dom-inspection,Galaxy S Series,https://gadgetfix.com/category/galaxy-s-series-1562.html,1,dom-inspection,S20 Plus 4G | 5G,https://gadgetfix.com/category/s20-plus-4g-5g-1797.html,26,0,26,3,dom-inspection,,https://gadgetfix.com/category/s20-plus-4g-5g-1797.html,False,False,2026-09-07T04:49:55+00:00,,,,,
GadgetFix,https://gadgetfix.com/,Samsung,https://gadgetfix.com/category/samsung-1172.html,7,dom-inspection,Galaxy S Series,https://gadgetfix.com/category/galaxy-s-series-1562.html,1,dom-inspection,S20 5G,https://gadgetfix.com/category/s20-5g-1796.html,27,0,27,3,dom-inspection,,https://gadgetfix.com/category/s20-5g-1796.html,False,False,2026-09-07T04:49:55+00:00,,,,,
GadgetFix,https://gadgetfix.com/,Samsung,https://gadgetfix.com/category/samsung-1172.html,7,dom-inspection,Galaxy S Series,https://gadgetfix.com/category/galaxy-s-series-1562.html,1,dom-inspection,S10 5G,https://gadgetfix.com/category/s10-5g-1765.html,28,0,28,3,dom-inspection,,https://gadgetfix.com/category/s10-5g-1765.html,False,False,2026-09-07T04:49:55+00:00,,,,,
GadgetFix,https://gadgetfix.com/,Samsung,https://gadgetfix.com/category/samsung-1172.html,7,dom-inspection,Galaxy S Series,https://gadgetfix.com/category/galaxy-s-series-1562.html,1,dom-inspection,S10 Plus,https://gadgetfix.com/category/s10-plus-1745.html,29,0,29,3,dom-inspection,,https://gadgetfix.com/category/s10-plus-1745.html,False,False,2026-09-07T04:49:55+00:00,,,,,
GadgetFix,https://gadgetfix.com/,Samsung,https://gadgetfix.com/category/samsung-1172.html,7,dom-inspection,Galaxy S Series,https://gadgetfix.com/category/galaxy-s-series-1562.html,1,dom-inspection,S10 Lite,https://gadgetfix.com/category/s10-lite-1801.html,30,0,30,3,dom-inspection,,https://gadgetfix.com/category/s10-lite-1801.html,False,False,2026-09-07T04:49:55+00:00,,,,,
GadgetFix,https://gadgetfix.com/,Samsung,https://gadgetfix.com/category/samsung-1172.html,7,dom-inspection,Galaxy S Series,https://gadgetfix.com/category/galaxy-s-series-1562.html,1,dom-inspection,S10,https://gadgetfix.com/category/s10-1744.html,31,0,31,3,dom-inspection,,https://gadgetfix.com/category/s10-1744.html,False,False,2026-09-07T04:49:55+00:00,,,,,
GadgetFix,https://gadgetfix.com/,Samsung,https://gadgetfix.com/category/samsung-1172.html,7,dom-inspection,Galaxy S Series,https://gadgetfix.com/category/galaxy-s-series-1562.html,1,dom-inspection,S10e,https://gadgetfix.com/category/s10e-1747.html,32,0,32,3,dom-inspection,,https://gadgetfix.com/category/s10e-1747.html,False,False,2026-09-07T04:49:55+00:00,,,,,
GadgetFix,https://gadgetfix.com/,Samsung,https://gadgetfix.com/category/samsung-1172.html,7,dom-inspection,Galaxy S Series,https://gadgetfix.com/category/galaxy-s-series-1562.html,1,dom-inspection,S9 Plus,https://gadgetfix.com/category/s9-plus-1651.html,33,0,33,3,dom-inspection,,https://gadgetfix.com/category/s9-plus-1651.html,False,False,2026-09-07T04:49:55+00:00,,,,,
GadgetFix,https://gadgetfix.com/,Samsung,https://gadgetfix.com/category/samsung-1172.html,7,dom-inspection,Galaxy S Series,https://gadgetfix.com/category/galaxy-s-series-1562.html,1,dom-inspection,S9,https://gadgetfix.com/category/s9-1650.html,34,0,34,3,dom-inspection,,https://gadgetfix.com/category/s9-1650.html,False,False,2026-09-07T04:49:55+00:00,,,,,
GadgetFix,https://gadgetfix.com/,Samsung,https://gadgetfix.com/category/samsung-1172.html,7,dom-inspection,Galaxy S Series,https://gadgetfix.com/category/galaxy-s-series-1562.html,1,dom-inspection,S8 Active,https://gadgetfix.com/category/s8-active-1655.html,35,0,35,3,dom-inspection,,https://gadgetfix.com/category/s8-active-1655.html,False,False,2026-09-07T04:49:55+00:00,,,,,
GadgetFix,https://gadgetfix.com/,Samsung,https://gadgetfix.com/category/samsung-1172.html,7,dom-inspection,Galaxy S Series,https://gadgetfix.com/category/galaxy-s-series-1562.html,1,dom-inspection,S8 Plus,https://gadgetfix.com/category/s8-plus-1610.html,36,0,36,3,dom-inspection,,https://gadgetfix.com/category/s8-plus-1610.html,False,False,2026-09-07T04:49:55+00:00,,,,,
GadgetFix,https://gadgetfix.com/,Samsung,https://gadgetfix.com/category/samsung-1172.html,7,dom-inspection,Galaxy S Series,https://gadgetfix.com/category/galaxy-s-series-1562.html,1,dom-inspection,S8,https://gadgetfix.com/category/s8-1609.html,37,0,37,3,dom-inspection,,https://gadgetfix.com/category/s8-1609.html,False,False,2026-09-07T04:49:55+00:00,,,,,
GadgetFix,https://gadgetfix.com/,Samsung,https://gadgetfix.com/category/samsung-1172.html,7,dom-inspection,Galaxy S Series,https://gadgetfix.com/category/galaxy-s-series-1562.html,1,dom-inspection,S7 Active,https://gadgetfix.com/category/s7-active-1606.html,38,0,38,3,dom-inspection,,https://gadgetfix.com/category/s7-active-1606.html,False,False,2026-09-07T04:49:55+00:00,,,,,
GadgetFix,https://gadgetfix.com/,Samsung,https://gadgetfix.com/category/samsung-1172.html,7,dom-inspection,Galaxy S Series,https://gadgetfix.com/category/galaxy-s-series-1562.html,1,dom-inspection,S7 Edge,https://gadgetfix.com/category/s7-edge-1581.html,39,0,39,3,dom-inspection,,https://gadgetfix.com/category/s7-edge-1581.html,False,False,2026-09-07T04:49:55+00:00,,,,,
GadgetFix,https://gadgetfix.com/,Samsung,https://gadgetfix.com/category/samsung-1172.html,7,dom-inspection,Galaxy S Series,https://gadgetfix.com/category/galaxy-s-series-1562.html,1,dom-inspection,S7,https://gadgetfix.com/category/s7-1579.html,40,0,40,3,dom-inspection,,https://gadgetfix.com/category/s7-1579.html,False,False,2026-09-07T04:49:55+00:00,,,,,
GadgetFix,https://gadgetfix.com/,Samsung,https://gadgetfix.com/category/samsung-1172.html,7,dom-inspection,Galaxy S Series,https://gadgetfix.com/category/galaxy-s-series-1562.html,1,dom-inspection,S6 Edge Plus,https://gadgetfix.com/category/s6-edge-plus-1542.html,41,0,41,3,dom-inspection,,https://gadgetfix.com/category/s6-edge-plus-1542.html,False,False,2026-09-07T04:49:55+00:00,,,,,
GadgetFix,https://gadgetfix.com/,Samsung,https://gadgetfix.com/category/samsung-1172.html,7,dom-inspection,Galaxy S Series,https://gadgetfix.com/category/galaxy-s-series-1562.html,1,dom-inspection,S6 Edge,https://gadgetfix.com/category/s6-edge-1537.html,42,0,42,3,dom-inspection,,https://gadgetfix.com/category/s6-edge-1537.html,False,False,2026-09-07T04:49:55+00:00,,,,,
GadgetFix,https://gadgetfix.com/,Samsung,https://gadgetfix.com/category/samsung-1172.html,7,dom-inspection,Galaxy S Series,https://gadgetfix.com/category/galaxy-s-series-1562.html,1,dom-inspection,S6 Active,https://gadgetfix.com/category/s6-active-1568.html,43,0,43,3,dom-inspection,,https://gadgetfix.com/category/s6-active-1568.html,False,False,2026-09-07T04:49:55+00:00,,,,,
GadgetFix,https://gadgetfix.com/,Samsung,https://gadgetfix.com/category/samsung-1172.html,7,dom-inspection,Galaxy S Series,https://gadgetfix.com/category/galaxy-s-series-1562.html,1,dom-inspection,S6,https://gadgetfix.com/category/s6-1534.html,44,0,44,3,dom-inspection,,https://gadgetfix.com/category/s6-1534.html,False,False,2026-09-07T04:49:55+00:00,,,,,
GadgetFix,https://gadgetfix.com/,Samsung,https://gadgetfix.com/category/samsung-1172.html,7,dom-inspection,Galaxy S Series,https://gadgetfix.com/category/galaxy-s-series-1562.html,1,dom-inspection,S5 Active,https://gadgetfix.com/category/s5-active-1536.html,45,0,45,3,dom-inspection,,https://gadgetfix.com/category/s5-active-1536.html,False,False,2026-09-07T04:49:55+00:00,,,,,
GadgetFix,https://gadgetfix.com/,Samsung,https://gadgetfix.com/category/samsung-1172.html,7,dom-inspection,Galaxy S Series,https://gadgetfix.com/category/galaxy-s-series-1562.html,1,dom-inspection,S5,https://gadgetfix.com/category/s5-1231.html,46,0,46,3,dom-inspection,,https://gadgetfix.com/category/s5-1231.html,False,False,2026-09-07T04:49:55+00:00,,,,,
GadgetFix,https://gadgetfix.com/,Samsung,https://gadgetfix.com/category/samsung-1172.html,7,dom-inspection,Galaxy S Series,https://gadgetfix.com/category/galaxy-s-series-1562.html,1,dom-inspection,S4 Active,https://gadgetfix.com/category/s4-active-1286.html,47,0,47,3,dom-inspection,,https://gadgetfix.com/category/s4-active-1286.html,False,False,2026-09-07T04:49:55+00:00,,,,,
GadgetFix,https://gadgetfix.com/,Samsung,https://gadgetfix.com/category/samsung-1172.html,7,dom-inspection,Galaxy S Series,https://gadgetfix.com/category/galaxy-s-series-1562.html,1,dom-inspection,Galaxy S4,https://gadgetfix.com/category/galaxy-s4-1232.html,48,0,48,3,dom-inspection,,https://gadgetfix.com/category/galaxy-s4-1232.html,False,False,2026-09-07T04:49:55+00:00,,,,,
GadgetFix,https://gadgetfix.com/,Samsung,https://gadgetfix.com/category/samsung-1172.html,7,dom-inspection,Galaxy Note Series,https://gadgetfix.com/category/galaxy-note-series-1563.html,2,dom-inspection,Galaxy Note 20 Ultra 5G,https://gadgetfix.com/category/galaxy-note-20-ultra-5g-1840.html,1,0,1,3,dom-inspection,,https://gadgetfix.com/category/galaxy-note-20-ultra-5g-1840.html,False,False,2026-09-07T04:49:55+00:00,,,,,
GadgetFix,https://gadgetfix.com/,Samsung,https://gadgetfix.com/category/samsung-1172.html,7,dom-inspection,Galaxy Note Series,https://gadgetfix.com/category/galaxy-note-series-1563.html,2,dom-inspection,Galaxy Note 20 5G,https://gadgetfix.com/category/galaxy-note-20-5g-1838.html,2,0,2,3,dom-inspection,,https://gadgetfix.com/category/galaxy-note-20-5g-1838.html,False,False,2026-09-07T04:49:55+00:00,,,,,
GadgetFix,https://gadgetfix.com/,Samsung,https://gadgetfix.com/category/samsung-1172.html,7,dom-inspection,Galaxy Note Series,https://gadgetfix.com/category/galaxy-note-series-1563.html,2,dom-inspection,Galaxy Note 10+,https://gadgetfix.com/category/galaxy-note-10-1767.html,3,0,3,3,dom-inspection,,https://gadgetfix.com/category/galaxy-note-10-1767.html,False,False,2026-09-07T04:49:55+00:00,,,,,
GadgetFix,https://gadgetfix.com/,Samsung,https://gadgetfix.com/category/samsung-1172.html,7,dom-inspection,Galaxy Note Series,https://gadgetfix.com/category/galaxy-note-series-1563.html,2,dom-inspection,Galaxy Note 10 Lite,https://gadgetfix.com/category/galaxy-note-10-lite-1841.html,4,0,4,3,dom-inspection,,https://gadgetfix.com/category/galaxy-note-10-lite-1841.html,False,False,2026-09-07T04:49:55+00:00,,,,,
GadgetFix,https://gadgetfix.com/,Samsung,https://gadgetfix.com/category/samsung-1172.html,7,dom-inspection,Galaxy Note Series,https://gadgetfix.com/category/galaxy-note-series-1563.html,2,dom-inspection,Galaxy Note 10,https://gadgetfix.com/category/galaxy-note-10-1766.html,5,0,5,3,dom-inspection,,https://gadgetfix.com/category/galaxy-note-10-1766.html,False,False,2026-09-07T04:49:55+00:00,,,,,
GadgetFix,https://gadgetfix.com/,Samsung,https://gadgetfix.com/category/samsung-1172.html,7,dom-inspection,Galaxy Note Series,https://gadgetfix.com/category/galaxy-note-series-1563.html,2,dom-inspection,Galaxy Note 9,https://gadgetfix.com/category/galaxy-note-9-1700.html,6,0,6,3,dom-inspection,,https://gadgetfix.com/category/galaxy-note-9-1700.html,False,False,2026-09-07T04:49:55+00:00,,,,,
GadgetFix,https://gadgetfix.com/,Samsung,https://gadgetfix.com/category/samsung-1172.html,7,dom-inspection,Galaxy Note Series,https://gadgetfix.com/category/galaxy-note-series-1563.html,2,dom-inspection,Galaxy Note 8,https://gadgetfix.com/category/galaxy-note-8-1629.html,7,0,7,3,dom-inspection,,https://gadgetfix.com/category/galaxy-note-8-1629.html,False,False,2026-09-07T04:49:55+00:00,,,,,
GadgetFix,https://gadgetfix.com/,Samsung,https://gadgetfix.com/category/samsung-1172.html,7,dom-inspection,Galaxy Note Series,https://gadgetfix.com/category/galaxy-note-series-1563.html,2,dom-inspection,Galaxy Note 5,https://gadgetfix.com/category/galaxy-note-5-1535.html,8,0,8,3,dom-inspection,,https://gadgetfix.com/category/galaxy-note-5-1535.html,False,False,2026-09-07T04:49:55+00:00,,,,,
GadgetFix,https://gadgetfix.com/,Samsung,https://gadgetfix.com/category/samsung-1172.html,7,dom-inspection,Galaxy Note Series,https://gadgetfix.com/category/galaxy-note-series-1563.html,2,dom-inspection,Galaxy Note 4,https://gadgetfix.com/category/galaxy-note-4-1344.html,9,0,9,3,dom-inspection,,https://gadgetfix.com/category/galaxy-note-4-1344.html,False,False,2026-09-07T04:49:55+00:00,,,,,
GadgetFix,https://gadgetfix.com/,Samsung,https://gadgetfix.com/category/samsung-1172.html,7,dom-inspection,Galaxy Note Series,https://gadgetfix.com/category/galaxy-note-series-1563.html,2,dom-inspection,Galaxy Note 3,https://gadgetfix.com/category/galaxy-note-3-1290.html,10,0,10,3,dom-inspection,,https://gadgetfix.com/category/galaxy-note-3-1290.html,False,False,2026-09-07T04:49:55+00:00,,,,,
GadgetFix,https://gadgetfix.com/,Samsung,https://gadgetfix.com/category/samsung-1172.html,7,dom-inspection,Galaxy Note Series,https://gadgetfix.com/category/galaxy-note-series-1563.html,2,dom-inspection,Galaxy Note 2,https://gadgetfix.com/category/galaxy-note-2-1289.html,11,0,11,3,dom-inspection,,https://gadgetfix.com/category/galaxy-note-2-1289.html,False,False,2026-09-07T04:49:55+00:00,,,,,
GadgetFix,https://gadgetfix.com/,Samsung,https://gadgetfix.com/category/samsung-1172.html,7,dom-inspection,Galaxy Note Series,https://gadgetfix.com/category/galaxy-note-series-1563.html,2,dom-inspection,Galaxy Note,https://gadgetfix.com/category/galaxy-note-1359.html,12,0,12,3,dom-inspection,,https://gadgetfix.com/category/galaxy-note-1359.html,False,False,2026-09-07T04:49:55+00:00,,,,,
GadgetFix,https://gadgetfix.com/,Samsung,https://gadgetfix.com/category/samsung-1172.html,7,dom-inspection,Galaxy A Series,https://gadgetfix.com/category/galaxy-a-series-1662.html,3,dom-inspection,Galaxy A90 5G (2019),https://gadgetfix.com/category/galaxy-a90-5g-2019-1862.html,1,0,1,3,dom-inspection,,https://gadgetfix.com/category/galaxy-a90-5g-2019-1862.html,False,False,2026-09-07T04:49:55+00:00,,,,,
GadgetFix,https://gadgetfix.com/,Samsung,https://gadgetfix.com/category/samsung-1172.html,7,dom-inspection,Galaxy A Series,https://gadgetfix.com/category/galaxy-a-series-1662.html,3,dom-inspection,Galaxy A80 (2019),https://gadgetfix.com/category/galaxy-a80-2019-1762.html,2,0,2,3,dom-inspection,,https://gadgetfix.com/category/galaxy-a80-2019-1762.html,False,False,2026-09-07T04:49:55+00:00,,,,,
GadgetFix,https://gadgetfix.com/,Samsung,https://gadgetfix.com/category/samsung-1172.html,7,dom-inspection,Galaxy A Series,https://gadgetfix.com/category/galaxy-a-series-1662.html,3,dom-inspection,Galaxy A73 5G (2022),https://gadgetfix.com/category/galaxy-a73-5g-2022-2029.html,3,0,3,3,dom-inspection,,https://gadgetfix.com/category/galaxy-a73-5g-2022-2029.html,False,False,2026-09-07T04:49:55+00:00,,,,,
GadgetFix,https://gadgetfix.com/,Samsung,https://gadgetfix.com/category/samsung-1172.html,7,dom-inspection,Galaxy A Series,https://gadgetfix.com/category/galaxy-a-series-1662.html,3,dom-inspection,Galaxy A72 (2021),https://gadgetfix.com/category/galaxy-a72-2021-1902.html,4,0,4,3,dom-inspection,,https://gadgetfix.com/category/galaxy-a72-2021-1902.html,False,False,2026-09-07T04:49:55+00:00,,,,,
GadgetFix,https://gadgetfix.com/,Samsung,https://gadgetfix.com/category/samsung-1172.html,7,dom-inspection,Galaxy A Series,https://gadgetfix.com/category/galaxy-a-series-1662.html,3,dom-inspection,Galaxy A71 5G (2020),https://gadgetfix.com/category/galaxy-a71-5g-2020-1880.html,5,0,5,3,dom-inspection,,https://gadgetfix.com/category/galaxy-a71-5g-2020-1880.html,False,False,2026-09-07T04:49:55+00:00,,,,,
GadgetFix,https://gadgetfix.com/,Samsung,https://gadgetfix.com/category/samsung-1172.html,7,dom-inspection,Galaxy A Series,https://gadgetfix.com/category/galaxy-a-series-1662.html,3,dom-inspection,Galaxy A71 (2020),https://gadgetfix.com/category/galaxy-a71-2020-1800.html,6,0,6,3,dom-inspection,,https://gadgetfix.com/category/galaxy-a71-2020-1800.html,False,False,2026-09-07T04:49:55+00:00,,,,,
GadgetFix,https://gadgetfix.com/,Samsung,https://gadgetfix.com/category/samsung-1172.html,7,dom-inspection,Galaxy A Series,https://gadgetfix.com/category/galaxy-a-series-1662.html,3,dom-inspection,Galaxy A70 (2019),https://gadgetfix.com/category/galaxy-a70-2019-1761.html,7,0,7,3,dom-inspection,,https://gadgetfix.com/category/galaxy-a70-2019-1761.html,False,False,2026-09-07T04:49:55+00:00,,,,,
GadgetFix,https://gadgetfix.com/,Samsung,https://gadgetfix.com/category/samsung-1172.html,7,dom-inspection,Galaxy A Series,https://gadgetfix.com/category/galaxy-a-series-1662.html,3,dom-inspection,Galaxy A60 (2019),https://gadgetfix.com/category/galaxy-a60-2019-1867.html,8,0,8,3,dom-inspection,,https://gadgetfix.com/category/galaxy-a60-2019-1867.html,False,False,2026-09-07T04:49:55+00:00,,,,,
GadgetFix,https://gadgetfix.com/,Samsung,https://gadgetfix.com/category/samsung-1172.html,7,dom-inspection,Galaxy A Series,https://gadgetfix.com/category/galaxy-a-series-1662.html,3,dom-inspection,Galaxy A57 5G (2026) | A576,https://gadgetfix.com/category/galaxy-a57-5g-2026-a576-2231.html,9,0,9,3,dom-inspection,,https://gadgetfix.com/category/galaxy-a57-5g-2026-a576-2231.html,False,False,2026-09-07T04:49:55+00:00,,,,,
GadgetFix,https://gadgetfix.com/,Samsung,https://gadgetfix.com/category/samsung-1172.html,7,dom-inspection,Galaxy A Series,https://gadgetfix.com/category/galaxy-a-series-1662.html,3,dom-inspection,Galaxy A56 5G (2025) | A566,https://gadgetfix.com/category/galaxy-a56-5g-2025-a566-2192.html,10,0,10,3,dom-inspection,,https://gadgetfix.com/category/galaxy-a56-5g-2025-a566-2192.html,False,False,2026-09-07T04:49:55+00:00,,,,,
GadgetFix,https://gadgetfix.com/,Samsung,https://gadgetfix.com/category/samsung-1172.html,7,dom-inspection,Galaxy A Series,https://gadgetfix.com/category/galaxy-a-series-1662.html,3,dom-inspection,Galaxy A55 5G (2024) | A556,https://gadgetfix.com/category/galaxy-a55-5g-2024-a556-2126.html,11,0,11,3,dom-inspection,,https://gadgetfix.com/category/galaxy-a55-5g-2024-a556-2126.html,False,False,2026-09-07T04:49:55+00:00,,,,,
GadgetFix,https://gadgetfix.com/,Samsung,https://gadgetfix.com/category/samsung-1172.html,7,dom-inspection,Galaxy A Series,https://gadgetfix.com/category/galaxy-a-series-1662.html,3,dom-inspection,Galaxy A54 5G (2023) | A546,https://gadgetfix.com/category/galaxy-a54-5g-2023-a546-2082.html,12,0,12,3,dom-inspection,,https://gadgetfix.com/category/galaxy-a54-5g-2023-a546-2082.html,False,False,2026-09-07T04:49:55+00:00,,,,,
GadgetFix,https://gadgetfix.com/,Samsung,https://gadgetfix.com/category/samsung-1172.html,7,dom-inspection,Galaxy A Series,https://gadgetfix.com/category/galaxy-a-series-1662.html,3,dom-inspection,Galaxy A53 5G (2022) | A536,https://gadgetfix.com/category/galaxy-a53-5g-2022-a536-2028.html,13,0,13,3,dom-inspection,,https://gadgetfix.com/category/galaxy-a53-5g-2022-a536-2028.html,False,False,2026-09-07T04:49:55+00:00,,,,,
GadgetFix,https://gadgetfix.com/,Samsung,https://gadgetfix.com/category/samsung-1172.html,7,dom-inspection,Galaxy A Series,https://gadgetfix.com/category/galaxy-a-series-1662.html,3,dom-inspection,Galaxy A52S 5G (2021),https://gadgetfix.com/category/galaxy-a52s-5g-2021-1959.html,14,0,14,3,dom-inspection,,https://gadgetfix.com/category/galaxy-a52s-5g-2021-1959.html,False,False,2026-09-07T04:49:55+00:00,,,,,
GadgetFix,https://gadgetfix.com/,Samsung,https://gadgetfix.com/category/samsung-1172.html,7,dom-inspection,Galaxy A Series,https://gadgetfix.com/category/galaxy-a-series-1662.html,3,dom-inspection,Galaxy A52 5G (2021),https://gadgetfix.com/category/galaxy-a52-5g-2021-1922.html,15,0,15,3,dom-inspection,,https://gadgetfix.com/category/galaxy-a52-5g-2021-1922.html,False,False,2026-09-07T04:49:55+00:00,,,,,
GadgetFix,https://gadgetfix.com/,Samsung,https://gadgetfix.com/category/samsung-1172.html,7,dom-inspection,Galaxy A Series,https://gadgetfix.com/category/galaxy-a-series-1662.html,3,dom-inspection,Galaxy A52 (2021),https://gadgetfix.com/category/galaxy-a52-2021-1921.html,16,0,16,3,dom-inspection,,https://gadgetfix.com/category/galaxy-a52-2021-1921.html,False,False,2026-09-07T04:49:55+00:00,,,,,
GadgetFix,https://gadgetfix.com/,Samsung,https://gadgetfix.com/category/samsung-1172.html,7,dom-inspection,Galaxy A Series,https://gadgetfix.com/category/galaxy-a-series-1662.html,3,dom-inspection,Galaxy A51 5G (2020),https://gadgetfix.com/category/galaxy-a51-5g-2020-1866.html,17,0,17,3,dom-inspection,,https://gadgetfix.com/category/galaxy-a51-5g-2020-1866.html,False,False,2026-09-07T04:49:55+00:00,,,,,
GadgetFix,https://gadgetfix.com/,Samsung,https://gadgetfix.com/category/samsung-1172.html,7,dom-inspection,Galaxy A Series,https://gadgetfix.com/category/galaxy-a-series-1662.html,3,dom-inspection,Galaxy A51 (2019),https://gadgetfix.com/category/galaxy-a51-2019-1799.html,18,0,18,3,dom-inspection,,https://gadgetfix.com/category/galaxy-a51-2019-1799.html,False,False,2026-09-07T04:49:55+00:00,,,,,
GadgetFix,https://gadgetfix.com/,Samsung,https://gadgetfix.com/category/samsung-1172.html,7,dom-inspection,Galaxy A Series,https://gadgetfix.com/category/galaxy-a-series-1662.html,3,dom-inspection,Galaxy A50S (2019),https://gadgetfix.com/category/galaxy-a50s-2019-1857.html,19,0,19,3,dom-inspection,,https://gadgetfix.com/category/galaxy-a50s-2019-1857.html,False,False,2026-09-07T04:49:55+00:00,,,,,
GadgetFix,https://gadgetfix.com/,Samsung,https://gadgetfix.com/category/samsung-1172.html,7,dom-inspection,Galaxy A Series,https://gadgetfix.com/category/galaxy-a-series-1662.html,3,dom-inspection,Galaxy A50 (2019),https://gadgetfix.com/category/galaxy-a50-2019-1760.html,20,0,20,3,dom-inspection,,https://gadgetfix.com/category/galaxy-a50-2019-1760.html,False,False,2026-09-07T04:49:55+00:00,,,,,
GadgetFix,https://gadgetfix.com/,Samsung,https://gadgetfix.com/category/samsung-1172.html,7,dom-inspection,Galaxy A Series,https://gadgetfix.com/category/galaxy-a-series-1662.html,3,dom-inspection,Galaxy A42 5G (2020),https://gadgetfix.com/category/galaxy-a42-5g-2020-1881.html,21,0,21,3,dom-inspection,,https://gadgetfix.com/category/galaxy-a42-5g-2020-1881.html,False,False,2026-09-07T04:49:55+00:00,,,,,
GadgetFix,https://gadgetfix.com/,Samsung,https://gadgetfix.com/category/samsung-1172.html,7,dom-inspection,Galaxy A Series,https://gadgetfix.com/category/galaxy-a-series-1662.html,3,dom-inspection,Galaxy A41 (2020),https://gadgetfix.com/category/galaxy-a41-2020-1835.html,22,0,22,3,dom-inspection,,https://gadgetfix.com/category/galaxy-a41-2020-1835.html,False,False,2026-09-07T04:49:55+00:00,,,,,
GadgetFix,https://gadgetfix.com/,Samsung,https://gadgetfix.com/category/samsung-1172.html,7,dom-inspection,Galaxy A Series,https://gadgetfix.com/category/galaxy-a-series-1662.html,3,dom-inspection,Galaxy A40 (2019),https://gadgetfix.com/category/galaxy-a40-2019-1769.html,23,0,23,3,dom-inspection,,https://gadgetfix.com/category/galaxy-a40-2019-1769.html,False,False,2026-09-07T04:49:55+00:00,,,,,
GadgetFix,https://gadgetfix.com/,Samsung,https://gadgetfix.com/category/samsung-1172.html,7,dom-inspection,Galaxy A Series,https://gadgetfix.com/category/galaxy-a-series-1662.html,3,dom-inspection,Galaxy A37 5G (2026),https://gadgetfix.com/category/galaxy-a37-5g-2026-2232.html,24,0,24,3,dom-inspection,,https://gadgetfix.com/category/galaxy-a37-5g-2026-2232.html,False,False,2026-09-07T04:49:55+00:00,,,,,
GadgetFix,https://gadgetfix.com/,Samsung,https://gadgetfix.com/category/samsung-1172.html,7,dom-inspection,Galaxy A Series,https://gadgetfix.com/category/galaxy-a-series-1662.html,3,dom-inspection,Galaxy A36 5G (2025),https://gadgetfix.com/category/galaxy-a36-5g-2025-2193.html,25,0,25,3,dom-inspection,,https://gadgetfix.com/category/galaxy-a36-5g-2025-2193.html,False,False,2026-09-07T04:49:55+00:00,,,,,
GadgetFix,https://gadgetfix.com/,Samsung,https://gadgetfix.com/category/samsung-1172.html,7,dom-inspection,Galaxy A Series,https://gadgetfix.com/category/galaxy-a-series-1662.html,3,dom-inspection,Galaxy A35 5G (2024),https://gadgetfix.com/category/galaxy-a35-5g-2024-2125.html,26,0,26,3,dom-inspection,,https://gadgetfix.com/category/galaxy-a35-5g-2024-2125.html,False,False,2026-09-07T04:49:55+00:00,,,,,
GadgetFix,https://gadgetfix.com/,Samsung,https://gadgetfix.com/category/samsung-1172.html,7,dom-inspection,Galaxy A Series,https://gadgetfix.com/category/galaxy-a-series-1662.html,3,dom-inspection,Galaxy A34 5G (2023),https://gadgetfix.com/category/galaxy-a34-5g-2023-2083.html,27,0,27,3,dom-inspection,,https://gadgetfix.com/category/galaxy-a34-5g-2023-2083.html,False,False,2026-09-07T04:49:55+00:00,,,,,
GadgetFix,https://gadgetfix.com/,Samsung,https://gadgetfix.com/category/samsung-1172.html,7,dom-inspection,Galaxy A Series,https://gadgetfix.com/category/galaxy-a-series-1662.html,3,dom-inspection,Galaxy A33 5G (2022),https://gadgetfix.com/category/galaxy-a33-5g-2022-2030.html,28,0,28,3,dom-inspection,,https://gadgetfix.com/category/galaxy-a33-5g-2022-2030.html,False,False,2026-09-07T04:49:55+00:00,,,,,
GadgetFix,https://gadgetfix.com/,Samsung,https://gadgetfix.com/category/samsung-1172.html,7,dom-inspection,Galaxy A Series,https://gadgetfix.com/category/galaxy-a-series-1662.html,3,dom-inspection,Galaxy A32 5G (2021),https://gadgetfix.com/category/galaxy-a32-5g-2021-1916.html,29,0,29,3,dom-inspection,,https://gadgetfix.com/category/galaxy-a32-5g-2021-1916.html,False,False,2026-09-07T04:49:55+00:00,,,,,
GadgetFix,https://gadgetfix.com/,Samsung,https://gadgetfix.com/category/samsung-1172.html,7,dom-inspection,Galaxy A Series,https://gadgetfix.com/category/galaxy-a-series-1662.html,3,dom-inspection,Galaxy A32 4G (2021),https://gadgetfix.com/category/galaxy-a32-4g-2021-1953.html,30,0,30,3,dom-inspection,,https://gadgetfix.com/category/galaxy-a32-4g-2021-1953.html,False,False,2026-09-07T04:49:55+00:00,,,,,
GadgetFix,https://gadgetfix.com/,Samsung,https://gadgetfix.com/category/samsung-1172.html,7,dom-inspection,Galaxy A Series,https://gadgetfix.com/category/galaxy-a-series-1662.html,3,dom-inspection,Galaxy A31 (2020),https://gadgetfix.com/category/galaxy-a31-2020-1837.html,31,0,31,3,dom-inspection,,https://gadgetfix.com/category/galaxy-a31-2020-1837.html,False,False,2026-09-07T04:49:55+00:00,,,,,
GadgetFix,https://gadgetfix.com/,Samsung,https://gadgetfix.com/category/samsung-1172.html,7,dom-inspection,Galaxy A Series,https://gadgetfix.com/category/galaxy-a-series-1662.html,3,dom-inspection,Galaxy A30S (2019),https://gadgetfix.com/category/galaxy-a30s-2019-1792.html,32,0,32,3,dom-inspection,,https://gadgetfix.com/category/galaxy-a30s-2019-1792.html,False,False,2026-09-07T04:49:55+00:00,,,,,
GadgetFix,https://gadgetfix.com/,Samsung,https://gadgetfix.com/category/samsung-1172.html,7,dom-inspection,Galaxy A Series,https://gadgetfix.com/category/galaxy-a-series-1662.html,3,dom-inspection,Galaxy A30 (2019),https://gadgetfix.com/category/galaxy-a30-2019-1772.html,33,0,33,3,dom-inspection,,https://gadgetfix.com/category/galaxy-a30-2019-1772.html,False,False,2026-09-07T04:49:55+00:00,,,,,
GadgetFix,https://gadgetfix.com/,Samsung,https://gadgetfix.com/category/samsung-1172.html,7,dom-inspection,Galaxy A Series,https://gadgetfix.com/category/galaxy-a-series-1662.html,3,dom-inspection,Galaxy A26 5G (2025),https://gadgetfix.com/category/galaxy-a26-5g-2025-2194.html,34,0,34,3,dom-inspection,,https://gadgetfix.com/category/galaxy-a26-5g-2025-2194.html,False,False,2026-09-07T04:49:55+00:00,,,,,
GadgetFix,https://gadgetfix.com/,Samsung,https://gadgetfix.com/category/samsung-1172.html,7,dom-inspection,Galaxy A Series,https://gadgetfix.com/category/galaxy-a-series-1662.html,3,dom-inspection,Galaxy A25 5G (2023),https://gadgetfix.com/category/galaxy-a25-5g-2023-2134.html,35,0,35,3,dom-inspection,,https://gadgetfix.com/category/galaxy-a25-5g-2023-2134.html,False,False,2026-09-07T04:49:55+00:00,,,,,
GadgetFix,https://gadgetfix.com/,Samsung,https://gadgetfix.com/category/samsung-1172.html,7,dom-inspection,Galaxy A Series,https://gadgetfix.com/category/galaxy-a-series-1662.html,3,dom-inspection,Galaxy A23 5G (2022),https://gadgetfix.com/category/galaxy-a23-5g-2022-2099.html,36,0,36,3,dom-inspection,,https://gadgetfix.com/category/galaxy-a23-5g-2022-2099.html,False,False,2026-09-07T04:49:55+00:00,,,,,
GadgetFix,https://gadgetfix.com/,Samsung,https://gadgetfix.com/category/samsung-1172.html,7,dom-inspection,Galaxy A Series,https://gadgetfix.com/category/galaxy-a-series-1662.html,3,dom-inspection,Galaxy A23 (2022),https://gadgetfix.com/category/galaxy-a23-2022-2085.html,37,0,37,3,dom-inspection,,https://gadgetfix.com/category/galaxy-a23-2022-2085.html,False,False,2026-09-07T04:49:55+00:00,,,,,
GadgetFix,https://gadgetfix.com/,Samsung,https://gadgetfix.com/category/samsung-1172.html,7,dom-inspection,Galaxy A Series,https://gadgetfix.com/category/galaxy-a-series-1662.html,3,dom-inspection,Galaxy A22 5G (2021),https://gadgetfix.com/category/galaxy-a22-5g-2021-1955.html,38,0,38,3,dom-inspection,,https://gadgetfix.com/category/galaxy-a22-5g-2021-1955.html,False,False,2026-09-07T04:49:55+00:00,,,,,
GadgetFix,https://gadgetfix.com/,Samsung,https://gadgetfix.com/category/samsung-1172.html,7,dom-inspection,Galaxy A Series,https://gadgetfix.com/category/galaxy-a-series-1662.html,3,dom-inspection,Galaxy A22 4G (2021),https://gadgetfix.com/category/galaxy-a22-4g-2021-1954.html,39,0,39,3,dom-inspection,,https://gadgetfix.com/category/galaxy-a22-4g-2021-1954.html,False,False,2026-09-07T04:49:55+00:00,,,,,
GadgetFix,https://gadgetfix.com/,Samsung,https://gadgetfix.com/category/samsung-1172.html,7,dom-inspection,Galaxy A Series,https://gadgetfix.com/category/galaxy-a-series-1662.html,3,dom-inspection,Galaxy A21S (2020),https://gadgetfix.com/category/galaxy-a21s-2020-1821.html,40,0,40,3,dom-inspection,,https://gadgetfix.com/category/galaxy-a21s-2020-1821.html,False,False,2026-09-07T04:49:55+00:00,,,,,
GadgetFix,https://gadgetfix.com/,Samsung,https://gadgetfix.com/category/samsung-1172.html,7,dom-inspection,Galaxy A Series,https://gadgetfix.com/category/galaxy-a-series-1662.html,3,dom-inspection,Galaxy A21 (2020),https://gadgetfix.com/category/galaxy-a21-2020-1876.html,41,0,41,3,dom-inspection,,https://gadgetfix.com/category/galaxy-a21-2020-1876.html,False,False,2026-09-07T04:49:55+00:00,,,,,
GadgetFix,https://gadgetfix.com/,Samsung,https://gadgetfix.com/category/samsung-1172.html,7,dom-inspection,Galaxy A Series,https://gadgetfix.com/category/galaxy-a-series-1662.html,3,dom-inspection,Galaxy A20S (2019),https://gadgetfix.com/category/galaxy-a20s-2019-1811.html,42,0,42,3,dom-inspection,,https://gadgetfix.com/category/galaxy-a20s-2019-1811.html,False,False,2026-09-07T04:49:55+00:00,,,,,
GadgetFix,https://gadgetfix.com/,Samsung,https://gadgetfix.com/category/samsung-1172.html,7,dom-inspection,Galaxy A Series,https://gadgetfix.com/category/galaxy-a-series-1662.html,3,dom-inspection,Galaxy A20e (2019),https://gadgetfix.com/category/galaxy-a20e-2019-1770.html,43,0,43,3,dom-inspection,,https://gadgetfix.com/category/galaxy-a20e-2019-1770.html,False,False,2026-09-07T04:49:55+00:00,,,,,
GadgetFix,https://gadgetfix.com/,Samsung,https://gadgetfix.com/category/samsung-1172.html,7,dom-inspection,Galaxy A Series,https://gadgetfix.com/category/galaxy-a-series-1662.html,3,dom-inspection,Galaxy A20 (2019),https://gadgetfix.com/category/galaxy-a20-2019-1757.html,44,0,44,3,dom-inspection,,https://gadgetfix.com/category/galaxy-a20-2019-1757.html,False,False,2026-09-07T04:49:55+00:00,,,,,
GadgetFix,https://gadgetfix.com/,Samsung,https://gadgetfix.com/category/samsung-1172.html,7,dom-inspection,Galaxy A Series,https://gadgetfix.com/category/galaxy-a-series-1662.html,3,dom-inspection,Galaxy A17 5G (2025),https://gadgetfix.com/category/galaxy-a17-5g-2025-2216.html,45,0,45,3,dom-inspection,,https://gadgetfix.com/category/galaxy-a17-5g-2025-2216.html,False,False,2026-09-07T04:49:55+00:00,,,,,
GadgetFix,https://gadgetfix.com/,Samsung,https://gadgetfix.com/category/samsung-1172.html,7,dom-inspection,Galaxy A Series,https://gadgetfix.com/category/galaxy-a-series-1662.html,3,dom-inspection,Galaxy A16 5G (2024),https://gadgetfix.com/category/galaxy-a16-5g-2024-2188.html,46,0,46,3,dom-inspection,,https://gadgetfix.com/category/galaxy-a16-5g-2024-2188.html,False,False,2026-09-07T04:49:55+00:00,,,,,
GadgetFix,https://gadgetfix.com/,Samsung,https://gadgetfix.com/category/samsung-1172.html,7,dom-inspection,Galaxy A Series,https://gadgetfix.com/category/galaxy-a-series-1662.html,3,dom-inspection,Galaxy A15 5G (2023),https://gadgetfix.com/category/galaxy-a15-5g-2023-2108.html,47,0,47,3,dom-inspection,,https://gadgetfix.com/category/galaxy-a15-5g-2023-2108.html,False,False,2026-09-07T04:49:55+00:00,,,,,
GadgetFix,https://gadgetfix.com/,Samsung,https://gadgetfix.com/category/samsung-1172.html,7,dom-inspection,Galaxy A Series,https://gadgetfix.com/category/galaxy-a-series-1662.html,3,dom-inspection,Galaxy A15 4G (2023),https://gadgetfix.com/category/galaxy-a15-4g-2023-2119.html,48,0,48,3,dom-inspection,,https://gadgetfix.com/category/galaxy-a15-4g-2023-2119.html,False,False,2026-09-07T04:49:55+00:00,,,,,
GadgetFix,https://gadgetfix.com/,Samsung,https://gadgetfix.com/category/samsung-1172.html,7,dom-inspection,Galaxy A Series,https://gadgetfix.com/category/galaxy-a-series-1662.html,3,dom-inspection,Galaxy A14 5G (2023,https://gadgetfix.com/category/galaxy-a14-5g-2023-2080.html,49,0,49,3,dom-inspection,,https://gadgetfix.com/category/galaxy-a14-5g-2023-2080.html,False,False,2026-09-07T04:49:55+00:00,,,,,
GadgetFix,https://gadgetfix.com/,Samsung,https://gadgetfix.com/category/samsung-1172.html,7,dom-inspection,Galaxy A Series,https://gadgetfix.com/category/galaxy-a-series-1662.html,3,dom-inspection,Galaxy A13 5G (2021),https://gadgetfix.com/category/galaxy-a13-5g-2021-1969.html,50,0,50,3,dom-inspection,,https://gadgetfix.com/category/galaxy-a13-5g-2021-1969.html,False,False,2026-09-07T04:49:55+00:00,,,,,
GadgetFix,https://gadgetfix.com/,Samsung,https://gadgetfix.com/category/samsung-1172.html,7,dom-inspection,Galaxy A Series,https://gadgetfix.com/category/galaxy-a-series-1662.html,3,dom-inspection,Galaxy A12 Nacho (2021),https://gadgetfix.com/category/galaxy-a12-nacho-2021-1956.html,51,0,51,3,dom-inspection,,https://gadgetfix.com/category/galaxy-a12-nacho-2021-1956.html,False,False,2026-09-07T04:49:55+00:00,,,,,
GadgetFix,https://gadgetfix.com/,Samsung,https://gadgetfix.com/category/samsung-1172.html,7,dom-inspection,Galaxy A Series,https://gadgetfix.com/category/galaxy-a-series-1662.html,3,dom-inspection,Galaxy A12 (2020),https://gadgetfix.com/category/galaxy-a12-2020-1882.html,52,0,52,3,dom-inspection,,https://gadgetfix.com/category/galaxy-a12-2020-1882.html,False,False,2026-09-07T04:49:55+00:00,,,,,
GadgetFix,https://gadgetfix.com/,Samsung,https://gadgetfix.com/category/samsung-1172.html,7,dom-inspection,Galaxy A Series,https://gadgetfix.com/category/galaxy-a-series-1662.html,3,dom-inspection,Galaxy A11 (2020),https://gadgetfix.com/category/galaxy-a11-2020-1831.html,53,0,53,3,dom-inspection,,https://gadgetfix.com/category/galaxy-a11-2020-1831.html,False,False,2026-09-07T04:49:55+00:00,,,,,
GadgetFix,https://gadgetfix.com/,Samsung,https://gadgetfix.com/category/samsung-1172.html,7,dom-inspection,Galaxy A Series,https://gadgetfix.com/category/galaxy-a-series-1662.html,3,dom-inspection,Galaxy A10S (2019),https://gadgetfix.com/category/galaxy-a10s-2019-1791.html,54,0,54,3,dom-inspection,,https://gadgetfix.com/category/galaxy-a10s-2019-1791.html,False,False,2026-09-07T04:49:55+00:00,,,,,
GadgetFix,https://gadgetfix.com/,Samsung,https://gadgetfix.com/category/samsung-1172.html,7,dom-inspection,Galaxy A Series,https://gadgetfix.com/category/galaxy-a-series-1662.html,3,dom-inspection,Galaxy A10e (2019),https://gadgetfix.com/category/galaxy-a10e-2019-1793.html,55,0,55,3,dom-inspection,,https://gadgetfix.com/category/galaxy-a10e-2019-1793.html,False,False,2026-09-07T04:49:55+00:00,,,,,
GadgetFix,https://gadgetfix.com/,Samsung,https://gadgetfix.com/category/samsung-1172.html,7,dom-inspection,Galaxy A Series,https://gadgetfix.com/category/galaxy-a-series-1662.html,3,dom-inspection,Galaxy A10 (2019),https://gadgetfix.com/category/galaxy-a10-2019-1775.html,56,0,56,3,dom-inspection,,https://gadgetfix.com/category/galaxy-a10-2019-1775.html,False,False,2026-09-07T04:49:55+00:00,,,,,
GadgetFix,https://gadgetfix.com/,Samsung,https://gadgetfix.com/category/samsung-1172.html,7,dom-inspection,Galaxy A Series,https://gadgetfix.com/category/galaxy-a-series-1662.html,3,dom-inspection,Galaxy A8 Plus (2018),https://gadgetfix.com/category/galaxy-a8-plus-2018-1657.html,57,0,57,3,dom-inspection,,https://gadgetfix.com/category/galaxy-a8-plus-2018-1657.html,False,False,2026-09-07T04:49:55+00:00,,,,,
GadgetFix,https://gadgetfix.com/,Samsung,https://gadgetfix.com/category/samsung-1172.html,7,dom-inspection,Galaxy A Series,https://gadgetfix.com/category/galaxy-a-series-1662.html,3,dom-inspection,Galaxy A9 (2018),https://gadgetfix.com/category/galaxy-a9-2018-1774.html,58,0,58,3,dom-inspection,,https://gadgetfix.com/category/galaxy-a9-2018-1774.html,False,False,2026-09-07T04:49:55+00:00,,,,,
GadgetFix,https://gadgetfix.com/,Samsung,https://gadgetfix.com/category/samsung-1172.html,7,dom-inspection,Galaxy A Series,https://gadgetfix.com/category/galaxy-a-series-1662.html,3,dom-inspection,Galaxy A8 (2018),https://gadgetfix.com/category/galaxy-a8-2018-1742.html,59,0,59,3,dom-inspection,,https://gadgetfix.com/category/galaxy-a8-2018-1742.html,False,False,2026-09-07T04:49:55+00:00,,,,,
GadgetFix,https://gadgetfix.com/,Samsung,https://gadgetfix.com/category/samsung-1172.html,7,dom-inspection,Galaxy A Series,https://gadgetfix.com/category/galaxy-a-series-1662.html,3,dom-inspection,Galaxy A7 (2018),https://gadgetfix.com/category/galaxy-a7-2018-1779.html,60,0,60,3,dom-inspection,,https://gadgetfix.com/category/galaxy-a7-2018-1779.html,False,False,2026-09-07T04:49:55+00:00,,,,,
GadgetFix,https://gadgetfix.com/,Samsung,https://gadgetfix.com/category/samsung-1172.html,7,dom-inspection,Galaxy A Series,https://gadgetfix.com/category/galaxy-a-series-1662.html,3,dom-inspection,Galaxy A7 (2017),https://gadgetfix.com/category/galaxy-a7-2017-1618.html,61,0,61,3,dom-inspection,,https://gadgetfix.com/category/galaxy-a7-2017-1618.html,False,False,2026-09-07T04:49:55+00:00,,,,,
GadgetFix,https://gadgetfix.com/,Samsung,https://gadgetfix.com/category/samsung-1172.html,7,dom-inspection,Galaxy A Series,https://gadgetfix.com/category/galaxy-a-series-1662.html,3,dom-inspection,Galaxy A6 Plus (2018),https://gadgetfix.com/category/galaxy-a6-plus-2018-1736.html,62,0,62,3,dom-inspection,,https://gadgetfix.com/category/galaxy-a6-plus-2018-1736.html,False,False,2026-09-07T04:49:55+00:00,,,,,
GadgetFix,https://gadgetfix.com/,Samsung,https://gadgetfix.com/category/samsung-1172.html,7,dom-inspection,Galaxy A Series,https://gadgetfix.com/category/galaxy-a-series-1662.html,3,dom-inspection,Galaxy A6 (2018),https://gadgetfix.com/category/galaxy-a6-2018-1735.html,63,0,63,3,dom-inspection,,https://gadgetfix.com/category/galaxy-a6-2018-1735.html,False,False,2026-09-07T04:49:55+00:00,,,,,
GadgetFix,https://gadgetfix.com/,Samsung,https://gadgetfix.com/category/samsung-1172.html,7,dom-inspection,Galaxy A Series,https://gadgetfix.com/category/galaxy-a-series-1662.html,3,dom-inspection,Galaxy A5 (2017),https://gadgetfix.com/category/galaxy-a5-2017-1612.html,64,0,64,3,dom-inspection,,https://gadgetfix.com/category/galaxy-a5-2017-1612.html,False,False,2026-09-07T04:49:55+00:00,,,,,
GadgetFix,https://gadgetfix.com/,Samsung,https://gadgetfix.com/category/samsung-1172.html,7,dom-inspection,Galaxy A Series,https://gadgetfix.com/category/galaxy-a-series-1662.html,3,dom-inspection,Galaxy A03S A037 (2021),https://gadgetfix.com/category/galaxy-a03s-a037-2021-1958.html,65,0,65,3,dom-inspection,,https://gadgetfix.com/category/galaxy-a03s-a037-2021-1958.html,False,False,2026-09-07T04:49:55+00:00,,,,,
GadgetFix,https://gadgetfix.com/,Samsung,https://gadgetfix.com/category/samsung-1172.html,7,dom-inspection,Galaxy A Series,https://gadgetfix.com/category/galaxy-a-series-1662.html,3,dom-inspection,Galaxy A02S A205 (2020),https://gadgetfix.com/category/galaxy-a02s-a205-2020-1919.html,66,0,66,3,dom-inspection,,https://gadgetfix.com/category/galaxy-a02s-a205-2020-1919.html,False,False,2026-09-07T04:49:55+00:00,,,,,
GadgetFix,https://gadgetfix.com/,Samsung,https://gadgetfix.com/category/samsung-1172.html,7,dom-inspection,Galaxy A Series,https://gadgetfix.com/category/galaxy-a-series-1662.html,3,dom-inspection,Galaxy A02 A022 (2021),https://gadgetfix.com/category/galaxy-a02-a022-2021-1957.html,67,0,67,3,dom-inspection,,https://gadgetfix.com/category/galaxy-a02-a022-2021-1957.html,False,False,2026-09-07T04:49:55+00:00,,,,,
GadgetFix,https://gadgetfix.com/,Samsung,https://gadgetfix.com/category/samsung-1172.html,7,dom-inspection,Galaxy A Series,https://gadgetfix.com/category/galaxy-a-series-1662.html,3,dom-inspection,Galaxy A01 Core (2020),https://gadgetfix.com/category/galaxy-a01-core-2020-1863.html,68,0,68,3,dom-inspection,,https://gadgetfix.com/category/galaxy-a01-core-2020-1863.html,False,False,2026-09-07T04:49:55+00:00,,,,,
GadgetFix,https://gadgetfix.com/,Samsung,https://gadgetfix.com/category/samsung-1172.html,7,dom-inspection,Galaxy A Series,https://gadgetfix.com/category/galaxy-a-series-1662.html,3,dom-inspection,Galaxy A01 (2019),https://gadgetfix.com/category/galaxy-a01-2019-1832.html,69,0,69,3,dom-inspection,,https://gadgetfix.com/category/galaxy-a01-2019-1832.html,False,False,2026-09-07T04:49:55+00:00,,,,,
GadgetFix,https://gadgetfix.com/,Samsung,https://gadgetfix.com/category/samsung-1172.html,7,dom-inspection,Galaxy J Series,https://gadgetfix.com/category/galaxy-j-series-1661.html,4,dom-inspection,Galaxy J8 2018 SM-J810,https://gadgetfix.com/category/galaxy-j8-2018-sm-j810-1712.html,1,0,1,3,dom-inspection,,https://gadgetfix.com/category/galaxy-j8-2018-sm-j810-1712.html,False,False,2026-09-07T04:49:55+00:00,,,,,
GadgetFix,https://gadgetfix.com/,Samsung,https://gadgetfix.com/category/samsung-1172.html,7,dom-inspection,Galaxy J Series,https://gadgetfix.com/category/galaxy-j-series-1661.html,4,dom-inspection,Galaxy J7 Prime 2 2018,https://gadgetfix.com/category/galaxy-j7-prime-2-2018-1740.html,2,0,2,3,dom-inspection,,https://gadgetfix.com/category/galaxy-j7-prime-2-2018-1740.html,False,False,2026-09-07T04:49:55+00:00,,,,,
GadgetFix,https://gadgetfix.com/,Samsung,https://gadgetfix.com/category/samsung-1172.html,7,dom-inspection,Galaxy J Series,https://gadgetfix.com/category/galaxy-j-series-1661.html,4,dom-inspection,Galaxy J7 J737 2018,https://gadgetfix.com/category/galaxy-j7-j737-2018-1731.html,3,0,3,3,dom-inspection,,https://gadgetfix.com/category/galaxy-j7-j737-2018-1731.html,False,False,2026-09-07T04:49:55+00:00,,,,,
GadgetFix,https://gadgetfix.com/,Samsung,https://gadgetfix.com/category/samsung-1172.html,7,dom-inspection,Galaxy J Series,https://gadgetfix.com/category/galaxy-j-series-1661.html,4,dom-inspection,Galaxy J7 J727 2017,https://gadgetfix.com/category/galaxy-j7-j727-2017-1679.html,4,0,4,3,dom-inspection,,https://gadgetfix.com/category/galaxy-j7-j727-2017-1679.html,False,False,2026-09-07T04:49:55+00:00,,,,,
GadgetFix,https://gadgetfix.com/,Samsung,https://gadgetfix.com/category/samsung-1172.html,7,dom-inspection,Galaxy J Series,https://gadgetfix.com/category/galaxy-j-series-1661.html,4,dom-inspection,Galaxy J7 Pro J730 2017,https://gadgetfix.com/category/galaxy-j7-pro-j730-2017-1658.html,5,0,5,3,dom-inspection,,https://gadgetfix.com/category/galaxy-j7-pro-j730-2017-1658.html,False,False,2026-09-07T04:49:55+00:00,,,,,
GadgetFix,https://gadgetfix.com/,Samsung,https://gadgetfix.com/category/samsung-1172.html,7,dom-inspection,Galaxy J Series,https://gadgetfix.com/category/galaxy-j-series-1661.html,4,dom-inspection,Galaxy J7 Prime G610 2016,https://gadgetfix.com/category/galaxy-j7-prime-g610-2016-1690.html,6,0,6,3,dom-inspection,,https://gadgetfix.com/category/galaxy-j7-prime-g610-2016-1690.html,False,False,2026-09-07T04:49:55+00:00,,,,,
GadgetFix,https://gadgetfix.com/,Samsung,https://gadgetfix.com/category/samsung-1172.html,7,dom-inspection,Galaxy J Series,https://gadgetfix.com/category/galaxy-j-series-1661.html,4,dom-inspection,Galaxy J7 J710 2016,https://gadgetfix.com/category/galaxy-j7-j710-2016-1605.html,7,0,7,3,dom-inspection,,https://gadgetfix.com/category/galaxy-j7-j710-2016-1605.html,False,False,2026-09-07T04:49:55+00:00,,,,,
GadgetFix,https://gadgetfix.com/,Samsung,https://gadgetfix.com/category/samsung-1172.html,7,dom-inspection,Galaxy J Series,https://gadgetfix.com/category/galaxy-j-series-1661.html,4,dom-inspection,Galaxy J7 J700 2015,https://gadgetfix.com/category/galaxy-j7-j700-2015-1607.html,8,0,8,3,dom-inspection,,https://gadgetfix.com/category/galaxy-j7-j700-2015-1607.html,False,False,2026-09-07T04:49:55+00:00,,,,,
GadgetFix,https://gadgetfix.com/,Samsung,https://gadgetfix.com/category/samsung-1172.html,7,dom-inspection,Galaxy J Series,https://gadgetfix.com/category/galaxy-j-series-1661.html,4,dom-inspection,Galaxy J6 2018 SM-J600,https://gadgetfix.com/category/galaxy-j6-2018-sm-j600-1711.html,9,0,9,3,dom-inspection,,https://gadgetfix.com/category/galaxy-j6-2018-sm-j600-1711.html,False,False,2026-09-07T04:49:55+00:00,,,,,
GadgetFix,https://gadgetfix.com/,Samsung,https://gadgetfix.com/category/samsung-1172.html,7,dom-inspection,Galaxy J Series,https://gadgetfix.com/category/galaxy-j-series-1661.html,4,dom-inspection,Galaxy J5 Pro J530 2017,https://gadgetfix.com/category/galaxy-j5-pro-j530-2017-1689.html,10,0,10,3,dom-inspection,,https://gadgetfix.com/category/galaxy-j5-pro-j530-2017-1689.html,False,False,2026-09-07T04:49:55+00:00,,,,,
GadgetFix,https://gadgetfix.com/,Samsung,https://gadgetfix.com/category/samsung-1172.html,7,dom-inspection,Galaxy J Series,https://gadgetfix.com/category/galaxy-j-series-1661.html,4,dom-inspection,Galaxy J5 Prime G570,https://gadgetfix.com/category/galaxy-j5-prime-g570-1698.html,11,0,11,3,dom-inspection,,https://gadgetfix.com/category/galaxy-j5-prime-g570-1698.html,False,False,2026-09-07T04:49:55+00:00,,,,,
GadgetFix,https://gadgetfix.com/,Samsung,https://gadgetfix.com/category/samsung-1172.html,7,dom-inspection,Galaxy J Series,https://gadgetfix.com/category/galaxy-j-series-1661.html,4,dom-inspection,Galaxy J5 J510 2016,https://gadgetfix.com/category/galaxy-j5-j510-2016-1592.html,12,0,12,3,dom-inspection,,https://gadgetfix.com/category/galaxy-j5-j510-2016-1592.html,False,False,2026-09-07T04:49:55+00:00,,,,,
GadgetFix,https://gadgetfix.com/,Samsung,https://gadgetfix.com/category/samsung-1172.html,7,dom-inspection,Galaxy J Series,https://gadgetfix.com/category/galaxy-j-series-1661.html,4,dom-inspection,Galaxy J5 J500 2015,https://gadgetfix.com/category/galaxy-j5-j500-2015-1575.html,13,0,13,3,dom-inspection,,https://gadgetfix.com/category/galaxy-j5-j500-2015-1575.html,False,False,2026-09-07T04:49:55+00:00,,,,,
GadgetFix,https://gadgetfix.com/,Samsung,https://gadgetfix.com/category/samsung-1172.html,7,dom-inspection,Galaxy J Series,https://gadgetfix.com/category/galaxy-j-series-1661.html,4,dom-inspection,Galaxy J4 2018,https://gadgetfix.com/category/galaxy-j4-2018-1730.html,14,0,14,3,dom-inspection,,https://gadgetfix.com/category/galaxy-j4-2018-1730.html,False,False,2026-09-07T04:49:55+00:00,,,,,
GadgetFix,https://gadgetfix.com/,Samsung,https://gadgetfix.com/category/samsung-1172.html,7,dom-inspection,Galaxy J Series,https://gadgetfix.com/category/galaxy-j-series-1661.html,4,dom-inspection,Galaxy J3 2018,https://gadgetfix.com/category/galaxy-j3-2018-1729.html,15,0,15,3,dom-inspection,,https://gadgetfix.com/category/galaxy-j3-2018-1729.html,False,False,2026-09-07T04:49:55+00:00,,,,,
GadgetFix,https://gadgetfix.com/,Samsung,https://gadgetfix.com/category/samsung-1172.html,7,dom-inspection,Galaxy J Series,https://gadgetfix.com/category/galaxy-j-series-1661.html,4,dom-inspection,Galaxy J3 2017,https://gadgetfix.com/category/galaxy-j3-2017-1691.html,16,0,16,3,dom-inspection,,https://gadgetfix.com/category/galaxy-j3-2017-1691.html,False,False,2026-09-07T04:49:55+00:00,,,,,
GadgetFix,https://gadgetfix.com/,Samsung,https://gadgetfix.com/category/samsung-1172.html,7,dom-inspection,Galaxy J Series,https://gadgetfix.com/category/galaxy-j-series-1661.html,4,dom-inspection,Galaxy J3 2016,https://gadgetfix.com/category/galaxy-j3-2016-1601.html,17,0,17,3,dom-inspection,,https://gadgetfix.com/category/galaxy-j3-2016-1601.html,False,False,2026-09-07T04:49:55+00:00,,,,,
GadgetFix,https://gadgetfix.com/,Samsung,https://gadgetfix.com/category/samsung-1172.html,7,dom-inspection,Galaxy J Series,https://gadgetfix.com/category/galaxy-j-series-1661.html,4,dom-inspection,Galaxy J2 Pro 2018,https://gadgetfix.com/category/galaxy-j2-pro-2018-1739.html,18,0,18,3,dom-inspection,,https://gadgetfix.com/category/galaxy-j2-pro-2018-1739.html,False,False,2026-09-07T04:49:55+00:00,,,,,
GadgetFix,https://gadgetfix.com/,Samsung,https://gadgetfix.com/category/samsung-1172.html,7,dom-inspection,Galaxy J Series,https://gadgetfix.com/category/galaxy-j-series-1661.html,4,dom-inspection,Galaxy J1 Ace,https://gadgetfix.com/category/galaxy-j1-ace-1593.html,19,0,19,3,dom-inspection,,https://gadgetfix.com/category/galaxy-j1-ace-1593.html,False,False,2026-09-07T04:49:55+00:00,,,,,
GadgetFix,https://gadgetfix.com/,Samsung,https://gadgetfix.com/category/samsung-1172.html,7,dom-inspection,Galaxy J Series,https://gadgetfix.com/category/galaxy-j-series-1661.html,4,dom-inspection,Galaxy J1 2016,https://gadgetfix.com/category/galaxy-j1-2016-1588.html,20,0,20,3,dom-inspection,,https://gadgetfix.com/category/galaxy-j1-2016-1588.html,False,False,2026-09-07T04:49:55+00:00,,,,,
GadgetFix,https://gadgetfix.com/,Samsung,https://gadgetfix.com/category/samsung-1172.html,7,dom-inspection,Galaxy Z Series,https://gadgetfix.com/category/galaxy-z-series-1960.html,5,dom-inspection,Z Flip 7 FE 5G F761,https://gadgetfix.com/category/z-flip-7-fe-5g-f761-2215.html,1,0,1,3,dom-inspection,,https://gadgetfix.com/category/z-flip-7-fe-5g-f761-2215.html,False,False,2026-09-07T04:49:55+00:00,,,,,
GadgetFix,https://gadgetfix.com/,Samsung,https://gadgetfix.com/category/samsung-1172.html,7,dom-inspection,Galaxy Z Series,https://gadgetfix.com/category/galaxy-z-series-1960.html,5,dom-inspection,Z Flip 7 5G F766,https://gadgetfix.com/category/z-flip-7-5g-f766-2214.html,2,0,2,3,dom-inspection,,https://gadgetfix.com/category/z-flip-7-5g-f766-2214.html,False,False,2026-09-07T04:49:55+00:00,,,,,
GadgetFix,https://gadgetfix.com/,Samsung,https://gadgetfix.com/category/samsung-1172.html,7,dom-inspection,Galaxy Z Series,https://gadgetfix.com/category/galaxy-z-series-1960.html,5,dom-inspection,Z Flip 6 5G F741,https://gadgetfix.com/category/z-flip-6-5g-f741-2159.html,3,0,3,3,dom-inspection,,https://gadgetfix.com/category/z-flip-6-5g-f741-2159.html,False,False,2026-09-07T04:49:55+00:00,,,,,
GadgetFix,https://gadgetfix.com/,Samsung,https://gadgetfix.com/category/samsung-1172.html,7,dom-inspection,Galaxy Z Series,https://gadgetfix.com/category/galaxy-z-series-1960.html,5,dom-inspection,Z Flip 5 5G F731,https://gadgetfix.com/category/z-flip-5-5g-f731-2109.html,4,0,4,3,dom-inspection,,https://gadgetfix.com/category/z-flip-5-5g-f731-2109.html,False,False,2026-09-07T04:49:55+00:00,,,,,
GadgetFix,https://gadgetfix.com/,Samsung,https://gadgetfix.com/category/samsung-1172.html,7,dom-inspection,Galaxy Z Series,https://gadgetfix.com/category/galaxy-z-series-1960.html,5,dom-inspection,Z Flip 4 5G F721,https://gadgetfix.com/category/z-flip-4-5g-f721-2081.html,5,0,5,3,dom-inspection,,https://gadgetfix.com/category/z-flip-4-5g-f721-2081.html,False,False,2026-09-07T04:49:55+00:00,,,,,
GadgetFix,https://gadgetfix.com/,Samsung,https://gadgetfix.com/category/samsung-1172.html,7,dom-inspection,Galaxy Z Series,https://gadgetfix.com/category/galaxy-z-series-1960.html,5,dom-inspection,Z Flip 3 5G F711,https://gadgetfix.com/category/z-flip-3-5g-f711-1961.html,6,0,6,3,dom-inspection,,https://gadgetfix.com/category/z-flip-3-5g-f711-1961.html,False,False,2026-09-07T04:49:55+00:00,,,,,
GadgetFix,https://gadgetfix.com/,Samsung,https://gadgetfix.com/category/samsung-1172.html,7,dom-inspection,Galaxy Z Series,https://gadgetfix.com/category/galaxy-z-series-1960.html,5,dom-inspection,Z Fold 7 5G F966,https://gadgetfix.com/category/z-fold-7-5g-f966-2233.html,7,0,7,3,dom-inspection,,https://gadgetfix.com/category/z-fold-7-5g-f966-2233.html,False,False,2026-09-07T04:49:55+00:00,,,,,
GadgetFix,https://gadgetfix.com/,Samsung,https://gadgetfix.com/category/samsung-1172.html,7,dom-inspection,Galaxy Z Series,https://gadgetfix.com/category/galaxy-z-series-1960.html,5,dom-inspection,Z Fold 6 5G F956,https://gadgetfix.com/category/z-fold-6-5g-f956-2184.html,8,0,8,3,dom-inspection,,https://gadgetfix.com/category/z-fold-6-5g-f956-2184.html,False,False,2026-09-07T04:49:55+00:00,,,,,
GadgetFix,https://gadgetfix.com/,Samsung,https://gadgetfix.com/category/samsung-1172.html,7,dom-inspection,Galaxy Z Series,https://gadgetfix.com/category/galaxy-z-series-1960.html,5,dom-inspection,Z Fold 5 5G F946,https://gadgetfix.com/category/z-fold-5-5g-f946-2157.html,9,0,9,3,dom-inspection,,https://gadgetfix.com/category/z-fold-5-5g-f946-2157.html,False,False,2026-09-07T04:49:55+00:00,,,,,
GadgetFix,https://gadgetfix.com/,Samsung,https://gadgetfix.com/category/samsung-1172.html,7,dom-inspection,Galaxy Z Series,https://gadgetfix.com/category/galaxy-z-series-1960.html,5,dom-inspection,Z Fold 4 5G F936,https://gadgetfix.com/category/z-fold-4-5g-f936-2120.html,10,0,10,3,dom-inspection,,https://gadgetfix.com/category/z-fold-4-5g-f936-2120.html,False,False,2026-09-07T04:49:55+00:00,,,,,
GadgetFix,https://gadgetfix.com/,Samsung,https://gadgetfix.com/category/samsung-1172.html,7,dom-inspection,Galaxy Z Series,https://gadgetfix.com/category/galaxy-z-series-1960.html,5,dom-inspection,Galaxy M Series,https://gadgetfix.com/category/galaxy-m-series-2095.html,11,0,11,3,dom-inspection,,https://gadgetfix.com/category/galaxy-m-series-2095.html,False,False,2026-09-07T04:49:55+00:00,,,,,
GadgetFix,https://gadgetfix.com/,Samsung,https://gadgetfix.com/category/samsung-1172.html,7,dom-inspection,Galaxy Z Series,https://gadgetfix.com/category/galaxy-z-series-1960.html,5,dom-inspection,Samsung Galaxy M30S,https://gadgetfix.com/category/samsung-galaxy-m30s-2096.html,12,0,12,3,dom-inspection,,https://gadgetfix.com/category/samsung-galaxy-m30s-2096.html,False,False,2026-09-07T04:49:55+00:00,,,,,
GadgetFix,https://gadgetfix.com/,Samsung,https://gadgetfix.com/category/samsung-1172.html,7,dom-inspection,Galaxy Z Series,https://gadgetfix.com/category/galaxy-z-series-1960.html,5,dom-inspection,Tablets,https://gadgetfix.com/category/tablets-1660.html,13,0,13,3,dom-inspection,,https://gadgetfix.com/category/tablets-1660.html,False,False,2026-09-07T04:49:55+00:00,,,,,
GadgetFix,https://gadgetfix.com/,Samsung,https://gadgetfix.com/category/samsung-1172.html,7,dom-inspection,Galaxy Z Series,https://gadgetfix.com/category/galaxy-z-series-1960.html,5,dom-inspection,Galaxy Tab A,https://gadgetfix.com/category/galaxy-tab-a-1786.html,14,0,14,3,dom-inspection,,https://gadgetfix.com/category/galaxy-tab-a-1786.html,False,False,2026-09-07T04:49:55+00:00,,,,,
GadgetFix,https://gadgetfix.com/,Samsung,https://gadgetfix.com/category/samsung-1172.html,7,dom-inspection,Galaxy Z Series,https://gadgetfix.com/category/galaxy-z-series-1960.html,5,dom-inspection,Galaxy Tab S,https://gadgetfix.com/category/galaxy-tab-s-1787.html,15,0,15,3,dom-inspection,,https://gadgetfix.com/category/galaxy-tab-s-1787.html,False,False,2026-09-07T04:49:55+00:00,,,,,
GadgetFix,https://gadgetfix.com/,Samsung,https://gadgetfix.com/category/samsung-1172.html,7,dom-inspection,Galaxy Z Series,https://gadgetfix.com/category/galaxy-z-series-1960.html,5,dom-inspection,Others Tablets,https://gadgetfix.com/category/others-tablets-1991.html,16,0,16,3,dom-inspection,,https://gadgetfix.com/category/others-tablets-1991.html,False,False,2026-09-07T04:49:55+00:00,,,,,
GadgetFix,https://gadgetfix.com/,Samsung,https://gadgetfix.com/category/samsung-1172.html,7,dom-inspection,Galaxy Z Series,https://gadgetfix.com/category/galaxy-z-series-1960.html,5,dom-inspection,Others,https://gadgetfix.com/category/others-1204.html,17,0,17,3,dom-inspection,,https://gadgetfix.com/category/others-1204.html,False,False,2026-09-07T04:49:55+00:00,,,,,
GadgetFix,https://gadgetfix.com/,Samsung,https://gadgetfix.com/category/samsung-1172.html,7,dom-inspection,Galaxy Z Series,https://gadgetfix.com/category/galaxy-z-series-1960.html,5,dom-inspection,Galaxy Xcover Pro,https://gadgetfix.com/category/galaxy-xcover-pro-1865.html,18,0,18,3,dom-inspection,,https://gadgetfix.com/category/galaxy-xcover-pro-1865.html,False,False,2026-09-07T04:49:55+00:00,,,,,
GadgetFix,https://gadgetfix.com/,Samsung,https://gadgetfix.com/category/samsung-1172.html,7,dom-inspection,Galaxy Z Series,https://gadgetfix.com/category/galaxy-z-series-1960.html,5,dom-inspection,Galaxy Express 3,https://gadgetfix.com/category/galaxy-express-3-1589.html,19,0,19,3,dom-inspection,,https://gadgetfix.com/category/galaxy-express-3-1589.html,False,False,2026-09-07T04:49:55+00:00,,,,,
GadgetFix,https://gadgetfix.com/,Samsung,https://gadgetfix.com/category/samsung-1172.html,7,dom-inspection,Galaxy Z Series,https://gadgetfix.com/category/galaxy-z-series-1960.html,5,dom-inspection,Galaxy Alpha,https://gadgetfix.com/category/galaxy-alpha-1574.html,20,0,20,3,dom-inspection,,https://gadgetfix.com/category/galaxy-alpha-1574.html,False,False,2026-09-07T04:49:55+00:00,,,,,
GadgetFix,https://gadgetfix.com/,Other Parts,https://gadgetfix.com/category/other-parts-1169.html,8,dom-inspection,TCL,https://gadgetfix.com/category/tcl-1529.html,1,dom-inspection,Stylus 5G T779W,https://gadgetfix.com/category/stylus-5g-t779w-2065.html,1,0,1,3,dom-inspection,,https://gadgetfix.com/category/stylus-5g-t779w-2065.html,False,False,2026-09-07T04:49:55+00:00,,,,,
GadgetFix,https://gadgetfix.com/,Other Parts,https://gadgetfix.com/category/other-parts-1169.html,8,dom-inspection,TCL,https://gadgetfix.com/category/tcl-1529.html,1,dom-inspection,40 T,https://gadgetfix.com/category/40-t-2142.html,2,0,2,3,dom-inspection,,https://gadgetfix.com/category/40-t-2142.html,False,False,2026-09-07T04:49:55+00:00,,,,,
GadgetFix,https://gadgetfix.com/,Other Parts,https://gadgetfix.com/category/other-parts-1169.html,8,dom-inspection,TCL,https://gadgetfix.com/category/tcl-1529.html,1,dom-inspection,40 XE 5G,https://gadgetfix.com/category/40-xe-5g-2141.html,3,0,3,3,dom-inspection,,https://gadgetfix.com/category/40-xe-5g-2141.html,False,False,2026-09-07T04:49:55+00:00,,,,,
GadgetFix,https://gadgetfix.com/,Other Parts,https://gadgetfix.com/category/other-parts-1169.html,8,dom-inspection,TCL,https://gadgetfix.com/category/tcl-1529.html,1,dom-inspection,30 V 5G,https://gadgetfix.com/category/30-v-5g-2140.html,4,0,4,3,dom-inspection,,https://gadgetfix.com/category/30-v-5g-2140.html,False,False,2026-09-07T04:49:55+00:00,,,,,
GadgetFix,https://gadgetfix.com/,Other Parts,https://gadgetfix.com/category/other-parts-1169.html,8,dom-inspection,TCL,https://gadgetfix.com/category/tcl-1529.html,1,dom-inspection,30 XE 5G,https://gadgetfix.com/category/30-xe-5g-2064.html,5,0,5,3,dom-inspection,,https://gadgetfix.com/category/30-xe-5g-2064.html,False,False,2026-09-07T04:49:55+00:00,,,,,
GadgetFix,https://gadgetfix.com/,Other Parts,https://gadgetfix.com/category/other-parts-1169.html,8,dom-inspection,TCL,https://gadgetfix.com/category/tcl-1529.html,1,dom-inspection,20 XE,https://gadgetfix.com/category/20-xe-2063.html,6,0,6,3,dom-inspection,,https://gadgetfix.com/category/20-xe-2063.html,False,False,2026-09-07T04:49:55+00:00,,,,,
GadgetFix,https://gadgetfix.com/,Other Parts,https://gadgetfix.com/category/other-parts-1169.html,8,dom-inspection,TCL,https://gadgetfix.com/category/tcl-1529.html,1,dom-inspection,20 Pro 5G,https://gadgetfix.com/category/20-pro-5g-2071.html,7,0,7,3,dom-inspection,,https://gadgetfix.com/category/20-pro-5g-2071.html,False,False,2026-09-07T04:49:55+00:00,,,,,
GadgetFix,https://gadgetfix.com/,Other Parts,https://gadgetfix.com/category/other-parts-1169.html,8,dom-inspection,T-Mobile Revvl,https://gadgetfix.com/category/t-mobile-revvl-1901.html,2,dom-inspection,Revvl TAB 5G,https://gadgetfix.com/category/revvl-tab-5g-2131.html,1,0,1,3,dom-inspection,,https://gadgetfix.com/category/revvl-tab-5g-2131.html,False,False,2026-09-07T04:49:55+00:00,,,,,
GadgetFix,https://gadgetfix.com/,Other Parts,https://gadgetfix.com/category/other-parts-1169.html,8,dom-inspection,T-Mobile Revvl,https://gadgetfix.com/category/t-mobile-revvl-1901.html,2,dom-inspection,Revvl 7,https://gadgetfix.com/category/revvl-7-2133.html,2,0,2,3,dom-inspection,,https://gadgetfix.com/category/revvl-7-2133.html,False,False,2026-09-07T04:49:55+00:00,,,,,
GadgetFix,https://gadgetfix.com/,Other Parts,https://gadgetfix.com/category/other-parts-1169.html,8,dom-inspection,T-Mobile Revvl,https://gadgetfix.com/category/t-mobile-revvl-1901.html,2,dom-inspection,Revvl 6X Pro 5G,https://gadgetfix.com/category/revvl-6x-pro-5g-2111.html,3,0,3,3,dom-inspection,,https://gadgetfix.com/category/revvl-6x-pro-5g-2111.html,False,False,2026-09-07T04:49:55+00:00,,,,,
GadgetFix,https://gadgetfix.com/,Other Parts,https://gadgetfix.com/category/other-parts-1169.html,8,dom-inspection,T-Mobile Revvl,https://gadgetfix.com/category/t-mobile-revvl-1901.html,2,dom-inspection,Revvl 6X 5G,https://gadgetfix.com/category/revvl-6x-5g-2110.html,4,0,4,3,dom-inspection,,https://gadgetfix.com/category/revvl-6x-5g-2110.html,False,False,2026-09-07T04:49:55+00:00,,,,,
GadgetFix,https://gadgetfix.com/,Other Parts,https://gadgetfix.com/category/other-parts-1169.html,8,dom-inspection,T-Mobile Revvl,https://gadgetfix.com/category/t-mobile-revvl-1901.html,2,dom-inspection,Revvl 6 Pro 5G,https://gadgetfix.com/category/revvl-6-pro-5g-2061.html,5,0,5,3,dom-inspection,,https://gadgetfix.com/category/revvl-6-pro-5g-2061.html,False,False,2026-09-07T04:49:55+00:00,,,,,
GadgetFix,https://gadgetfix.com/,Other Parts,https://gadgetfix.com/category/other-parts-1169.html,8,dom-inspection,T-Mobile Revvl,https://gadgetfix.com/category/t-mobile-revvl-1901.html,2,dom-inspection,Revvl 6 5G,https://gadgetfix.com/category/revvl-6-5g-2060.html,6,0,6,3,dom-inspection,,https://gadgetfix.com/category/revvl-6-5g-2060.html,False,False,2026-09-07T04:49:55+00:00,,,,,
GadgetFix,https://gadgetfix.com/,Other Parts,https://gadgetfix.com/category/other-parts-1169.html,8,dom-inspection,T-Mobile Revvl,https://gadgetfix.com/category/t-mobile-revvl-1901.html,2,dom-inspection,Revvl V+ 5G (2021),https://gadgetfix.com/category/revvl-v-5g-2021-2022.html,7,0,7,3,dom-inspection,,https://gadgetfix.com/category/revvl-v-5g-2021-2022.html,False,False,2026-09-07T04:49:55+00:00,,,,,
GadgetFix,https://gadgetfix.com/,Other Parts,https://gadgetfix.com/category/other-parts-1169.html,8,dom-inspection,T-Mobile Revvl,https://gadgetfix.com/category/t-mobile-revvl-1901.html,2,dom-inspection,Revvl V,https://gadgetfix.com/category/revvl-v-2070.html,8,0,8,3,dom-inspection,,https://gadgetfix.com/category/revvl-v-2070.html,False,False,2026-09-07T04:49:55+00:00,,,,,
GadgetFix,https://gadgetfix.com/,Other Parts,https://gadgetfix.com/category/other-parts-1169.html,8,dom-inspection,T-Mobile Revvl,https://gadgetfix.com/category/t-mobile-revvl-1901.html,2,dom-inspection,Revvl 5G,https://gadgetfix.com/category/revvl-5g-1914.html,9,0,9,3,dom-inspection,,https://gadgetfix.com/category/revvl-5g-1914.html,False,False,2026-09-07T04:49:55+00:00,,,,,
GadgetFix,https://gadgetfix.com/,Other Parts,https://gadgetfix.com/category/other-parts-1169.html,8,dom-inspection,T-Mobile Revvl,https://gadgetfix.com/category/t-mobile-revvl-1901.html,2,dom-inspection,Revvl 4 Plus,https://gadgetfix.com/category/revvl-4-plus-1913.html,10,0,10,3,dom-inspection,,https://gadgetfix.com/category/revvl-4-plus-1913.html,False,False,2026-09-07T04:49:55+00:00,,,,,
GadgetFix,https://gadgetfix.com/,Other Parts,https://gadgetfix.com/category/other-parts-1169.html,8,dom-inspection,T-Mobile Revvl,https://gadgetfix.com/category/t-mobile-revvl-1901.html,2,dom-inspection,Revvl 4,https://gadgetfix.com/category/revvl-4-1912.html,11,0,11,3,dom-inspection,,https://gadgetfix.com/category/revvl-4-1912.html,False,False,2026-09-07T04:49:55+00:00,,,,,
GadgetFix,https://gadgetfix.com/,Other Parts,https://gadgetfix.com/category/other-parts-1169.html,8,dom-inspection,T-Mobile Revvl,https://gadgetfix.com/category/t-mobile-revvl-1901.html,2,dom-inspection,Revvl 2 Plus,https://gadgetfix.com/category/revvl-2-plus-1911.html,12,0,12,3,dom-inspection,,https://gadgetfix.com/category/revvl-2-plus-1911.html,False,False,2026-09-07T04:49:55+00:00,,,,,
GadgetFix,https://gadgetfix.com/,Other Parts,https://gadgetfix.com/category/other-parts-1169.html,8,dom-inspection,T-Mobile Revvl,https://gadgetfix.com/category/t-mobile-revvl-1901.html,2,dom-inspection,Revvl,https://gadgetfix.com/category/revvl-1910.html,13,0,13,3,dom-inspection,,https://gadgetfix.com/category/revvl-1910.html,False,False,2026-09-07T04:49:55+00:00,,,,,
GadgetFix,https://gadgetfix.com/,Other Parts,https://gadgetfix.com/category/other-parts-1169.html,8,dom-inspection,T-Mobile Revvl,https://gadgetfix.com/category/t-mobile-revvl-1901.html,2,dom-inspection,Revvly Plus,https://gadgetfix.com/category/revvly-plus-1909.html,14,0,14,3,dom-inspection,,https://gadgetfix.com/category/revvly-plus-1909.html,False,False,2026-09-07T04:49:55+00:00,,,,,
GadgetFix,https://gadgetfix.com/,Other Parts,https://gadgetfix.com/category/other-parts-1169.html,8,dom-inspection,T-Mobile Revvl,https://gadgetfix.com/category/t-mobile-revvl-1901.html,2,dom-inspection,Revvly,https://gadgetfix.com/category/revvly-1908.html,15,0,15,3,dom-inspection,,https://gadgetfix.com/category/revvly-1908.html,False,False,2026-09-07T04:49:55+00:00,,,,,
GadgetFix,https://gadgetfix.com/,Other Parts,https://gadgetfix.com/category/other-parts-1169.html,8,dom-inspection,HTC,https://gadgetfix.com/category/htc-1170.html,3,dom-inspection,HTC U12+ Plus,https://gadgetfix.com/category/htc-u12-plus-1748.html,1,0,1,3,dom-inspection,,https://gadgetfix.com/category/htc-u12-plus-1748.html,False,False,2026-09-07T04:49:55+00:00,,,,,
GadgetFix,https://gadgetfix.com/,Other Parts,https://gadgetfix.com/category/other-parts-1169.html,8,dom-inspection,HTC,https://gadgetfix.com/category/htc-1170.html,3,dom-inspection,HTC U11,https://gadgetfix.com/category/htc-u11-1633.html,2,0,2,3,dom-inspection,,https://gadgetfix.com/category/htc-u11-1633.html,False,False,2026-09-07T04:49:55+00:00,,,,,
GadgetFix,https://gadgetfix.com/,Other Parts,https://gadgetfix.com/category/other-parts-1169.html,8,dom-inspection,HTC,https://gadgetfix.com/category/htc-1170.html,3,dom-inspection,HTC U Ultra,https://gadgetfix.com/category/htc-u-ultra-1632.html,3,0,3,3,dom-inspection,,https://gadgetfix.com/category/htc-u-ultra-1632.html,False,False,2026-09-07T04:49:55+00:00,,,,,
GadgetFix,https://gadgetfix.com/,Other Parts,https://gadgetfix.com/category/other-parts-1169.html,8,dom-inspection,HTC,https://gadgetfix.com/category/htc-1170.html,3,dom-inspection,HTC U Play,https://gadgetfix.com/category/htc-u-play-1749.html,4,0,4,3,dom-inspection,,https://gadgetfix.com/category/htc-u-play-1749.html,False,False,2026-09-07T04:49:55+00:00,,,,,
GadgetFix,https://gadgetfix.com/,Other Parts,https://gadgetfix.com/category/other-parts-1169.html,8,dom-inspection,HTC,https://gadgetfix.com/category/htc-1170.html,3,dom-inspection,HTC Bolt,https://gadgetfix.com/category/htc-bolt-1631.html,5,0,5,3,dom-inspection,,https://gadgetfix.com/category/htc-bolt-1631.html,False,False,2026-09-07T04:49:55+00:00,,,,,
GadgetFix,https://gadgetfix.com/,Other Parts,https://gadgetfix.com/category/other-parts-1169.html,8,dom-inspection,HTC,https://gadgetfix.com/category/htc-1170.html,3,dom-inspection,HTC 10,https://gadgetfix.com/category/htc-10-1630.html,6,0,6,3,dom-inspection,,https://gadgetfix.com/category/htc-10-1630.html,False,False,2026-09-07T04:49:55+00:00,,,,,
GadgetFix,https://gadgetfix.com/,Other Parts,https://gadgetfix.com/category/other-parts-1169.html,8,dom-inspection,HTC,https://gadgetfix.com/category/htc-1170.html,3,dom-inspection,Others,https://gadgetfix.com/category/others-1196.html,7,0,7,3,dom-inspection,,https://gadgetfix.com/category/others-1196.html,False,False,2026-09-07T04:49:55+00:00,,,,,
GadgetFix,https://gadgetfix.com/,Other Parts,https://gadgetfix.com/category/other-parts-1169.html,8,dom-inspection,ZTE,https://gadgetfix.com/category/zte-1516.html,4,dom-inspection,ZTE MAX XL N9560,https://gadgetfix.com/category/zte-max-xl-n9560-1720.html,1,0,1,3,dom-inspection,,https://gadgetfix.com/category/zte-max-xl-n9560-1720.html,False,False,2026-09-07T04:49:55+00:00,,,,,
GadgetFix,https://gadgetfix.com/,Other Parts,https://gadgetfix.com/category/other-parts-1169.html,8,dom-inspection,ZTE,https://gadgetfix.com/category/zte-1516.html,4,dom-inspection,ZTE Grand X4 Z956,https://gadgetfix.com/category/zte-grand-x4-z956-1738.html,2,0,2,3,dom-inspection,,https://gadgetfix.com/category/zte-grand-x4-z956-1738.html,False,False,2026-09-07T04:49:55+00:00,,,,,
GadgetFix,https://gadgetfix.com/,Other Parts,https://gadgetfix.com/category/other-parts-1169.html,8,dom-inspection,ZTE,https://gadgetfix.com/category/zte-1516.html,4,dom-inspection,ZTE Grand X MAX 2 Z988,https://gadgetfix.com/category/zte-grand-x-max-2-z988-1719.html,3,0,3,3,dom-inspection,,https://gadgetfix.com/category/zte-grand-x-max-2-z988-1719.html,False,False,2026-09-07T04:49:55+00:00,,,,,
GadgetFix,https://gadgetfix.com/,Other Parts,https://gadgetfix.com/category/other-parts-1169.html,8,dom-inspection,ZTE,https://gadgetfix.com/category/zte-1516.html,4,dom-inspection,ZTE Blade X Max Z983,https://gadgetfix.com/category/zte-blade-x-max-z983-1717.html,4,0,4,3,dom-inspection,,https://gadgetfix.com/category/zte-blade-x-max-z983-1717.html,False,False,2026-09-07T04:49:55+00:00,,,,,
GadgetFix,https://gadgetfix.com/,Other Parts,https://gadgetfix.com/category/other-parts-1169.html,8,dom-inspection,ZTE,https://gadgetfix.com/category/zte-1516.html,4,dom-inspection,ZTE Blade Z Max Z982,https://gadgetfix.com/category/zte-blade-z-max-z982-1716.html,5,0,5,3,dom-inspection,,https://gadgetfix.com/category/zte-blade-z-max-z982-1716.html,False,False,2026-09-07T04:49:55+00:00,,,,,
GadgetFix,https://gadgetfix.com/,Other Parts,https://gadgetfix.com/category/other-parts-1169.html,8,dom-inspection,ZTE,https://gadgetfix.com/category/zte-1516.html,4,dom-inspection,Zmax Pro Z981,https://gadgetfix.com/category/zmax-pro-z981-1726.html,6,0,6,3,dom-inspection,,https://gadgetfix.com/category/zmax-pro-z981-1726.html,False,False,2026-09-07T04:49:55+00:00,,,,,
GadgetFix,https://gadgetfix.com/,Other Parts,https://gadgetfix.com/category/other-parts-1169.html,8,dom-inspection,ZTE,https://gadgetfix.com/category/zte-1516.html,4,dom-inspection,ZTE ZMAX Z970,https://gadgetfix.com/category/zte-zmax-z970-1725.html,7,0,7,3,dom-inspection,,https://gadgetfix.com/category/zte-zmax-z970-1725.html,False,False,2026-09-07T04:49:55+00:00,,,,,
GadgetFix,https://gadgetfix.com/,Other Parts,https://gadgetfix.com/category/other-parts-1169.html,8,dom-inspection,ZTE,https://gadgetfix.com/category/zte-1516.html,4,dom-inspection,ZTE Imperial MAX Z963 Z963U,https://gadgetfix.com/category/zte-imperial-max-z963-z963u-1723.html,8,0,8,3,dom-inspection,,https://gadgetfix.com/category/zte-imperial-max-z963-z963u-1723.html,False,False,2026-09-07T04:49:55+00:00,,,,,
GadgetFix,https://gadgetfix.com/,Other Parts,https://gadgetfix.com/category/other-parts-1169.html,8,dom-inspection,ZTE,https://gadgetfix.com/category/zte-1516.html,4,dom-inspection,ZTE MAX+ N9521,https://gadgetfix.com/category/zte-max-n9521-1722.html,9,0,9,3,dom-inspection,,https://gadgetfix.com/category/zte-max-n9521-1722.html,False,False,2026-09-07T04:49:55+00:00,,,,,
GadgetFix,https://gadgetfix.com/,Other Parts,https://gadgetfix.com/category/other-parts-1169.html,8,dom-inspection,ZTE,https://gadgetfix.com/category/zte-1516.html,4,dom-inspection,ZTE MAX N9520,https://gadgetfix.com/category/zte-max-n9520-1721.html,10,0,10,3,dom-inspection,,https://gadgetfix.com/category/zte-max-n9520-1721.html,False,False,2026-09-07T04:49:55+00:00,,,,,
GadgetFix,https://gadgetfix.com/,Other Parts,https://gadgetfix.com/category/other-parts-1169.html,8,dom-inspection,ZTE,https://gadgetfix.com/category/zte-1516.html,4,dom-inspection,ZTE Blade L2,https://gadgetfix.com/category/zte-blade-l2-1718.html,11,0,11,3,dom-inspection,,https://gadgetfix.com/category/zte-blade-l2-1718.html,False,False,2026-09-07T04:49:55+00:00,,,,,
GadgetFix,https://gadgetfix.com/,Other Parts,https://gadgetfix.com/category/other-parts-1169.html,8,dom-inspection,ZTE,https://gadgetfix.com/category/zte-1516.html,4,dom-inspection,ZTE Axon Pro A2015,https://gadgetfix.com/category/zte-axon-pro-a2015-1724.html,12,0,12,3,dom-inspection,,https://gadgetfix.com/category/zte-axon-pro-a2015-1724.html,False,False,2026-09-07T04:49:55+00:00,,,,,
GadgetFix,https://gadgetfix.com/,Other Parts,https://gadgetfix.com/category/other-parts-1169.html,8,dom-inspection,ZTE,https://gadgetfix.com/category/zte-1516.html,4,dom-inspection,Others,https://gadgetfix.com/category/others-1715.html,13,0,13,3,dom-inspection,,https://gadgetfix.com/category/others-1715.html,False,False,2026-09-07T04:49:55+00:00,,,,,
GadgetFix,https://gadgetfix.com/,Other Parts,https://gadgetfix.com/category/other-parts-1169.html,8,dom-inspection,Blackberry,https://gadgetfix.com/category/blackberry-1167.html,5,dom-inspection,Blackberry Key2,https://gadgetfix.com/category/blackberry-key2-1680.html,1,0,1,3,dom-inspection,,https://gadgetfix.com/category/blackberry-key2-1680.html,False,False,2026-09-07T04:49:55+00:00,,,,,
GadgetFix,https://gadgetfix.com/,Other Parts,https://gadgetfix.com/category/other-parts-1169.html,8,dom-inspection,Blackberry,https://gadgetfix.com/category/blackberry-1167.html,5,dom-inspection,Blackberry Keyone,https://gadgetfix.com/category/blackberry-keyone-1648.html,2,0,2,3,dom-inspection,,https://gadgetfix.com/category/blackberry-keyone-1648.html,False,False,2026-09-07T04:49:55+00:00,,,,,
GadgetFix,https://gadgetfix.com/,Other Parts,https://gadgetfix.com/category/other-parts-1169.html,8,dom-inspection,Blackberry,https://gadgetfix.com/category/blackberry-1167.html,5,dom-inspection,Blackberry DTEK 60,https://gadgetfix.com/category/blackberry-dtek-60-1647.html,3,0,3,3,dom-inspection,,https://gadgetfix.com/category/blackberry-dtek-60-1647.html,False,False,2026-09-07T04:49:55+00:00,,,,,
GadgetFix,https://gadgetfix.com/,Other Parts,https://gadgetfix.com/category/other-parts-1169.html,8,dom-inspection,Blackberry,https://gadgetfix.com/category/blackberry-1167.html,5,dom-inspection,Blackberry DTEK 50,https://gadgetfix.com/category/blackberry-dtek-50-1646.html,4,0,4,3,dom-inspection,,https://gadgetfix.com/category/blackberry-dtek-50-1646.html,False,False,2026-09-07T04:49:55+00:00,,,,,
GadgetFix,https://gadgetfix.com/,Other Parts,https://gadgetfix.com/category/other-parts-1169.html,8,dom-inspection,Blackberry,https://gadgetfix.com/category/blackberry-1167.html,5,dom-inspection,Blackberry Z10,https://gadgetfix.com/category/blackberry-z10-1273.html,5,0,5,3,dom-inspection,,https://gadgetfix.com/category/blackberry-z10-1273.html,False,False,2026-09-07T04:49:55+00:00,,,,,
GadgetFix,https://gadgetfix.com/,Other Parts,https://gadgetfix.com/category/other-parts-1169.html,8,dom-inspection,Blackberry,https://gadgetfix.com/category/blackberry-1167.html,5,dom-inspection,Blackberry Q10,https://gadgetfix.com/category/blackberry-q10-1274.html,6,0,6,3,dom-inspection,,https://gadgetfix.com/category/blackberry-q10-1274.html,False,False,2026-09-07T04:49:55+00:00,,,,,
GadgetFix,https://gadgetfix.com/,Other Parts,https://gadgetfix.com/category/other-parts-1169.html,8,dom-inspection,Blackberry,https://gadgetfix.com/category/blackberry-1167.html,5,dom-inspection,Others,https://gadgetfix.com/category/others-1192.html,7,0,7,3,dom-inspection,,https://gadgetfix.com/category/others-1192.html,False,False,2026-09-07T04:49:55+00:00,,,,,
GadgetFix,https://gadgetfix.com/,Other Parts,https://gadgetfix.com/category/other-parts-1169.html,8,dom-inspection,Blackberry,https://gadgetfix.com/category/blackberry-1167.html,5,dom-inspection,Nokia,https://gadgetfix.com/category/nokia-1178.html,8,0,8,3,dom-inspection,,https://gadgetfix.com/category/nokia-1178.html,False,False,2026-09-07T04:49:55+00:00,,,,,
GadgetFix,https://gadgetfix.com/,Other Parts,https://gadgetfix.com/category/other-parts-1169.html,8,dom-inspection,Blackberry,https://gadgetfix.com/category/blackberry-1167.html,5,dom-inspection,Lumia 820,https://gadgetfix.com/category/lumia-820-1264.html,9,0,9,3,dom-inspection,,https://gadgetfix.com/category/lumia-820-1264.html,False,False,2026-09-07T04:49:55+00:00,,,,,
GadgetFix,https://gadgetfix.com/,Other Parts,https://gadgetfix.com/category/other-parts-1169.html,8,dom-inspection,Blackberry,https://gadgetfix.com/category/blackberry-1167.html,5,dom-inspection,Nokia 1320,https://gadgetfix.com/category/nokia-1320-1462.html,10,0,10,3,dom-inspection,,https://gadgetfix.com/category/nokia-1320-1462.html,False,False,2026-09-07T04:49:55+00:00,,,,,
GadgetFix,https://gadgetfix.com/,Other Parts,https://gadgetfix.com/category/other-parts-1169.html,8,dom-inspection,Blackberry,https://gadgetfix.com/category/blackberry-1167.html,5,dom-inspection,Nokia 720,https://gadgetfix.com/category/nokia-720-1463.html,11,0,11,3,dom-inspection,,https://gadgetfix.com/category/nokia-720-1463.html,False,False,2026-09-07T04:49:55+00:00,,,,,
GadgetFix,https://gadgetfix.com/,Other Parts,https://gadgetfix.com/category/other-parts-1169.html,8,dom-inspection,Blackberry,https://gadgetfix.com/category/blackberry-1167.html,5,dom-inspection,Lumia 630,https://gadgetfix.com/category/lumia-630-1465.html,12,0,12,3,dom-inspection,,https://gadgetfix.com/category/lumia-630-1465.html,False,False,2026-09-07T04:49:55+00:00,,,,,
GadgetFix,https://gadgetfix.com/,Other Parts,https://gadgetfix.com/category/other-parts-1169.html,8,dom-inspection,Blackberry,https://gadgetfix.com/category/blackberry-1167.html,5,dom-inspection,Nokia 808,https://gadgetfix.com/category/nokia-808-1466.html,13,0,13,3,dom-inspection,,https://gadgetfix.com/category/nokia-808-1466.html,False,False,2026-09-07T04:49:55+00:00,,,,,
GadgetFix,https://gadgetfix.com/,Other Parts,https://gadgetfix.com/category/other-parts-1169.html,8,dom-inspection,Blackberry,https://gadgetfix.com/category/blackberry-1167.html,5,dom-inspection,Lumia 1520,https://gadgetfix.com/category/lumia-1520-1448.html,14,0,14,3,dom-inspection,,https://gadgetfix.com/category/lumia-1520-1448.html,False,False,2026-09-07T04:49:55+00:00,,,,,
GadgetFix,https://gadgetfix.com/,Other Parts,https://gadgetfix.com/category/other-parts-1169.html,8,dom-inspection,Blackberry,https://gadgetfix.com/category/blackberry-1167.html,5,dom-inspection,Lumia 920,https://gadgetfix.com/category/lumia-920-1449.html,15,0,15,3,dom-inspection,,https://gadgetfix.com/category/lumia-920-1449.html,False,False,2026-09-07T04:49:55+00:00,,,,,
GadgetFix,https://gadgetfix.com/,Other Parts,https://gadgetfix.com/category/other-parts-1169.html,8,dom-inspection,Blackberry,https://gadgetfix.com/category/blackberry-1167.html,5,dom-inspection,Lumia 928,https://gadgetfix.com/category/lumia-928-1266.html,16,0,16,3,dom-inspection,,https://gadgetfix.com/category/lumia-928-1266.html,False,False,2026-09-07T04:49:55+00:00,,,,,
GadgetFix,https://gadgetfix.com/,Other Parts,https://gadgetfix.com/category/other-parts-1169.html,8,dom-inspection,Blackberry,https://gadgetfix.com/category/blackberry-1167.html,5,dom-inspection,Lumia 1020,https://gadgetfix.com/category/lumia-1020-1450.html,17,0,17,3,dom-inspection,,https://gadgetfix.com/category/lumia-1020-1450.html,False,False,2026-09-07T04:49:55+00:00,,,,,
GadgetFix,https://gadgetfix.com/,Other Parts,https://gadgetfix.com/category/other-parts-1169.html,8,dom-inspection,Blackberry,https://gadgetfix.com/category/blackberry-1167.html,5,dom-inspection,Lumia 925,https://gadgetfix.com/category/lumia-925-1268.html,18,0,18,3,dom-inspection,,https://gadgetfix.com/category/lumia-925-1268.html,False,False,2026-09-07T04:49:55+00:00,,,,,
GadgetFix,https://gadgetfix.com/,Other Parts,https://gadgetfix.com/category/other-parts-1169.html,8,dom-inspection,Blackberry,https://gadgetfix.com/category/blackberry-1167.html,5,dom-inspection,Others,https://gadgetfix.com/category/others-1212.html,19,0,19,3,dom-inspection,,https://gadgetfix.com/category/others-1212.html,False,False,2026-09-07T04:49:55+00:00,,,,,
GadgetFix,https://gadgetfix.com/,Other Parts,https://gadgetfix.com/category/other-parts-1169.html,8,dom-inspection,Blackberry,https://gadgetfix.com/category/blackberry-1167.html,5,dom-inspection,Huawei,https://gadgetfix.com/category/huawei-1514.html,20,0,20,3,dom-inspection,,https://gadgetfix.com/category/huawei-1514.html,False,False,2026-09-07T04:49:55+00:00,,,,,
GadgetFix,https://gadgetfix.com/,Other Parts,https://gadgetfix.com/category/other-parts-1169.html,8,dom-inspection,Blackberry,https://gadgetfix.com/category/blackberry-1167.html,5,dom-inspection,Amazon,https://gadgetfix.com/category/amazon-1305.html,21,0,21,3,dom-inspection,,https://gadgetfix.com/category/amazon-1305.html,False,False,2026-09-07T04:49:55+00:00,,,,,
GadgetFix,https://gadgetfix.com/,Other Parts,https://gadgetfix.com/category/other-parts-1169.html,8,dom-inspection,Blackberry,https://gadgetfix.com/category/blackberry-1167.html,5,dom-inspection,Kindle Fire,https://gadgetfix.com/category/kindle-fire-1306.html,22,0,22,3,dom-inspection,,https://gadgetfix.com/category/kindle-fire-1306.html,False,False,2026-09-07T04:49:55+00:00,,,,,
GadgetFix,https://gadgetfix.com/,Other Parts,https://gadgetfix.com/category/other-parts-1169.html,8,dom-inspection,Blackberry,https://gadgetfix.com/category/blackberry-1167.html,5,dom-inspection,Kindle Fire HD,https://gadgetfix.com/category/kindle-fire-hd-1307.html,23,0,23,3,dom-inspection,,https://gadgetfix.com/category/kindle-fire-hd-1307.html,False,False,2026-09-07T04:49:55+00:00,,,,,
GadgetFix,https://gadgetfix.com/,Other Parts,https://gadgetfix.com/category/other-parts-1169.html,8,dom-inspection,Blackberry,https://gadgetfix.com/category/blackberry-1167.html,5,dom-inspection,Kindle Fire HDX,https://gadgetfix.com/category/kindle-fire-hdx-1456.html,24,0,24,3,dom-inspection,,https://gadgetfix.com/category/kindle-fire-hdx-1456.html,False,False,2026-09-07T04:49:55+00:00,,,,,
GadgetFix,https://gadgetfix.com/,Other Parts,https://gadgetfix.com/category/other-parts-1169.html,8,dom-inspection,Blackberry,https://gadgetfix.com/category/blackberry-1167.html,5,dom-inspection,Kindle Ebook,https://gadgetfix.com/category/kindle-ebook-1455.html,25,0,25,3,dom-inspection,,https://gadgetfix.com/category/kindle-ebook-1455.html,False,False,2026-09-07T04:49:55+00:00,,,,,
GadgetFix,https://gadgetfix.com/,Other Parts,https://gadgetfix.com/category/other-parts-1169.html,8,dom-inspection,Blackberry,https://gadgetfix.com/category/blackberry-1167.html,5,dom-inspection,Asus,https://gadgetfix.com/category/asus-1272.html,26,0,26,3,dom-inspection,,https://gadgetfix.com/category/asus-1272.html,False,False,2026-09-07T04:49:55+00:00,,,,,
GadgetFix,https://gadgetfix.com/,Other Parts,https://gadgetfix.com/category/other-parts-1169.html,8,dom-inspection,Blackberry,https://gadgetfix.com/category/blackberry-1167.html,5,dom-inspection,Nexus,https://gadgetfix.com/category/nexus-1310.html,27,0,27,3,dom-inspection,,https://gadgetfix.com/category/nexus-1310.html,False,False,2026-09-07T04:49:55+00:00,,,,,
GadgetFix,https://gadgetfix.com/,Other Parts,https://gadgetfix.com/category/other-parts-1169.html,8,dom-inspection,Blackberry,https://gadgetfix.com/category/blackberry-1167.html,5,dom-inspection,Fonepad,https://gadgetfix.com/category/fonepad-1312.html,28,0,28,3,dom-inspection,,https://gadgetfix.com/category/fonepad-1312.html,False,False,2026-09-07T04:49:55+00:00,,,,,
GadgetFix,https://gadgetfix.com/,Other Parts,https://gadgetfix.com/category/other-parts-1169.html,8,dom-inspection,Blackberry,https://gadgetfix.com/category/blackberry-1167.html,5,dom-inspection,Memo Pad,https://gadgetfix.com/category/memo-pad-1314.html,29,0,29,3,dom-inspection,,https://gadgetfix.com/category/memo-pad-1314.html,False,False,2026-09-07T04:49:55+00:00,,,,,
GadgetFix,https://gadgetfix.com/,Other Parts,https://gadgetfix.com/category/other-parts-1169.html,8,dom-inspection,Blackberry,https://gadgetfix.com/category/blackberry-1167.html,5,dom-inspection,ViVo Tab,https://gadgetfix.com/category/vivo-tab-1315.html,30,0,30,3,dom-inspection,,https://gadgetfix.com/category/vivo-tab-1315.html,False,False,2026-09-07T04:49:55+00:00,,,,,
GadgetFix,https://gadgetfix.com/,Other Parts,https://gadgetfix.com/category/other-parts-1169.html,8,dom-inspection,Blackberry,https://gadgetfix.com/category/blackberry-1167.html,5,dom-inspection,PadFone,https://gadgetfix.com/category/padfone-1318.html,31,0,31,3,dom-inspection,,https://gadgetfix.com/category/padfone-1318.html,False,False,2026-09-07T04:49:55+00:00,,,,,
GadgetFix,https://gadgetfix.com/,Other Parts,https://gadgetfix.com/category/other-parts-1169.html,8,dom-inspection,Blackberry,https://gadgetfix.com/category/blackberry-1167.html,5,dom-inspection,Transformer Book,https://gadgetfix.com/category/transformer-book-1319.html,32,0,32,3,dom-inspection,,https://gadgetfix.com/category/transformer-book-1319.html,False,False,2026-09-07T04:49:55+00:00,,,,,
GadgetFix,https://gadgetfix.com/,Other Parts,https://gadgetfix.com/category/other-parts-1169.html,8,dom-inspection,Blackberry,https://gadgetfix.com/category/blackberry-1167.html,5,dom-inspection,Transformer Pad,https://gadgetfix.com/category/transformer-pad-1309.html,33,0,33,3,dom-inspection,,https://gadgetfix.com/category/transformer-pad-1309.html,False,False,2026-09-07T04:49:55+00:00,,,,,
GadgetFix,https://gadgetfix.com/,Other Parts,https://gadgetfix.com/category/other-parts-1169.html,8,dom-inspection,Blackberry,https://gadgetfix.com/category/blackberry-1167.html,5,dom-inspection,Lenovo,https://gadgetfix.com/category/lenovo-1521.html,34,0,34,3,dom-inspection,,https://gadgetfix.com/category/lenovo-1521.html,False,False,2026-09-07T04:49:55+00:00,,,,,
GadgetFix,https://gadgetfix.com/,Other Parts,https://gadgetfix.com/category/other-parts-1169.html,8,dom-inspection,Blackberry,https://gadgetfix.com/category/blackberry-1167.html,5,dom-inspection,K13 Note,https://gadgetfix.com/category/k13-note-2020.html,35,0,35,3,dom-inspection,,https://gadgetfix.com/category/k13-note-2020.html,False,False,2026-09-07T04:49:55+00:00,,,,,
GadgetFix,https://gadgetfix.com/,Other Parts,https://gadgetfix.com/category/other-parts-1169.html,8,dom-inspection,Blackberry,https://gadgetfix.com/category/blackberry-1167.html,5,dom-inspection,HP,https://gadgetfix.com/category/hp-1519.html,36,0,36,3,dom-inspection,,https://gadgetfix.com/category/hp-1519.html,False,False,2026-09-07T04:49:55+00:00,,,,,
GadgetFix,https://gadgetfix.com/,Other Parts,https://gadgetfix.com/category/other-parts-1169.html,8,dom-inspection,Blackberry,https://gadgetfix.com/category/blackberry-1167.html,5,dom-inspection,Toshiba,https://gadgetfix.com/category/toshiba-1525.html,37,0,37,3,dom-inspection,,https://gadgetfix.com/category/toshiba-1525.html,False,False,2026-09-07T04:49:55+00:00,,,,,
GadgetFix,https://gadgetfix.com/,Other Parts,https://gadgetfix.com/category/other-parts-1169.html,8,dom-inspection,Blackberry,https://gadgetfix.com/category/blackberry-1167.html,5,dom-inspection,Nintendo,https://gadgetfix.com/category/nintendo-1526.html,38,0,38,3,dom-inspection,,https://gadgetfix.com/category/nintendo-1526.html,False,False,2026-09-07T04:49:55+00:00,,,,,
GadgetFix,https://gadgetfix.com/,Other Parts,https://gadgetfix.com/category/other-parts-1169.html,8,dom-inspection,Blackberry,https://gadgetfix.com/category/blackberry-1167.html,5,dom-inspection,Acer,https://gadgetfix.com/category/acer-1517.html,39,0,39,3,dom-inspection,,https://gadgetfix.com/category/acer-1517.html,False,False,2026-09-07T04:49:55+00:00,,,,,
GadgetFix,https://gadgetfix.com/,Other Parts,https://gadgetfix.com/category/other-parts-1169.html,8,dom-inspection,Blackberry,https://gadgetfix.com/category/blackberry-1167.html,5,dom-inspection,Alcatel,https://gadgetfix.com/category/alcatel-1515.html,40,0,40,3,dom-inspection,,https://gadgetfix.com/category/alcatel-1515.html,False,False,2026-09-07T04:49:55+00:00,,,,,
GadgetFix,https://gadgetfix.com/,Tempered Glass,https://gadgetfix.com/category/tempered-glass-1692.html,9,dom-inspection,Tempered Glass,https://gadgetfix.com/category/tempered-glass-1692.html,1,dom-inspection,Iphone,https://gadgetfix.com/category/iphone-1693.html,1,0,1,3,dom-inspection,,https://gadgetfix.com/category/iphone-1693.html,False,False,2026-09-07T04:49:55+00:00,,,,,
GadgetFix,https://gadgetfix.com/,Tempered Glass,https://gadgetfix.com/category/tempered-glass-1692.html,9,dom-inspection,Tempered Glass,https://gadgetfix.com/category/tempered-glass-1692.html,1,dom-inspection,Ipad,https://gadgetfix.com/category/ipad-1741.html,2,0,2,3,dom-inspection,,https://gadgetfix.com/category/ipad-1741.html,False,False,2026-09-07T04:49:55+00:00,,,,,
GadgetFix,https://gadgetfix.com/,Tempered Glass,https://gadgetfix.com/category/tempered-glass-1692.html,9,dom-inspection,Tempered Glass,https://gadgetfix.com/category/tempered-glass-1692.html,1,dom-inspection,Samsung,https://gadgetfix.com/category/samsung-1694.html,3,0,3,3,dom-inspection,,https://gadgetfix.com/category/samsung-1694.html,False,False,2026-09-07T04:49:55+00:00,,,,,
GadgetFix,https://gadgetfix.com/,Tempered Glass,https://gadgetfix.com/category/tempered-glass-1692.html,9,dom-inspection,Tempered Glass,https://gadgetfix.com/category/tempered-glass-1692.html,1,dom-inspection,Google,https://gadgetfix.com/category/google-2105.html,4,0,4,3,dom-inspection,,https://gadgetfix.com/category/google-2105.html,False,False,2026-09-07T04:49:55+00:00,,,,,
GadgetFix,https://gadgetfix.com/,Tools,https://gadgetfix.com/category/tools-1702.html,10,dom-inspection,Tools,https://gadgetfix.com/category/tools-1702.html,1,dom-inspection,QianLi ToolPlus,https://gadgetfix.com/category/qianli-toolplus-1829.html,1,0,1,3,dom-inspection,,https://gadgetfix.com/category/qianli-toolplus-1829.html,False,False,2026-09-07T04:49:55+00:00,,,,,
GadgetFix,https://gadgetfix.com/,Tools,https://gadgetfix.com/category/tools-1702.html,10,dom-inspection,Tools,https://gadgetfix.com/category/tools-1702.html,1,dom-inspection,Others,https://gadgetfix.com/category/others-1830.html,2,0,2,3,dom-inspection,,https://gadgetfix.com/category/others-1830.html,False,False,2026-09-07T04:49:55+00:00,,,,,
