website,website_url,parent_name,parent_url,parent_display_order,parent_open_method,sub_child_name,sub_child_url,sub_child_display_order,sub_child_activation_method,child_name,child_url,child_display_order,column_number,row_number,hierarchy_level,discovery_method,source_selector,normalized_url,url_missing,is_duplicate,scraped_at,http_status,final_url,redirect_url,response_error,validation_timestamp
Parts4Cells,https://parts4cells.com/,Devices,https://parts4cells.com/devices.html,1,click,iPhone,https://parts4cells.com/devices/iphone.html,1,dom-inspection,,,0,0,0,2,dom-inspection,div.main-menu-head > div.row > div.col-md-12.megamenu > ul.sub-menu.sub-menu-top > li.level1 > div.sub-menu-toggle-main > a.sub-menu-toggle.device-category,https://parts4cells.com/devices/iphone.html,False,False,2026-09-07T04:41:35+00:00,,,,,
Parts4Cells,https://parts4cells.com/,Devices,https://parts4cells.com/devices.html,1,click,Samsung,https://parts4cells.com/devices/samsung.html,2,dom-inspection,,,0,0,0,2,dom-inspection,div.main-menu-head > div.row > div.col-md-12.megamenu > ul.sub-menu.sub-menu-top > li.level1 > div.sub-menu-toggle-main > a.sub-menu-toggle.device-category,https://parts4cells.com/devices/samsung.html,False,False,2026-09-07T04:41:35+00:00,,,,,
Parts4Cells,https://parts4cells.com/,Devices,https://parts4cells.com/devices.html,1,click,Macbook,https://parts4cells.com/devices/macbook.html,3,dom-inspection,,,0,0,0,2,dom-inspection,div.main-menu-head > div.row > div.col-md-12.megamenu > ul.sub-menu.sub-menu-top > li.level1 > div.sub-menu-toggle-main > a.sub-menu-toggle.device-category,https://parts4cells.com/devices/macbook.html,False,False,2026-09-07T04:41:35+00:00,,,,,
Parts4Cells,https://parts4cells.com/,Devices,https://parts4cells.com/devices.html,1,click,iPad,https://parts4cells.com/devices/ipad.html,4,dom-inspection,,,0,0,0,2,dom-inspection,div.main-menu-head > div.row > div.col-md-12.megamenu > ul.sub-menu.sub-menu-top > li.level1 > div.sub-menu-toggle-main > a.sub-menu-toggle.device-category,https://parts4cells.com/devices/ipad.html,False,False,2026-09-07T04:41:35+00:00,,,,,
Parts4Cells,https://parts4cells.com/,Devices,https://parts4cells.com/devices.html,1,click,iWatch,https://parts4cells.com/devices/iwatch.html,5,dom-inspection,,,0,0,0,2,dom-inspection,div.main-menu-head > div.row > div.col-md-12.megamenu > ul.sub-menu.sub-menu-top > li.level1 > div.sub-menu-toggle-main > a.sub-menu-toggle.device-category,https://parts4cells.com/devices/iwatch.html,False,False,2026-09-07T04:41:35+00:00,,,,,
Parts4Cells,https://parts4cells.com/,Devices,https://parts4cells.com/devices.html,1,click,OnePlus,https://parts4cells.com/devices/oneplus.html,6,dom-inspection,,,0,0,0,2,dom-inspection,div.main-menu-head > div.row > div.col-md-12.megamenu > ul.sub-menu.sub-menu-top > li.level1 > div.sub-menu-toggle-main > a.sub-menu-toggle.device-category,https://parts4cells.com/devices/oneplus.html,False,False,2026-09-07T04:41:35+00:00,,,,,
Parts4Cells,https://parts4cells.com/,Devices,https://parts4cells.com/devices.html,1,click,Revvl,https://parts4cells.com/devices/other.html,7,dom-inspection,,,0,0,0,2,dom-inspection,div.main-menu-head > div.row > div.col-md-12.megamenu > ul.sub-menu.sub-menu-top > li.level1 > div.sub-menu-toggle-main > a.sub-menu-toggle.device-category,https://parts4cells.com/devices/other.html,False,False,2026-09-07T04:41:35+00:00,,,,,
Parts4Cells,https://parts4cells.com/,Devices,https://parts4cells.com/devices.html,1,click,$150 Below,https://parts4cells.com/devices/150-below.html,8,dom-inspection,,,0,0,0,2,dom-inspection,div.main-menu-head > div.row > div.col-md-12.megamenu > ul.sub-menu.sub-menu-top > li.level1 > div.sub-menu-toggle-main > a.sub-menu-toggle.device-category,https://parts4cells.com/devices/150-below.html,False,False,2026-09-07T04:41:35+00:00,,,,,
Parts4Cells,https://parts4cells.com/,Devices,https://parts4cells.com/devices.html,1,click,$99 Below,https://parts4cells.com/devices/99-below.html,9,dom-inspection,,,0,0,0,2,dom-inspection,div.main-menu-head > div.row > div.col-md-12.megamenu > ul.sub-menu.sub-menu-top > li.level1 > div.sub-menu-toggle-main > a.sub-menu-toggle.device-category,https://parts4cells.com/devices/99-below.html,False,False,2026-09-07T04:41:35+00:00,,,,,
Parts4Cells,https://parts4cells.com/,Devices,https://parts4cells.com/devices.html,1,click,Device Boxes,https://parts4cells.com/devices/device-boxes.html,10,dom-inspection,,,0,0,0,2,dom-inspection,div.main-menu-head > div.row > div.col-md-12.megamenu > ul.sub-menu.sub-menu-top > li.level1 > div.sub-menu-toggle-main > a.sub-menu-toggle.device-category,https://parts4cells.com/devices/device-boxes.html,False,False,2026-09-07T04:41:35+00:00,,,,,
Parts4Cells,https://parts4cells.com/,Apple,,2,click,iPhone,https://parts4cells.com/apple/iphone.html,1,dom-inspection,All iPhone LCDs,https://parts4cells.com/apple/iphone/all-iphone-lcds.html,1,2,1,3,dom-inspection,ul#mobile-menu-cat-7-1 > li.level2 > a.sub-category-link,https://parts4cells.com/apple/iphone/all-iphone-lcds.html,False,False,2026-09-07T04:41:35+00:00,,,,,
Parts4Cells,https://parts4cells.com/,Apple,,2,click,iPhone,https://parts4cells.com/apple/iphone.html,1,dom-inspection,iPhone Air,https://parts4cells.com/apple/iphone/iphone-17-air.html,2,2,2,3,dom-inspection,ul#mobile-menu-cat-7-1 > li.level2 > a.sub-category-link,https://parts4cells.com/apple/iphone/iphone-17-air.html,False,False,2026-09-07T04:41:35+00:00,,,,,
Parts4Cells,https://parts4cells.com/,Apple,,2,click,iPhone,https://parts4cells.com/apple/iphone.html,1,dom-inspection,iPhone 17e,https://parts4cells.com/apple/iphone/iphone-17e.html,3,2,3,3,dom-inspection,ul#mobile-menu-cat-7-1 > li.level2 > a.sub-category-link,https://parts4cells.com/apple/iphone/iphone-17e.html,False,False,2026-09-07T04:41:35+00:00,,,,,
Parts4Cells,https://parts4cells.com/,Apple,,2,click,iPhone,https://parts4cells.com/apple/iphone.html,1,dom-inspection,iPhone 17 Pro Max,https://parts4cells.com/apple/iphone/iphone-17-pro-max.html,4,2,4,3,dom-inspection,ul#mobile-menu-cat-7-1 > li.level2 > a.sub-category-link,https://parts4cells.com/apple/iphone/iphone-17-pro-max.html,False,False,2026-09-07T04:41:35+00:00,,,,,
Parts4Cells,https://parts4cells.com/,Apple,,2,click,iPhone,https://parts4cells.com/apple/iphone.html,1,dom-inspection,iPhone 17 Pro,https://parts4cells.com/apple/iphone/iphone-17-pro.html,5,2,5,3,dom-inspection,ul#mobile-menu-cat-7-1 > li.level2 > a.sub-category-link,https://parts4cells.com/apple/iphone/iphone-17-pro.html,False,False,2026-09-07T04:41:35+00:00,,,,,
Parts4Cells,https://parts4cells.com/,Apple,,2,click,iPhone,https://parts4cells.com/apple/iphone.html,1,dom-inspection,iPhone 17,https://parts4cells.com/apple/iphone/iphone-17.html,6,2,6,3,dom-inspection,ul#mobile-menu-cat-7-1 > li.level2 > a.sub-category-link,https://parts4cells.com/apple/iphone/iphone-17.html,False,False,2026-09-07T04:41:35+00:00,,,,,
Parts4Cells,https://parts4cells.com/,Apple,,2,click,iPhone,https://parts4cells.com/apple/iphone.html,1,dom-inspection,iPhone 16e,https://parts4cells.com/apple/iphone/iphone-16e.html,7,2,7,3,dom-inspection,ul#mobile-menu-cat-7-1 > li.level2 > a.sub-category-link,https://parts4cells.com/apple/iphone/iphone-16e.html,False,False,2026-09-07T04:41:35+00:00,,,,,
Parts4Cells,https://parts4cells.com/,Apple,,2,click,iPhone,https://parts4cells.com/apple/iphone.html,1,dom-inspection,iPhone 16 Pro Max,https://parts4cells.com/apple/iphone/iphone-16-pro-max.html,8,2,8,3,dom-inspection,ul#mobile-menu-cat-7-1 > li.level2 > a.sub-category-link,https://parts4cells.com/apple/iphone/iphone-16-pro-max.html,False,False,2026-09-07T04:41:35+00:00,,,,,
Parts4Cells,https://parts4cells.com/,Apple,,2,click,iPhone,https://parts4cells.com/apple/iphone.html,1,dom-inspection,iPhone 16 Pro,https://parts4cells.com/apple/iphone/iphone-16-pro.html,9,2,9,3,dom-inspection,ul#mobile-menu-cat-7-1 > li.level2 > a.sub-category-link,https://parts4cells.com/apple/iphone/iphone-16-pro.html,False,False,2026-09-07T04:41:35+00:00,,,,,
Parts4Cells,https://parts4cells.com/,Apple,,2,click,iPhone,https://parts4cells.com/apple/iphone.html,1,dom-inspection,iPhone 16 Plus,https://parts4cells.com/apple/iphone/iphone-16-plus.html,10,2,10,3,dom-inspection,ul#mobile-menu-cat-7-1 > li.level2 > a.sub-category-link,https://parts4cells.com/apple/iphone/iphone-16-plus.html,False,False,2026-09-07T04:41:35+00:00,,,,,
Parts4Cells,https://parts4cells.com/,Apple,,2,click,iPhone,https://parts4cells.com/apple/iphone.html,1,dom-inspection,iPhone 16,https://parts4cells.com/apple/iphone/iphone-16.html,11,2,11,3,dom-inspection,ul#mobile-menu-cat-7-1 > li.level2 > a.sub-category-link,https://parts4cells.com/apple/iphone/iphone-16.html,False,False,2026-09-07T04:41:35+00:00,,,,,
Parts4Cells,https://parts4cells.com/,Apple,,2,click,iPhone,https://parts4cells.com/apple/iphone.html,1,dom-inspection,iPhone 15 Pro Max,https://parts4cells.com/apple/iphone/iphone-15-pro-max.html,12,2,12,3,dom-inspection,ul#mobile-menu-cat-7-1 > li.level2 > a.sub-category-link,https://parts4cells.com/apple/iphone/iphone-15-pro-max.html,False,False,2026-09-07T04:41:35+00:00,,,,,
Parts4Cells,https://parts4cells.com/,Apple,,2,click,iPhone,https://parts4cells.com/apple/iphone.html,1,dom-inspection,iPhone 15 Pro,https://parts4cells.com/apple/iphone/iphone-15-pro.html,13,2,13,3,dom-inspection,ul#mobile-menu-cat-7-1 > li.level2 > a.sub-category-link,https://parts4cells.com/apple/iphone/iphone-15-pro.html,False,False,2026-09-07T04:41:35+00:00,,,,,
Parts4Cells,https://parts4cells.com/,Apple,,2,click,iPhone,https://parts4cells.com/apple/iphone.html,1,dom-inspection,iPhone 15 Plus,https://parts4cells.com/apple/iphone/iphone-15-plus.html,14,2,14,3,dom-inspection,ul#mobile-menu-cat-7-1 > li.level2 > a.sub-category-link,https://parts4cells.com/apple/iphone/iphone-15-plus.html,False,False,2026-09-07T04:41:35+00:00,,,,,
Parts4Cells,https://parts4cells.com/,Apple,,2,click,iPhone,https://parts4cells.com/apple/iphone.html,1,dom-inspection,iPhone 15,https://parts4cells.com/apple/iphone/iphone-15.html,15,2,15,3,dom-inspection,ul#mobile-menu-cat-7-1 > li.level2 > a.sub-category-link,https://parts4cells.com/apple/iphone/iphone-15.html,False,False,2026-09-07T04:41:35+00:00,,,,,
Parts4Cells,https://parts4cells.com/,Apple,,2,click,iPhone,https://parts4cells.com/apple/iphone.html,1,dom-inspection,iPhone 14 pro max,https://parts4cells.com/apple/iphone/iphone-14-pro-max.html,16,3,16,3,dom-inspection,ul#mobile-menu-cat-7-1 > li.level2 > a.sub-category-link,https://parts4cells.com/apple/iphone/iphone-14-pro-max.html,False,False,2026-09-07T04:41:35+00:00,,,,,
Parts4Cells,https://parts4cells.com/,Apple,,2,click,iPhone,https://parts4cells.com/apple/iphone.html,1,dom-inspection,iPhone 14 pro,https://parts4cells.com/apple/iphone/iphone-14-pro.html,17,3,17,3,dom-inspection,ul#mobile-menu-cat-7-1 > li.level2 > a.sub-category-link,https://parts4cells.com/apple/iphone/iphone-14-pro.html,False,False,2026-09-07T04:41:35+00:00,,,,,
Parts4Cells,https://parts4cells.com/,Apple,,2,click,iPhone,https://parts4cells.com/apple/iphone.html,1,dom-inspection,iPhone 14 plus,https://parts4cells.com/apple/iphone/iphone-14-plus.html,18,3,18,3,dom-inspection,ul#mobile-menu-cat-7-1 > li.level2 > a.sub-category-link,https://parts4cells.com/apple/iphone/iphone-14-plus.html,False,False,2026-09-07T04:41:35+00:00,,,,,
Parts4Cells,https://parts4cells.com/,Apple,,2,click,iPhone,https://parts4cells.com/apple/iphone.html,1,dom-inspection,iPhone 14,https://parts4cells.com/apple/iphone/iphone-14.html,19,3,19,3,dom-inspection,ul#mobile-menu-cat-7-1 > li.level2 > a.sub-category-link,https://parts4cells.com/apple/iphone/iphone-14.html,False,False,2026-09-07T04:41:35+00:00,,,,,
Parts4Cells,https://parts4cells.com/,Apple,,2,click,iPhone,https://parts4cells.com/apple/iphone.html,1,dom-inspection,iPhone 13 Pro Max,https://parts4cells.com/apple/iphone/iphone-13-pro-max.html,20,3,20,3,dom-inspection,ul#mobile-menu-cat-7-1 > li.level2 > a.sub-category-link,https://parts4cells.com/apple/iphone/iphone-13-pro-max.html,False,False,2026-09-07T04:41:35+00:00,,,,,
Parts4Cells,https://parts4cells.com/,Apple,,2,click,iPhone,https://parts4cells.com/apple/iphone.html,1,dom-inspection,iPhone 13 Pro,https://parts4cells.com/apple/iphone/iphone-13-pro.html,21,3,21,3,dom-inspection,ul#mobile-menu-cat-7-1 > li.level2 > a.sub-category-link,https://parts4cells.com/apple/iphone/iphone-13-pro.html,False,False,2026-09-07T04:41:35+00:00,,,,,
Parts4Cells,https://parts4cells.com/,Apple,,2,click,iPhone,https://parts4cells.com/apple/iphone.html,1,dom-inspection,iPhone 13,https://parts4cells.com/apple/iphone/iphone-13.html,22,3,22,3,dom-inspection,ul#mobile-menu-cat-7-1 > li.level2 > a.sub-category-link,https://parts4cells.com/apple/iphone/iphone-13.html,False,False,2026-09-07T04:41:35+00:00,,,,,
Parts4Cells,https://parts4cells.com/,Apple,,2,click,iPhone,https://parts4cells.com/apple/iphone.html,1,dom-inspection,iPhone 13 Mini,https://parts4cells.com/apple/iphone/iphone-13-mini.html,23,3,23,3,dom-inspection,ul#mobile-menu-cat-7-1 > li.level2 > a.sub-category-link,https://parts4cells.com/apple/iphone/iphone-13-mini.html,False,False,2026-09-07T04:41:35+00:00,,,,,
Parts4Cells,https://parts4cells.com/,Apple,,2,click,iPhone,https://parts4cells.com/apple/iphone.html,1,dom-inspection,iPhone SE (2022),https://parts4cells.com/apple/iphone/iphone-se-2022.html,24,3,24,3,dom-inspection,ul#mobile-menu-cat-7-1 > li.level2 > a.sub-category-link,https://parts4cells.com/apple/iphone/iphone-se-2022.html,False,False,2026-09-07T04:41:35+00:00,,,,,
Parts4Cells,https://parts4cells.com/,Apple,,2,click,iPhone,https://parts4cells.com/apple/iphone.html,1,dom-inspection,iPhone 12 Pro Max,https://parts4cells.com/apple/iphone/iphone-12-pro-max.html,25,3,25,3,dom-inspection,ul#mobile-menu-cat-7-1 > li.level2 > a.sub-category-link,https://parts4cells.com/apple/iphone/iphone-12-pro-max.html,False,False,2026-09-07T04:41:35+00:00,,,,,
Parts4Cells,https://parts4cells.com/,Apple,,2,click,iPhone,https://parts4cells.com/apple/iphone.html,1,dom-inspection,iPhone 12 Pro,https://parts4cells.com/apple/iphone/iphone-12-pro.html,26,3,26,3,dom-inspection,ul#mobile-menu-cat-7-1 > li.level2 > a.sub-category-link,https://parts4cells.com/apple/iphone/iphone-12-pro.html,False,False,2026-09-07T04:41:35+00:00,,,,,
Parts4Cells,https://parts4cells.com/,Apple,,2,click,iPhone,https://parts4cells.com/apple/iphone.html,1,dom-inspection,iPhone 12,https://parts4cells.com/apple/iphone/iphone-12.html,27,3,27,3,dom-inspection,ul#mobile-menu-cat-7-1 > li.level2 > a.sub-category-link,https://parts4cells.com/apple/iphone/iphone-12.html,False,False,2026-09-07T04:41:35+00:00,,,,,
Parts4Cells,https://parts4cells.com/,Apple,,2,click,iPhone,https://parts4cells.com/apple/iphone.html,1,dom-inspection,iPhone 12 Mini,https://parts4cells.com/apple/iphone/iphone-12-mini.html,28,3,28,3,dom-inspection,ul#mobile-menu-cat-7-1 > li.level2 > a.sub-category-link,https://parts4cells.com/apple/iphone/iphone-12-mini.html,False,False,2026-09-07T04:41:35+00:00,,,,,
Parts4Cells,https://parts4cells.com/,Apple,,2,click,iPhone,https://parts4cells.com/apple/iphone.html,1,dom-inspection,iPhone 11 Pro Max,https://parts4cells.com/apple/iphone/iphone-11-pro-max.html,29,3,29,3,dom-inspection,ul#mobile-menu-cat-7-1 > li.level2 > a.sub-category-link,https://parts4cells.com/apple/iphone/iphone-11-pro-max.html,False,False,2026-09-07T04:41:35+00:00,,,,,
Parts4Cells,https://parts4cells.com/,Apple,,2,click,iPhone,https://parts4cells.com/apple/iphone.html,1,dom-inspection,iPhone 11 Pro,https://parts4cells.com/apple/iphone/iphone-11-pro.html,30,3,30,3,dom-inspection,ul#mobile-menu-cat-7-1 > li.level2 > a.sub-category-link,https://parts4cells.com/apple/iphone/iphone-11-pro.html,False,False,2026-09-07T04:41:35+00:00,,,,,
Parts4Cells,https://parts4cells.com/,Apple,,2,click,iPhone,https://parts4cells.com/apple/iphone.html,1,dom-inspection,iPhone 11,https://parts4cells.com/apple/iphone/iphone-11.html,31,3,31,3,dom-inspection,ul#mobile-menu-cat-7-1 > li.level2 > a.sub-category-link,https://parts4cells.com/apple/iphone/iphone-11.html,False,False,2026-09-07T04:41:35+00:00,,,,,
Parts4Cells,https://parts4cells.com/,Apple,,2,click,iPhone,https://parts4cells.com/apple/iphone.html,1,dom-inspection,iPhone XS Max,https://parts4cells.com/apple/iphone/iphone-xs-max.html,32,4,32,3,dom-inspection,ul#mobile-menu-cat-7-1 > li.level2 > a.sub-category-link,https://parts4cells.com/apple/iphone/iphone-xs-max.html,False,False,2026-09-07T04:41:35+00:00,,,,,
Parts4Cells,https://parts4cells.com/,Apple,,2,click,iPhone,https://parts4cells.com/apple/iphone.html,1,dom-inspection,iPhone XS,https://parts4cells.com/apple/iphone/iphone-xs.html,33,4,33,3,dom-inspection,ul#mobile-menu-cat-7-1 > li.level2 > a.sub-category-link,https://parts4cells.com/apple/iphone/iphone-xs.html,False,False,2026-09-07T04:41:35+00:00,,,,,
Parts4Cells,https://parts4cells.com/,Apple,,2,click,iPhone,https://parts4cells.com/apple/iphone.html,1,dom-inspection,iPhone XR,https://parts4cells.com/apple/iphone/iphone-xr.html,34,4,34,3,dom-inspection,ul#mobile-menu-cat-7-1 > li.level2 > a.sub-category-link,https://parts4cells.com/apple/iphone/iphone-xr.html,False,False,2026-09-07T04:41:35+00:00,,,,,
Parts4Cells,https://parts4cells.com/,Apple,,2,click,iPhone,https://parts4cells.com/apple/iphone.html,1,dom-inspection,iPhone X,https://parts4cells.com/apple/iphone/iphone-x.html,35,4,35,3,dom-inspection,ul#mobile-menu-cat-7-1 > li.level2 > a.sub-category-link,https://parts4cells.com/apple/iphone/iphone-x.html,False,False,2026-09-07T04:41:35+00:00,,,,,
Parts4Cells,https://parts4cells.com/,Apple,,2,click,iPhone,https://parts4cells.com/apple/iphone.html,1,dom-inspection,iPhone 8+,https://parts4cells.com/apple/iphone/iphone-8.html,36,4,36,3,dom-inspection,ul#mobile-menu-cat-7-1 > li.level2 > a.sub-category-link,https://parts4cells.com/apple/iphone/iphone-8.html,False,False,2026-09-07T04:41:35+00:00,,,,,
Parts4Cells,https://parts4cells.com/,Apple,,2,click,iPhone,https://parts4cells.com/apple/iphone.html,1,dom-inspection,iPhone 8 / SE (2020),https://parts4cells.com/apple/iphone/iphone-8-se-2020.html,37,4,37,3,dom-inspection,ul#mobile-menu-cat-7-1 > li.level2 > a.sub-category-link,https://parts4cells.com/apple/iphone/iphone-8-se-2020.html,False,False,2026-09-07T04:41:35+00:00,,,,,
Parts4Cells,https://parts4cells.com/,Apple,,2,click,iPhone,https://parts4cells.com/apple/iphone.html,1,dom-inspection,iPhone 7 Plus,https://parts4cells.com/apple/iphone/iphone-7-plus.html,38,4,38,3,dom-inspection,ul#mobile-menu-cat-7-1 > li.level2 > a.sub-category-link,https://parts4cells.com/apple/iphone/iphone-7-plus.html,False,False,2026-09-07T04:41:35+00:00,,,,,
Parts4Cells,https://parts4cells.com/,Apple,,2,click,iPhone,https://parts4cells.com/apple/iphone.html,1,dom-inspection,iPhone 7,https://parts4cells.com/apple/iphone/iphone-7.html,39,4,39,3,dom-inspection,ul#mobile-menu-cat-7-1 > li.level2 > a.sub-category-link,https://parts4cells.com/apple/iphone/iphone-7.html,False,False,2026-09-07T04:41:35+00:00,,,,,
Parts4Cells,https://parts4cells.com/,Apple,,2,click,iPhone,https://parts4cells.com/apple/iphone.html,1,dom-inspection,iPhone 6S+,https://parts4cells.com/apple/iphone/iphone-6s-plus.html,40,4,40,3,dom-inspection,ul#mobile-menu-cat-7-1 > li.level2 > a.sub-category-link,https://parts4cells.com/apple/iphone/iphone-6s-plus.html,False,False,2026-09-07T04:41:35+00:00,,,,,
Parts4Cells,https://parts4cells.com/,Apple,,2,click,iPhone,https://parts4cells.com/apple/iphone.html,1,dom-inspection,iPhone 6s,https://parts4cells.com/apple/iphone/iphone-6s.html,41,4,41,3,dom-inspection,ul#mobile-menu-cat-7-1 > li.level2 > a.sub-category-link,https://parts4cells.com/apple/iphone/iphone-6s.html,False,False,2026-09-07T04:41:35+00:00,,,,,
Parts4Cells,https://parts4cells.com/,Apple,,2,click,iPhone,https://parts4cells.com/apple/iphone.html,1,dom-inspection,iPhone 6+,https://parts4cells.com/apple/iphone/iphone-6-plus.html,42,4,42,3,dom-inspection,ul#mobile-menu-cat-7-1 > li.level2 > a.sub-category-link,https://parts4cells.com/apple/iphone/iphone-6-plus.html,False,False,2026-09-07T04:41:35+00:00,,,,,
Parts4Cells,https://parts4cells.com/,Apple,,2,click,iPhone,https://parts4cells.com/apple/iphone.html,1,dom-inspection,iPhone 6,https://parts4cells.com/apple/iphone/iphone6.html,43,4,43,3,dom-inspection,ul#mobile-menu-cat-7-1 > li.level2 > a.sub-category-link,https://parts4cells.com/apple/iphone/iphone6.html,False,False,2026-09-07T04:41:35+00:00,,,,,
Parts4Cells,https://parts4cells.com/,Apple,,2,click,iPhone,https://parts4cells.com/apple/iphone.html,1,dom-inspection,iPhone SE,https://parts4cells.com/apple/iphone/iphone-se.html,44,4,44,3,dom-inspection,ul#mobile-menu-cat-7-1 > li.level2 > a.sub-category-link,https://parts4cells.com/apple/iphone/iphone-se.html,False,False,2026-09-07T04:41:35+00:00,,,,,
Parts4Cells,https://parts4cells.com/,Apple,,2,click,iPhone,https://parts4cells.com/apple/iphone.html,1,dom-inspection,iPhone 5S,https://parts4cells.com/apple/iphone/iphone-5s.html,45,4,45,3,dom-inspection,ul#mobile-menu-cat-7-1 > li.level2 > a.sub-category-link,https://parts4cells.com/apple/iphone/iphone-5s.html,False,False,2026-09-07T04:41:35+00:00,,,,,
Parts4Cells,https://parts4cells.com/,Apple,,2,click,iPhone,https://parts4cells.com/apple/iphone.html,1,dom-inspection,iPhone 5C,https://parts4cells.com/apple/iphone/iphone-5c.html,46,4,46,3,dom-inspection,ul#mobile-menu-cat-7-1 > li.level2 > a.sub-category-link,https://parts4cells.com/apple/iphone/iphone-5c.html,False,False,2026-09-07T04:41:35+00:00,,,,,
Parts4Cells,https://parts4cells.com/,Apple,,2,click,iPhone,https://parts4cells.com/apple/iphone.html,1,dom-inspection,iPhone 5,https://parts4cells.com/apple/iphone/iphone-5.html,47,4,47,3,dom-inspection,ul#mobile-menu-cat-7-1 > li.level2 > a.sub-category-link,https://parts4cells.com/apple/iphone/iphone-5.html,False,False,2026-09-07T04:41:35+00:00,,,,,
Parts4Cells,https://parts4cells.com/,Apple,,2,click,iPad,https://parts4cells.com/apple/ipad.html,2,dom-inspection,All iPad LCDs,https://parts4cells.com/apple/ipad/all-ipad-lcds.html,1,1,1,3,dom-inspection,ul#mobile-menu-cat-33-1 > li.level2 > a.sub-category-link,https://parts4cells.com/apple/ipad/all-ipad-lcds.html,False,False,2026-09-07T04:41:35+00:00,,,,,
Parts4Cells,https://parts4cells.com/,Apple,,2,click,iPad,https://parts4cells.com/apple/ipad.html,2,dom-inspection,"iPad Pro 13"" 7th Gen (2024)",https://parts4cells.com/apple/ipad/ipad-pro-13-7th-gen-2024.html,2,1,2,3,dom-inspection,ul#mobile-menu-cat-33-1 > li.level2 > a.sub-category-link,https://parts4cells.com/apple/ipad/ipad-pro-13-7th-gen-2024.html,False,False,2026-09-07T04:41:35+00:00,,,,,
Parts4Cells,https://parts4cells.com/,Apple,,2,click,iPad,https://parts4cells.com/apple/ipad.html,2,dom-inspection,"iPad Pro 12.9"" (6th Gen) (2022)",https://parts4cells.com/apple/ipad/ipad-pro-12-9-6th-gen-2022.html,3,1,3,3,dom-inspection,ul#mobile-menu-cat-33-1 > li.level2 > a.sub-category-link,https://parts4cells.com/apple/ipad/ipad-pro-12-9-6th-gen-2022.html,False,False,2026-09-07T04:41:35+00:00,,,,,
Parts4Cells,https://parts4cells.com/,Apple,,2,click,iPad,https://parts4cells.com/apple/ipad.html,2,dom-inspection,"iPad Pro 12.9"" (5th Gen)",https://parts4cells.com/apple/ipad/ipad-pro-12-9-5th-gen.html,4,1,4,3,dom-inspection,ul#mobile-menu-cat-33-1 > li.level2 > a.sub-category-link,https://parts4cells.com/apple/ipad/ipad-pro-12-9-5th-gen.html,False,False,2026-09-07T04:41:35+00:00,,,,,
Parts4Cells,https://parts4cells.com/,Apple,,2,click,iPad,https://parts4cells.com/apple/ipad.html,2,dom-inspection,"iPad Pro 12.9"" (4th Gen) (2020)",https://parts4cells.com/apple/ipad/ipad-pro-12-9-4th-gen-2020.html,5,1,5,3,dom-inspection,ul#mobile-menu-cat-33-1 > li.level2 > a.sub-category-link,https://parts4cells.com/apple/ipad/ipad-pro-12-9-4th-gen-2020.html,False,False,2026-09-07T04:41:35+00:00,,,,,
Parts4Cells,https://parts4cells.com/,Apple,,2,click,iPad,https://parts4cells.com/apple/ipad.html,2,dom-inspection,"iPad Pro 12.9"" (3rd Gen / 4th Gen)",https://parts4cells.com/apple/ipad/ipad-pro-12-9-3rd-gen-4th-gen.html,6,1,6,3,dom-inspection,ul#mobile-menu-cat-33-1 > li.level2 > a.sub-category-link,https://parts4cells.com/apple/ipad/ipad-pro-12-9-3rd-gen-4th-gen.html,False,False,2026-09-07T04:41:35+00:00,,,,,
Parts4Cells,https://parts4cells.com/,Apple,,2,click,iPad,https://parts4cells.com/apple/ipad.html,2,dom-inspection,"iPad Pro 12.9"" (2nd Gen)",https://parts4cells.com/apple/ipad/ipad-pro-12-9-2nd-gen.html,7,1,7,3,dom-inspection,ul#mobile-menu-cat-33-1 > li.level2 > a.sub-category-link,https://parts4cells.com/apple/ipad/ipad-pro-12-9-2nd-gen.html,False,False,2026-09-07T04:41:35+00:00,,,,,
Parts4Cells,https://parts4cells.com/,Apple,,2,click,iPad,https://parts4cells.com/apple/ipad.html,2,dom-inspection,iPad Pro 12.9 (1st Gen),https://parts4cells.com/apple/ipad/ipad-pro-12-9-1st-gen.html,8,1,8,3,dom-inspection,ul#mobile-menu-cat-33-1 > li.level2 > a.sub-category-link,https://parts4cells.com/apple/ipad/ipad-pro-12-9-1st-gen.html,False,False,2026-09-07T04:41:35+00:00,,,,,
Parts4Cells,https://parts4cells.com/,Apple,,2,click,iPad,https://parts4cells.com/apple/ipad.html,2,dom-inspection,"iPad Pro 11"" 5th Gen (2024)",https://parts4cells.com/apple/ipad/ipad-pro-11-5th-gen-2024.html,9,1,9,3,dom-inspection,ul#mobile-menu-cat-33-1 > li.level2 > a.sub-category-link,https://parts4cells.com/apple/ipad/ipad-pro-11-5th-gen-2024.html,False,False,2026-09-07T04:41:35+00:00,,,,,
Parts4Cells,https://parts4cells.com/,Apple,,2,click,iPad,https://parts4cells.com/apple/ipad.html,2,dom-inspection,"iPad Pro 11"" (4th Gen) (2022)",https://parts4cells.com/apple/ipad/ipad-pro-11-4th-gen-2022.html,10,1,10,3,dom-inspection,ul#mobile-menu-cat-33-1 > li.level2 > a.sub-category-link,https://parts4cells.com/apple/ipad/ipad-pro-11-4th-gen-2022.html,False,False,2026-09-07T04:41:35+00:00,,,,,
Parts4Cells,https://parts4cells.com/,Apple,,2,click,iPad,https://parts4cells.com/apple/ipad.html,2,dom-inspection,"iPad Pro 11.0"" (3rd Gen)",https://parts4cells.com/apple/ipad/ipad-pro-11-0-3rd-gen.html,11,1,11,3,dom-inspection,ul#mobile-menu-cat-33-1 > li.level2 > a.sub-category-link,https://parts4cells.com/apple/ipad/ipad-pro-11-0-3rd-gen.html,False,False,2026-09-07T04:41:35+00:00,,,,,
Parts4Cells,https://parts4cells.com/,Apple,,2,click,iPad,https://parts4cells.com/apple/ipad.html,2,dom-inspection,"iPad Pro 11"" (2nd Gen) (2020)",https://parts4cells.com/apple/ipad/ipad-pro-11-2nd-gen-2020.html,12,1,12,3,dom-inspection,ul#mobile-menu-cat-33-1 > li.level2 > a.sub-category-link,https://parts4cells.com/apple/ipad/ipad-pro-11-2nd-gen-2020.html,False,False,2026-09-07T04:41:35+00:00,,,,,
Parts4Cells,https://parts4cells.com/,Apple,,2,click,iPad,https://parts4cells.com/apple/ipad.html,2,dom-inspection,"iPad Pro 11.0"" (1st Gen)",https://parts4cells.com/apple/ipad/ipad-pro-11-0-1st-gen.html,13,1,13,3,dom-inspection,ul#mobile-menu-cat-33-1 > li.level2 > a.sub-category-link,https://parts4cells.com/apple/ipad/ipad-pro-11-0-1st-gen.html,False,False,2026-09-07T04:41:35+00:00,,,,,
Parts4Cells,https://parts4cells.com/,Apple,,2,click,iPad,https://parts4cells.com/apple/ipad.html,2,dom-inspection,"iPad Pro 10.5""",https://parts4cells.com/apple/ipad/ipad-pro-10-5__.html,14,1,14,3,dom-inspection,ul#mobile-menu-cat-33-1 > li.level2 > a.sub-category-link,https://parts4cells.com/apple/ipad/ipad-pro-10-5__.html,False,False,2026-09-07T04:41:35+00:00,,,,,
Parts4Cells,https://parts4cells.com/,Apple,,2,click,iPad,https://parts4cells.com/apple/ipad.html,2,dom-inspection,"iPad Pro 9.7""",https://parts4cells.com/apple/ipad/ipad-pro-9-7--.html,15,1,15,3,dom-inspection,ul#mobile-menu-cat-33-1 > li.level2 > a.sub-category-link,https://parts4cells.com/apple/ipad/ipad-pro-9-7--.html,False,False,2026-09-07T04:41:35+00:00,,,,,
Parts4Cells,https://parts4cells.com/,Apple,,2,click,iPad,https://parts4cells.com/apple/ipad.html,2,dom-inspection,iPad 11 (2025),https://parts4cells.com/apple/ipad/ipad-11-2025.html,16,1,16,3,dom-inspection,ul#mobile-menu-cat-33-1 > li.level2 > a.sub-category-link,https://parts4cells.com/apple/ipad/ipad-11-2025.html,False,False,2026-09-07T04:41:35+00:00,,,,,
Parts4Cells,https://parts4cells.com/,Apple,,2,click,iPad,https://parts4cells.com/apple/ipad.html,2,dom-inspection,iPad 10 (2022),https://parts4cells.com/apple/ipad/ipad-10.html,17,1,17,3,dom-inspection,ul#mobile-menu-cat-33-1 > li.level2 > a.sub-category-link,https://parts4cells.com/apple/ipad/ipad-10.html,False,False,2026-09-07T04:41:35+00:00,,,,,
Parts4Cells,https://parts4cells.com/,Apple,,2,click,iPad,https://parts4cells.com/apple/ipad.html,2,dom-inspection,iPad 9 (2021),https://parts4cells.com/apple/ipad/ipad-9-2021.html,18,1,18,3,dom-inspection,ul#mobile-menu-cat-33-1 > li.level2 > a.sub-category-link,https://parts4cells.com/apple/ipad/ipad-9-2021.html,False,False,2026-09-07T04:41:35+00:00,,,,,
Parts4Cells,https://parts4cells.com/,Apple,,2,click,iPad,https://parts4cells.com/apple/ipad.html,2,dom-inspection,iPad 8 (2020),https://parts4cells.com/apple/ipad/ipad-8-2020.html,19,1,19,3,dom-inspection,ul#mobile-menu-cat-33-1 > li.level2 > a.sub-category-link,https://parts4cells.com/apple/ipad/ipad-8-2020.html,False,False,2026-09-07T04:41:35+00:00,,,,,
Parts4Cells,https://parts4cells.com/,Apple,,2,click,iPad,https://parts4cells.com/apple/ipad.html,2,dom-inspection,iPad 7 (2019) / iPad 8 (2020),https://parts4cells.com/apple/ipad/ipad-7-2019-ipad-8-2020.html,20,1,20,3,dom-inspection,ul#mobile-menu-cat-33-1 > li.level2 > a.sub-category-link,https://parts4cells.com/apple/ipad/ipad-7-2019-ipad-8-2020.html,False,False,2026-09-07T04:41:35+00:00,,,,,
Parts4Cells,https://parts4cells.com/,Apple,,2,click,iPad,https://parts4cells.com/apple/ipad.html,2,dom-inspection,iPad 6 (2018),https://parts4cells.com/apple/ipad/ipad-6-2018.html,21,1,21,3,dom-inspection,ul#mobile-menu-cat-33-1 > li.level2 > a.sub-category-link,https://parts4cells.com/apple/ipad/ipad-6-2018.html,False,False,2026-09-07T04:41:35+00:00,,,,,
Parts4Cells,https://parts4cells.com/,Apple,,2,click,iPad,https://parts4cells.com/apple/ipad.html,2,dom-inspection,iPad 5 (2017),https://parts4cells.com/apple/ipad/ipad-5-2017.html,22,1,22,3,dom-inspection,ul#mobile-menu-cat-33-1 > li.level2 > a.sub-category-link,https://parts4cells.com/apple/ipad/ipad-5-2017.html,False,False,2026-09-07T04:41:35+00:00,,,,,
Parts4Cells,https://parts4cells.com/,Apple,,2,click,iPad,https://parts4cells.com/apple/ipad.html,2,dom-inspection,iPad 4,https://parts4cells.com/apple/ipad/ipad-4.html,23,1,23,3,dom-inspection,ul#mobile-menu-cat-33-1 > li.level2 > a.sub-category-link,https://parts4cells.com/apple/ipad/ipad-4.html,False,False,2026-09-07T04:41:35+00:00,,,,,
Parts4Cells,https://parts4cells.com/,Apple,,2,click,iPad,https://parts4cells.com/apple/ipad.html,2,dom-inspection,iPad 3,https://parts4cells.com/apple/ipad/ipad-3.html,24,1,24,3,dom-inspection,ul#mobile-menu-cat-33-1 > li.level2 > a.sub-category-link,https://parts4cells.com/apple/ipad/ipad-3.html,False,False,2026-09-07T04:41:35+00:00,,,,,
Parts4Cells,https://parts4cells.com/,Apple,,2,click,iPad,https://parts4cells.com/apple/ipad.html,2,dom-inspection,iPad 2,https://parts4cells.com/apple/ipad/ipad-2.html,25,1,25,3,dom-inspection,ul#mobile-menu-cat-33-1 > li.level2 > a.sub-category-link,https://parts4cells.com/apple/ipad/ipad-2.html,False,False,2026-09-07T04:41:35+00:00,,,,,
Parts4Cells,https://parts4cells.com/,Apple,,2,click,iPad,https://parts4cells.com/apple/ipad.html,2,dom-inspection,iPad 1,https://parts4cells.com/apple/ipad/ipad-1.html,26,1,26,3,dom-inspection,ul#mobile-menu-cat-33-1 > li.level2 > a.sub-category-link,https://parts4cells.com/apple/ipad/ipad-1.html,False,False,2026-09-07T04:41:35+00:00,,,,,
Parts4Cells,https://parts4cells.com/,Apple,,2,click,iPad,https://parts4cells.com/apple/ipad.html,2,dom-inspection,"iPad Air 13"" (2024)",https://parts4cells.com/apple/ipad/ipad-air-13-2024.html,27,1,27,3,dom-inspection,ul#mobile-menu-cat-33-1 > li.level2 > a.sub-category-link,https://parts4cells.com/apple/ipad/ipad-air-13-2024.html,False,False,2026-09-07T04:41:35+00:00,,,,,
Parts4Cells,https://parts4cells.com/,Apple,,2,click,iPad,https://parts4cells.com/apple/ipad.html,2,dom-inspection,iPad Air 11'' (2024),https://parts4cells.com/apple/ipad/ipad-air-11-2024.html,28,1,28,3,dom-inspection,ul#mobile-menu-cat-33-1 > li.level2 > a.sub-category-link,https://parts4cells.com/apple/ipad/ipad-air-11-2024.html,False,False,2026-09-07T04:41:35+00:00,,,,,
Parts4Cells,https://parts4cells.com/,Apple,,2,click,iPad,https://parts4cells.com/apple/ipad.html,2,dom-inspection,"iPad Air 5 10.9""",https://parts4cells.com/apple/ipad/ipad-air-5-10-9.html,29,1,29,3,dom-inspection,ul#mobile-menu-cat-33-1 > li.level2 > a.sub-category-link,https://parts4cells.com/apple/ipad/ipad-air-5-10-9.html,False,False,2026-09-07T04:41:35+00:00,,,,,
Parts4Cells,https://parts4cells.com/,Apple,,2,click,iPad,https://parts4cells.com/apple/ipad.html,2,dom-inspection,iPad Air 4,https://parts4cells.com/apple/ipad/ipad-air-4.html,30,1,30,3,dom-inspection,ul#mobile-menu-cat-33-1 > li.level2 > a.sub-category-link,https://parts4cells.com/apple/ipad/ipad-air-4.html,False,False,2026-09-07T04:41:35+00:00,,,,,
Parts4Cells,https://parts4cells.com/,Apple,,2,click,iPad,https://parts4cells.com/apple/ipad.html,2,dom-inspection,iPad Air 3,https://parts4cells.com/apple/ipad/ipad-air-3.html,31,1,31,3,dom-inspection,ul#mobile-menu-cat-33-1 > li.level2 > a.sub-category-link,https://parts4cells.com/apple/ipad/ipad-air-3.html,False,False,2026-09-07T04:41:35+00:00,,,,,
Parts4Cells,https://parts4cells.com/,Apple,,2,click,iPad,https://parts4cells.com/apple/ipad.html,2,dom-inspection,iPad Air 2,https://parts4cells.com/apple/ipad/ipad-air-2.html,32,1,32,3,dom-inspection,ul#mobile-menu-cat-33-1 > li.level2 > a.sub-category-link,https://parts4cells.com/apple/ipad/ipad-air-2.html,False,False,2026-09-07T04:41:35+00:00,,,,,
Parts4Cells,https://parts4cells.com/,Apple,,2,click,iPad,https://parts4cells.com/apple/ipad.html,2,dom-inspection,iPad Air,https://parts4cells.com/apple/ipad/ipad-air.html,33,1,33,3,dom-inspection,ul#mobile-menu-cat-33-1 > li.level2 > a.sub-category-link,https://parts4cells.com/apple/ipad/ipad-air.html,False,False,2026-09-07T04:41:35+00:00,,,,,
Parts4Cells,https://parts4cells.com/,Apple,,2,click,iPad,https://parts4cells.com/apple/ipad.html,2,dom-inspection,iPad Mini 7,https://parts4cells.com/apple/ipad/ipad-mini-7.html,34,1,34,3,dom-inspection,ul#mobile-menu-cat-33-1 > li.level2 > a.sub-category-link,https://parts4cells.com/apple/ipad/ipad-mini-7.html,False,False,2026-09-07T04:41:35+00:00,,,,,
Parts4Cells,https://parts4cells.com/,Apple,,2,click,iPad,https://parts4cells.com/apple/ipad.html,2,dom-inspection,iPad Mini 6,https://parts4cells.com/apple/ipad/ipad-mini-6.html,35,1,35,3,dom-inspection,ul#mobile-menu-cat-33-1 > li.level2 > a.sub-category-link,https://parts4cells.com/apple/ipad/ipad-mini-6.html,False,False,2026-09-07T04:41:35+00:00,,,,,
Parts4Cells,https://parts4cells.com/,Apple,,2,click,iPad,https://parts4cells.com/apple/ipad.html,2,dom-inspection,iPad Mini 5,https://parts4cells.com/apple/ipad/ipad-mini-5.html,36,1,36,3,dom-inspection,ul#mobile-menu-cat-33-1 > li.level2 > a.sub-category-link,https://parts4cells.com/apple/ipad/ipad-mini-5.html,False,False,2026-09-07T04:41:35+00:00,,,,,
Parts4Cells,https://parts4cells.com/,Apple,,2,click,iPad,https://parts4cells.com/apple/ipad.html,2,dom-inspection,iPad Mini 4,https://parts4cells.com/apple/ipad/ipad-mini-4.html,37,1,37,3,dom-inspection,ul#mobile-menu-cat-33-1 > li.level2 > a.sub-category-link,https://parts4cells.com/apple/ipad/ipad-mini-4.html,False,False,2026-09-07T04:41:35+00:00,,,,,
Parts4Cells,https://parts4cells.com/,Apple,,2,click,iPad,https://parts4cells.com/apple/ipad.html,2,dom-inspection,iPad Mini 3,https://parts4cells.com/apple/ipad/ipad-mini-3.html,38,1,38,3,dom-inspection,ul#mobile-menu-cat-33-1 > li.level2 > a.sub-category-link,https://parts4cells.com/apple/ipad/ipad-mini-3.html,False,False,2026-09-07T04:41:35+00:00,,,,,
Parts4Cells,https://parts4cells.com/,Apple,,2,click,iPad,https://parts4cells.com/apple/ipad.html,2,dom-inspection,iPad Mini 2,https://parts4cells.com/apple/ipad/ipad-mini-2.html,39,1,39,3,dom-inspection,ul#mobile-menu-cat-33-1 > li.level2 > a.sub-category-link,https://parts4cells.com/apple/ipad/ipad-mini-2.html,False,False,2026-09-07T04:41:35+00:00,,,,,
Parts4Cells,https://parts4cells.com/,Apple,,2,click,iPad,https://parts4cells.com/apple/ipad.html,2,dom-inspection,iPad Mini,https://parts4cells.com/apple/ipad/ipad-mini.html,40,1,40,3,dom-inspection,ul#mobile-menu-cat-33-1 > li.level2 > a.sub-category-link,https://parts4cells.com/apple/ipad/ipad-mini.html,False,False,2026-09-07T04:41:35+00:00,,,,,
Parts4Cells,https://parts4cells.com/,Apple,,2,click,iPod,https://parts4cells.com/apple/ipod.html,3,dom-inspection,All iPod LCDs,https://parts4cells.com/apple/ipod/all-ipod-lcds.html,1,1,1,3,dom-inspection,ul#mobile-menu-cat-423-1 > li.level2 > a.sub-category-link,https://parts4cells.com/apple/ipod/all-ipod-lcds.html,False,False,2026-09-07T04:41:35+00:00,,,,,
Parts4Cells,https://parts4cells.com/,Apple,,2,click,iPod,https://parts4cells.com/apple/ipod.html,3,dom-inspection,iPod Touch 5th / 6th Gen,https://parts4cells.com/apple/ipod/ipod-touch-5th-6th-gen.html,2,1,2,3,dom-inspection,ul#mobile-menu-cat-423-1 > li.level2 > a.sub-category-link,https://parts4cells.com/apple/ipod/ipod-touch-5th-6th-gen.html,False,False,2026-09-07T04:41:35+00:00,,,,,
Parts4Cells,https://parts4cells.com/,Apple,,2,click,iPod,https://parts4cells.com/apple/ipod.html,3,dom-inspection,iPod 4th Gen,https://parts4cells.com/apple/ipod/ipod-4th-gen.html,3,1,3,3,dom-inspection,ul#mobile-menu-cat-423-1 > li.level2 > a.sub-category-link,https://parts4cells.com/apple/ipod/ipod-4th-gen.html,False,False,2026-09-07T04:41:35+00:00,,,,,
Parts4Cells,https://parts4cells.com/,Apple,,2,click,iWatch,https://parts4cells.com/apple/iwatch.html,4,dom-inspection,All iWatch LCDs,https://parts4cells.com/apple/iwatch/all-iwatch-lcds.html,1,1,1,3,dom-inspection,ul#mobile-menu-cat-17-1 > li.level2 > a.sub-category-link,https://parts4cells.com/apple/iwatch/all-iwatch-lcds.html,False,False,2026-09-07T04:41:35+00:00,,,,,
Parts4Cells,https://parts4cells.com/,Apple,,2,click,iWatch,https://parts4cells.com/apple/iwatch.html,4,dom-inspection,Watch Series 11 46 MM,https://parts4cells.com/apple/iwatch/watch-series-11-46-mm.html,2,1,2,3,dom-inspection,ul#mobile-menu-cat-17-1 > li.level2 > a.sub-category-link,https://parts4cells.com/apple/iwatch/watch-series-11-46-mm.html,False,False,2026-09-07T04:41:35+00:00,,,,,
Parts4Cells,https://parts4cells.com/,Apple,,2,click,iWatch,https://parts4cells.com/apple/iwatch.html,4,dom-inspection,Watch Series 11 42 MM,https://parts4cells.com/apple/iwatch/watch-series-11-42-mm.html,3,1,3,3,dom-inspection,ul#mobile-menu-cat-17-1 > li.level2 > a.sub-category-link,https://parts4cells.com/apple/iwatch/watch-series-11-42-mm.html,False,False,2026-09-07T04:41:35+00:00,,,,,
Parts4Cells,https://parts4cells.com/,Apple,,2,click,iWatch,https://parts4cells.com/apple/iwatch.html,4,dom-inspection,Watch Series 10 46 MM,https://parts4cells.com/apple/iwatch/watch-series-10-46-mm.html,4,1,4,3,dom-inspection,ul#mobile-menu-cat-17-1 > li.level2 > a.sub-category-link,https://parts4cells.com/apple/iwatch/watch-series-10-46-mm.html,False,False,2026-09-07T04:41:35+00:00,,,,,
Parts4Cells,https://parts4cells.com/,Apple,,2,click,iWatch,https://parts4cells.com/apple/iwatch.html,4,dom-inspection,Watch Series 10 42 MM,https://parts4cells.com/apple/iwatch/watch-series-10-42-mm.html,5,1,5,3,dom-inspection,ul#mobile-menu-cat-17-1 > li.level2 > a.sub-category-link,https://parts4cells.com/apple/iwatch/watch-series-10-42-mm.html,False,False,2026-09-07T04:41:35+00:00,,,,,
Parts4Cells,https://parts4cells.com/,Apple,,2,click,iWatch,https://parts4cells.com/apple/iwatch.html,4,dom-inspection,Watch Series 9 45 MM,https://parts4cells.com/apple/iwatch/watch-series-9-45-mm.html,6,1,6,3,dom-inspection,ul#mobile-menu-cat-17-1 > li.level2 > a.sub-category-link,https://parts4cells.com/apple/iwatch/watch-series-9-45-mm.html,False,False,2026-09-07T04:41:35+00:00,,,,,
Parts4Cells,https://parts4cells.com/,Apple,,2,click,iWatch,https://parts4cells.com/apple/iwatch.html,4,dom-inspection,Watch Series 9 41 MM,https://parts4cells.com/apple/iwatch/watch-series-9-41-mm.html,7,1,7,3,dom-inspection,ul#mobile-menu-cat-17-1 > li.level2 > a.sub-category-link,https://parts4cells.com/apple/iwatch/watch-series-9-41-mm.html,False,False,2026-09-07T04:41:35+00:00,,,,,
Parts4Cells,https://parts4cells.com/,Apple,,2,click,iWatch,https://parts4cells.com/apple/iwatch.html,4,dom-inspection,Watch Ultra 2nd Gen (49 MM),https://parts4cells.com/apple/iwatch/watch-ultra-2nd-gen-49mm.html,8,1,8,3,dom-inspection,ul#mobile-menu-cat-17-1 > li.level2 > a.sub-category-link,https://parts4cells.com/apple/iwatch/watch-ultra-2nd-gen-49mm.html,False,False,2026-09-07T04:41:35+00:00,,,,,
Parts4Cells,https://parts4cells.com/,Apple,,2,click,iWatch,https://parts4cells.com/apple/iwatch.html,4,dom-inspection,Watch Ultra 49 MM,https://parts4cells.com/apple/iwatch/watch-ultra-49-mm.html,9,1,9,3,dom-inspection,ul#mobile-menu-cat-17-1 > li.level2 > a.sub-category-link,https://parts4cells.com/apple/iwatch/watch-ultra-49-mm.html,False,False,2026-09-07T04:41:35+00:00,,,,,
Parts4Cells,https://parts4cells.com/,Apple,,2,click,iWatch,https://parts4cells.com/apple/iwatch.html,4,dom-inspection,Watch Series 8 45 MM,https://parts4cells.com/apple/iwatch/watch-series-8-45-mm.html,10,1,10,3,dom-inspection,ul#mobile-menu-cat-17-1 > li.level2 > a.sub-category-link,https://parts4cells.com/apple/iwatch/watch-series-8-45-mm.html,False,False,2026-09-07T04:41:35+00:00,,,,,
Parts4Cells,https://parts4cells.com/,Apple,,2,click,iWatch,https://parts4cells.com/apple/iwatch.html,4,dom-inspection,Watch Series 8 41 MM,https://parts4cells.com/apple/iwatch/watch-series-8-41-mm.html,11,1,11,3,dom-inspection,ul#mobile-menu-cat-17-1 > li.level2 > a.sub-category-link,https://parts4cells.com/apple/iwatch/watch-series-8-41-mm.html,False,False,2026-09-07T04:41:35+00:00,,,,,
Parts4Cells,https://parts4cells.com/,Apple,,2,click,iWatch,https://parts4cells.com/apple/iwatch.html,4,dom-inspection,Watch Series 7 45 MM,https://parts4cells.com/apple/iwatch/watch-series-7-45-mm.html,12,1,12,3,dom-inspection,ul#mobile-menu-cat-17-1 > li.level2 > a.sub-category-link,https://parts4cells.com/apple/iwatch/watch-series-7-45-mm.html,False,False,2026-09-07T04:41:35+00:00,,,,,
Parts4Cells,https://parts4cells.com/,Apple,,2,click,iWatch,https://parts4cells.com/apple/iwatch.html,4,dom-inspection,Watch Series 7 41 MM,https://parts4cells.com/apple/iwatch/watch-series-7-41-mm.html,13,1,13,3,dom-inspection,ul#mobile-menu-cat-17-1 > li.level2 > a.sub-category-link,https://parts4cells.com/apple/iwatch/watch-series-7-41-mm.html,False,False,2026-09-07T04:41:35+00:00,,,,,
Parts4Cells,https://parts4cells.com/,Apple,,2,click,iWatch,https://parts4cells.com/apple/iwatch.html,4,dom-inspection,Watch Series 6 44 MM,https://parts4cells.com/apple/iwatch/watch-series-6-44-mm.html,14,1,14,3,dom-inspection,ul#mobile-menu-cat-17-1 > li.level2 > a.sub-category-link,https://parts4cells.com/apple/iwatch/watch-series-6-44-mm.html,False,False,2026-09-07T04:41:35+00:00,,,,,
Parts4Cells,https://parts4cells.com/,Apple,,2,click,iWatch,https://parts4cells.com/apple/iwatch.html,4,dom-inspection,Watch Series 6 40 MM,https://parts4cells.com/apple/iwatch/watch-series-6-40-mm.html,15,1,15,3,dom-inspection,ul#mobile-menu-cat-17-1 > li.level2 > a.sub-category-link,https://parts4cells.com/apple/iwatch/watch-series-6-40-mm.html,False,False,2026-09-07T04:41:35+00:00,,,,,
Parts4Cells,https://parts4cells.com/,Apple,,2,click,iWatch,https://parts4cells.com/apple/iwatch.html,4,dom-inspection,Watch Series SE (2nd Gen) 44mm,https://parts4cells.com/apple/iwatch/watch-series-se-2nd-gen-44mm.html,16,1,16,3,dom-inspection,ul#mobile-menu-cat-17-1 > li.level2 > a.sub-category-link,https://parts4cells.com/apple/iwatch/watch-series-se-2nd-gen-44mm.html,False,False,2026-09-07T04:41:35+00:00,,,,,
Parts4Cells,https://parts4cells.com/,Apple,,2,click,iWatch,https://parts4cells.com/apple/iwatch.html,4,dom-inspection,Watch Series SE (2nd Gen) 40mm,https://parts4cells.com/apple/iwatch/watch-series-se-2nd-gen-40mm.html,17,1,17,3,dom-inspection,ul#mobile-menu-cat-17-1 > li.level2 > a.sub-category-link,https://parts4cells.com/apple/iwatch/watch-series-se-2nd-gen-40mm.html,False,False,2026-09-07T04:41:35+00:00,,,,,
Parts4Cells,https://parts4cells.com/,Apple,,2,click,iWatch,https://parts4cells.com/apple/iwatch.html,4,dom-inspection,Watch Series 5 / SE 44 MM,https://parts4cells.com/apple/iwatch/watch-series-5-se-44-mm.html,18,1,18,3,dom-inspection,ul#mobile-menu-cat-17-1 > li.level2 > a.sub-category-link,https://parts4cells.com/apple/iwatch/watch-series-5-se-44-mm.html,False,False,2026-09-07T04:41:35+00:00,,,,,
Parts4Cells,https://parts4cells.com/,Apple,,2,click,iWatch,https://parts4cells.com/apple/iwatch.html,4,dom-inspection,Watch Series 5 / SE 40 MM,https://parts4cells.com/apple/iwatch/watch-series-5-se-40-mm.html,19,1,19,3,dom-inspection,ul#mobile-menu-cat-17-1 > li.level2 > a.sub-category-link,https://parts4cells.com/apple/iwatch/watch-series-5-se-40-mm.html,False,False,2026-09-07T04:41:35+00:00,,,,,
Parts4Cells,https://parts4cells.com/,Apple,,2,click,iWatch,https://parts4cells.com/apple/iwatch.html,4,dom-inspection,Watch Series 4 44mm,https://parts4cells.com/apple/iwatch/watch-series-4-44mm.html,20,1,20,3,dom-inspection,ul#mobile-menu-cat-17-1 > li.level2 > a.sub-category-link,https://parts4cells.com/apple/iwatch/watch-series-4-44mm.html,False,False,2026-09-07T04:41:35+00:00,,,,,
Parts4Cells,https://parts4cells.com/,Apple,,2,click,iWatch,https://parts4cells.com/apple/iwatch.html,4,dom-inspection,Watch Series 4 40mm,https://parts4cells.com/apple/iwatch/watch-series-4-40mm.html,21,1,21,3,dom-inspection,ul#mobile-menu-cat-17-1 > li.level2 > a.sub-category-link,https://parts4cells.com/apple/iwatch/watch-series-4-40mm.html,False,False,2026-09-07T04:41:35+00:00,,,,,
Parts4Cells,https://parts4cells.com/,Apple,,2,click,iWatch,https://parts4cells.com/apple/iwatch.html,4,dom-inspection,Watch Series 3 42mm,https://parts4cells.com/apple/iwatch/watch-series-3-42mm.html,22,1,22,3,dom-inspection,ul#mobile-menu-cat-17-1 > li.level2 > a.sub-category-link,https://parts4cells.com/apple/iwatch/watch-series-3-42mm.html,False,False,2026-09-07T04:41:35+00:00,,,,,
Parts4Cells,https://parts4cells.com/,Apple,,2,click,iWatch,https://parts4cells.com/apple/iwatch.html,4,dom-inspection,Watch Series 3 38mm,https://parts4cells.com/apple/iwatch/watch-series-3-38mm.html,23,1,23,3,dom-inspection,ul#mobile-menu-cat-17-1 > li.level2 > a.sub-category-link,https://parts4cells.com/apple/iwatch/watch-series-3-38mm.html,False,False,2026-09-07T04:41:35+00:00,,,,,
Parts4Cells,https://parts4cells.com/,Apple,,2,click,iWatch,https://parts4cells.com/apple/iwatch.html,4,dom-inspection,Watch Series 2 42mm,https://parts4cells.com/apple/iwatch/watch-series-2-42mm.html,24,1,24,3,dom-inspection,ul#mobile-menu-cat-17-1 > li.level2 > a.sub-category-link,https://parts4cells.com/apple/iwatch/watch-series-2-42mm.html,False,False,2026-09-07T04:41:35+00:00,,,,,
Parts4Cells,https://parts4cells.com/,Apple,,2,click,iWatch,https://parts4cells.com/apple/iwatch.html,4,dom-inspection,Watch Series 2 38mm,https://parts4cells.com/apple/iwatch/watch-series-2-38mm.html,25,1,25,3,dom-inspection,ul#mobile-menu-cat-17-1 > li.level2 > a.sub-category-link,https://parts4cells.com/apple/iwatch/watch-series-2-38mm.html,False,False,2026-09-07T04:41:35+00:00,,,,,
Parts4Cells,https://parts4cells.com/,Apple,,2,click,iWatch,https://parts4cells.com/apple/iwatch.html,4,dom-inspection,Watch Series 1 42mm,https://parts4cells.com/apple/iwatch/watch-series-1-42mm.html,26,1,26,3,dom-inspection,ul#mobile-menu-cat-17-1 > li.level2 > a.sub-category-link,https://parts4cells.com/apple/iwatch/watch-series-1-42mm.html,False,False,2026-09-07T04:41:35+00:00,,,,,
Parts4Cells,https://parts4cells.com/,Apple,,2,click,iWatch,https://parts4cells.com/apple/iwatch.html,4,dom-inspection,Watch Series 1 38mm,https://parts4cells.com/apple/iwatch/watch-series-1-38mm.html,27,1,27,3,dom-inspection,ul#mobile-menu-cat-17-1 > li.level2 > a.sub-category-link,https://parts4cells.com/apple/iwatch/watch-series-1-38mm.html,False,False,2026-09-07T04:41:35+00:00,,,,,
Parts4Cells,https://parts4cells.com/,Apple,,2,click,MacBook Air,https://parts4cells.com/apple/macbook-air.html,5,dom-inspection,"MacBook Air 15"" A3241 (2025) M4",https://parts4cells.com/apple/macbook-air/macbook-air-15-a3241-2025-m4.html,1,1,1,3,dom-inspection,ul#mobile-menu-cat-2935-1 > li.level2 > a.sub-category-link,https://parts4cells.com/apple/macbook-air/macbook-air-15-a3241-2025-m4.html,False,False,2026-09-07T04:41:35+00:00,,,,,
Parts4Cells,https://parts4cells.com/,Apple,,2,click,MacBook Air,https://parts4cells.com/apple/macbook-air.html,5,dom-inspection,"MacBook Air 15"" A3114 (2024) M3",https://parts4cells.com/apple/macbook-air/macbook-air-15-a3114-2024.html,2,1,2,3,dom-inspection,ul#mobile-menu-cat-2935-1 > li.level2 > a.sub-category-link,https://parts4cells.com/apple/macbook-air/macbook-air-15-a3114-2024.html,False,False,2026-09-07T04:41:35+00:00,,,,,
Parts4Cells,https://parts4cells.com/,Apple,,2,click,MacBook Air,https://parts4cells.com/apple/macbook-air.html,5,dom-inspection,"MacBook Air 15"" A2941 (2023) M2",https://parts4cells.com/apple/macbook-air/macbook-air-15-a2941-2023-m2.html,3,1,3,3,dom-inspection,ul#mobile-menu-cat-2935-1 > li.level2 > a.sub-category-link,https://parts4cells.com/apple/macbook-air/macbook-air-15-a2941-2023-m2.html,False,False,2026-09-07T04:41:35+00:00,,,,,
Parts4Cells,https://parts4cells.com/,Apple,,2,click,MacBook Air,https://parts4cells.com/apple/macbook-air.html,5,dom-inspection,"MacBook Air 13"" A3240 (2025) M4",https://parts4cells.com/apple/macbook-air/macbook-air-13-a3240-2025-m4.html,4,1,4,3,dom-inspection,ul#mobile-menu-cat-2935-1 > li.level2 > a.sub-category-link,https://parts4cells.com/apple/macbook-air/macbook-air-13-a3240-2025-m4.html,False,False,2026-09-07T04:41:35+00:00,,,,,
Parts4Cells,https://parts4cells.com/,Apple,,2,click,MacBook Air,https://parts4cells.com/apple/macbook-air.html,5,dom-inspection,"MacBook Air 13"" A3113 (2024) M3",https://parts4cells.com/apple/macbook-air/macbook-air-13-a3113-2024.html,5,1,5,3,dom-inspection,ul#mobile-menu-cat-2935-1 > li.level2 > a.sub-category-link,https://parts4cells.com/apple/macbook-air/macbook-air-13-a3113-2024.html,False,False,2026-09-07T04:41:35+00:00,,,,,
Parts4Cells,https://parts4cells.com/,Apple,,2,click,MacBook Air,https://parts4cells.com/apple/macbook-air.html,5,dom-inspection,"MacBook Air 13"" A2681 (2022) M2",https://parts4cells.com/apple/macbook-air/macbook-air-13-a2681-2022-m2.html,6,1,6,3,dom-inspection,ul#mobile-menu-cat-2935-1 > li.level2 > a.sub-category-link,https://parts4cells.com/apple/macbook-air/macbook-air-13-a2681-2022-m2.html,False,False,2026-09-07T04:41:35+00:00,,,,,
Parts4Cells,https://parts4cells.com/,Apple,,2,click,MacBook Air,https://parts4cells.com/apple/macbook-air.html,5,dom-inspection,"MacBook Air 13"" A2337 (2020) M1",https://parts4cells.com/apple/macbook-air/macbook-air-13-a2337-2020-m1.html,7,1,7,3,dom-inspection,ul#mobile-menu-cat-2935-1 > li.level2 > a.sub-category-link,https://parts4cells.com/apple/macbook-air/macbook-air-13-a2337-2020-m1.html,False,False,2026-09-07T04:41:35+00:00,,,,,
Parts4Cells,https://parts4cells.com/,Apple,,2,click,MacBook Air,https://parts4cells.com/apple/macbook-air.html,5,dom-inspection,"MacBook Air 13"" A2179 (2020)",https://parts4cells.com/apple/macbook-air/macbook-air-13-a2179-2020.html,8,1,8,3,dom-inspection,ul#mobile-menu-cat-2935-1 > li.level2 > a.sub-category-link,https://parts4cells.com/apple/macbook-air/macbook-air-13-a2179-2020.html,False,False,2026-09-07T04:41:35+00:00,,,,,
Parts4Cells,https://parts4cells.com/,Samsung,,3,click,S Series,https://parts4cells.com/samsung/s-series.html,1,dom-inspection,All S Series LCDs,https://parts4cells.com/samsung/s-series/all-s-series-lcd.html,1,2,1,3,dom-inspection,ul#mobile-menu-cat-13-1 > li.level2 > a.sub-category-link,https://parts4cells.com/samsung/s-series/all-s-series-lcd.html,False,False,2026-09-07T04:41:35+00:00,,,,,
Parts4Cells,https://parts4cells.com/,Samsung,,3,click,S Series,https://parts4cells.com/samsung/s-series.html,1,dom-inspection,S26 Ultra,https://parts4cells.com/samsung/s-series/s26-ultra.html,2,2,2,3,dom-inspection,ul#mobile-menu-cat-13-1 > li.level2 > a.sub-category-link,https://parts4cells.com/samsung/s-series/s26-ultra.html,False,False,2026-09-07T04:41:35+00:00,,,,,
Parts4Cells,https://parts4cells.com/,Samsung,,3,click,S Series,https://parts4cells.com/samsung/s-series.html,1,dom-inspection,S26 Plus,https://parts4cells.com/samsung/s-series/s26-plus.html,3,2,3,3,dom-inspection,ul#mobile-menu-cat-13-1 > li.level2 > a.sub-category-link,https://parts4cells.com/samsung/s-series/s26-plus.html,False,False,2026-09-07T04:41:35+00:00,,,,,
Parts4Cells,https://parts4cells.com/,Samsung,,3,click,S Series,https://parts4cells.com/samsung/s-series.html,1,dom-inspection,S26 5G,https://parts4cells.com/samsung/s-series/s26-5g.html,4,2,4,3,dom-inspection,ul#mobile-menu-cat-13-1 > li.level2 > a.sub-category-link,https://parts4cells.com/samsung/s-series/s26-5g.html,False,False,2026-09-07T04:41:35+00:00,,,,,
Parts4Cells,https://parts4cells.com/,Samsung,,3,click,S Series,https://parts4cells.com/samsung/s-series.html,1,dom-inspection,S25 FE,https://parts4cells.com/samsung/s-series/s25-fe.html,5,2,5,3,dom-inspection,ul#mobile-menu-cat-13-1 > li.level2 > a.sub-category-link,https://parts4cells.com/samsung/s-series/s25-fe.html,False,False,2026-09-07T04:41:35+00:00,,,,,
Parts4Cells,https://parts4cells.com/,Samsung,,3,click,S Series,https://parts4cells.com/samsung/s-series.html,1,dom-inspection,S25 Edge,https://parts4cells.com/samsung/s-series/s25-edge.html,6,2,6,3,dom-inspection,ul#mobile-menu-cat-13-1 > li.level2 > a.sub-category-link,https://parts4cells.com/samsung/s-series/s25-edge.html,False,False,2026-09-07T04:41:35+00:00,,,,,
Parts4Cells,https://parts4cells.com/,Samsung,,3,click,S Series,https://parts4cells.com/samsung/s-series.html,1,dom-inspection,S25 Ultra,https://parts4cells.com/samsung/s-series/s25-ultra.html,7,2,7,3,dom-inspection,ul#mobile-menu-cat-13-1 > li.level2 > a.sub-category-link,https://parts4cells.com/samsung/s-series/s25-ultra.html,False,False,2026-09-07T04:41:35+00:00,,,,,
Parts4Cells,https://parts4cells.com/,Samsung,,3,click,S Series,https://parts4cells.com/samsung/s-series.html,1,dom-inspection,S25 Plus,https://parts4cells.com/samsung/s-series/s25-plus.html,8,2,8,3,dom-inspection,ul#mobile-menu-cat-13-1 > li.level2 > a.sub-category-link,https://parts4cells.com/samsung/s-series/s25-plus.html,False,False,2026-09-07T04:41:35+00:00,,,,,
Parts4Cells,https://parts4cells.com/,Samsung,,3,click,S Series,https://parts4cells.com/samsung/s-series.html,1,dom-inspection,S25 5G,https://parts4cells.com/samsung/s-series/s25-5g.html,9,2,9,3,dom-inspection,ul#mobile-menu-cat-13-1 > li.level2 > a.sub-category-link,https://parts4cells.com/samsung/s-series/s25-5g.html,False,False,2026-09-07T04:41:35+00:00,,,,,
Parts4Cells,https://parts4cells.com/,Samsung,,3,click,S Series,https://parts4cells.com/samsung/s-series.html,1,dom-inspection,S24 FE,https://parts4cells.com/samsung/s-series/s24-fe.html,10,2,10,3,dom-inspection,ul#mobile-menu-cat-13-1 > li.level2 > a.sub-category-link,https://parts4cells.com/samsung/s-series/s24-fe.html,False,False,2026-09-07T04:41:35+00:00,,,,,
Parts4Cells,https://parts4cells.com/,Samsung,,3,click,S Series,https://parts4cells.com/samsung/s-series.html,1,dom-inspection,S24 Ultra,https://parts4cells.com/samsung/s-series/s24-ultra.html,11,2,11,3,dom-inspection,ul#mobile-menu-cat-13-1 > li.level2 > a.sub-category-link,https://parts4cells.com/samsung/s-series/s24-ultra.html,False,False,2026-09-07T04:41:35+00:00,,,,,
Parts4Cells,https://parts4cells.com/,Samsung,,3,click,S Series,https://parts4cells.com/samsung/s-series.html,1,dom-inspection,S24 Plus,https://parts4cells.com/samsung/s-series/s24-plus.html,12,2,12,3,dom-inspection,ul#mobile-menu-cat-13-1 > li.level2 > a.sub-category-link,https://parts4cells.com/samsung/s-series/s24-plus.html,False,False,2026-09-07T04:41:35+00:00,,,,,
Parts4Cells,https://parts4cells.com/,Samsung,,3,click,S Series,https://parts4cells.com/samsung/s-series.html,1,dom-inspection,S24 5G,https://parts4cells.com/samsung/s-series/s24-5g.html,13,3,13,3,dom-inspection,ul#mobile-menu-cat-13-1 > li.level2 > a.sub-category-link,https://parts4cells.com/samsung/s-series/s24-5g.html,False,False,2026-09-07T04:41:35+00:00,,,,,
Parts4Cells,https://parts4cells.com/,Samsung,,3,click,S Series,https://parts4cells.com/samsung/s-series.html,1,dom-inspection,S23 FE 5G,https://parts4cells.com/samsung/s-series/s23-fe-5g.html,14,3,14,3,dom-inspection,ul#mobile-menu-cat-13-1 > li.level2 > a.sub-category-link,https://parts4cells.com/samsung/s-series/s23-fe-5g.html,False,False,2026-09-07T04:41:35+00:00,,,,,
Parts4Cells,https://parts4cells.com/,Samsung,,3,click,S Series,https://parts4cells.com/samsung/s-series.html,1,dom-inspection,S23 Ultra,https://parts4cells.com/samsung/s-series/s23-ultra.html,15,3,15,3,dom-inspection,ul#mobile-menu-cat-13-1 > li.level2 > a.sub-category-link,https://parts4cells.com/samsung/s-series/s23-ultra.html,False,False,2026-09-07T04:41:35+00:00,,,,,
Parts4Cells,https://parts4cells.com/,Samsung,,3,click,S Series,https://parts4cells.com/samsung/s-series.html,1,dom-inspection,S23 Plus,https://parts4cells.com/samsung/s-series/s23-plus.html,16,3,16,3,dom-inspection,ul#mobile-menu-cat-13-1 > li.level2 > a.sub-category-link,https://parts4cells.com/samsung/s-series/s23-plus.html,False,False,2026-09-07T04:41:35+00:00,,,,,
Parts4Cells,https://parts4cells.com/,Samsung,,3,click,S Series,https://parts4cells.com/samsung/s-series.html,1,dom-inspection,S23 5G,https://parts4cells.com/samsung/s-series/s23-5g.html,17,3,17,3,dom-inspection,ul#mobile-menu-cat-13-1 > li.level2 > a.sub-category-link,https://parts4cells.com/samsung/s-series/s23-5g.html,False,False,2026-09-07T04:41:35+00:00,,,,,
Parts4Cells,https://parts4cells.com/,Samsung,,3,click,S Series,https://parts4cells.com/samsung/s-series.html,1,dom-inspection,S22 Ultra,https://parts4cells.com/samsung/s-series/s22-ultra.html,18,3,18,3,dom-inspection,ul#mobile-menu-cat-13-1 > li.level2 > a.sub-category-link,https://parts4cells.com/samsung/s-series/s22-ultra.html,False,False,2026-09-07T04:41:35+00:00,,,,,
Parts4Cells,https://parts4cells.com/,Samsung,,3,click,S Series,https://parts4cells.com/samsung/s-series.html,1,dom-inspection,S22 Plus,https://parts4cells.com/samsung/s-series/s22-plus.html,19,3,19,3,dom-inspection,ul#mobile-menu-cat-13-1 > li.level2 > a.sub-category-link,https://parts4cells.com/samsung/s-series/s22-plus.html,False,False,2026-09-07T04:41:35+00:00,,,,,
Parts4Cells,https://parts4cells.com/,Samsung,,3,click,S Series,https://parts4cells.com/samsung/s-series.html,1,dom-inspection,S22 5G,https://parts4cells.com/samsung/s-series/s22.html,20,3,20,3,dom-inspection,ul#mobile-menu-cat-13-1 > li.level2 > a.sub-category-link,https://parts4cells.com/samsung/s-series/s22.html,False,False,2026-09-07T04:41:35+00:00,,,,,
Parts4Cells,https://parts4cells.com/,Samsung,,3,click,S Series,https://parts4cells.com/samsung/s-series.html,1,dom-inspection,S21 Ultra,https://parts4cells.com/samsung/s-series/s21-ultra.html,21,3,21,3,dom-inspection,ul#mobile-menu-cat-13-1 > li.level2 > a.sub-category-link,https://parts4cells.com/samsung/s-series/s21-ultra.html,False,False,2026-09-07T04:41:35+00:00,,,,,
Parts4Cells,https://parts4cells.com/,Samsung,,3,click,S Series,https://parts4cells.com/samsung/s-series.html,1,dom-inspection,S21 Plus,https://parts4cells.com/samsung/s-series/s21-plus.html,22,3,22,3,dom-inspection,ul#mobile-menu-cat-13-1 > li.level2 > a.sub-category-link,https://parts4cells.com/samsung/s-series/s21-plus.html,False,False,2026-09-07T04:41:35+00:00,,,,,
Parts4Cells,https://parts4cells.com/,Samsung,,3,click,S Series,https://parts4cells.com/samsung/s-series.html,1,dom-inspection,S21 FE,https://parts4cells.com/samsung/s-series/s21-fe.html,23,3,23,3,dom-inspection,ul#mobile-menu-cat-13-1 > li.level2 > a.sub-category-link,https://parts4cells.com/samsung/s-series/s21-fe.html,False,False,2026-09-07T04:41:35+00:00,,,,,
Parts4Cells,https://parts4cells.com/,Samsung,,3,click,S Series,https://parts4cells.com/samsung/s-series.html,1,dom-inspection,S21 5G,https://parts4cells.com/samsung/s-series/s21-5g.html,24,3,24,3,dom-inspection,ul#mobile-menu-cat-13-1 > li.level2 > a.sub-category-link,https://parts4cells.com/samsung/s-series/s21-5g.html,False,False,2026-09-07T04:41:35+00:00,,,,,
Parts4Cells,https://parts4cells.com/,Samsung,,3,click,S Series,https://parts4cells.com/samsung/s-series.html,1,dom-inspection,S20 FE,https://parts4cells.com/samsung/s-series/s20-fe.html,25,3,25,3,dom-inspection,ul#mobile-menu-cat-13-1 > li.level2 > a.sub-category-link,https://parts4cells.com/samsung/s-series/s20-fe.html,False,False,2026-09-07T04:41:35+00:00,,,,,
Parts4Cells,https://parts4cells.com/,Samsung,,3,click,S Series,https://parts4cells.com/samsung/s-series.html,1,dom-inspection,S20 Ultra,https://parts4cells.com/samsung/s-series/s20-ultra.html,26,4,26,3,dom-inspection,ul#mobile-menu-cat-13-1 > li.level2 > a.sub-category-link,https://parts4cells.com/samsung/s-series/s20-ultra.html,False,False,2026-09-07T04:41:35+00:00,,,,,
Parts4Cells,https://parts4cells.com/,Samsung,,3,click,S Series,https://parts4cells.com/samsung/s-series.html,1,dom-inspection,S20 Plus,https://parts4cells.com/samsung/s-series/s20-plus.html,27,4,27,3,dom-inspection,ul#mobile-menu-cat-13-1 > li.level2 > a.sub-category-link,https://parts4cells.com/samsung/s-series/s20-plus.html,False,False,2026-09-07T04:41:35+00:00,,,,,
Parts4Cells,https://parts4cells.com/,Samsung,,3,click,S Series,https://parts4cells.com/samsung/s-series.html,1,dom-inspection,S20 5G,https://parts4cells.com/samsung/s-series/s20-5g.html,28,4,28,3,dom-inspection,ul#mobile-menu-cat-13-1 > li.level2 > a.sub-category-link,https://parts4cells.com/samsung/s-series/s20-5g.html,False,False,2026-09-07T04:41:35+00:00,,,,,
Parts4Cells,https://parts4cells.com/,Samsung,,3,click,S Series,https://parts4cells.com/samsung/s-series.html,1,dom-inspection,S10 Plus,https://parts4cells.com/samsung/s-series/s10-plus.html,29,4,29,3,dom-inspection,ul#mobile-menu-cat-13-1 > li.level2 > a.sub-category-link,https://parts4cells.com/samsung/s-series/s10-plus.html,False,False,2026-09-07T04:41:35+00:00,,,,,
Parts4Cells,https://parts4cells.com/,Samsung,,3,click,S Series,https://parts4cells.com/samsung/s-series.html,1,dom-inspection,S10e,https://parts4cells.com/samsung/s-series/s10e.html,30,4,30,3,dom-inspection,ul#mobile-menu-cat-13-1 > li.level2 > a.sub-category-link,https://parts4cells.com/samsung/s-series/s10e.html,False,False,2026-09-07T04:41:35+00:00,,,,,
Parts4Cells,https://parts4cells.com/,Samsung,,3,click,S Series,https://parts4cells.com/samsung/s-series.html,1,dom-inspection,S10 Lite,https://parts4cells.com/samsung/s-series/s10-lite.html,31,4,31,3,dom-inspection,ul#mobile-menu-cat-13-1 > li.level2 > a.sub-category-link,https://parts4cells.com/samsung/s-series/s10-lite.html,False,False,2026-09-07T04:41:35+00:00,,,,,
Parts4Cells,https://parts4cells.com/,Samsung,,3,click,S Series,https://parts4cells.com/samsung/s-series.html,1,dom-inspection,S10 5G,https://parts4cells.com/samsung/s-series/s10-5g.html,32,4,32,3,dom-inspection,ul#mobile-menu-cat-13-1 > li.level2 > a.sub-category-link,https://parts4cells.com/samsung/s-series/s10-5g.html,False,False,2026-09-07T04:41:35+00:00,,,,,
Parts4Cells,https://parts4cells.com/,Samsung,,3,click,S Series,https://parts4cells.com/samsung/s-series.html,1,dom-inspection,S10,https://parts4cells.com/samsung/s-series/s10.html,33,4,33,3,dom-inspection,ul#mobile-menu-cat-13-1 > li.level2 > a.sub-category-link,https://parts4cells.com/samsung/s-series/s10.html,False,False,2026-09-07T04:41:35+00:00,,,,,
Parts4Cells,https://parts4cells.com/,Samsung,,3,click,S Series,https://parts4cells.com/samsung/s-series.html,1,dom-inspection,S9 Plus,https://parts4cells.com/samsung/s-series/s9-plus.html,34,4,34,3,dom-inspection,ul#mobile-menu-cat-13-1 > li.level2 > a.sub-category-link,https://parts4cells.com/samsung/s-series/s9-plus.html,False,False,2026-09-07T04:41:35+00:00,,,,,
Parts4Cells,https://parts4cells.com/,Samsung,,3,click,S Series,https://parts4cells.com/samsung/s-series.html,1,dom-inspection,S9,https://parts4cells.com/samsung/s-series/s9.html,35,4,35,3,dom-inspection,ul#mobile-menu-cat-13-1 > li.level2 > a.sub-category-link,https://parts4cells.com/samsung/s-series/s9.html,False,False,2026-09-07T04:41:35+00:00,,,,,
Parts4Cells,https://parts4cells.com/,Samsung,,3,click,S Series,https://parts4cells.com/samsung/s-series.html,1,dom-inspection,S8 Plus,https://parts4cells.com/samsung/s-series/s8-plus.html,36,4,36,3,dom-inspection,ul#mobile-menu-cat-13-1 > li.level2 > a.sub-category-link,https://parts4cells.com/samsung/s-series/s8-plus.html,False,False,2026-09-07T04:41:35+00:00,,,,,
Parts4Cells,https://parts4cells.com/,Samsung,,3,click,S Series,https://parts4cells.com/samsung/s-series.html,1,dom-inspection,S8,https://parts4cells.com/samsung/s-series/s8.html,37,4,37,3,dom-inspection,ul#mobile-menu-cat-13-1 > li.level2 > a.sub-category-link,https://parts4cells.com/samsung/s-series/s8.html,False,False,2026-09-07T04:41:35+00:00,,,,,
Parts4Cells,https://parts4cells.com/,Samsung,,3,click,Note Series,https://parts4cells.com/samsung/note-series.html,2,dom-inspection,All Note Series LCDs,https://parts4cells.com/samsung/note-series/all-note-series-lcd.html,1,1,1,3,dom-inspection,ul#mobile-menu-cat-1921-1 > li.level2 > a.sub-category-link,https://parts4cells.com/samsung/note-series/all-note-series-lcd.html,False,False,2026-09-07T04:41:35+00:00,,,,,
Parts4Cells,https://parts4cells.com/,Samsung,,3,click,Note Series,https://parts4cells.com/samsung/note-series.html,2,dom-inspection,Note 20 Ultra,https://parts4cells.com/samsung/note-series/note-20-ultra.html,2,1,2,3,dom-inspection,ul#mobile-menu-cat-1921-1 > li.level2 > a.sub-category-link,https://parts4cells.com/samsung/note-series/note-20-ultra.html,False,False,2026-09-07T04:41:35+00:00,,,,,
Parts4Cells,https://parts4cells.com/,Samsung,,3,click,Note Series,https://parts4cells.com/samsung/note-series.html,2,dom-inspection,Note 20,https://parts4cells.com/samsung/note-series/note-20.html,3,1,3,3,dom-inspection,ul#mobile-menu-cat-1921-1 > li.level2 > a.sub-category-link,https://parts4cells.com/samsung/note-series/note-20.html,False,False,2026-09-07T04:41:35+00:00,,,,,
Parts4Cells,https://parts4cells.com/,Samsung,,3,click,Note Series,https://parts4cells.com/samsung/note-series.html,2,dom-inspection,Note 10 Plus,https://parts4cells.com/samsung/note-series/note-10-plus.html,4,1,4,3,dom-inspection,ul#mobile-menu-cat-1921-1 > li.level2 > a.sub-category-link,https://parts4cells.com/samsung/note-series/note-10-plus.html,False,False,2026-09-07T04:41:35+00:00,,,,,
Parts4Cells,https://parts4cells.com/,Samsung,,3,click,Note Series,https://parts4cells.com/samsung/note-series.html,2,dom-inspection,Note 10 Lite,https://parts4cells.com/samsung/note-series/note-10-lite.html,5,1,5,3,dom-inspection,ul#mobile-menu-cat-1921-1 > li.level2 > a.sub-category-link,https://parts4cells.com/samsung/note-series/note-10-lite.html,False,False,2026-09-07T04:41:35+00:00,,,,,
Parts4Cells,https://parts4cells.com/,Samsung,,3,click,Note Series,https://parts4cells.com/samsung/note-series.html,2,dom-inspection,Note 10,https://parts4cells.com/samsung/note-series/note-10.html,6,1,6,3,dom-inspection,ul#mobile-menu-cat-1921-1 > li.level2 > a.sub-category-link,https://parts4cells.com/samsung/note-series/note-10.html,False,False,2026-09-07T04:41:35+00:00,,,,,
Parts4Cells,https://parts4cells.com/,Samsung,,3,click,Note Series,https://parts4cells.com/samsung/note-series.html,2,dom-inspection,Note 9,https://parts4cells.com/samsung/note-series/note-9.html,7,1,7,3,dom-inspection,ul#mobile-menu-cat-1921-1 > li.level2 > a.sub-category-link,https://parts4cells.com/samsung/note-series/note-9.html,False,False,2026-09-07T04:41:35+00:00,,,,,
Parts4Cells,https://parts4cells.com/,Samsung,,3,click,Note Series,https://parts4cells.com/samsung/note-series.html,2,dom-inspection,Note 8,https://parts4cells.com/samsung/note-series/note-8.html,8,1,8,3,dom-inspection,ul#mobile-menu-cat-1921-1 > li.level2 > a.sub-category-link,https://parts4cells.com/samsung/note-series/note-8.html,False,False,2026-09-07T04:41:35+00:00,,,,,
Parts4Cells,https://parts4cells.com/,Samsung,,3,click,A Series,https://parts4cells.com/samsung/a-series.html,3,dom-inspection,All A Series,https://parts4cells.com/samsung/a-series/all-a-series-lcd-s.html,1,1,1,3,dom-inspection,ul#mobile-menu-cat-28-1 > li.level2 > a.sub-category-link,https://parts4cells.com/samsung/a-series/all-a-series-lcd-s.html,False,False,2026-09-07T04:41:35+00:00,,,,,
Parts4Cells,https://parts4cells.com/,Samsung,,3,click,A Series,https://parts4cells.com/samsung/a-series.html,3,dom-inspection,A91 (A915),https://parts4cells.com/samsung/a-series/a91-a915.html,2,1,2,3,dom-inspection,ul#mobile-menu-cat-28-1 > li.level2 > a.sub-category-link,https://parts4cells.com/samsung/a-series/a91-a915.html,False,False,2026-09-07T04:41:35+00:00,,,,,
Parts4Cells,https://parts4cells.com/,Samsung,,3,click,A Series,https://parts4cells.com/samsung/a-series.html,3,dom-inspection,A90 5G 2019 (A908),https://parts4cells.com/samsung/a-series/a90-5g-2019-a908.html,3,1,3,3,dom-inspection,ul#mobile-menu-cat-28-1 > li.level2 > a.sub-category-link,https://parts4cells.com/samsung/a-series/a90-5g-2019-a908.html,False,False,2026-09-07T04:41:35+00:00,,,,,
Parts4Cells,https://parts4cells.com/,Samsung,,3,click,A Series,https://parts4cells.com/samsung/a-series.html,3,dom-inspection,A80 2019 (A805),https://parts4cells.com/samsung/a-series/a80-2019-a805.html,4,1,4,3,dom-inspection,ul#mobile-menu-cat-28-1 > li.level2 > a.sub-category-link,https://parts4cells.com/samsung/a-series/a80-2019-a805.html,False,False,2026-09-07T04:41:35+00:00,,,,,
Parts4Cells,https://parts4cells.com/,Samsung,,3,click,A Series,https://parts4cells.com/samsung/a-series.html,3,dom-inspection,A73 5G 2022 (A736),https://parts4cells.com/samsung/a-series/a73-5g-2022-a736.html,5,1,5,3,dom-inspection,ul#mobile-menu-cat-28-1 > li.level2 > a.sub-category-link,https://parts4cells.com/samsung/a-series/a73-5g-2022-a736.html,False,False,2026-09-07T04:41:35+00:00,,,,,
Parts4Cells,https://parts4cells.com/,Samsung,,3,click,A Series,https://parts4cells.com/samsung/a-series.html,3,dom-inspection,A73 4G 2022 (A735),https://parts4cells.com/samsung/a-series/a73-4g-2022-a735.html,6,1,6,3,dom-inspection,ul#mobile-menu-cat-28-1 > li.level2 > a.sub-category-link,https://parts4cells.com/samsung/a-series/a73-4g-2022-a735.html,False,False,2026-09-07T04:41:35+00:00,,,,,
Parts4Cells,https://parts4cells.com/,Samsung,,3,click,A Series,https://parts4cells.com/samsung/a-series.html,3,dom-inspection,A72 2021 (A725),https://parts4cells.com/samsung/a-series/a72-2021-a725.html,7,1,7,3,dom-inspection,ul#mobile-menu-cat-28-1 > li.level2 > a.sub-category-link,https://parts4cells.com/samsung/a-series/a72-2021-a725.html,False,False,2026-09-07T04:41:35+00:00,,,,,
Parts4Cells,https://parts4cells.com/,Samsung,,3,click,A Series,https://parts4cells.com/samsung/a-series.html,3,dom-inspection,A71 5G 2020 (A716),https://parts4cells.com/samsung/a-series/a71-5g-2020-a716.html,8,1,8,3,dom-inspection,ul#mobile-menu-cat-28-1 > li.level2 > a.sub-category-link,https://parts4cells.com/samsung/a-series/a71-5g-2020-a716.html,False,False,2026-09-07T04:41:35+00:00,,,,,
Parts4Cells,https://parts4cells.com/,Samsung,,3,click,A Series,https://parts4cells.com/samsung/a-series.html,3,dom-inspection,A71 2020 (A715),https://parts4cells.com/samsung/a-series/a71-2020-a715.html,9,1,9,3,dom-inspection,ul#mobile-menu-cat-28-1 > li.level2 > a.sub-category-link,https://parts4cells.com/samsung/a-series/a71-2020-a715.html,False,False,2026-09-07T04:41:35+00:00,,,,,
Parts4Cells,https://parts4cells.com/,Samsung,,3,click,A Series,https://parts4cells.com/samsung/a-series.html,3,dom-inspection,A70 2019 (A705),https://parts4cells.com/samsung/a-series/a70-2019-a705.html,10,1,10,3,dom-inspection,ul#mobile-menu-cat-28-1 > li.level2 > a.sub-category-link,https://parts4cells.com/samsung/a-series/a70-2019-a705.html,False,False,2026-09-07T04:41:35+00:00,,,,,
Parts4Cells,https://parts4cells.com/,Samsung,,3,click,A Series,https://parts4cells.com/samsung/a-series.html,3,dom-inspection,A60 2019 (A606),https://parts4cells.com/samsung/a-series/a60-2019-a606.html,11,1,11,3,dom-inspection,ul#mobile-menu-cat-28-1 > li.level2 > a.sub-category-link,https://parts4cells.com/samsung/a-series/a60-2019-a606.html,False,False,2026-09-07T04:41:35+00:00,,,,,
Parts4Cells,https://parts4cells.com/,Samsung,,3,click,A Series,https://parts4cells.com/samsung/a-series.html,3,dom-inspection,A57 5G (A576 2026),https://parts4cells.com/samsung/a-series/a57-5g-a576-2026.html,12,1,12,3,dom-inspection,ul#mobile-menu-cat-28-1 > li.level2 > a.sub-category-link,https://parts4cells.com/samsung/a-series/a57-5g-a576-2026.html,False,False,2026-09-07T04:41:35+00:00,,,,,
Parts4Cells,https://parts4cells.com/,Samsung,,3,click,A Series,https://parts4cells.com/samsung/a-series.html,3,dom-inspection,A56 5G (A566),https://parts4cells.com/samsung/a-series/a56-5g-a566.html,13,1,13,3,dom-inspection,ul#mobile-menu-cat-28-1 > li.level2 > a.sub-category-link,https://parts4cells.com/samsung/a-series/a56-5g-a566.html,False,False,2026-09-07T04:41:35+00:00,,,,,
Parts4Cells,https://parts4cells.com/,Samsung,,3,click,A Series,https://parts4cells.com/samsung/a-series.html,3,dom-inspection,A55 5G 2024 (A556),https://parts4cells.com/samsung/a-series/a55-5g-2024-a556.html,14,1,14,3,dom-inspection,ul#mobile-menu-cat-28-1 > li.level2 > a.sub-category-link,https://parts4cells.com/samsung/a-series/a55-5g-2024-a556.html,False,False,2026-09-07T04:41:35+00:00,,,,,
Parts4Cells,https://parts4cells.com/,Samsung,,3,click,A Series,https://parts4cells.com/samsung/a-series.html,3,dom-inspection,A54 5G 2023 (A546),https://parts4cells.com/samsung/a-series/a54-5g-2023-a546.html,15,1,15,3,dom-inspection,ul#mobile-menu-cat-28-1 > li.level2 > a.sub-category-link,https://parts4cells.com/samsung/a-series/a54-5g-2023-a546.html,False,False,2026-09-07T04:41:35+00:00,,,,,
Parts4Cells,https://parts4cells.com/,Samsung,,3,click,A Series,https://parts4cells.com/samsung/a-series.html,3,dom-inspection,A53 5G 2022 (A536),https://parts4cells.com/samsung/a-series/a53-5g-2022-a536.html,16,1,16,3,dom-inspection,ul#mobile-menu-cat-28-1 > li.level2 > a.sub-category-link,https://parts4cells.com/samsung/a-series/a53-5g-2022-a536.html,False,False,2026-09-07T04:41:35+00:00,,,,,
Parts4Cells,https://parts4cells.com/,Samsung,,3,click,A Series,https://parts4cells.com/samsung/a-series.html,3,dom-inspection,A52S 2021 (A528),https://parts4cells.com/samsung/a-series/a52s-2021.html,17,1,17,3,dom-inspection,ul#mobile-menu-cat-28-1 > li.level2 > a.sub-category-link,https://parts4cells.com/samsung/a-series/a52s-2021.html,False,False,2026-09-07T04:41:35+00:00,,,,,
Parts4Cells,https://parts4cells.com/,Samsung,,3,click,A Series,https://parts4cells.com/samsung/a-series.html,3,dom-inspection,A52 5G 2021 (A526),https://parts4cells.com/samsung/a-series/a52-5g-2021-a526.html,18,1,18,3,dom-inspection,ul#mobile-menu-cat-28-1 > li.level2 > a.sub-category-link,https://parts4cells.com/samsung/a-series/a52-5g-2021-a526.html,False,False,2026-09-07T04:41:35+00:00,,,,,
Parts4Cells,https://parts4cells.com/,Samsung,,3,click,A Series,https://parts4cells.com/samsung/a-series.html,3,dom-inspection,A52 4G 2021 (A525),https://parts4cells.com/samsung/a-series/a52-4g-2021-a525.html,19,1,19,3,dom-inspection,ul#mobile-menu-cat-28-1 > li.level2 > a.sub-category-link,https://parts4cells.com/samsung/a-series/a52-4g-2021-a525.html,False,False,2026-09-07T04:41:35+00:00,,,,,
Parts4Cells,https://parts4cells.com/,Samsung,,3,click,A Series,https://parts4cells.com/samsung/a-series.html,3,dom-inspection,A51 5G 2020 (A516),https://parts4cells.com/samsung/a-series/a51-5g-2020-a516.html,20,1,20,3,dom-inspection,ul#mobile-menu-cat-28-1 > li.level2 > a.sub-category-link,https://parts4cells.com/samsung/a-series/a51-5g-2020-a516.html,False,False,2026-09-07T04:41:35+00:00,,,,,
Parts4Cells,https://parts4cells.com/,Samsung,,3,click,A Series,https://parts4cells.com/samsung/a-series.html,3,dom-inspection,A51 2019 (A515),https://parts4cells.com/catalog/category/view/s/a51-2019-a515/id/133,21,1,21,3,dom-inspection,ul#mobile-menu-cat-28-1 > li.level2 > a.sub-category-link,https://parts4cells.com/catalog/category/view/s/a51-2019-a515/id/133,False,False,2026-09-07T04:41:35+00:00,,,,,
Parts4Cells,https://parts4cells.com/,Samsung,,3,click,A Series,https://parts4cells.com/samsung/a-series.html,3,dom-inspection,A50S 2019 (A507),https://parts4cells.com/samsung/a-series/a50s-2019-a507.html,22,1,22,3,dom-inspection,ul#mobile-menu-cat-28-1 > li.level2 > a.sub-category-link,https://parts4cells.com/samsung/a-series/a50s-2019-a507.html,False,False,2026-09-07T04:41:35+00:00,,,,,
Parts4Cells,https://parts4cells.com/,Samsung,,3,click,A Series,https://parts4cells.com/samsung/a-series.html,3,dom-inspection,A50 2019 (A505),https://parts4cells.com/samsung/a-series/a50-2019-a505.html,23,1,23,3,dom-inspection,ul#mobile-menu-cat-28-1 > li.level2 > a.sub-category-link,https://parts4cells.com/samsung/a-series/a50-2019-a505.html,False,False,2026-09-07T04:41:35+00:00,,,,,
Parts4Cells,https://parts4cells.com/,Samsung,,3,click,A Series,https://parts4cells.com/samsung/a-series.html,3,dom-inspection,A42 5G (A426),https://parts4cells.com/samsung/a-series/a42-5g-a426.html,24,1,24,3,dom-inspection,ul#mobile-menu-cat-28-1 > li.level2 > a.sub-category-link,https://parts4cells.com/samsung/a-series/a42-5g-a426.html,False,False,2026-09-07T04:41:35+00:00,,,,,
Parts4Cells,https://parts4cells.com/,Samsung,,3,click,A Series,https://parts4cells.com/samsung/a-series.html,3,dom-inspection,A41 2020 (A415),https://parts4cells.com/samsung/a-series/a41-2020-a415.html,25,1,25,3,dom-inspection,ul#mobile-menu-cat-28-1 > li.level2 > a.sub-category-link,https://parts4cells.com/samsung/a-series/a41-2020-a415.html,False,False,2026-09-07T04:41:35+00:00,,,,,
Parts4Cells,https://parts4cells.com/,Samsung,,3,click,A Series,https://parts4cells.com/samsung/a-series.html,3,dom-inspection,A40 2019 (A405),https://parts4cells.com/samsung/a-series/a40-2019-a405.html,26,1,26,3,dom-inspection,ul#mobile-menu-cat-28-1 > li.level2 > a.sub-category-link,https://parts4cells.com/samsung/a-series/a40-2019-a405.html,False,False,2026-09-07T04:41:35+00:00,,,,,
Parts4Cells,https://parts4cells.com/,Samsung,,3,click,A Series,https://parts4cells.com/samsung/a-series.html,3,dom-inspection,A37 5G (A376 2026),https://parts4cells.com/samsung/a-series/a37-5g-a376-2026.html,27,1,27,3,dom-inspection,ul#mobile-menu-cat-28-1 > li.level2 > a.sub-category-link,https://parts4cells.com/samsung/a-series/a37-5g-a376-2026.html,False,False,2026-09-07T04:41:35+00:00,,,,,
Parts4Cells,https://parts4cells.com/,Samsung,,3,click,A Series,https://parts4cells.com/samsung/a-series.html,3,dom-inspection,A36 5G (A366),https://parts4cells.com/samsung/a-series/a36-5g-a366.html,28,1,28,3,dom-inspection,ul#mobile-menu-cat-28-1 > li.level2 > a.sub-category-link,https://parts4cells.com/samsung/a-series/a36-5g-a366.html,False,False,2026-09-07T04:41:35+00:00,,,,,
Parts4Cells,https://parts4cells.com/,Samsung,,3,click,A Series,https://parts4cells.com/samsung/a-series.html,3,dom-inspection,A35 5G 2024 (A356),https://parts4cells.com/samsung/a-series/a35-5g-2024-a356.html,29,1,29,3,dom-inspection,ul#mobile-menu-cat-28-1 > li.level2 > a.sub-category-link,https://parts4cells.com/samsung/a-series/a35-5g-2024-a356.html,False,False,2026-09-07T04:41:35+00:00,,,,,
Parts4Cells,https://parts4cells.com/,Samsung,,3,click,A Series,https://parts4cells.com/samsung/a-series.html,3,dom-inspection,A34 5G 2023 (A346),https://parts4cells.com/samsung/a-series/a34-5g-2023-a346.html,30,1,30,3,dom-inspection,ul#mobile-menu-cat-28-1 > li.level2 > a.sub-category-link,https://parts4cells.com/samsung/a-series/a34-5g-2023-a346.html,False,False,2026-09-07T04:41:35+00:00,,,,,
Parts4Cells,https://parts4cells.com/,Samsung,,3,click,A Series,https://parts4cells.com/samsung/a-series.html,3,dom-inspection,A33 5G 2022 (A336),https://parts4cells.com/samsung/a-series/a33-5g-2022-a336.html,31,1,31,3,dom-inspection,ul#mobile-menu-cat-28-1 > li.level2 > a.sub-category-link,https://parts4cells.com/samsung/a-series/a33-5g-2022-a336.html,False,False,2026-09-07T04:41:35+00:00,,,,,
Parts4Cells,https://parts4cells.com/,Samsung,,3,click,A Series,https://parts4cells.com/samsung/a-series.html,3,dom-inspection,A32 5G 2021 (A326),https://parts4cells.com/samsung/a-series/a32-5g-2021-a326.html,32,1,32,3,dom-inspection,ul#mobile-menu-cat-28-1 > li.level2 > a.sub-category-link,https://parts4cells.com/samsung/a-series/a32-5g-2021-a326.html,False,False,2026-09-07T04:41:35+00:00,,,,,
Parts4Cells,https://parts4cells.com/,Samsung,,3,click,A Series,https://parts4cells.com/samsung/a-series.html,3,dom-inspection,A32 2021 (A325),https://parts4cells.com/samsung/a-series/a32-2021-a325.html,33,1,33,3,dom-inspection,ul#mobile-menu-cat-28-1 > li.level2 > a.sub-category-link,https://parts4cells.com/samsung/a-series/a32-2021-a325.html,False,False,2026-09-07T04:41:35+00:00,,,,,
Parts4Cells,https://parts4cells.com/,Samsung,,3,click,A Series,https://parts4cells.com/samsung/a-series.html,3,dom-inspection,A31 2020 (A315),https://parts4cells.com/samsung/a-series/a31-2020-a315.html,34,1,34,3,dom-inspection,ul#mobile-menu-cat-28-1 > li.level2 > a.sub-category-link,https://parts4cells.com/samsung/a-series/a31-2020-a315.html,False,False,2026-09-07T04:41:35+00:00,,,,,
Parts4Cells,https://parts4cells.com/,Samsung,,3,click,A Series,https://parts4cells.com/samsung/a-series.html,3,dom-inspection,A30S 2019 (A307),https://parts4cells.com/samsung/a-series/a30s-2019-a307.html,35,1,35,3,dom-inspection,ul#mobile-menu-cat-28-1 > li.level2 > a.sub-category-link,https://parts4cells.com/samsung/a-series/a30s-2019-a307.html,False,False,2026-09-07T04:41:35+00:00,,,,,
Parts4Cells,https://parts4cells.com/,Samsung,,3,click,A Series,https://parts4cells.com/samsung/a-series.html,3,dom-inspection,A30 2019 (A305),https://parts4cells.com/samsung/a-series/a30-2019-a305.html,36,1,36,3,dom-inspection,ul#mobile-menu-cat-28-1 > li.level2 > a.sub-category-link,https://parts4cells.com/samsung/a-series/a30-2019-a305.html,False,False,2026-09-07T04:41:35+00:00,,,,,
Parts4Cells,https://parts4cells.com/,Samsung,,3,click,A Series,https://parts4cells.com/samsung/a-series.html,3,dom-inspection,A26 5G (A266),https://parts4cells.com/samsung/a-series/a26-5g-a266.html,37,1,37,3,dom-inspection,ul#mobile-menu-cat-28-1 > li.level2 > a.sub-category-link,https://parts4cells.com/samsung/a-series/a26-5g-a266.html,False,False,2026-09-07T04:41:35+00:00,,,,,
Parts4Cells,https://parts4cells.com/,Samsung,,3,click,A Series,https://parts4cells.com/samsung/a-series.html,3,dom-inspection,A25 5G (A256),https://parts4cells.com/samsung/a-series/a25-5g-a256.html,38,1,38,3,dom-inspection,ul#mobile-menu-cat-28-1 > li.level2 > a.sub-category-link,https://parts4cells.com/samsung/a-series/a25-5g-a256.html,False,False,2026-09-07T04:41:35+00:00,,,,,
Parts4Cells,https://parts4cells.com/,Samsung,,3,click,A Series,https://parts4cells.com/samsung/a-series.html,3,dom-inspection,A24 4G (A245/2023),https://parts4cells.com/samsung/a-series/a24-4g-a245-2023.html,39,1,39,3,dom-inspection,ul#mobile-menu-cat-28-1 > li.level2 > a.sub-category-link,https://parts4cells.com/samsung/a-series/a24-4g-a245-2023.html,False,False,2026-09-07T04:41:35+00:00,,,,,
Parts4Cells,https://parts4cells.com/,Samsung,,3,click,A Series,https://parts4cells.com/samsung/a-series.html,3,dom-inspection,A23 5G 2022 (A236),https://parts4cells.com/samsung/a-series/a23-5g-2022-a236.html,40,1,40,3,dom-inspection,ul#mobile-menu-cat-28-1 > li.level2 > a.sub-category-link,https://parts4cells.com/samsung/a-series/a23-5g-2022-a236.html,False,False,2026-09-07T04:41:35+00:00,,,,,
Parts4Cells,https://parts4cells.com/,Samsung,,3,click,A Series,https://parts4cells.com/samsung/a-series.html,3,dom-inspection,A23 4G (A235 / 2022),https://parts4cells.com/samsung/a-series/a23-4g-a235-2022.html,41,1,41,3,dom-inspection,ul#mobile-menu-cat-28-1 > li.level2 > a.sub-category-link,https://parts4cells.com/samsung/a-series/a23-4g-a235-2022.html,False,False,2026-09-07T04:41:35+00:00,,,,,
Parts4Cells,https://parts4cells.com/,Samsung,,3,click,A Series,https://parts4cells.com/samsung/a-series.html,3,dom-inspection,A22 5G 2021 (A226),https://parts4cells.com/samsung/a-series/a22-5g-2021-a226.html,42,1,42,3,dom-inspection,ul#mobile-menu-cat-28-1 > li.level2 > a.sub-category-link,https://parts4cells.com/samsung/a-series/a22-5g-2021-a226.html,False,False,2026-09-07T04:41:35+00:00,,,,,
Parts4Cells,https://parts4cells.com/,Samsung,,3,click,A Series,https://parts4cells.com/samsung/a-series.html,3,dom-inspection,A22 4G 2021 (A225),https://parts4cells.com/samsung/a-series/a22-4g-2021-a225.html,43,1,43,3,dom-inspection,ul#mobile-menu-cat-28-1 > li.level2 > a.sub-category-link,https://parts4cells.com/samsung/a-series/a22-4g-2021-a225.html,False,False,2026-09-07T04:41:35+00:00,,,,,
Parts4Cells,https://parts4cells.com/,Samsung,,3,click,A Series,https://parts4cells.com/samsung/a-series.html,3,dom-inspection,A21S (A217),https://parts4cells.com/samsung/a-series/a21s.html,44,1,44,3,dom-inspection,ul#mobile-menu-cat-28-1 > li.level2 > a.sub-category-link,https://parts4cells.com/samsung/a-series/a21s.html,False,False,2026-09-07T04:41:35+00:00,,,,,
Parts4Cells,https://parts4cells.com/,Samsung,,3,click,A Series,https://parts4cells.com/samsung/a-series.html,3,dom-inspection,A21 (A215),https://parts4cells.com/samsung/a-series/a21-a215.html,45,1,45,3,dom-inspection,ul#mobile-menu-cat-28-1 > li.level2 > a.sub-category-link,https://parts4cells.com/samsung/a-series/a21-a215.html,False,False,2026-09-07T04:41:35+00:00,,,,,
Parts4Cells,https://parts4cells.com/,Samsung,,3,click,A Series,https://parts4cells.com/samsung/a-series.html,3,dom-inspection,A20S 2019 (A207),https://parts4cells.com/samsung/a-series/a20s-2019-a207.html,46,1,46,3,dom-inspection,ul#mobile-menu-cat-28-1 > li.level2 > a.sub-category-link,https://parts4cells.com/samsung/a-series/a20s-2019-a207.html,False,False,2026-09-07T04:41:35+00:00,,,,,
Parts4Cells,https://parts4cells.com/,Samsung,,3,click,A Series,https://parts4cells.com/samsung/a-series.html,3,dom-inspection,A20e 2019 (A202),https://parts4cells.com/samsung/a-series/a20e-2019-a202.html,47,1,47,3,dom-inspection,ul#mobile-menu-cat-28-1 > li.level2 > a.sub-category-link,https://parts4cells.com/samsung/a-series/a20e-2019-a202.html,False,False,2026-09-07T04:41:35+00:00,,,,,
Parts4Cells,https://parts4cells.com/,Samsung,,3,click,A Series,https://parts4cells.com/samsung/a-series.html,3,dom-inspection,A20 2019 (A205),https://parts4cells.com/samsung/a-series/a20-2019-a205.html,48,1,48,3,dom-inspection,ul#mobile-menu-cat-28-1 > li.level2 > a.sub-category-link,https://parts4cells.com/samsung/a-series/a20-2019-a205.html,False,False,2026-09-07T04:41:35+00:00,,,,,
Parts4Cells,https://parts4cells.com/,Samsung,,3,click,A Series,https://parts4cells.com/samsung/a-series.html,3,dom-inspection,A17 5G (A176 / 2025),https://parts4cells.com/samsung/a-series/a17-5g-a176-2025.html,49,1,49,3,dom-inspection,ul#mobile-menu-cat-28-1 > li.level2 > a.sub-category-link,https://parts4cells.com/samsung/a-series/a17-5g-a176-2025.html,False,False,2026-09-07T04:41:35+00:00,,,,,
Parts4Cells,https://parts4cells.com/,Samsung,,3,click,A Series,https://parts4cells.com/samsung/a-series.html,3,dom-inspection,A16 5G (A166 / 2024),https://parts4cells.com/samsung/a-series/samsung-a16.html,50,1,50,3,dom-inspection,ul#mobile-menu-cat-28-1 > li.level2 > a.sub-category-link,https://parts4cells.com/samsung/a-series/samsung-a16.html,False,False,2026-09-07T04:41:35+00:00,,,,,
Parts4Cells,https://parts4cells.com/,Samsung,,3,click,A Series,https://parts4cells.com/samsung/a-series.html,3,dom-inspection,A16 4G (A165),https://parts4cells.com/samsung/a-series/a16-4g-a165.html,51,1,51,3,dom-inspection,ul#mobile-menu-cat-28-1 > li.level2 > a.sub-category-link,https://parts4cells.com/samsung/a-series/a16-4g-a165.html,False,False,2026-09-07T04:41:35+00:00,,,,,
Parts4Cells,https://parts4cells.com/,Samsung,,3,click,A Series,https://parts4cells.com/samsung/a-series.html,3,dom-inspection,A15 4G/5G,https://parts4cells.com/samsung/a-series/a15-4g-5g.html,52,1,52,3,dom-inspection,ul#mobile-menu-cat-28-1 > li.level2 > a.sub-category-link,https://parts4cells.com/samsung/a-series/a15-4g-5g.html,False,False,2026-09-07T04:41:35+00:00,,,,,
Parts4Cells,https://parts4cells.com/,Samsung,,3,click,A Series,https://parts4cells.com/samsung/a-series.html,3,dom-inspection,A15 (A155 / 2023),https://parts4cells.com/samsung/a-series/a15-a155-2023.html,53,1,53,3,dom-inspection,ul#mobile-menu-cat-28-1 > li.level2 > a.sub-category-link,https://parts4cells.com/samsung/a-series/a15-a155-2023.html,False,False,2026-09-07T04:41:35+00:00,,,,,
Parts4Cells,https://parts4cells.com/,Samsung,,3,click,A Series,https://parts4cells.com/samsung/a-series.html,3,dom-inspection,A14 2022 (A146),https://parts4cells.com/samsung/a-series/a14-2022-a146.html,54,1,54,3,dom-inspection,ul#mobile-menu-cat-28-1 > li.level2 > a.sub-category-link,https://parts4cells.com/samsung/a-series/a14-2022-a146.html,False,False,2026-09-07T04:41:35+00:00,,,,,
Parts4Cells,https://parts4cells.com/,Samsung,,3,click,A Series,https://parts4cells.com/samsung/a-series.html,3,dom-inspection,A14 4G (A145),https://parts4cells.com/samsung/a-series/a14-4g-a145.html,55,1,55,3,dom-inspection,ul#mobile-menu-cat-28-1 > li.level2 > a.sub-category-link,https://parts4cells.com/samsung/a-series/a14-4g-a145.html,False,False,2026-09-07T04:41:35+00:00,,,,,
Parts4Cells,https://parts4cells.com/,Samsung,,3,click,A Series,https://parts4cells.com/samsung/a-series.html,3,dom-inspection,A13s (A137 / 2022),https://parts4cells.com/samsung/a-series/a13s-a137-2022.html,56,1,56,3,dom-inspection,ul#mobile-menu-cat-28-1 > li.level2 > a.sub-category-link,https://parts4cells.com/samsung/a-series/a13s-a137-2022.html,False,False,2026-09-07T04:41:35+00:00,,,,,
Parts4Cells,https://parts4cells.com/,Samsung,,3,click,A Series,https://parts4cells.com/samsung/a-series.html,3,dom-inspection,A13 5G,https://parts4cells.com/samsung/a-series/a13-5g.html,57,1,57,3,dom-inspection,ul#mobile-menu-cat-28-1 > li.level2 > a.sub-category-link,https://parts4cells.com/samsung/a-series/a13-5g.html,False,False,2026-09-07T04:41:35+00:00,,,,,
Parts4Cells,https://parts4cells.com/,Samsung,,3,click,A Series,https://parts4cells.com/samsung/a-series.html,3,dom-inspection,A13 (A135),https://parts4cells.com/samsung/a-series/a13-a135.html,58,1,58,3,dom-inspection,ul#mobile-menu-cat-28-1 > li.level2 > a.sub-category-link,https://parts4cells.com/samsung/a-series/a13-a135.html,False,False,2026-09-07T04:41:35+00:00,,,,,
Parts4Cells,https://parts4cells.com/,Samsung,,3,click,A Series,https://parts4cells.com/samsung/a-series.html,3,dom-inspection,A12 Nacho (A127/2021),https://parts4cells.com/samsung/a-series/a12-nacho-a127-2021.html,59,1,59,3,dom-inspection,ul#mobile-menu-cat-28-1 > li.level2 > a.sub-category-link,https://parts4cells.com/samsung/a-series/a12-nacho-a127-2021.html,False,False,2026-09-07T04:41:35+00:00,,,,,
Parts4Cells,https://parts4cells.com/,Samsung,,3,click,A Series,https://parts4cells.com/samsung/a-series.html,3,dom-inspection,A12 2020 (A125),https://parts4cells.com/samsung/a-series/a12-2020-a205.html,60,1,60,3,dom-inspection,ul#mobile-menu-cat-28-1 > li.level2 > a.sub-category-link,https://parts4cells.com/samsung/a-series/a12-2020-a205.html,False,False,2026-09-07T04:41:35+00:00,,,,,
Parts4Cells,https://parts4cells.com/,Samsung,,3,click,A Series,https://parts4cells.com/samsung/a-series.html,3,dom-inspection,A11 2020 (A115),https://parts4cells.com/samsung/a-series/a11-2020-a115.html,61,1,61,3,dom-inspection,ul#mobile-menu-cat-28-1 > li.level2 > a.sub-category-link,https://parts4cells.com/samsung/a-series/a11-2020-a115.html,False,False,2026-09-07T04:41:35+00:00,,,,,
Parts4Cells,https://parts4cells.com/,Samsung,,3,click,A Series,https://parts4cells.com/samsung/a-series.html,3,dom-inspection,A10S 2019 (A107),https://parts4cells.com/samsung/a-series/a10s-2019-a107.html,62,1,62,3,dom-inspection,ul#mobile-menu-cat-28-1 > li.level2 > a.sub-category-link,https://parts4cells.com/samsung/a-series/a10s-2019-a107.html,False,False,2026-09-07T04:41:35+00:00,,,,,
Parts4Cells,https://parts4cells.com/,Samsung,,3,click,A Series,https://parts4cells.com/samsung/a-series.html,3,dom-inspection,A10e 2019 (A102),https://parts4cells.com/samsung/a-series/a10e-2019-a102u.html,63,1,63,3,dom-inspection,ul#mobile-menu-cat-28-1 > li.level2 > a.sub-category-link,https://parts4cells.com/samsung/a-series/a10e-2019-a102u.html,False,False,2026-09-07T04:41:35+00:00,,,,,
Parts4Cells,https://parts4cells.com/,Samsung,,3,click,A Series,https://parts4cells.com/samsung/a-series.html,3,dom-inspection,A10 2019 (A105),https://parts4cells.com/samsung/a-series/a10-2019-a105.html,64,1,64,3,dom-inspection,ul#mobile-menu-cat-28-1 > li.level2 > a.sub-category-link,https://parts4cells.com/samsung/a-series/a10-2019-a105.html,False,False,2026-09-07T04:41:35+00:00,,,,,
Parts4Cells,https://parts4cells.com/,Samsung,,3,click,A Series,https://parts4cells.com/samsung/a-series.html,3,dom-inspection,A9 Pro 2016 (A910),https://parts4cells.com/samsung/a-series/a9-pro-2016-a910.html,65,1,65,3,dom-inspection,ul#mobile-menu-cat-28-1 > li.level2 > a.sub-category-link,https://parts4cells.com/samsung/a-series/a9-pro-2016-a910.html,False,False,2026-09-07T04:41:35+00:00,,,,,
Parts4Cells,https://parts4cells.com/,Samsung,,3,click,A Series,https://parts4cells.com/samsung/a-series.html,3,dom-inspection,A9 2018 (A920),https://parts4cells.com/samsung/a-series/a9-2018-a920.html,66,1,66,3,dom-inspection,ul#mobile-menu-cat-28-1 > li.level2 > a.sub-category-link,https://parts4cells.com/samsung/a-series/a9-2018-a920.html,False,False,2026-09-07T04:41:35+00:00,,,,,
Parts4Cells,https://parts4cells.com/,Samsung,,3,click,A Series,https://parts4cells.com/samsung/a-series.html,3,dom-inspection,A8 Plus 2018 (A730),https://parts4cells.com/samsung/a-series/a8-plus-2018-a730.html,67,1,67,3,dom-inspection,ul#mobile-menu-cat-28-1 > li.level2 > a.sub-category-link,https://parts4cells.com/samsung/a-series/a8-plus-2018-a730.html,False,False,2026-09-07T04:41:35+00:00,,,,,
Parts4Cells,https://parts4cells.com/,Samsung,,3,click,A Series,https://parts4cells.com/samsung/a-series.html,3,dom-inspection,A8 2018 (A530),https://parts4cells.com/samsung/a-series/a8-2018-a530.html,68,1,68,3,dom-inspection,ul#mobile-menu-cat-28-1 > li.level2 > a.sub-category-link,https://parts4cells.com/samsung/a-series/a8-2018-a530.html,False,False,2026-09-07T04:41:35+00:00,,,,,
Parts4Cells,https://parts4cells.com/,Samsung,,3,click,A Series,https://parts4cells.com/samsung/a-series.html,3,dom-inspection,A8 2015 (A800),https://parts4cells.com/samsung/a-series/a8-2015-a800.html,69,1,69,3,dom-inspection,ul#mobile-menu-cat-28-1 > li.level2 > a.sub-category-link,https://parts4cells.com/samsung/a-series/a8-2015-a800.html,False,False,2026-09-07T04:41:35+00:00,,,,,
Parts4Cells,https://parts4cells.com/,Samsung,,3,click,A Series,https://parts4cells.com/samsung/a-series.html,3,dom-inspection,A7 2018 (A750),https://parts4cells.com/samsung/a-series/a7-2018-a750.html,70,1,70,3,dom-inspection,ul#mobile-menu-cat-28-1 > li.level2 > a.sub-category-link,https://parts4cells.com/samsung/a-series/a7-2018-a750.html,False,False,2026-09-07T04:41:35+00:00,,,,,
Parts4Cells,https://parts4cells.com/,Samsung,,3,click,A Series,https://parts4cells.com/samsung/a-series.html,3,dom-inspection,A7 2017 (A720),https://parts4cells.com/samsung/a-series/a7-2017-a720.html,71,1,71,3,dom-inspection,ul#mobile-menu-cat-28-1 > li.level2 > a.sub-category-link,https://parts4cells.com/samsung/a-series/a7-2017-a720.html,False,False,2026-09-07T04:41:35+00:00,,,,,
Parts4Cells,https://parts4cells.com/,Samsung,,3,click,A Series,https://parts4cells.com/samsung/a-series.html,3,dom-inspection,A7 2015 (A700),https://parts4cells.com/samsung/a-series/a7-2015-a700.html,72,1,72,3,dom-inspection,ul#mobile-menu-cat-28-1 > li.level2 > a.sub-category-link,https://parts4cells.com/samsung/a-series/a7-2015-a700.html,False,False,2026-09-07T04:41:35+00:00,,,,,
Parts4Cells,https://parts4cells.com/,Samsung,,3,click,A Series,https://parts4cells.com/samsung/a-series.html,3,dom-inspection,A6 2018 (A600),https://parts4cells.com/samsung/a-series/a6-2018-a600.html,73,1,73,3,dom-inspection,ul#mobile-menu-cat-28-1 > li.level2 > a.sub-category-link,https://parts4cells.com/samsung/a-series/a6-2018-a600.html,False,False,2026-09-07T04:41:35+00:00,,,,,
Parts4Cells,https://parts4cells.com/,Samsung,,3,click,A Series,https://parts4cells.com/samsung/a-series.html,3,dom-inspection,A06 5G (A066 / 2025),https://parts4cells.com/samsung/a-series/a06-5g-a066-2025.html,74,1,74,3,dom-inspection,ul#mobile-menu-cat-28-1 > li.level2 > a.sub-category-link,https://parts4cells.com/samsung/a-series/a06-5g-a066-2025.html,False,False,2026-09-07T04:41:35+00:00,,,,,
Parts4Cells,https://parts4cells.com/,Samsung,,3,click,A Series,https://parts4cells.com/samsung/a-series.html,3,dom-inspection,A06 (A065/2024),https://parts4cells.com/samsung/a-series/a06-a065-2024.html,75,1,75,3,dom-inspection,ul#mobile-menu-cat-28-1 > li.level2 > a.sub-category-link,https://parts4cells.com/samsung/a-series/a06-a065-2024.html,False,False,2026-09-07T04:41:35+00:00,,,,,
Parts4Cells,https://parts4cells.com/,Samsung,,3,click,A Series,https://parts4cells.com/samsung/a-series.html,3,dom-inspection,A05s (A057/2023),https://parts4cells.com/samsung/a-series/a05s-a057-2023.html,76,1,76,3,dom-inspection,ul#mobile-menu-cat-28-1 > li.level2 > a.sub-category-link,https://parts4cells.com/samsung/a-series/a05s-a057-2023.html,False,False,2026-09-07T04:41:35+00:00,,,,,
Parts4Cells,https://parts4cells.com/,Samsung,,3,click,A Series,https://parts4cells.com/samsung/a-series.html,3,dom-inspection,A05 (A055/2023),https://parts4cells.com/samsung/a-series/a05-a055-2023.html,77,1,77,3,dom-inspection,ul#mobile-menu-cat-28-1 > li.level2 > a.sub-category-link,https://parts4cells.com/samsung/a-series/a05-a055-2023.html,False,False,2026-09-07T04:41:35+00:00,,,,,
Parts4Cells,https://parts4cells.com/,Samsung,,3,click,A Series,https://parts4cells.com/samsung/a-series.html,3,dom-inspection,A5 2017 (A520),https://parts4cells.com/samsung/a-series/a5-2017-a520.html,78,1,78,3,dom-inspection,ul#mobile-menu-cat-28-1 > li.level2 > a.sub-category-link,https://parts4cells.com/samsung/a-series/a5-2017-a520.html,False,False,2026-09-07T04:41:35+00:00,,,,,
Parts4Cells,https://parts4cells.com/,Samsung,,3,click,A Series,https://parts4cells.com/samsung/a-series.html,3,dom-inspection,A5 2015 (A500),https://parts4cells.com/samsung/a-series/a5-2015-a500.html,79,1,79,3,dom-inspection,ul#mobile-menu-cat-28-1 > li.level2 > a.sub-category-link,https://parts4cells.com/samsung/a-series/a5-2015-a500.html,False,False,2026-09-07T04:41:35+00:00,,,,,
Parts4Cells,https://parts4cells.com/,Samsung,,3,click,A Series,https://parts4cells.com/samsung/a-series.html,3,dom-inspection,A04S 2022 A047,https://parts4cells.com/samsung/a-series/a04s-2022-a047.html,80,1,80,3,dom-inspection,ul#mobile-menu-cat-28-1 > li.level2 > a.sub-category-link,https://parts4cells.com/samsung/a-series/a04s-2022-a047.html,False,False,2026-09-07T04:41:35+00:00,,,,,
Parts4Cells,https://parts4cells.com/,Samsung,,3,click,A Series,https://parts4cells.com/samsung/a-series.html,3,dom-inspection,A04E 2022 A042,https://parts4cells.com/samsung/a-series/a04e-2022-a042.html,81,1,81,3,dom-inspection,ul#mobile-menu-cat-28-1 > li.level2 > a.sub-category-link,https://parts4cells.com/samsung/a-series/a04e-2022-a042.html,False,False,2026-09-07T04:41:35+00:00,,,,,
Parts4Cells,https://parts4cells.com/,Samsung,,3,click,A Series,https://parts4cells.com/samsung/a-series.html,3,dom-inspection,A04 2022 A045,https://parts4cells.com/samsung/a-series/a04-2022-a045.html,82,1,82,3,dom-inspection,ul#mobile-menu-cat-28-1 > li.level2 > a.sub-category-link,https://parts4cells.com/samsung/a-series/a04-2022-a045.html,False,False,2026-09-07T04:41:35+00:00,,,,,
Parts4Cells,https://parts4cells.com/,Samsung,,3,click,A Series,https://parts4cells.com/samsung/a-series.html,3,dom-inspection,A03S,https://parts4cells.com/samsung/a-series/a03s.html,83,1,83,3,dom-inspection,ul#mobile-menu-cat-28-1 > li.level2 > a.sub-category-link,https://parts4cells.com/samsung/a-series/a03s.html,False,False,2026-09-07T04:41:35+00:00,,,,,
Parts4Cells,https://parts4cells.com/,Samsung,,3,click,A Series,https://parts4cells.com/samsung/a-series.html,3,dom-inspection,A03 (A035),https://parts4cells.com/samsung/a-series/a03-a035.html,84,1,84,3,dom-inspection,ul#mobile-menu-cat-28-1 > li.level2 > a.sub-category-link,https://parts4cells.com/samsung/a-series/a03-a035.html,False,False,2026-09-07T04:41:35+00:00,,,,,
Parts4Cells,https://parts4cells.com/,Samsung,,3,click,A Series,https://parts4cells.com/samsung/a-series.html,3,dom-inspection,A3 2017 (A320),https://parts4cells.com/samsung/a-series/a3-2017-a320.html,85,1,85,3,dom-inspection,ul#mobile-menu-cat-28-1 > li.level2 > a.sub-category-link,https://parts4cells.com/samsung/a-series/a3-2017-a320.html,False,False,2026-09-07T04:41:35+00:00,,,,,
Parts4Cells,https://parts4cells.com/,Samsung,,3,click,A Series,https://parts4cells.com/samsung/a-series.html,3,dom-inspection,A3 2016 (A310),https://parts4cells.com/samsung/a-series/a3-2016-a310.html,86,1,86,3,dom-inspection,ul#mobile-menu-cat-28-1 > li.level2 > a.sub-category-link,https://parts4cells.com/samsung/a-series/a3-2016-a310.html,False,False,2026-09-07T04:41:35+00:00,,,,,
Parts4Cells,https://parts4cells.com/,Samsung,,3,click,A Series,https://parts4cells.com/samsung/a-series.html,3,dom-inspection,A3 2015 (A300),https://parts4cells.com/samsung/a-series/a3-2015-a300.html,87,1,87,3,dom-inspection,ul#mobile-menu-cat-28-1 > li.level2 > a.sub-category-link,https://parts4cells.com/samsung/a-series/a3-2015-a300.html,False,False,2026-09-07T04:41:35+00:00,,,,,
Parts4Cells,https://parts4cells.com/,Samsung,,3,click,A Series,https://parts4cells.com/samsung/a-series.html,3,dom-inspection,A2 Core 2019 (A260),https://parts4cells.com/samsung/a-series/a2-core-2019-a260.html,88,1,88,3,dom-inspection,ul#mobile-menu-cat-28-1 > li.level2 > a.sub-category-link,https://parts4cells.com/samsung/a-series/a2-core-2019-a260.html,False,False,2026-09-07T04:41:35+00:00,,,,,
Parts4Cells,https://parts4cells.com/,Samsung,,3,click,A Series,https://parts4cells.com/samsung/a-series.html,3,dom-inspection,A02S 2020 (A025),https://parts4cells.com/samsung/a-series/a02s-2020-a205.html,89,1,89,3,dom-inspection,ul#mobile-menu-cat-28-1 > li.level2 > a.sub-category-link,https://parts4cells.com/samsung/a-series/a02s-2020-a205.html,False,False,2026-09-07T04:41:35+00:00,,,,,
Parts4Cells,https://parts4cells.com/,Samsung,,3,click,A Series,https://parts4cells.com/samsung/a-series.html,3,dom-inspection,A02 (A022),https://parts4cells.com/samsung/a-series/samsung-a02-a022.html,90,1,90,3,dom-inspection,ul#mobile-menu-cat-28-1 > li.level2 > a.sub-category-link,https://parts4cells.com/samsung/a-series/samsung-a02-a022.html,False,False,2026-09-07T04:41:35+00:00,,,,,
Parts4Cells,https://parts4cells.com/,Samsung,,3,click,A Series,https://parts4cells.com/samsung/a-series.html,3,dom-inspection,A01 Core 2020 (A013),https://parts4cells.com/samsung/a-series/a01-core-2020-a013.html,91,1,91,3,dom-inspection,ul#mobile-menu-cat-28-1 > li.level2 > a.sub-category-link,https://parts4cells.com/samsung/a-series/a01-core-2020-a013.html,False,False,2026-09-07T04:41:35+00:00,,,,,
Parts4Cells,https://parts4cells.com/,Samsung,,3,click,A Series,https://parts4cells.com/samsung/a-series.html,3,dom-inspection,A01 2020 (A015),https://parts4cells.com/samsung/a-series/a01-2020-a015.html,92,1,92,3,dom-inspection,ul#mobile-menu-cat-28-1 > li.level2 > a.sub-category-link,https://parts4cells.com/samsung/a-series/a01-2020-a015.html,False,False,2026-09-07T04:41:35+00:00,,,,,
Parts4Cells,https://parts4cells.com/,Samsung,,3,click,Z Series,https://parts4cells.com/samsung/other-series.html,4,dom-inspection,All Other Series LCDs,https://parts4cells.com/samsung/other-series/all-other-series-lcd.html,1,1,1,3,dom-inspection,ul#mobile-menu-cat-511-1 > li.level2 > a.sub-category-link,https://parts4cells.com/samsung/other-series/all-other-series-lcd.html,False,False,2026-09-07T04:41:35+00:00,,,,,
Parts4Cells,https://parts4cells.com/,Samsung,,3,click,Z Series,https://parts4cells.com/samsung/other-series.html,4,dom-inspection,Galaxy Z Flip 7 5G,https://parts4cells.com/samsung/other-series/galaxy-z-flip-7-5g.html,2,1,2,3,dom-inspection,ul#mobile-menu-cat-511-1 > li.level2 > a.sub-category-link,https://parts4cells.com/samsung/other-series/galaxy-z-flip-7-5g.html,False,False,2026-09-07T04:41:35+00:00,,,,,
Parts4Cells,https://parts4cells.com/,Samsung,,3,click,Z Series,https://parts4cells.com/samsung/other-series.html,4,dom-inspection,Galaxy Z Flip 6 5G,https://parts4cells.com/samsung/other-series/galaxy-z-flip-6-5g.html,3,1,3,3,dom-inspection,ul#mobile-menu-cat-511-1 > li.level2 > a.sub-category-link,https://parts4cells.com/samsung/other-series/galaxy-z-flip-6-5g.html,False,False,2026-09-07T04:41:35+00:00,,,,,
Parts4Cells,https://parts4cells.com/,Samsung,,3,click,Z Series,https://parts4cells.com/samsung/other-series.html,4,dom-inspection,Galaxy Z Flip 5 5G,https://parts4cells.com/samsung/other-series/galaxy-z-flip-5-5g.html,4,1,4,3,dom-inspection,ul#mobile-menu-cat-511-1 > li.level2 > a.sub-category-link,https://parts4cells.com/samsung/other-series/galaxy-z-flip-5-5g.html,False,False,2026-09-07T04:41:35+00:00,,,,,
Parts4Cells,https://parts4cells.com/,Samsung,,3,click,Z Series,https://parts4cells.com/samsung/other-series.html,4,dom-inspection,Galaxy Z Flip 4 5G,https://parts4cells.com/samsung/other-series/galaxy-z-flip-4-5g.html,5,1,5,3,dom-inspection,ul#mobile-menu-cat-511-1 > li.level2 > a.sub-category-link,https://parts4cells.com/samsung/other-series/galaxy-z-flip-4-5g.html,False,False,2026-09-07T04:41:35+00:00,,,,,
Parts4Cells,https://parts4cells.com/,Samsung,,3,click,Z Series,https://parts4cells.com/samsung/other-series.html,4,dom-inspection,Galaxy Z Flip 3 5G,https://parts4cells.com/samsung/other-series/galaxy-z-flip-3-5g.html,6,1,6,3,dom-inspection,ul#mobile-menu-cat-511-1 > li.level2 > a.sub-category-link,https://parts4cells.com/samsung/other-series/galaxy-z-flip-3-5g.html,False,False,2026-09-07T04:41:35+00:00,,,,,
Parts4Cells,https://parts4cells.com/,Samsung,,3,click,Z Series,https://parts4cells.com/samsung/other-series.html,4,dom-inspection,Galaxy Z Flip 5G,https://parts4cells.com/samsung/other-series/galaxy-z-flip-5g.html,7,1,7,3,dom-inspection,ul#mobile-menu-cat-511-1 > li.level2 > a.sub-category-link,https://parts4cells.com/samsung/other-series/galaxy-z-flip-5g.html,False,False,2026-09-07T04:41:35+00:00,,,,,
Parts4Cells,https://parts4cells.com/,Samsung,,3,click,Z Series,https://parts4cells.com/samsung/other-series.html,4,dom-inspection,Galaxy Z Flip 4G/5G,https://parts4cells.com/samsung/other-series/galaxy-z-flip-4g-5g.html,8,1,8,3,dom-inspection,ul#mobile-menu-cat-511-1 > li.level2 > a.sub-category-link,https://parts4cells.com/samsung/other-series/galaxy-z-flip-4g-5g.html,False,False,2026-09-07T04:41:35+00:00,,,,,
Parts4Cells,https://parts4cells.com/,Samsung,,3,click,Z Series,https://parts4cells.com/samsung/other-series.html,4,dom-inspection,Galaxy Z Fold 7 5G,https://parts4cells.com/samsung/other-series/galaxy-z-fold-7-5g.html,9,1,9,3,dom-inspection,ul#mobile-menu-cat-511-1 > li.level2 > a.sub-category-link,https://parts4cells.com/samsung/other-series/galaxy-z-fold-7-5g.html,False,False,2026-09-07T04:41:35+00:00,,,,,
Parts4Cells,https://parts4cells.com/,Samsung,,3,click,Z Series,https://parts4cells.com/samsung/other-series.html,4,dom-inspection,Galaxy Z Fold 6 5G,https://parts4cells.com/samsung/other-series/galaxy-z-fold-6-5g.html,10,1,10,3,dom-inspection,ul#mobile-menu-cat-511-1 > li.level2 > a.sub-category-link,https://parts4cells.com/samsung/other-series/galaxy-z-fold-6-5g.html,False,False,2026-09-07T04:41:35+00:00,,,,,
Parts4Cells,https://parts4cells.com/,Samsung,,3,click,Z Series,https://parts4cells.com/samsung/other-series.html,4,dom-inspection,Galaxy Z Fold 5 5G,https://parts4cells.com/samsung/other-series/galaxy-z-fold-5-5g.html,11,1,11,3,dom-inspection,ul#mobile-menu-cat-511-1 > li.level2 > a.sub-category-link,https://parts4cells.com/samsung/other-series/galaxy-z-fold-5-5g.html,False,False,2026-09-07T04:41:35+00:00,,,,,
Parts4Cells,https://parts4cells.com/,Samsung,,3,click,Z Series,https://parts4cells.com/samsung/other-series.html,4,dom-inspection,Galaxy Z Fold 4 5G,https://parts4cells.com/samsung/other-series/galaxy-z-fold-4-5g.html,12,1,12,3,dom-inspection,ul#mobile-menu-cat-511-1 > li.level2 > a.sub-category-link,https://parts4cells.com/samsung/other-series/galaxy-z-fold-4-5g.html,False,False,2026-09-07T04:41:35+00:00,,,,,
Parts4Cells,https://parts4cells.com/,Samsung,,3,click,Z Series,https://parts4cells.com/samsung/other-series.html,4,dom-inspection,Galaxy Z Fold 3 5G,https://parts4cells.com/samsung/other-series/galaxy-z-fold-3-5g.html,13,1,13,3,dom-inspection,ul#mobile-menu-cat-511-1 > li.level2 > a.sub-category-link,https://parts4cells.com/samsung/other-series/galaxy-z-fold-3-5g.html,False,False,2026-09-07T04:41:35+00:00,,,,,
Parts4Cells,https://parts4cells.com/,Samsung,,3,click,Z Series,https://parts4cells.com/samsung/other-series.html,4,dom-inspection,Galaxy Z Fold 2 5G,https://parts4cells.com/samsung/other-series/galaxy-z-fold-2-5g.html,14,1,14,3,dom-inspection,ul#mobile-menu-cat-511-1 > li.level2 > a.sub-category-link,https://parts4cells.com/samsung/other-series/galaxy-z-fold-2-5g.html,False,False,2026-09-07T04:41:35+00:00,,,,,
Parts4Cells,https://parts4cells.com/,Samsung,,3,click,Z Series,https://parts4cells.com/samsung/other-series.html,4,dom-inspection,Galaxy Fold,https://parts4cells.com/samsung/other-series/galaxy-fold.html,15,1,15,3,dom-inspection,ul#mobile-menu-cat-511-1 > li.level2 > a.sub-category-link,https://parts4cells.com/samsung/other-series/galaxy-fold.html,False,False,2026-09-07T04:41:35+00:00,,,,,
Parts4Cells,https://parts4cells.com/,Samsung,,3,click,Samsung Tab,https://parts4cells.com/samsung/samsung-tab.html,5,dom-inspection,All Samsung Tab LCDs,https://parts4cells.com/samsung/samsung-tab/all-samsung-tab-lcd.html,1,1,1,3,dom-inspection,ul#mobile-menu-cat-982-1 > li.level2.samsung-tab.other-section.samsung-sub-category-container > a.sub-category-link.samsung-sub-category-toggle,https://parts4cells.com/samsung/samsung-tab/all-samsung-tab-lcd.html,False,False,2026-09-07T04:41:35+00:00,,,,,
Parts4Cells,https://parts4cells.com/,Samsung,,3,click,Samsung Tab,https://parts4cells.com/samsung/samsung-tab.html,5,dom-inspection,Tab A Series,https://parts4cells.com/samsung/samsung-tab/all-samsung-tab-lcd/tab-a-series.html,2,1,2,3,dom-inspection,ul#mobile-menu-cat-982-1 > li.level2.samsung-tab.other-section.samsung-sub-category-container > div.samsung-sub-menu-acc > ul.sub-menu-category > li > a.sub-category-link,https://parts4cells.com/samsung/samsung-tab/all-samsung-tab-lcd/tab-a-series.html,False,False,2026-09-07T04:41:35+00:00,,,,,
Parts4Cells,https://parts4cells.com/,Samsung,,3,click,Samsung Tab,https://parts4cells.com/samsung/samsung-tab.html,5,dom-inspection,Tab S Series,https://parts4cells.com/samsung/samsung-tab/all-samsung-tab-lcd/tab-s-series.html,3,1,3,3,dom-inspection,ul#mobile-menu-cat-982-1 > li.level2.samsung-tab.other-section.samsung-sub-category-container > div.samsung-sub-menu-acc > ul.sub-menu-category > li > a.sub-category-link,https://parts4cells.com/samsung/samsung-tab/all-samsung-tab-lcd/tab-s-series.html,False,False,2026-09-07T04:41:35+00:00,,,,,
Parts4Cells,https://parts4cells.com/,Samsung,,3,click,Samsung Tab,https://parts4cells.com/samsung/samsung-tab.html,5,dom-inspection,Tab 3 Series,https://parts4cells.com/samsung/samsung-tab/all-samsung-tab-lcd/tab-3-series.html,4,1,4,3,dom-inspection,ul#mobile-menu-cat-982-1 > li.level2.samsung-tab.other-section.samsung-sub-category-container > div.samsung-sub-menu-acc > ul.sub-menu-category > li > a.sub-category-link,https://parts4cells.com/samsung/samsung-tab/all-samsung-tab-lcd/tab-3-series.html,False,False,2026-09-07T04:41:35+00:00,,,,,
Parts4Cells,https://parts4cells.com/,Samsung,,3,click,Samsung Tab,https://parts4cells.com/samsung/samsung-tab.html,5,dom-inspection,Tab 2 Series,https://parts4cells.com/samsung/samsung-tab/all-samsung-tab-lcd/tab-2-series.html,5,1,5,3,dom-inspection,ul#mobile-menu-cat-982-1 > li.level2.samsung-tab.other-section.samsung-sub-category-container > div.samsung-sub-menu-acc > ul.sub-menu-category > li > a.sub-category-link,https://parts4cells.com/samsung/samsung-tab/all-samsung-tab-lcd/tab-2-series.html,False,False,2026-09-07T04:41:35+00:00,,,,,
Parts4Cells,https://parts4cells.com/,Samsung,,3,click,Samsung Tab,https://parts4cells.com/samsung/samsung-tab.html,5,dom-inspection,Tab E Series,https://parts4cells.com/samsung/samsung-tab/all-samsung-tab-lcd/tab-e-series.html,6,1,6,3,dom-inspection,ul#mobile-menu-cat-982-1 > li.level2.samsung-tab.other-section.samsung-sub-category-container > div.samsung-sub-menu-acc > ul.sub-menu-category > li > a.sub-category-link,https://parts4cells.com/samsung/samsung-tab/all-samsung-tab-lcd/tab-e-series.html,False,False,2026-09-07T04:41:35+00:00,,,,,
Parts4Cells,https://parts4cells.com/,Samsung,,3,click,Samsung Tab,https://parts4cells.com/samsung/samsung-tab.html,5,dom-inspection,Note Series,https://parts4cells.com/samsung/samsung-tab/all-samsung-tab-lcd/note-series.html,7,1,7,3,dom-inspection,ul#mobile-menu-cat-982-1 > li.level2.samsung-tab.other-section.samsung-sub-category-container > div.samsung-sub-menu-acc > ul.sub-menu-category > li > a.sub-category-link,https://parts4cells.com/samsung/samsung-tab/all-samsung-tab-lcd/note-series.html,False,False,2026-09-07T04:41:35+00:00,,,,,
Parts4Cells,https://parts4cells.com/,Samsung,,3,click,Samsung Tab,https://parts4cells.com/samsung/samsung-tab.html,5,dom-inspection,Tab 4 Series,https://parts4cells.com/samsung/samsung-tab/all-samsung-tab-lcd/tab-4-series.html,8,1,8,3,dom-inspection,ul#mobile-menu-cat-982-1 > li.level2.samsung-tab.other-section.samsung-sub-category-container > div.samsung-sub-menu-acc > ul.sub-menu-category > li > a.sub-category-link,https://parts4cells.com/samsung/samsung-tab/all-samsung-tab-lcd/tab-4-series.html,False,False,2026-09-07T04:41:35+00:00,,,,,
Parts4Cells,https://parts4cells.com/,Samsung,,3,click,Samsung Tab,https://parts4cells.com/samsung/samsung-tab.html,5,dom-inspection,Tab Series,https://parts4cells.com/samsung/samsung-tab/all-samsung-tab-lcd/tab-series.html,9,1,9,3,dom-inspection,ul#mobile-menu-cat-982-1 > li.level2.samsung-tab.other-section.samsung-sub-category-container > div.samsung-sub-menu-acc > ul.sub-menu-category > li > a.sub-category-link,https://parts4cells.com/samsung/samsung-tab/all-samsung-tab-lcd/tab-series.html,False,False,2026-09-07T04:41:35+00:00,,,,,
Parts4Cells,https://parts4cells.com/,Samsung,,3,click,Samsung Tab,https://parts4cells.com/samsung/samsung-tab.html,5,dom-inspection,Tab Pro Series,https://parts4cells.com/samsung/samsung-tab/all-samsung-tab-lcd/tab-pro-series.html,10,1,10,3,dom-inspection,ul#mobile-menu-cat-982-1 > li.level2.samsung-tab.other-section.samsung-sub-category-container > div.samsung-sub-menu-acc > ul.sub-menu-category > li > a.sub-category-link,https://parts4cells.com/samsung/samsung-tab/all-samsung-tab-lcd/tab-pro-series.html,False,False,2026-09-07T04:41:35+00:00,,,,,
Parts4Cells,https://parts4cells.com/,Samsung,,3,click,Samsung Tab,https://parts4cells.com/samsung/samsung-tab.html,5,dom-inspection,Tab A Series,https://parts4cells.com/samsung/samsung-tab/tab-a-series.html,11,1,11,3,dom-inspection,ul#mobile-menu-cat-982-1 > li.level2.samsung-tab.other-section.samsung-sub-category-container > a.sub-category-link.samsung-sub-category-toggle,https://parts4cells.com/samsung/samsung-tab/tab-a-series.html,False,False,2026-09-07T04:41:35+00:00,,,,,
Parts4Cells,https://parts4cells.com/,Samsung,,3,click,Samsung Tab,https://parts4cells.com/samsung/samsung-tab.html,5,dom-inspection,"Tab A11 Plus 11"" (X230) (2025)",https://parts4cells.com/samsung/samsung-tab/tab-a-series/tab-a11-plus-11-x230-2025.html,12,1,12,3,dom-inspection,ul#mobile-menu-cat-982-1 > li.level2.samsung-tab.other-section.samsung-sub-category-container > div.samsung-sub-menu-acc > ul.sub-menu-category > li > a.sub-category-link,https://parts4cells.com/samsung/samsung-tab/tab-a-series/tab-a11-plus-11-x230-2025.html,False,False,2026-09-07T04:41:35+00:00,,,,,
Parts4Cells,https://parts4cells.com/,Samsung,,3,click,Samsung Tab,https://parts4cells.com/samsung/samsung-tab.html,5,dom-inspection,"Tab A11 8.7"" (X133)(2025)",https://parts4cells.com/samsung/samsung-tab/tab-a-series/tab-a11-8-7-x133.html,13,1,13,3,dom-inspection,ul#mobile-menu-cat-982-1 > li.level2.samsung-tab.other-section.samsung-sub-category-container > div.samsung-sub-menu-acc > ul.sub-menu-category > li > a.sub-category-link,https://parts4cells.com/samsung/samsung-tab/tab-a-series/tab-a11-8-7-x133.html,False,False,2026-09-07T04:41:35+00:00,,,,,
Parts4Cells,https://parts4cells.com/,Samsung,,3,click,Samsung Tab,https://parts4cells.com/samsung/samsung-tab.html,5,dom-inspection,"Tab A9+ 11"" (X210 / X215 / 218)(2023)",https://parts4cells.com/samsung/samsung-tab/tab-a-series/tab-a9-11-x210.html,14,1,14,3,dom-inspection,ul#mobile-menu-cat-982-1 > li.level2.samsung-tab.other-section.samsung-sub-category-container > div.samsung-sub-menu-acc > ul.sub-menu-category > li > a.sub-category-link,https://parts4cells.com/samsung/samsung-tab/tab-a-series/tab-a9-11-x210.html,False,False,2026-09-07T04:41:35+00:00,,,,,
Parts4Cells,https://parts4cells.com/,Samsung,,3,click,Samsung Tab,https://parts4cells.com/samsung/samsung-tab.html,5,dom-inspection,"Tab A8 10.5"" (X200)(2021)",https://parts4cells.com/samsung/samsung-tab/tab-a-series/tab-a8-10-5-x200.html,15,1,15,3,dom-inspection,ul#mobile-menu-cat-982-1 > li.level2.samsung-tab.other-section.samsung-sub-category-container > div.samsung-sub-menu-acc > ul.sub-menu-category > li > a.sub-category-link,https://parts4cells.com/samsung/samsung-tab/tab-a-series/tab-a8-10-5-x200.html,False,False,2026-09-07T04:41:35+00:00,,,,,
Parts4Cells,https://parts4cells.com/,Samsung,,3,click,Samsung Tab,https://parts4cells.com/samsung/samsung-tab.html,5,dom-inspection,Galaxy Tab A 8.4'' (T307),https://parts4cells.com/samsung/samsung-tab/tab-a-series/galaxy-tab-a-8-4-t307.html,16,1,16,3,dom-inspection,ul#mobile-menu-cat-982-1 > li.level2.samsung-tab.other-section.samsung-sub-category-container > div.samsung-sub-menu-acc > ul.sub-menu-category > li > a.sub-category-link,https://parts4cells.com/samsung/samsung-tab/tab-a-series/galaxy-tab-a-8-4-t307.html,False,False,2026-09-07T04:41:35+00:00,,,,,
Parts4Cells,https://parts4cells.com/,Samsung,,3,click,Samsung Tab,https://parts4cells.com/samsung/samsung-tab.html,5,dom-inspection,"Samsung Tab A7 10.4"" (T500 / T505)",https://parts4cells.com/samsung/samsung-tab/tab-a-series/samsung-tab-a7-10-4-t500-t505.html,17,1,17,3,dom-inspection,ul#mobile-menu-cat-982-1 > li.level2.samsung-tab.other-section.samsung-sub-category-container > div.samsung-sub-menu-acc > ul.sub-menu-category > li > a.sub-category-link,https://parts4cells.com/samsung/samsung-tab/tab-a-series/samsung-tab-a7-10-4-t500-t505.html,False,False,2026-09-07T04:41:35+00:00,,,,,
Parts4Cells,https://parts4cells.com/,Samsung,,3,click,Samsung Tab,https://parts4cells.com/samsung/samsung-tab.html,5,dom-inspection,"Galaxy Tab A 8.0"" (T280)",https://parts4cells.com/samsung/samsung-tab/tab-a-series/galaxy-tab-a-8-0-t280.html,18,1,18,3,dom-inspection,ul#mobile-menu-cat-982-1 > li.level2.samsung-tab.other-section.samsung-sub-category-container > div.samsung-sub-menu-acc > ul.sub-menu-category > li > a.sub-category-link,https://parts4cells.com/samsung/samsung-tab/tab-a-series/galaxy-tab-a-8-0-t280.html,False,False,2026-09-07T04:41:35+00:00,,,,,
Parts4Cells,https://parts4cells.com/,Samsung,,3,click,Samsung Tab,https://parts4cells.com/samsung/samsung-tab.html,5,dom-inspection,"Galaxy Tab A 10.1"" (T580/T585/T587)",https://parts4cells.com/samsung/samsung-tab/tab-a-series/galaxy-tab-a-10-1-t580-t585-t587.html,19,1,19,3,dom-inspection,ul#mobile-menu-cat-982-1 > li.level2.samsung-tab.other-section.samsung-sub-category-container > div.samsung-sub-menu-acc > ul.sub-menu-category > li > a.sub-category-link,https://parts4cells.com/samsung/samsung-tab/tab-a-series/galaxy-tab-a-10-1-t580-t585-t587.html,False,False,2026-09-07T04:41:35+00:00,,,,,
Parts4Cells,https://parts4cells.com/,Samsung,,3,click,Samsung Tab,https://parts4cells.com/samsung/samsung-tab.html,5,dom-inspection,"Galaxy Tab A 8.0"" (T290)",https://parts4cells.com/samsung/samsung-tab/tab-a-series/galaxy-tab-a-8-0-t290.html,20,1,20,3,dom-inspection,ul#mobile-menu-cat-982-1 > li.level2.samsung-tab.other-section.samsung-sub-category-container > div.samsung-sub-menu-acc > ul.sub-menu-category > li > a.sub-category-link,https://parts4cells.com/samsung/samsung-tab/tab-a-series/galaxy-tab-a-8-0-t290.html,False,False,2026-09-07T04:41:35+00:00,,,,,
Parts4Cells,https://parts4cells.com/,Samsung,,3,click,Samsung Tab,https://parts4cells.com/samsung/samsung-tab.html,5,dom-inspection,"Galaxy Tab A 8.0"" (T387)",https://parts4cells.com/samsung/samsung-tab/tab-a-series/galaxy-tab-a-8-0-t387.html,21,1,21,3,dom-inspection,ul#mobile-menu-cat-982-1 > li.level2.samsung-tab.other-section.samsung-sub-category-container > div.samsung-sub-menu-acc > ul.sub-menu-category > li > a.sub-category-link,https://parts4cells.com/samsung/samsung-tab/tab-a-series/galaxy-tab-a-8-0-t387.html,False,False,2026-09-07T04:41:35+00:00,,,,,
Parts4Cells,https://parts4cells.com/,Samsung,,3,click,Samsung Tab,https://parts4cells.com/samsung/samsung-tab.html,5,dom-inspection,"Galaxy Tab A 9.7"" (T550/T555)",https://parts4cells.com/samsung/samsung-tab/tab-a-series/galaxy-tab-a-9-7-t550-t555.html,22,1,22,3,dom-inspection,ul#mobile-menu-cat-982-1 > li.level2.samsung-tab.other-section.samsung-sub-category-container > div.samsung-sub-menu-acc > ul.sub-menu-category > li > a.sub-category-link,https://parts4cells.com/samsung/samsung-tab/tab-a-series/galaxy-tab-a-9-7-t550-t555.html,False,False,2026-09-07T04:41:35+00:00,,,,,
Parts4Cells,https://parts4cells.com/,Samsung,,3,click,Samsung Tab,https://parts4cells.com/samsung/samsung-tab.html,5,dom-inspection,"Galaxy Tab A 10.1"" (T510 / T515)",https://parts4cells.com/samsung/samsung-tab/tab-a-series/galaxy-tab-a-10-1-t510-t515.html,23,1,23,3,dom-inspection,ul#mobile-menu-cat-982-1 > li.level2.samsung-tab.other-section.samsung-sub-category-container > div.samsung-sub-menu-acc > ul.sub-menu-category > li > a.sub-category-link,https://parts4cells.com/samsung/samsung-tab/tab-a-series/galaxy-tab-a-10-1-t510-t515.html,False,False,2026-09-07T04:41:35+00:00,,,,,
Parts4Cells,https://parts4cells.com/,Samsung,,3,click,Samsung Tab,https://parts4cells.com/samsung/samsung-tab.html,5,dom-inspection,"Galaxy Tab A 8.0"" (T380)",https://parts4cells.com/samsung/samsung-tab/tab-a-series/galaxy-tab-a-8-0-t380.html,24,1,24,3,dom-inspection,ul#mobile-menu-cat-982-1 > li.level2.samsung-tab.other-section.samsung-sub-category-container > div.samsung-sub-menu-acc > ul.sub-menu-category > li > a.sub-category-link,https://parts4cells.com/samsung/samsung-tab/tab-a-series/galaxy-tab-a-8-0-t380.html,False,False,2026-09-07T04:41:35+00:00,,,,,
Parts4Cells,https://parts4cells.com/,Samsung,,3,click,Samsung Tab,https://parts4cells.com/samsung/samsung-tab.html,5,dom-inspection,"Galaxy Tab A 8.0"" (T357)",https://parts4cells.com/samsung/samsung-tab/tab-a-series/galaxy-tab-a-8-0-t357.html,25,1,25,3,dom-inspection,ul#mobile-menu-cat-982-1 > li.level2.samsung-tab.other-section.samsung-sub-category-container > div.samsung-sub-menu-acc > ul.sub-menu-category > li > a.sub-category-link,https://parts4cells.com/samsung/samsung-tab/tab-a-series/galaxy-tab-a-8-0-t357.html,False,False,2026-09-07T04:41:35+00:00,,,,,
Parts4Cells,https://parts4cells.com/,Samsung,,3,click,Samsung Tab,https://parts4cells.com/samsung/samsung-tab.html,5,dom-inspection,"Galaxy Tab A 8.0"" (T350)",https://parts4cells.com/samsung/samsung-tab/tab-a-series/galaxy-tab-a-8-0-t350.html,26,1,26,3,dom-inspection,ul#mobile-menu-cat-982-1 > li.level2.samsung-tab.other-section.samsung-sub-category-container > div.samsung-sub-menu-acc > ul.sub-menu-category > li > a.sub-category-link,https://parts4cells.com/samsung/samsung-tab/tab-a-series/galaxy-tab-a-8-0-t350.html,False,False,2026-09-07T04:41:35+00:00,,,,,
Parts4Cells,https://parts4cells.com/,Samsung,,3,click,Samsung Tab,https://parts4cells.com/samsung/samsung-tab.html,5,dom-inspection,Tab S Series,https://parts4cells.com/samsung/samsung-tab/tab-s-series.html,27,1,27,3,dom-inspection,ul#mobile-menu-cat-982-1 > li.level2.samsung-tab.other-section.samsung-sub-category-container > a.sub-category-link.samsung-sub-category-toggle,https://parts4cells.com/samsung/samsung-tab/tab-s-series.html,False,False,2026-09-07T04:41:35+00:00,,,,,
Parts4Cells,https://parts4cells.com/,Samsung,,3,click,Samsung Tab,https://parts4cells.com/samsung/samsung-tab.html,5,dom-inspection,"Galaxy Tab S10 Ultra 14.6"" (X920 / X926) (2024)",https://parts4cells.com/samsung/samsung-tab/tab-s-series/galaxy-tab-s10-ultra-14-6-x920-x926-2024.html,28,1,28,3,dom-inspection,ul#mobile-menu-cat-982-1 > li.level2.samsung-tab.other-section.samsung-sub-category-container > div.samsung-sub-menu-acc > ul.sub-menu-category > li > a.sub-category-link,https://parts4cells.com/samsung/samsung-tab/tab-s-series/galaxy-tab-s10-ultra-14-6-x920-x926-2024.html,False,False,2026-09-07T04:41:35+00:00,,,,,
Parts4Cells,https://parts4cells.com/,Samsung,,3,click,Samsung Tab,https://parts4cells.com/samsung/samsung-tab.html,5,dom-inspection,"Galaxy Tab S10 FE Plus 13.1"" (X620 / 2025)",https://parts4cells.com/samsung/samsung-tab/tab-s-series/galaxy-tab-s10-fe-plus-13-1-x620-2025.html,29,1,29,3,dom-inspection,ul#mobile-menu-cat-982-1 > li.level2.samsung-tab.other-section.samsung-sub-category-container > div.samsung-sub-menu-acc > ul.sub-menu-category > li > a.sub-category-link,https://parts4cells.com/samsung/samsung-tab/tab-s-series/galaxy-tab-s10-fe-plus-13-1-x620-2025.html,False,False,2026-09-07T04:41:35+00:00,,,,,
Parts4Cells,https://parts4cells.com/,Samsung,,3,click,Samsung Tab,https://parts4cells.com/samsung/samsung-tab.html,5,dom-inspection,"Galaxy Tab S10 FE 10.9"" (X520) (2025)",https://parts4cells.com/samsung/samsung-tab/tab-s-series/galaxy-tab-s10-fe-10-9-x520-2025.html,30,1,30,3,dom-inspection,ul#mobile-menu-cat-982-1 > li.level2.samsung-tab.other-section.samsung-sub-category-container > div.samsung-sub-menu-acc > ul.sub-menu-category > li > a.sub-category-link,https://parts4cells.com/samsung/samsung-tab/tab-s-series/galaxy-tab-s10-fe-10-9-x520-2025.html,False,False,2026-09-07T04:41:35+00:00,,,,,
Parts4Cells,https://parts4cells.com/,Samsung,,3,click,Samsung Tab,https://parts4cells.com/samsung/samsung-tab.html,5,dom-inspection,"Galaxy Tab S10 Plus 12.4"" (X820 / X826) (2024)",https://parts4cells.com/samsung/samsung-tab/tab-s-series/galaxy-tab-s10-plus-12-4-x820-x826-2024.html,31,1,31,3,dom-inspection,ul#mobile-menu-cat-982-1 > li.level2.samsung-tab.other-section.samsung-sub-category-container > div.samsung-sub-menu-acc > ul.sub-menu-category > li > a.sub-category-link,https://parts4cells.com/samsung/samsung-tab/tab-s-series/galaxy-tab-s10-plus-12-4-x820-x826-2024.html,False,False,2026-09-07T04:41:35+00:00,,,,,
Parts4Cells,https://parts4cells.com/,Samsung,,3,click,Samsung Tab,https://parts4cells.com/samsung/samsung-tab.html,5,dom-inspection,"Galaxy Tab S10 Lite 10.9"" (X400 / X406) (2025)",https://parts4cells.com/samsung/samsung-tab/tab-s-series/galaxy-tab-s10-lite-10-9-x400-x406-2025.html,32,1,32,3,dom-inspection,ul#mobile-menu-cat-982-1 > li.level2.samsung-tab.other-section.samsung-sub-category-container > div.samsung-sub-menu-acc > ul.sub-menu-category > li > a.sub-category-link,https://parts4cells.com/samsung/samsung-tab/tab-s-series/galaxy-tab-s10-lite-10-9-x400-x406-2025.html,False,False,2026-09-07T04:41:35+00:00,,,,,
Parts4Cells,https://parts4cells.com/,Samsung,,3,click,Samsung Tab,https://parts4cells.com/samsung/samsung-tab.html,5,dom-inspection,"Galaxy Tab S9 Ultra 14.6"" (X910 / X916) (2023)",https://parts4cells.com/samsung/samsung-tab/tab-s-series/tab-s9-ultra-14-6-x910-x916-2023.html,33,1,33,3,dom-inspection,ul#mobile-menu-cat-982-1 > li.level2.samsung-tab.other-section.samsung-sub-category-container > div.samsung-sub-menu-acc > ul.sub-menu-category > li > a.sub-category-link,https://parts4cells.com/samsung/samsung-tab/tab-s-series/tab-s9-ultra-14-6-x910-x916-2023.html,False,False,2026-09-07T04:41:35+00:00,,,,,
Parts4Cells,https://parts4cells.com/,Samsung,,3,click,Samsung Tab,https://parts4cells.com/samsung/samsung-tab.html,5,dom-inspection,"Galaxy Tab S9 FE Plus 12.4"" (X610 / X616) (2023)",https://parts4cells.com/samsung/samsung-tab/tab-s-series/tab-s9-fe-plus-12-4-x610-x616-2023.html,34,1,34,3,dom-inspection,ul#mobile-menu-cat-982-1 > li.level2.samsung-tab.other-section.samsung-sub-category-container > div.samsung-sub-menu-acc > ul.sub-menu-category > li > a.sub-category-link,https://parts4cells.com/samsung/samsung-tab/tab-s-series/tab-s9-fe-plus-12-4-x610-x616-2023.html,False,False,2026-09-07T04:41:35+00:00,,,,,
Parts4Cells,https://parts4cells.com/,Samsung,,3,click,Samsung Tab,https://parts4cells.com/samsung/samsung-tab.html,5,dom-inspection,"Galaxy Tab S9 FE 10.9"" (X510 / X516 ) (2023)",https://parts4cells.com/samsung/samsung-tab/tab-s-series/tab-s9-fe-10-9-x510-x516-2023.html,35,1,35,3,dom-inspection,ul#mobile-menu-cat-982-1 > li.level2.samsung-tab.other-section.samsung-sub-category-container > div.samsung-sub-menu-acc > ul.sub-menu-category > li > a.sub-category-link,https://parts4cells.com/samsung/samsung-tab/tab-s-series/tab-s9-fe-10-9-x510-x516-2023.html,False,False,2026-09-07T04:41:35+00:00,,,,,
Parts4Cells,https://parts4cells.com/,Samsung,,3,click,Samsung Tab,https://parts4cells.com/samsung/samsung-tab.html,5,dom-inspection,"Galaxy Tab S9 Plus 12.4"" (X810 / X816 ) (2023)",https://parts4cells.com/samsung/samsung-tab/tab-s-series/tab-s9-plus-12-4-x810-x816-2023.html,36,1,36,3,dom-inspection,ul#mobile-menu-cat-982-1 > li.level2.samsung-tab.other-section.samsung-sub-category-container > div.samsung-sub-menu-acc > ul.sub-menu-category > li > a.sub-category-link,https://parts4cells.com/samsung/samsung-tab/tab-s-series/tab-s9-plus-12-4-x810-x816-2023.html,False,False,2026-09-07T04:41:35+00:00,,,,,
Parts4Cells,https://parts4cells.com/,Samsung,,3,click,Samsung Tab,https://parts4cells.com/samsung/samsung-tab.html,5,dom-inspection,"Galaxy Tab S9 11.0"" (X710 / X716) (2023)",https://parts4cells.com/samsung/samsung-tab/tab-s-series/galaxy-tab-s9-11-0-x710-x716-2023.html,37,1,37,3,dom-inspection,ul#mobile-menu-cat-982-1 > li.level2.samsung-tab.other-section.samsung-sub-category-container > div.samsung-sub-menu-acc > ul.sub-menu-category > li > a.sub-category-link,https://parts4cells.com/samsung/samsung-tab/tab-s-series/galaxy-tab-s9-11-0-x710-x716-2023.html,False,False,2026-09-07T04:41:35+00:00,,,,,
Parts4Cells,https://parts4cells.com/,Samsung,,3,click,Samsung Tab,https://parts4cells.com/samsung/samsung-tab.html,5,dom-inspection,Galaxy Tab S8 Ultra (X900),https://parts4cells.com/samsung/samsung-tab/tab-s-series/galaxy-tab-s8-ultra-x900.html,38,1,38,3,dom-inspection,ul#mobile-menu-cat-982-1 > li.level2.samsung-tab.other-section.samsung-sub-category-container > div.samsung-sub-menu-acc > ul.sub-menu-category > li > a.sub-category-link,https://parts4cells.com/samsung/samsung-tab/tab-s-series/galaxy-tab-s8-ultra-x900.html,False,False,2026-09-07T04:41:35+00:00,,,,,
Parts4Cells,https://parts4cells.com/,Samsung,,3,click,Samsung Tab,https://parts4cells.com/samsung/samsung-tab.html,5,dom-inspection,Galaxy Tab S8 Plus (X800),https://parts4cells.com/samsung/samsung-tab/tab-s-series/galaxy-tab-s8-plus-x800.html,39,1,39,3,dom-inspection,ul#mobile-menu-cat-982-1 > li.level2.samsung-tab.other-section.samsung-sub-category-container > div.samsung-sub-menu-acc > ul.sub-menu-category > li > a.sub-category-link,https://parts4cells.com/samsung/samsung-tab/tab-s-series/galaxy-tab-s8-plus-x800.html,False,False,2026-09-07T04:41:35+00:00,,,,,
Parts4Cells,https://parts4cells.com/,Samsung,,3,click,Samsung Tab,https://parts4cells.com/samsung/samsung-tab.html,5,dom-inspection,"Galaxy Tab S8 11"" (X700 / X706) (2022)",https://parts4cells.com/samsung/samsung-tab/tab-s-series/tab-s8-11-x700-x706-2022.html,40,1,40,3,dom-inspection,ul#mobile-menu-cat-982-1 > li.level2.samsung-tab.other-section.samsung-sub-category-container > div.samsung-sub-menu-acc > ul.sub-menu-category > li > a.sub-category-link,https://parts4cells.com/samsung/samsung-tab/tab-s-series/tab-s8-11-x700-x706-2022.html,False,False,2026-09-07T04:41:35+00:00,,,,,
Parts4Cells,https://parts4cells.com/,Samsung,,3,click,Samsung Tab,https://parts4cells.com/samsung/samsung-tab.html,5,dom-inspection,"Galaxy Tab S7 Plus 12.4"" (T970 / T975 / T976)",https://parts4cells.com/samsung/samsung-tab/tab-s-series/tab-s7-plus-12-4-t970-t975-t976.html,41,1,41,3,dom-inspection,ul#mobile-menu-cat-982-1 > li.level2.samsung-tab.other-section.samsung-sub-category-container > div.samsung-sub-menu-acc > ul.sub-menu-category > li > a.sub-category-link,https://parts4cells.com/samsung/samsung-tab/tab-s-series/tab-s7-plus-12-4-t970-t975-t976.html,False,False,2026-09-07T04:41:35+00:00,,,,,
Parts4Cells,https://parts4cells.com/,Samsung,,3,click,Samsung Tab,https://parts4cells.com/samsung/samsung-tab.html,5,dom-inspection,"Galaxy Tab S7 FE 12.4""(T730 / T733 / T736 / T738)",https://parts4cells.com/samsung/samsung-tab/tab-s-series/tab-s7-fe-12-4-t730-t733-t736-t738.html,42,1,42,3,dom-inspection,ul#mobile-menu-cat-982-1 > li.level2.samsung-tab.other-section.samsung-sub-category-container > div.samsung-sub-menu-acc > ul.sub-menu-category > li > a.sub-category-link,https://parts4cells.com/samsung/samsung-tab/tab-s-series/tab-s7-fe-12-4-t730-t733-t736-t738.html,False,False,2026-09-07T04:41:35+00:00,,,,,
Parts4Cells,https://parts4cells.com/,Samsung,,3,click,Samsung Tab,https://parts4cells.com/samsung/samsung-tab.html,5,dom-inspection,"Galaxy Tab S 10.5"" (T800/T805/T837)",https://parts4cells.com/samsung/samsung-tab/tab-s-series/galaxy-tab-s-10-5-t800-t805-t837.html,43,1,43,3,dom-inspection,ul#mobile-menu-cat-982-1 > li.level2.samsung-tab.other-section.samsung-sub-category-container > div.samsung-sub-menu-acc > ul.sub-menu-category > li > a.sub-category-link,https://parts4cells.com/samsung/samsung-tab/tab-s-series/galaxy-tab-s-10-5-t800-t805-t837.html,False,False,2026-09-07T04:41:35+00:00,,,,,
Parts4Cells,https://parts4cells.com/,Samsung,,3,click,Samsung Tab,https://parts4cells.com/samsung/samsung-tab.html,5,dom-inspection,"Galaxy Tab S7 11"" (T870/T875)",https://parts4cells.com/samsung/samsung-tab/tab-s-series/galaxy-tab-s7-11-t870-t875.html,44,1,44,3,dom-inspection,ul#mobile-menu-cat-982-1 > li.level2.samsung-tab.other-section.samsung-sub-category-container > div.samsung-sub-menu-acc > ul.sub-menu-category > li > a.sub-category-link,https://parts4cells.com/samsung/samsung-tab/tab-s-series/galaxy-tab-s7-11-t870-t875.html,False,False,2026-09-07T04:41:35+00:00,,,,,
Parts4Cells,https://parts4cells.com/,Samsung,,3,click,Samsung Tab,https://parts4cells.com/samsung/samsung-tab.html,5,dom-inspection,Galaxy Tab S (T807),https://parts4cells.com/samsung/samsung-tab/tab-s-series/galaxy-tab-s-t807.html,45,1,45,3,dom-inspection,ul#mobile-menu-cat-982-1 > li.level2.samsung-tab.other-section.samsung-sub-category-container > div.samsung-sub-menu-acc > ul.sub-menu-category > li > a.sub-category-link,https://parts4cells.com/samsung/samsung-tab/tab-s-series/galaxy-tab-s-t807.html,False,False,2026-09-07T04:41:35+00:00,,,,,
Parts4Cells,https://parts4cells.com/,Samsung,,3,click,Samsung Tab,https://parts4cells.com/samsung/samsung-tab.html,5,dom-inspection,"Galaxy Tab S5e 10.5"" (T720)",https://parts4cells.com/samsung/samsung-tab/tab-s-series/galaxy-tab-s5e-10-5-t720.html,46,1,46,3,dom-inspection,ul#mobile-menu-cat-982-1 > li.level2.samsung-tab.other-section.samsung-sub-category-container > div.samsung-sub-menu-acc > ul.sub-menu-category > li > a.sub-category-link,https://parts4cells.com/samsung/samsung-tab/tab-s-series/galaxy-tab-s5e-10-5-t720.html,False,False,2026-09-07T04:41:35+00:00,,,,,
Parts4Cells,https://parts4cells.com/,Samsung,,3,click,Samsung Tab,https://parts4cells.com/samsung/samsung-tab.html,5,dom-inspection,"Galaxy Tab S 8.4"" (T700)",https://parts4cells.com/samsung/samsung-tab/tab-s-series/galaxy-tab-s-8-4-t700.html,47,1,47,3,dom-inspection,ul#mobile-menu-cat-982-1 > li.level2.samsung-tab.other-section.samsung-sub-category-container > div.samsung-sub-menu-acc > ul.sub-menu-category > li > a.sub-category-link,https://parts4cells.com/samsung/samsung-tab/tab-s-series/galaxy-tab-s-8-4-t700.html,False,False,2026-09-07T04:41:35+00:00,,,,,
Parts4Cells,https://parts4cells.com/,Samsung,,3,click,Samsung Tab,https://parts4cells.com/samsung/samsung-tab.html,5,dom-inspection,Galaxy Tab S2 (8.0) (T710),https://parts4cells.com/samsung/samsung-tab/tab-s-series/galaxy-tab-s2-8-0-t710.html,48,1,48,3,dom-inspection,ul#mobile-menu-cat-982-1 > li.level2.samsung-tab.other-section.samsung-sub-category-container > div.samsung-sub-menu-acc > ul.sub-menu-category > li > a.sub-category-link,https://parts4cells.com/samsung/samsung-tab/tab-s-series/galaxy-tab-s2-8-0-t710.html,False,False,2026-09-07T04:41:35+00:00,,,,,
Parts4Cells,https://parts4cells.com/,Samsung,,3,click,Samsung Tab,https://parts4cells.com/samsung/samsung-tab.html,5,dom-inspection,"Galaxy Tab S 9.7"" (T810/T818)",https://parts4cells.com/samsung/samsung-tab/tab-s-series/galaxy-tab-s-9-7-t810-t818.html,49,1,49,3,dom-inspection,ul#mobile-menu-cat-982-1 > li.level2.samsung-tab.other-section.samsung-sub-category-container > div.samsung-sub-menu-acc > ul.sub-menu-category > li > a.sub-category-link,https://parts4cells.com/samsung/samsung-tab/tab-s-series/galaxy-tab-s-9-7-t810-t818.html,False,False,2026-09-07T04:41:35+00:00,,,,,
Parts4Cells,https://parts4cells.com/,Samsung,,3,click,Samsung Tab,https://parts4cells.com/samsung/samsung-tab.html,5,dom-inspection,Galaxy Tab S3 9.7 (T820/T825/T827),https://parts4cells.com/samsung/samsung-tab/tab-s-series/galaxy-tab-s3-9-7-t820-t825-t827.html,50,1,50,3,dom-inspection,ul#mobile-menu-cat-982-1 > li.level2.samsung-tab.other-section.samsung-sub-category-container > div.samsung-sub-menu-acc > ul.sub-menu-category > li > a.sub-category-link,https://parts4cells.com/samsung/samsung-tab/tab-s-series/galaxy-tab-s3-9-7-t820-t825-t827.html,False,False,2026-09-07T04:41:35+00:00,,,,,
Parts4Cells,https://parts4cells.com/,Samsung,,3,click,Samsung Tab,https://parts4cells.com/samsung/samsung-tab.html,5,dom-inspection,"Galaxy Tab S 8.0"" (T713)",https://parts4cells.com/samsung/samsung-tab/tab-s-series/galaxy-tab-s-8-0-t713.html,51,1,51,3,dom-inspection,ul#mobile-menu-cat-982-1 > li.level2.samsung-tab.other-section.samsung-sub-category-container > div.samsung-sub-menu-acc > ul.sub-menu-category > li > a.sub-category-link,https://parts4cells.com/samsung/samsung-tab/tab-s-series/galaxy-tab-s-8-0-t713.html,False,False,2026-09-07T04:41:35+00:00,,,,,
Parts4Cells,https://parts4cells.com/,Samsung,,3,click,Samsung Tab,https://parts4cells.com/samsung/samsung-tab.html,5,dom-inspection,Tab Active Series,https://parts4cells.com/samsung/samsung-tab/tab-active-series.html,52,1,52,3,dom-inspection,ul#mobile-menu-cat-982-1 > li.level2.samsung-tab.other-section.samsung-sub-category-container > a.sub-category-link.samsung-sub-category-toggle,https://parts4cells.com/samsung/samsung-tab/tab-active-series.html,False,False,2026-09-07T04:41:35+00:00,,,,,
Parts4Cells,https://parts4cells.com/,Samsung,,3,click,Samsung Tab,https://parts4cells.com/samsung/samsung-tab.html,5,dom-inspection,"Galaxy Tab Active 5 Pro 10.1"" (X350 / 2025)",https://parts4cells.com/samsung/samsung-tab/tab-active-series/galaxy-tab-active-5-pro-10-1-x350-2025.html,53,1,53,3,dom-inspection,ul#mobile-menu-cat-982-1 > li.level2.samsung-tab.other-section.samsung-sub-category-container > div.samsung-sub-menu-acc > ul.sub-menu-category > li > a.sub-category-link,https://parts4cells.com/samsung/samsung-tab/tab-active-series/galaxy-tab-active-5-pro-10-1-x350-2025.html,False,False,2026-09-07T04:41:35+00:00,,,,,
Parts4Cells,https://parts4cells.com/,Samsung,,3,click,Samsung Tab,https://parts4cells.com/samsung/samsung-tab.html,5,dom-inspection,Tab 3 Series,https://parts4cells.com/samsung/samsung-tab/tab-3-series.html,54,1,54,3,dom-inspection,ul#mobile-menu-cat-982-1 > li.level2.samsung-tab.other-section.samsung-sub-category-container > a.sub-category-link.samsung-sub-category-toggle,https://parts4cells.com/samsung/samsung-tab/tab-3-series.html,False,False,2026-09-07T04:41:35+00:00,,,,,
Parts4Cells,https://parts4cells.com/,Samsung,,3,click,Samsung Tab,https://parts4cells.com/samsung/samsung-tab.html,5,dom-inspection,"Galaxy Tab 3 10.1"" (P5200)",https://parts4cells.com/samsung/samsung-tab/tab-3-series/galaxy-tab-3-10-1-p5200.html,55,1,55,3,dom-inspection,ul#mobile-menu-cat-982-1 > li.level2.samsung-tab.other-section.samsung-sub-category-container > div.samsung-sub-menu-acc > ul.sub-menu-category > li > a.sub-category-link,https://parts4cells.com/samsung/samsung-tab/tab-3-series/galaxy-tab-3-10-1-p5200.html,False,False,2026-09-07T04:41:35+00:00,,,,,
Parts4Cells,https://parts4cells.com/,Samsung,,3,click,Samsung Tab,https://parts4cells.com/samsung/samsung-tab.html,5,dom-inspection,"Galaxy Tab 3 Lite 7.0"" (T110/T113)",https://parts4cells.com/samsung/samsung-tab/tab-3-series/galaxy-tab-3-lite-7-0-t110-t113.html,56,1,56,3,dom-inspection,ul#mobile-menu-cat-982-1 > li.level2.samsung-tab.other-section.samsung-sub-category-container > div.samsung-sub-menu-acc > ul.sub-menu-category > li > a.sub-category-link,https://parts4cells.com/samsung/samsung-tab/tab-3-series/galaxy-tab-3-lite-7-0-t110-t113.html,False,False,2026-09-07T04:41:35+00:00,,,,,
Parts4Cells,https://parts4cells.com/,Samsung,,3,click,Samsung Tab,https://parts4cells.com/samsung/samsung-tab.html,5,dom-inspection,"Galaxy Tab 3 7.0"" (T210)",https://parts4cells.com/samsung/samsung-tab/tab-3-series/galaxy-tab-3-7-0-t210.html,57,1,57,3,dom-inspection,ul#mobile-menu-cat-982-1 > li.level2.samsung-tab.other-section.samsung-sub-category-container > div.samsung-sub-menu-acc > ul.sub-menu-category > li > a.sub-category-link,https://parts4cells.com/samsung/samsung-tab/tab-3-series/galaxy-tab-3-7-0-t210.html,False,False,2026-09-07T04:41:35+00:00,,,,,
Parts4Cells,https://parts4cells.com/,Samsung,,3,click,Samsung Tab,https://parts4cells.com/samsung/samsung-tab.html,5,dom-inspection,"Galaxy Tab 3 8.0"" (T310/T311)",https://parts4cells.com/samsung/samsung-tab/tab-3-series/galaxy-tab-3-8-0-t310-t311.html,58,1,58,3,dom-inspection,ul#mobile-menu-cat-982-1 > li.level2.samsung-tab.other-section.samsung-sub-category-container > div.samsung-sub-menu-acc > ul.sub-menu-category > li > a.sub-category-link,https://parts4cells.com/samsung/samsung-tab/tab-3-series/galaxy-tab-3-8-0-t310-t311.html,False,False,2026-09-07T04:41:35+00:00,,,,,
Parts4Cells,https://parts4cells.com/,Samsung,,3,click,Samsung Tab,https://parts4cells.com/samsung/samsung-tab.html,5,dom-inspection,Tab 2 Series,https://parts4cells.com/samsung/samsung-tab/tab-2-series.html,59,1,59,3,dom-inspection,ul#mobile-menu-cat-982-1 > li.level2.samsung-tab.other-section.samsung-sub-category-container > a.sub-category-link.samsung-sub-category-toggle,https://parts4cells.com/samsung/samsung-tab/tab-2-series.html,False,False,2026-09-07T04:41:35+00:00,,,,,
Parts4Cells,https://parts4cells.com/,Samsung,,3,click,Samsung Tab,https://parts4cells.com/samsung/samsung-tab.html,5,dom-inspection,"Galaxy Tab 2 7.0"" (P3113)",https://parts4cells.com/samsung/samsung-tab/tab-2-series/galaxy-tab-2-7-0-p3113.html,60,1,60,3,dom-inspection,ul#mobile-menu-cat-982-1 > li.level2.samsung-tab.other-section.samsung-sub-category-container > div.samsung-sub-menu-acc > ul.sub-menu-category > li > a.sub-category-link,https://parts4cells.com/samsung/samsung-tab/tab-2-series/galaxy-tab-2-7-0-p3113.html,False,False,2026-09-07T04:41:35+00:00,,,,,
Parts4Cells,https://parts4cells.com/,Samsung,,3,click,Samsung Tab,https://parts4cells.com/samsung/samsung-tab.html,5,dom-inspection,"Galaxy Tab 2 7.0"" (P3100, P3110)",https://parts4cells.com/samsung/samsung-tab/tab-2-series/galaxy-tab-2-7-0-p3100.html,61,1,61,3,dom-inspection,ul#mobile-menu-cat-982-1 > li.level2.samsung-tab.other-section.samsung-sub-category-container > div.samsung-sub-menu-acc > ul.sub-menu-category > li > a.sub-category-link,https://parts4cells.com/samsung/samsung-tab/tab-2-series/galaxy-tab-2-7-0-p3100.html,False,False,2026-09-07T04:41:35+00:00,,,,,
Parts4Cells,https://parts4cells.com/,Samsung,,3,click,Samsung Tab,https://parts4cells.com/samsung/samsung-tab.html,5,dom-inspection,"Galaxy Tab 2 10.1"" (P5100, P5110)",https://parts4cells.com/samsung/samsung-tab/tab-2-series/galaxy-tab-2-10-1-p5100.html,62,1,62,3,dom-inspection,ul#mobile-menu-cat-982-1 > li.level2.samsung-tab.other-section.samsung-sub-category-container > div.samsung-sub-menu-acc > ul.sub-menu-category > li > a.sub-category-link,https://parts4cells.com/samsung/samsung-tab/tab-2-series/galaxy-tab-2-10-1-p5100.html,False,False,2026-09-07T04:41:35+00:00,,,,,
Parts4Cells,https://parts4cells.com/,Samsung,,3,click,Samsung Tab,https://parts4cells.com/samsung/samsung-tab.html,5,dom-inspection,"Galaxy Tab 2 10.1"" (P5113)",https://parts4cells.com/samsung/samsung-tab/tab-2-series/galaxy-tab-2-10-1-p5113.html,63,1,63,3,dom-inspection,ul#mobile-menu-cat-982-1 > li.level2.samsung-tab.other-section.samsung-sub-category-container > div.samsung-sub-menu-acc > ul.sub-menu-category > li > a.sub-category-link,https://parts4cells.com/samsung/samsung-tab/tab-2-series/galaxy-tab-2-10-1-p5113.html,False,False,2026-09-07T04:41:35+00:00,,,,,
Parts4Cells,https://parts4cells.com/,Samsung,,3,click,Samsung Tab,https://parts4cells.com/samsung/samsung-tab.html,5,dom-inspection,Tab E Series,https://parts4cells.com/samsung/samsung-tab/tab-e-series.html,64,1,64,3,dom-inspection,ul#mobile-menu-cat-982-1 > li.level2.samsung-tab.other-section.samsung-sub-category-container > a.sub-category-link.samsung-sub-category-toggle,https://parts4cells.com/samsung/samsung-tab/tab-e-series.html,False,False,2026-09-07T04:41:35+00:00,,,,,
Parts4Cells,https://parts4cells.com/,Samsung,,3,click,Samsung Tab,https://parts4cells.com/samsung/samsung-tab.html,5,dom-inspection,Samsung Tab E 8.0 2017 (T378),https://parts4cells.com/samsung/samsung-tab/tab-e-series/samsung-tab-e-8-0-2017-t378.html,65,1,65,3,dom-inspection,ul#mobile-menu-cat-982-1 > li.level2.samsung-tab.other-section.samsung-sub-category-container > div.samsung-sub-menu-acc > ul.sub-menu-category > li > a.sub-category-link,https://parts4cells.com/samsung/samsung-tab/tab-e-series/samsung-tab-e-8-0-2017-t378.html,False,False,2026-09-07T04:41:35+00:00,,,,,
Parts4Cells,https://parts4cells.com/,Samsung,,3,click,Samsung Tab,https://parts4cells.com/samsung/samsung-tab.html,5,dom-inspection,"Samsung Galaxy Tab E 8.0"" (T377)",https://parts4cells.com/samsung/samsung-tab/tab-e-series/samsung-galaxy-tab-e-8-0-t377.html,66,1,66,3,dom-inspection,ul#mobile-menu-cat-982-1 > li.level2.samsung-tab.other-section.samsung-sub-category-container > div.samsung-sub-menu-acc > ul.sub-menu-category > li > a.sub-category-link,https://parts4cells.com/samsung/samsung-tab/tab-e-series/samsung-galaxy-tab-e-8-0-t377.html,False,False,2026-09-07T04:41:35+00:00,,,,,
Parts4Cells,https://parts4cells.com/,Samsung,,3,click,Samsung Tab,https://parts4cells.com/samsung/samsung-tab.html,5,dom-inspection,"Samsung Tab E 9.6"" (T560)",https://parts4cells.com/samsung/samsung-tab/tab-e-series/samsung-tab-e-9-6-t560.html,67,1,67,3,dom-inspection,ul#mobile-menu-cat-982-1 > li.level2.samsung-tab.other-section.samsung-sub-category-container > div.samsung-sub-menu-acc > ul.sub-menu-category > li > a.sub-category-link,https://parts4cells.com/samsung/samsung-tab/tab-e-series/samsung-tab-e-9-6-t560.html,False,False,2026-09-07T04:41:35+00:00,,,,,
Parts4Cells,https://parts4cells.com/,Samsung,,3,click,Samsung Tab,https://parts4cells.com/samsung/samsung-tab.html,5,dom-inspection,Note Series,https://parts4cells.com/samsung/samsung-tab/note-series.html,68,1,68,3,dom-inspection,ul#mobile-menu-cat-982-1 > li.level2.samsung-tab.other-section.samsung-sub-category-container > a.sub-category-link.samsung-sub-category-toggle,https://parts4cells.com/samsung/samsung-tab/note-series.html,False,False,2026-09-07T04:41:35+00:00,,,,,
Parts4Cells,https://parts4cells.com/,Samsung,,3,click,Samsung Tab,https://parts4cells.com/samsung/samsung-tab.html,5,dom-inspection,"Galaxy Note 10.1"" (N8000)",https://parts4cells.com/samsung/samsung-tab/note-series/galaxy-note-10-1-n8000.html,69,1,69,3,dom-inspection,ul#mobile-menu-cat-982-1 > li.level2.samsung-tab.other-section.samsung-sub-category-container > div.samsung-sub-menu-acc > ul.sub-menu-category > li > a.sub-category-link,https://parts4cells.com/samsung/samsung-tab/note-series/galaxy-note-10-1-n8000.html,False,False,2026-09-07T04:41:35+00:00,,,,,
Parts4Cells,https://parts4cells.com/,Samsung,,3,click,Samsung Tab,https://parts4cells.com/samsung/samsung-tab.html,5,dom-inspection,Galaxy Note 10.1 (2014 Edition) (P600/P605),https://parts4cells.com/samsung/samsung-tab/note-series/galaxy-note-10-1-2014-edition-p600-p605.html,70,1,70,3,dom-inspection,ul#mobile-menu-cat-982-1 > li.level2.samsung-tab.other-section.samsung-sub-category-container > div.samsung-sub-menu-acc > ul.sub-menu-category > li > a.sub-category-link,https://parts4cells.com/samsung/samsung-tab/note-series/galaxy-note-10-1-2014-edition-p600-p605.html,False,False,2026-09-07T04:41:35+00:00,,,,,
Parts4Cells,https://parts4cells.com/,Samsung,,3,click,Samsung Tab,https://parts4cells.com/samsung/samsung-tab.html,5,dom-inspection,"Galaxy Note 8.0"" (N5100/N5110)",https://parts4cells.com/samsung/samsung-tab/note-series/galaxy-note-8-0-n5100-n5110.html,71,1,71,3,dom-inspection,ul#mobile-menu-cat-982-1 > li.level2.samsung-tab.other-section.samsung-sub-category-container > div.samsung-sub-menu-acc > ul.sub-menu-category > li > a.sub-category-link,https://parts4cells.com/samsung/samsung-tab/note-series/galaxy-note-8-0-n5100-n5110.html,False,False,2026-09-07T04:41:35+00:00,,,,,
Parts4Cells,https://parts4cells.com/,Samsung,,3,click,Samsung Tab,https://parts4cells.com/samsung/samsung-tab.html,5,dom-inspection,Tab 4 Series,https://parts4cells.com/samsung/samsung-tab/tab-4-series.html,72,1,72,3,dom-inspection,ul#mobile-menu-cat-982-1 > li.level2.samsung-tab.other-section.samsung-sub-category-container > a.sub-category-link.samsung-sub-category-toggle,https://parts4cells.com/samsung/samsung-tab/tab-4-series.html,False,False,2026-09-07T04:41:35+00:00,,,,,
Parts4Cells,https://parts4cells.com/,Samsung,,3,click,Samsung Tab,https://parts4cells.com/samsung/samsung-tab.html,5,dom-inspection,"Galaxy Tab 4 7.0"" (T230/T231)",https://parts4cells.com/samsung/samsung-tab/tab-4-series/galaxy-tab-4-7-0-t230-t231.html,73,1,73,3,dom-inspection,ul#mobile-menu-cat-982-1 > li.level2.samsung-tab.other-section.samsung-sub-category-container > div.samsung-sub-menu-acc > ul.sub-menu-category > li > a.sub-category-link,https://parts4cells.com/samsung/samsung-tab/tab-4-series/galaxy-tab-4-7-0-t230-t231.html,False,False,2026-09-07T04:41:35+00:00,,,,,
Parts4Cells,https://parts4cells.com/,Samsung,,3,click,Samsung Tab,https://parts4cells.com/samsung/samsung-tab.html,5,dom-inspection,"Galaxy Tab 4 10.1"" (T530)",https://parts4cells.com/samsung/samsung-tab/tab-4-series/galaxy-tab-4-10-1-t530.html,74,1,74,3,dom-inspection,ul#mobile-menu-cat-982-1 > li.level2.samsung-tab.other-section.samsung-sub-category-container > div.samsung-sub-menu-acc > ul.sub-menu-category > li > a.sub-category-link,https://parts4cells.com/samsung/samsung-tab/tab-4-series/galaxy-tab-4-10-1-t530.html,False,False,2026-09-07T04:41:35+00:00,,,,,
Parts4Cells,https://parts4cells.com/,Samsung,,3,click,Samsung Tab,https://parts4cells.com/samsung/samsung-tab.html,5,dom-inspection,"Galaxy Tab 4 8.0"" (T330)",https://parts4cells.com/samsung/samsung-tab/tab-4-series/galaxy-tab-4-8-0-t330.html,75,1,75,3,dom-inspection,ul#mobile-menu-cat-982-1 > li.level2.samsung-tab.other-section.samsung-sub-category-container > div.samsung-sub-menu-acc > ul.sub-menu-category > li > a.sub-category-link,https://parts4cells.com/samsung/samsung-tab/tab-4-series/galaxy-tab-4-8-0-t330.html,False,False,2026-09-07T04:41:35+00:00,,,,,
Parts4Cells,https://parts4cells.com/,Samsung,,3,click,Samsung Tab,https://parts4cells.com/samsung/samsung-tab.html,5,dom-inspection,Tab Series,https://parts4cells.com/samsung/samsung-tab/tab-series.html,76,1,76,3,dom-inspection,ul#mobile-menu-cat-982-1 > li.level2.samsung-tab.other-section.samsung-sub-category-container > a.sub-category-link.samsung-sub-category-toggle,https://parts4cells.com/samsung/samsung-tab/tab-series.html,False,False,2026-09-07T04:41:35+00:00,,,,,
Parts4Cells,https://parts4cells.com/,Samsung,,3,click,Samsung Tab,https://parts4cells.com/samsung/samsung-tab.html,5,dom-inspection,"Galaxy Tab 10.1"" (P7510/P7500/T859/I905)",https://parts4cells.com/samsung/samsung-tab/tab-series/galaxy-tab-10-1-p7510-p7500-t859-i905.html,77,1,77,3,dom-inspection,ul#mobile-menu-cat-982-1 > li.level2.samsung-tab.other-section.samsung-sub-category-container > div.samsung-sub-menu-acc > ul.sub-menu-category > li > a.sub-category-link,https://parts4cells.com/samsung/samsung-tab/tab-series/galaxy-tab-10-1-p7510-p7500-t859-i905.html,False,False,2026-09-07T04:41:35+00:00,,,,,
Parts4Cells,https://parts4cells.com/,Samsung,,3,click,Samsung Tab,https://parts4cells.com/samsung/samsung-tab.html,5,dom-inspection,"Galaxy Tab 8.9"" (P7300)",https://parts4cells.com/samsung/samsung-tab/tab-series/galaxy-tab-8-9-p7300.html,78,1,78,3,dom-inspection,ul#mobile-menu-cat-982-1 > li.level2.samsung-tab.other-section.samsung-sub-category-container > div.samsung-sub-menu-acc > ul.sub-menu-category > li > a.sub-category-link,https://parts4cells.com/samsung/samsung-tab/tab-series/galaxy-tab-8-9-p7300.html,False,False,2026-09-07T04:41:35+00:00,,,,,
Parts4Cells,https://parts4cells.com/,Samsung,,3,click,Samsung Tab,https://parts4cells.com/samsung/samsung-tab.html,5,dom-inspection,Tab Pro Series,https://parts4cells.com/samsung/samsung-tab/tab-pro-series.html,79,1,79,3,dom-inspection,ul#mobile-menu-cat-982-1 > li.level2.samsung-tab.other-section.samsung-sub-category-container > a.sub-category-link.samsung-sub-category-toggle,https://parts4cells.com/samsung/samsung-tab/tab-pro-series.html,False,False,2026-09-07T04:41:35+00:00,,,,,
Parts4Cells,https://parts4cells.com/,Samsung,,3,click,Samsung Tab,https://parts4cells.com/samsung/samsung-tab.html,5,dom-inspection,"Galaxy Tab Pro 10.1"" (T520)",https://parts4cells.com/samsung/samsung-tab/tab-pro-series/galaxy-tab-pro-10-1-t520.html,80,1,80,3,dom-inspection,ul#mobile-menu-cat-982-1 > li.level2.samsung-tab.other-section.samsung-sub-category-container > div.samsung-sub-menu-acc > ul.sub-menu-category > li > a.sub-category-link,https://parts4cells.com/samsung/samsung-tab/tab-pro-series/galaxy-tab-pro-10-1-t520.html,False,False,2026-09-07T04:41:35+00:00,,,,,
Parts4Cells,https://parts4cells.com/,Samsung,,3,click,Samsung Tab,https://parts4cells.com/samsung/samsung-tab.html,5,dom-inspection,"Galaxy Tab Pro 12.2"" (T900)",https://parts4cells.com/samsung/samsung-tab/tab-pro-series/galaxy-tab-pro-12-2-t900.html,81,1,81,3,dom-inspection,ul#mobile-menu-cat-982-1 > li.level2.samsung-tab.other-section.samsung-sub-category-container > div.samsung-sub-menu-acc > ul.sub-menu-category > li > a.sub-category-link,https://parts4cells.com/samsung/samsung-tab/tab-pro-series/galaxy-tab-pro-12-2-t900.html,False,False,2026-09-07T04:41:35+00:00,,,,,
Parts4Cells,https://parts4cells.com/,Samsung,,3,click,Samsung Tab,https://parts4cells.com/samsung/samsung-tab.html,5,dom-inspection,"Galaxy Tab Pro 8.4"" (T320)",https://parts4cells.com/samsung/samsung-tab/tab-pro-series/galaxy-tab-pro-8-4-t320.html,82,1,82,3,dom-inspection,ul#mobile-menu-cat-982-1 > li.level2.samsung-tab.other-section.samsung-sub-category-container > div.samsung-sub-menu-acc > ul.sub-menu-category > li > a.sub-category-link,https://parts4cells.com/samsung/samsung-tab/tab-pro-series/galaxy-tab-pro-8-4-t320.html,False,False,2026-09-07T04:41:35+00:00,,,,,
Parts4Cells,https://parts4cells.com/,Motorola,,4,click,Moto G Series,https://parts4cells.com/motorola/moto-g-series.html,1,dom-inspection,Moto G47 (XT2625),https://parts4cells.com/motorola/moto-g-series/moto-g47-xt2625.html,1,2,1,3,dom-inspection,ul#mobile-menu-cat-20-1 > li.level2 > a.sub-category-link,https://parts4cells.com/motorola/moto-g-series/moto-g47-xt2625.html,False,False,2026-09-07T04:41:35+00:00,,,,,
Parts4Cells,https://parts4cells.com/,Motorola,,4,click,Moto G Series,https://parts4cells.com/motorola/moto-g-series.html,1,dom-inspection,Moto G37 Power (XT2625),https://parts4cells.com/motorola/moto-g-series/moto-g37-power-xt2625.html,2,2,2,3,dom-inspection,ul#mobile-menu-cat-20-1 > li.level2 > a.sub-category-link,https://parts4cells.com/motorola/moto-g-series/moto-g37-power-xt2625.html,False,False,2026-09-07T04:41:35+00:00,,,,,
Parts4Cells,https://parts4cells.com/,Motorola,,4,click,Moto G Series,https://parts4cells.com/motorola/moto-g-series.html,1,dom-inspection,Moto G37 (XT2625),https://parts4cells.com/motorola/moto-g-series/moto-g37-xt2625.html,3,2,3,3,dom-inspection,ul#mobile-menu-cat-20-1 > li.level2 > a.sub-category-link,https://parts4cells.com/motorola/moto-g-series/moto-g37-xt2625.html,False,False,2026-09-07T04:41:35+00:00,,,,,
Parts4Cells,https://parts4cells.com/,Motorola,,4,click,Moto G Series,https://parts4cells.com/motorola/moto-g-series.html,1,dom-inspection,Moto G17 Power (XT2623 / 2026),https://parts4cells.com/motorola/moto-g-series/moto-g17-power-xt2623-2026.html,4,2,4,3,dom-inspection,ul#mobile-menu-cat-20-1 > li.level2 > a.sub-category-link,https://parts4cells.com/motorola/moto-g-series/moto-g17-power-xt2623-2026.html,False,False,2026-09-07T04:41:35+00:00,,,,,
Parts4Cells,https://parts4cells.com/,Motorola,,4,click,Moto G Series,https://parts4cells.com/motorola/moto-g-series.html,1,dom-inspection,Moto G17 (XT2623 / 2026),https://parts4cells.com/motorola/moto-g-series/moto-g17-xt2623-2026.html,5,2,5,3,dom-inspection,ul#mobile-menu-cat-20-1 > li.level2 > a.sub-category-link,https://parts4cells.com/motorola/moto-g-series/moto-g17-xt2623-2026.html,False,False,2026-09-07T04:41:35+00:00,,,,,
Parts4Cells,https://parts4cells.com/,Motorola,,4,click,Moto G Series,https://parts4cells.com/motorola/moto-g-series.html,1,dom-inspection,Moto G77 (XT2621-4 / 2026),https://parts4cells.com/motorola/moto-g-series/moto-g77-xt2621-4-2026.html,6,2,6,3,dom-inspection,ul#mobile-menu-cat-20-1 > li.level2 > a.sub-category-link,https://parts4cells.com/motorola/moto-g-series/moto-g77-xt2621-4-2026.html,False,False,2026-09-07T04:41:35+00:00,,,,,
Parts4Cells,https://parts4cells.com/,Motorola,,4,click,Moto G Series,https://parts4cells.com/motorola/moto-g-series.html,1,dom-inspection,Moto G67 (XT2621-2 / 2026),https://parts4cells.com/motorola/moto-g-series/moto-g67-xt2621-2-2026.html,7,2,7,3,dom-inspection,ul#mobile-menu-cat-20-1 > li.level2 > a.sub-category-link,https://parts4cells.com/motorola/moto-g-series/moto-g67-xt2621-2-2026.html,False,False,2026-09-07T04:41:35+00:00,,,,,
Parts4Cells,https://parts4cells.com/,Motorola,,4,click,Moto G Series,https://parts4cells.com/motorola/moto-g-series.html,1,dom-inspection,Moto G Stylus (XT2619 / 2026),https://parts4cells.com/motorola/moto-g-series/moto-g-stylus-xt2619-2026.html,8,2,8,3,dom-inspection,ul#mobile-menu-cat-20-1 > li.level2 > a.sub-category-link,https://parts4cells.com/motorola/moto-g-series/moto-g-stylus-xt2619-2026.html,False,False,2026-09-07T04:41:35+00:00,,,,,
Parts4Cells,https://parts4cells.com/,Motorola,,4,click,Moto G Series,https://parts4cells.com/motorola/moto-g-series.html,1,dom-inspection,Moto G Power 5G (XT2617 / 2026),https://parts4cells.com/motorola/moto-g-series/moto-g-power-5g-xt2617-2026.html,9,2,9,3,dom-inspection,ul#mobile-menu-cat-20-1 > li.level2 > a.sub-category-link,https://parts4cells.com/motorola/moto-g-series/moto-g-power-5g-xt2617-2026.html,False,False,2026-09-07T04:41:35+00:00,,,,,
Parts4Cells,https://parts4cells.com/,Motorola,,4,click,Moto G Series,https://parts4cells.com/motorola/moto-g-series.html,1,dom-inspection,Moto G Play (XT2615 / 2026),https://parts4cells.com/motorola/moto-g-series/moto-g-play-xt2615-2026.html,10,2,10,3,dom-inspection,ul#mobile-menu-cat-20-1 > li.level2 > a.sub-category-link,https://parts4cells.com/motorola/moto-g-series/moto-g-play-xt2615-2026.html,False,False,2026-09-07T04:41:35+00:00,,,,,
Parts4Cells,https://parts4cells.com/,Motorola,,4,click,Moto G Series,https://parts4cells.com/motorola/moto-g-series.html,1,dom-inspection,Moto G 5G (XT2613 / 2026),https://parts4cells.com/motorola/moto-g-series/moto-g-5g-xt2613-2026.html,11,2,11,3,dom-inspection,ul#mobile-menu-cat-20-1 > li.level2 > a.sub-category-link,https://parts4cells.com/motorola/moto-g-series/moto-g-5g-xt2613-2026.html,False,False,2026-09-07T04:41:35+00:00,,,,,
Parts4Cells,https://parts4cells.com/,Motorola,,4,click,Moto G Series,https://parts4cells.com/motorola/moto-g-series.html,1,dom-inspection,Moto G06 Power (XT2535-10 /2025),https://parts4cells.com/motorola/moto-g-series/moto-g06-power-xt2535-10-2025.html,12,2,12,3,dom-inspection,ul#mobile-menu-cat-20-1 > li.level2 > a.sub-category-link,https://parts4cells.com/motorola/moto-g-series/moto-g06-power-xt2535-10-2025.html,False,False,2026-09-07T04:41:35+00:00,,,,,
Parts4Cells,https://parts4cells.com/,Motorola,,4,click,Moto G Series,https://parts4cells.com/motorola/moto-g-series.html,1,dom-inspection,Moto G06 (XT2535-1 /2025),https://parts4cells.com/motorola/moto-g-series/moto-g06-xt2535-1-2025.html,13,2,13,3,dom-inspection,ul#mobile-menu-cat-20-1 > li.level2 > a.sub-category-link,https://parts4cells.com/motorola/moto-g-series/moto-g06-xt2535-1-2025.html,False,False,2026-09-07T04:41:35+00:00,,,,,
Parts4Cells,https://parts4cells.com/,Motorola,,4,click,Moto G Series,https://parts4cells.com/motorola/moto-g-series.html,1,dom-inspection,Moto G67 Power 5G (XT2533 / 2025),https://parts4cells.com/motorola/moto-g-series/moto-g67-power-5g-xt2533-2025.html,14,2,14,3,dom-inspection,ul#mobile-menu-cat-20-1 > li.level2 > a.sub-category-link,https://parts4cells.com/motorola/moto-g-series/moto-g67-power-5g-xt2533-2025.html,False,False,2026-09-07T04:41:35+00:00,,,,,
Parts4Cells,https://parts4cells.com/,Motorola,,4,click,Moto G Series,https://parts4cells.com/motorola/moto-g-series.html,1,dom-inspection,Moto G96 (XT2531 / 2025),https://parts4cells.com/motorola/moto-g-series/moto-g96-xt2531-2025.html,15,2,15,3,dom-inspection,ul#mobile-menu-cat-20-1 > li.level2 > a.sub-category-link,https://parts4cells.com/motorola/moto-g-series/moto-g96-xt2531-2025.html,False,False,2026-09-07T04:41:35+00:00,,,,,
Parts4Cells,https://parts4cells.com/,Motorola,,4,click,Moto G Series,https://parts4cells.com/motorola/moto-g-series.html,1,dom-inspection,Moto G56 5G (XT2529 / 2025),https://parts4cells.com/motorola/moto-g-series/moto-g56-5g-xt2529-2025.html,16,2,16,3,dom-inspection,ul#mobile-menu-cat-20-1 > li.level2 > a.sub-category-link,https://parts4cells.com/motorola/moto-g-series/moto-g56-5g-xt2529-2025.html,False,False,2026-09-07T04:41:35+00:00,,,,,
Parts4Cells,https://parts4cells.com/,Motorola,,4,click,Moto G Series,https://parts4cells.com/motorola/moto-g-series.html,1,dom-inspection,Moto G86 / G86 Power 5G (XT2527 / 2025),https://parts4cells.com/motorola/moto-g-series/moto-g86-g86-power-5g-xt2527-2025.html,17,2,17,3,dom-inspection,ul#mobile-menu-cat-20-1 > li.level2 > a.sub-category-link,https://parts4cells.com/motorola/moto-g-series/moto-g86-g86-power-5g-xt2527-2025.html,False,False,2026-09-07T04:41:35+00:00,,,,,
Parts4Cells,https://parts4cells.com/,Motorola,,4,click,Moto G Series,https://parts4cells.com/motorola/moto-g-series.html,1,dom-inspection,Moto G05 XT2523,https://parts4cells.com/motorola/moto-g-series/moto-g05-xt2523.html,18,2,18,3,dom-inspection,ul#mobile-menu-cat-20-1 > li.level2 > a.sub-category-link,https://parts4cells.com/motorola/moto-g-series/moto-g05-xt2523.html,False,False,2026-09-07T04:41:35+00:00,,,,,
Parts4Cells,https://parts4cells.com/,Motorola,,4,click,Moto G Series,https://parts4cells.com/motorola/moto-g-series.html,1,dom-inspection,Moto G15 XT2521,https://parts4cells.com/motorola/moto-g-series/moto-g15-xt2521.html,19,2,19,3,dom-inspection,ul#mobile-menu-cat-20-1 > li.level2 > a.sub-category-link,https://parts4cells.com/motorola/moto-g-series/moto-g15-xt2521.html,False,False,2026-09-07T04:41:35+00:00,,,,,
Parts4Cells,https://parts4cells.com/,Motorola,,4,click,Moto G Series,https://parts4cells.com/motorola/moto-g-series.html,1,dom-inspection,Moto G Stylus 5G (XT2517- 1 / 2 / 3 / 2025),https://parts4cells.com/motorola/moto-g-series/moto-g-stylus-5g-xt2517-1-2-3-2025.html,20,2,20,3,dom-inspection,ul#mobile-menu-cat-20-1 > li.level2 > a.sub-category-link,https://parts4cells.com/motorola/moto-g-series/moto-g-stylus-5g-xt2517-1-2-3-2025.html,False,False,2026-09-07T04:41:35+00:00,,,,,
Parts4Cells,https://parts4cells.com/,Motorola,,4,click,Moto G Series,https://parts4cells.com/motorola/moto-g-series.html,1,dom-inspection,Moto G Power (XT2515 / 2025),https://parts4cells.com/motorola/moto-g-series/moto-g-power-xt2515-2025.html,21,2,21,3,dom-inspection,ul#mobile-menu-cat-20-1 > li.level2 > a.sub-category-link,https://parts4cells.com/motorola/moto-g-series/moto-g-power-xt2515-2025.html,False,False,2026-09-07T04:41:35+00:00,,,,,
Parts4Cells,https://parts4cells.com/,Motorola,,4,click,Moto G Series,https://parts4cells.com/motorola/moto-g-series.html,1,dom-inspection,Moto G 5G (XT2513 / 2025),https://parts4cells.com/motorola/moto-g-series/moto-g-xt2513-2025.html,22,2,22,3,dom-inspection,ul#mobile-menu-cat-20-1 > li.level2 > a.sub-category-link,https://parts4cells.com/motorola/moto-g-series/moto-g-xt2513-2025.html,False,False,2026-09-07T04:41:35+00:00,,,,,
Parts4Cells,https://parts4cells.com/,Motorola,,4,click,Moto G Series,https://parts4cells.com/motorola/moto-g-series.html,1,dom-inspection,Moto G75 5G (XT2437 / 2024),https://parts4cells.com/motorola/moto-g-series/moto-g75-5g-xt2437-2024.html,23,2,23,3,dom-inspection,ul#mobile-menu-cat-20-1 > li.level2 > a.sub-category-link,https://parts4cells.com/motorola/moto-g-series/moto-g75-5g-xt2437-2024.html,False,False,2026-09-07T04:41:35+00:00,,,,,
Parts4Cells,https://parts4cells.com/,Motorola,,4,click,Moto G Series,https://parts4cells.com/motorola/moto-g-series.html,1,dom-inspection,Moto G35 5G (XT2433 / 2024),https://parts4cells.com/motorola/moto-g-series/moto-g35-5g-xt2433-2024.html,24,2,24,3,dom-inspection,ul#mobile-menu-cat-20-1 > li.level2 > a.sub-category-link,https://parts4cells.com/motorola/moto-g-series/moto-g35-5g-xt2433-2024.html,False,False,2026-09-07T04:41:35+00:00,,,,,
Parts4Cells,https://parts4cells.com/,Motorola,,4,click,Moto G Series,https://parts4cells.com/motorola/moto-g-series.html,1,dom-inspection,Moto G85 (XT2427-3/2024),https://parts4cells.com/motorola/moto-g-series/moto-g85-xt2427-3-2024.html,25,2,25,3,dom-inspection,ul#mobile-menu-cat-20-1 > li.level2 > a.sub-category-link,https://parts4cells.com/motorola/moto-g-series/moto-g85-xt2427-3-2024.html,False,False,2026-09-07T04:41:35+00:00,,,,,
Parts4Cells,https://parts4cells.com/,Motorola,,4,click,Moto G Series,https://parts4cells.com/motorola/moto-g-series.html,1,dom-inspection,Moto G24 (XT2323 / 2024),https://parts4cells.com/motorola/moto-g-series/moto-g24-xt2323-2024.html,26,2,26,3,dom-inspection,ul#mobile-menu-cat-20-1 > li.level2 > a.sub-category-link,https://parts4cells.com/motorola/moto-g-series/moto-g24-xt2323-2024.html,False,False,2026-09-07T04:41:35+00:00,,,,,
Parts4Cells,https://parts4cells.com/,Motorola,,4,click,Moto G Series,https://parts4cells.com/motorola/moto-g-series.html,1,dom-inspection,Moto G04 (XT2421 / 2024),https://parts4cells.com/motorola/moto-g-series/moto-g04-xt2421-2024.html,27,2,27,3,dom-inspection,ul#mobile-menu-cat-20-1 > li.level2 > a.sub-category-link,https://parts4cells.com/motorola/moto-g-series/moto-g04-xt2421-2024.html,False,False,2026-09-07T04:41:35+00:00,,,,,
Parts4Cells,https://parts4cells.com/,Motorola,,4,click,Moto G Series,https://parts4cells.com/motorola/moto-g-series.html,1,dom-inspection,Moto G Stylus 5G (XT2419/2024),https://parts4cells.com/motorola/moto-g-series/moto-g-stylus-5g-xt2419-2024.html,28,2,28,3,dom-inspection,ul#mobile-menu-cat-20-1 > li.level2 > a.sub-category-link,https://parts4cells.com/motorola/moto-g-series/moto-g-stylus-5g-xt2419-2024.html,False,False,2026-09-07T04:41:35+00:00,,,,,
Parts4Cells,https://parts4cells.com/,Motorola,,4,click,Moto G Series,https://parts4cells.com/motorola/moto-g-series.html,1,dom-inspection,Moto G 5G (XT2417 / 2024),https://parts4cells.com/motorola/moto-g-series/moto-g-5g-xt2417-2024.html,29,2,29,3,dom-inspection,ul#mobile-menu-cat-20-1 > li.level2 > a.sub-category-link,https://parts4cells.com/motorola/moto-g-series/moto-g-5g-xt2417-2024.html,False,False,2026-09-07T04:41:35+00:00,,,,,
Parts4Cells,https://parts4cells.com/,Motorola,,4,click,Moto G Series,https://parts4cells.com/motorola/moto-g-series.html,1,dom-inspection,Moto G Power 5G (XT2415/2024),https://parts4cells.com/motorola/moto-g-series/moto-g-power-5g-xt2415-2024.html,30,2,30,3,dom-inspection,ul#mobile-menu-cat-20-1 > li.level2 > a.sub-category-link,https://parts4cells.com/motorola/moto-g-series/moto-g-power-5g-xt2415-2024.html,False,False,2026-09-07T04:41:35+00:00,,,,,
Parts4Cells,https://parts4cells.com/,Motorola,,4,click,Moto G Series,https://parts4cells.com/motorola/moto-g-series.html,1,dom-inspection,Moto G Play (XT2413 / 2024),https://parts4cells.com/motorola/moto-g-series/moto-g-play-xt2413-2024.html,31,2,31,3,dom-inspection,ul#mobile-menu-cat-20-1 > li.level2 > a.sub-category-link,https://parts4cells.com/motorola/moto-g-series/moto-g-play-xt2413-2024.html,False,False,2026-09-07T04:41:35+00:00,,,,,
Parts4Cells,https://parts4cells.com/,Motorola,,4,click,Moto G Series,https://parts4cells.com/motorola/moto-g-series.html,1,dom-inspection,Moto G34 (XT2363 / 2023),https://parts4cells.com/motorola/moto-g-series/moto-g34-xt2363-2023.html,32,2,32,3,dom-inspection,ul#mobile-menu-cat-20-1 > li.level2 > a.sub-category-link,https://parts4cells.com/motorola/moto-g-series/moto-g34-xt2363-2023.html,False,False,2026-09-07T04:41:35+00:00,,,,,
Parts4Cells,https://parts4cells.com/,Motorola,,4,click,Moto G Series,https://parts4cells.com/motorola/moto-g-series.html,1,dom-inspection,Moto G84 5G (XT2347),https://parts4cells.com/motorola/moto-g-series/moto-g84-5g-xt2347.html,33,2,33,3,dom-inspection,ul#mobile-menu-cat-20-1 > li.level2 > a.sub-category-link,https://parts4cells.com/motorola/moto-g-series/moto-g84-5g-xt2347.html,False,False,2026-09-07T04:41:35+00:00,,,,,
Parts4Cells,https://parts4cells.com/,Motorola,,4,click,Moto G Series,https://parts4cells.com/motorola/moto-g-series.html,1,dom-inspection,Moto G54 (XT2343 / 2023),https://parts4cells.com/motorola/moto-g-series/moto-g54-xt2343-2023.html,34,3,34,3,dom-inspection,ul#mobile-menu-cat-20-1 > li.level2 > a.sub-category-link,https://parts4cells.com/motorola/moto-g-series/moto-g54-xt2343-2023.html,False,False,2026-09-07T04:41:35+00:00,,,,,
Parts4Cells,https://parts4cells.com/,Motorola,,4,click,Moto G Series,https://parts4cells.com/motorola/moto-g-series.html,1,dom-inspection,Moto G23 (XT2333 / 2023),https://parts4cells.com/motorola/moto-g-series/moto-g23-xt2333-2023.html,35,3,35,3,dom-inspection,ul#mobile-menu-cat-20-1 > li.level2 > a.sub-category-link,https://parts4cells.com/motorola/moto-g-series/moto-g23-xt2333-2023.html,False,False,2026-09-07T04:41:35+00:00,,,,,
Parts4Cells,https://parts4cells.com/,Motorola,,4,click,Moto G Series,https://parts4cells.com/motorola/moto-g-series.html,1,dom-inspection,Moto G13 (XT2331-2/2023)/G23 (XT2333-3/2023),https://parts4cells.com/motorola/moto-g-series/moto-g13-xt2331-2-2023-g23-xt2333-3-2023.html,36,3,36,3,dom-inspection,ul#mobile-menu-cat-20-1 > li.level2 > a.sub-category-link,https://parts4cells.com/motorola/moto-g-series/moto-g13-xt2331-2-2023-g23-xt2333-3-2023.html,False,False,2026-09-07T04:41:35+00:00,,,,,
Parts4Cells,https://parts4cells.com/,Motorola,,4,click,Moto G Series,https://parts4cells.com/motorola/moto-g-series.html,1,dom-inspection,Moto G Stylus 4G (XT2317-22023),https://parts4cells.com/motorola/moto-g-series/moto-g-stylus-4g-xt2317-22023.html,37,3,37,3,dom-inspection,ul#mobile-menu-cat-20-1 > li.level2 > a.sub-category-link,https://parts4cells.com/motorola/moto-g-series/moto-g-stylus-4g-xt2317-22023.html,False,False,2026-09-07T04:41:35+00:00,,,,,
Parts4Cells,https://parts4cells.com/,Motorola,,4,click,Moto G Series,https://parts4cells.com/motorola/moto-g-series.html,1,dom-inspection,Moto G Stylus 5G (XT2315-5/2023),https://parts4cells.com/motorola/moto-g-series/moto-g-stylus-5g-xt2315-5-2023.html,38,3,38,3,dom-inspection,ul#mobile-menu-cat-20-1 > li.level2 > a.sub-category-link,https://parts4cells.com/motorola/moto-g-series/moto-g-stylus-5g-xt2315-5-2023.html,False,False,2026-09-07T04:41:35+00:00,,,,,
Parts4Cells,https://parts4cells.com/,Motorola,,4,click,Moto G Series,https://parts4cells.com/motorola/moto-g-series.html,1,dom-inspection,Moto G 5G (XT2313-6/2023),https://parts4cells.com/motorola/moto-g-series/moto-g-5g-xt2313-6-2023.html,39,3,39,3,dom-inspection,ul#mobile-menu-cat-20-1 > li.level2 > a.sub-category-link,https://parts4cells.com/motorola/moto-g-series/moto-g-5g-xt2313-6-2023.html,False,False,2026-09-07T04:41:35+00:00,,,,,
Parts4Cells,https://parts4cells.com/,Motorola,,4,click,Moto G Series,https://parts4cells.com/motorola/moto-g-series.html,1,dom-inspection,Moto G Power 5G (XT2311-3 / 2023),https://parts4cells.com/motorola/moto-g-series/motorola-g-power-5g-xt2311-3-2023.html,40,3,40,3,dom-inspection,ul#mobile-menu-cat-20-1 > li.level2 > a.sub-category-link,https://parts4cells.com/motorola/moto-g-series/motorola-g-power-5g-xt2311-3-2023.html,False,False,2026-09-07T04:41:35+00:00,,,,,
Parts4Cells,https://parts4cells.com/,Motorola,,4,click,Moto G Series,https://parts4cells.com/motorola/moto-g-series.html,1,dom-inspection,Moto G Play (XT2271 / 2023),https://parts4cells.com/motorola/moto-g-series/moto-g-play-xt2271-2023.html,41,3,41,3,dom-inspection,ul#mobile-menu-cat-20-1 > li.level2 > a.sub-category-link,https://parts4cells.com/motorola/moto-g-series/moto-g-play-xt2271-2023.html,False,False,2026-09-07T04:41:35+00:00,,,,,
Parts4Cells,https://parts4cells.com/,Motorola,,4,click,Moto G Series,https://parts4cells.com/motorola/moto-g-series.html,1,dom-inspection,MOTO G72 XT2255,https://parts4cells.com/motorola/moto-g-series/moto-g72-xt2255.html,42,3,42,3,dom-inspection,ul#mobile-menu-cat-20-1 > li.level2 > a.sub-category-link,https://parts4cells.com/motorola/moto-g-series/moto-g72-xt2255.html,False,False,2026-09-07T04:41:35+00:00,,,,,
Parts4Cells,https://parts4cells.com/,Motorola,,4,click,Moto G Series,https://parts4cells.com/motorola/moto-g-series.html,1,dom-inspection,Moto G73 (XT2237 / 2022),https://parts4cells.com/motorola/moto-g-series/moto-g73-xt2237-2022.html,43,3,43,3,dom-inspection,ul#mobile-menu-cat-20-1 > li.level2 > a.sub-category-link,https://parts4cells.com/motorola/moto-g-series/moto-g73-xt2237-2022.html,False,False,2026-09-07T04:41:35+00:00,,,,,
Parts4Cells,https://parts4cells.com/,Motorola,,4,click,Moto G Series,https://parts4cells.com/motorola/moto-g-series.html,1,dom-inspection,Moto G22 (XT2231),https://parts4cells.com/motorola/moto-g-series/moto-g22-xt2231.html,44,3,44,3,dom-inspection,ul#mobile-menu-cat-20-1 > li.level2 > a.sub-category-link,https://parts4cells.com/motorola/moto-g-series/moto-g22-xt2231.html,False,False,2026-09-07T04:41:35+00:00,,,,,
Parts4Cells,https://parts4cells.com/,Motorola,,4,click,Moto G Series,https://parts4cells.com/motorola/moto-g-series.html,1,dom-inspection,Moto G71S XT2225-2,https://parts4cells.com/motorola/moto-g-series/moto-g71s-xt2225-2.html,45,3,45,3,dom-inspection,ul#mobile-menu-cat-20-1 > li.level2 > a.sub-category-link,https://parts4cells.com/motorola/moto-g-series/moto-g71s-xt2225-2.html,False,False,2026-09-07T04:41:35+00:00,,,,,
Parts4Cells,https://parts4cells.com/,Motorola,,4,click,Moto G Series,https://parts4cells.com/motorola/moto-g-series.html,1,dom-inspection,Moto G82 5G (XT2225-1 - 2022),https://parts4cells.com/motorola/moto-g-series/moto-g82-5g-xt2225-1-2022.html,46,3,46,3,dom-inspection,ul#mobile-menu-cat-20-1 > li.level2 > a.sub-category-link,https://parts4cells.com/motorola/moto-g-series/moto-g82-5g-xt2225-1-2022.html,False,False,2026-09-07T04:41:35+00:00,,,,,
Parts4Cells,https://parts4cells.com/,Motorola,,4,click,Moto G Series,https://parts4cells.com/motorola/moto-g-series.html,1,dom-inspection,Moto G62 5G (XT2223 / 2022),https://parts4cells.com/motorola/moto-g-series/moto-g62-5g-lcd.html,47,3,47,3,dom-inspection,ul#mobile-menu-cat-20-1 > li.level2 > a.sub-category-link,https://parts4cells.com/motorola/moto-g-series/moto-g62-5g-lcd.html,False,False,2026-09-07T04:41:35+00:00,,,,,
Parts4Cells,https://parts4cells.com/,Motorola,,4,click,Moto G Series,https://parts4cells.com/motorola/moto-g-series.html,1,dom-inspection,Moto G52 (XT2221 / 2022),https://parts4cells.com/motorola/moto-g-series/moto-g52-xt2221-2022.html,48,3,48,3,dom-inspection,ul#mobile-menu-cat-20-1 > li.level2 > a.sub-category-link,https://parts4cells.com/motorola/moto-g-series/moto-g52-xt2221-2022.html,False,False,2026-09-07T04:41:35+00:00,,,,,
Parts4Cells,https://parts4cells.com/,Motorola,,4,click,Moto G Series,https://parts4cells.com/motorola/moto-g-series.html,1,dom-inspection,Motorola G Stylus 5G (XT2215 / 2022),https://parts4cells.com/motorola/moto-g-series/motorola-g-stylus-5g-xt2215-2022.html,49,3,49,3,dom-inspection,ul#mobile-menu-cat-20-1 > li.level2 > a.sub-category-link,https://parts4cells.com/motorola/moto-g-series/motorola-g-stylus-5g-xt2215-2022.html,False,False,2026-09-07T04:41:35+00:00,,,,,
Parts4Cells,https://parts4cells.com/,Motorola,,4,click,Moto G Series,https://parts4cells.com/motorola/moto-g-series.html,1,dom-inspection,Moto G 5G XT2213,https://parts4cells.com/motorola/moto-g-series/moto-g-5g-xt2213.html,50,3,50,3,dom-inspection,ul#mobile-menu-cat-20-1 > li.level2 > a.sub-category-link,https://parts4cells.com/motorola/moto-g-series/moto-g-5g-xt2213.html,False,False,2026-09-07T04:41:35+00:00,,,,,
Parts4Cells,https://parts4cells.com/,Motorola,,4,click,Moto G Series,https://parts4cells.com/motorola/moto-g-series.html,1,dom-inspection,Motorola Moto G Stylus XT2211-2,https://parts4cells.com/motorola/moto-g-series/motorola-moto-g-stylus-xt2211-2.html,51,3,51,3,dom-inspection,ul#mobile-menu-cat-20-1 > li.level2 > a.sub-category-link,https://parts4cells.com/motorola/moto-g-series/motorola-moto-g-stylus-xt2211-2.html,False,False,2026-09-07T04:41:35+00:00,,,,,
Parts4Cells,https://parts4cells.com/,Motorola,,4,click,Moto G Series,https://parts4cells.com/motorola/moto-g-series.html,1,dom-inspection,Moto G200 5G / Edge S30 (XT2175),https://parts4cells.com/motorola/moto-g-series/moto-g200-5g-xt2175.html,52,3,52,3,dom-inspection,ul#mobile-menu-cat-20-1 > li.level2 > a.sub-category-link,https://parts4cells.com/motorola/moto-g-series/moto-g200-5g-xt2175.html,False,False,2026-09-07T04:41:35+00:00,,,,,
Parts4Cells,https://parts4cells.com/,Motorola,,4,click,Moto G Series,https://parts4cells.com/motorola/moto-g-series.html,1,dom-inspection,Moto G31 (XT2173),https://parts4cells.com/motorola/moto-g-series/moto-g31-xt2173.html,53,3,53,3,dom-inspection,ul#mobile-menu-cat-20-1 > li.level2 > a.sub-category-link,https://parts4cells.com/motorola/moto-g-series/moto-g31-xt2173.html,False,False,2026-09-07T04:41:35+00:00,,,,,
Parts4Cells,https://parts4cells.com/,Motorola,,4,click,Moto G Series,https://parts4cells.com/motorola/moto-g-series.html,1,dom-inspection,Moto G51 5G (XT2171/2021),https://parts4cells.com/motorola/moto-g-series/g51-5g-xt2171-2021.html,54,3,54,3,dom-inspection,ul#mobile-menu-cat-20-1 > li.level2 > a.sub-category-link,https://parts4cells.com/motorola/moto-g-series/g51-5g-xt2171-2021.html,False,False,2026-09-07T04:41:35+00:00,,,,,
Parts4Cells,https://parts4cells.com/,Motorola,,4,click,Moto G Series,https://parts4cells.com/motorola/moto-g-series.html,1,dom-inspection,Moto G71 5G XT2169-01,https://parts4cells.com/motorola/moto-g-series/motorola-g71-5g-xt2169-01.html,55,3,55,3,dom-inspection,ul#mobile-menu-cat-20-1 > li.level2 > a.sub-category-link,https://parts4cells.com/motorola/moto-g-series/motorola-g71-5g-xt2169-01.html,False,False,2026-09-07T04:41:35+00:00,,,,,
Parts4Cells,https://parts4cells.com/,Motorola,,4,click,Moto G Series,https://parts4cells.com/motorola/moto-g-series.html,1,dom-inspection,Moto G41 XT2167,https://parts4cells.com/motorola/moto-g-series/moto-g41-xt2167.html,56,3,56,3,dom-inspection,ul#mobile-menu-cat-20-1 > li.level2 > a.sub-category-link,https://parts4cells.com/motorola/moto-g-series/moto-g41-xt2167.html,False,False,2026-09-07T04:41:35+00:00,,,,,
Parts4Cells,https://parts4cells.com/,Motorola,,4,click,Moto G Series,https://parts4cells.com/motorola/moto-g-series.html,1,dom-inspection,Moto G Power (XT2165 / 2022),https://parts4cells.com/motorola/moto-g-series/moto-g-power-xt2165-2022.html,57,3,57,3,dom-inspection,ul#mobile-menu-cat-20-1 > li.level2 > a.sub-category-link,https://parts4cells.com/motorola/moto-g-series/moto-g-power-xt2165-2022.html,False,False,2026-09-07T04:41:35+00:00,,,,,
Parts4Cells,https://parts4cells.com/,Motorola,,4,click,Moto G Series,https://parts4cells.com/motorola/moto-g-series.html,1,dom-inspection,Moto G Pure (XT2163),https://parts4cells.com/motorola/moto-g-series/moto-g-pure-xt2163.html,58,3,58,3,dom-inspection,ul#mobile-menu-cat-20-1 > li.level2 > a.sub-category-link,https://parts4cells.com/motorola/moto-g-series/moto-g-pure-xt2163.html,False,False,2026-09-07T04:41:35+00:00,,,,,
Parts4Cells,https://parts4cells.com/,Motorola,,4,click,Moto G Series,https://parts4cells.com/motorola/moto-g-series.html,1,dom-inspection,Moto G40 Fusion (XT2147),https://parts4cells.com/motorola/moto-g-series/moto-g40-xt2147.html,59,3,59,3,dom-inspection,ul#mobile-menu-cat-20-1 > li.level2 > a.sub-category-link,https://parts4cells.com/motorola/moto-g-series/moto-g40-xt2147.html,False,False,2026-09-07T04:41:35+00:00,,,,,
Parts4Cells,https://parts4cells.com/,Motorola,,4,click,Moto G Series,https://parts4cells.com/motorola/moto-g-series.html,1,dom-inspection,Moto G50 (XT2137),https://parts4cells.com/motorola/moto-g-series/moto-g50-xt2137.html,60,3,60,3,dom-inspection,ul#mobile-menu-cat-20-1 > li.level2 > a.sub-category-link,https://parts4cells.com/motorola/moto-g-series/moto-g50-xt2137.html,False,False,2026-09-07T04:41:35+00:00,,,,,
Parts4Cells,https://parts4cells.com/,Motorola,,4,click,Moto G Series,https://parts4cells.com/motorola/moto-g-series.html,1,dom-inspection,Moto G60 (XT2135-1),https://parts4cells.com/motorola/moto-g-series/moto-g60-xt2135-1.html,61,3,61,3,dom-inspection,ul#mobile-menu-cat-20-1 > li.level2 > a.sub-category-link,https://parts4cells.com/motorola/moto-g-series/moto-g60-xt2135-1.html,False,False,2026-09-07T04:41:35+00:00,,,,,
Parts4Cells,https://parts4cells.com/,Motorola,,4,click,Moto G Series,https://parts4cells.com/motorola/moto-g-series.html,1,dom-inspection,Moto G60S (XT2133),https://parts4cells.com/motorola/moto-g-series/moto-g60s-xt2133.html,62,3,62,3,dom-inspection,ul#mobile-menu-cat-20-1 > li.level2 > a.sub-category-link,https://parts4cells.com/motorola/moto-g-series/moto-g60s-xt2133.html,False,False,2026-09-07T04:41:35+00:00,,,,,
Parts4Cells,https://parts4cells.com/,Motorola,,4,click,Moto G Series,https://parts4cells.com/motorola/moto-g-series.html,1,dom-inspection,Moto G Stylus 5G (XT2131),https://parts4cells.com/motorola/moto-g-series/moto-g-stylus-5g-xt2131.html,63,3,63,3,dom-inspection,ul#mobile-menu-cat-20-1 > li.level2 > a.sub-category-link,https://parts4cells.com/motorola/moto-g-series/moto-g-stylus-5g-xt2131.html,False,False,2026-09-07T04:41:35+00:00,,,,,
Parts4Cells,https://parts4cells.com/,Motorola,,4,click,Moto G Series,https://parts4cells.com/motorola/moto-g-series.html,1,dom-inspection,Moto G30 (XT2129),https://parts4cells.com/motorola/moto-g-series/moto-g30-xt2129.html,64,3,64,3,dom-inspection,ul#mobile-menu-cat-20-1 > li.level2 > a.sub-category-link,https://parts4cells.com/motorola/moto-g-series/moto-g30-xt2129.html,False,False,2026-09-07T04:41:35+00:00,,,,,
Parts4Cells,https://parts4cells.com/,Motorola,,4,click,Moto G Series,https://parts4cells.com/motorola/moto-g-series.html,1,dom-inspection,Moto G20 (XT2128),https://parts4cells.com/motorola/moto-g-series/moto-g20-xt2128.html,65,3,65,3,dom-inspection,ul#mobile-menu-cat-20-1 > li.level2 > a.sub-category-link,https://parts4cells.com/motorola/moto-g-series/moto-g20-xt2128.html,False,False,2026-09-07T04:41:35+00:00,,,,,
Parts4Cells,https://parts4cells.com/,Motorola,,4,click,Moto G Series,https://parts4cells.com/motorola/moto-g-series.html,1,dom-inspection,Moto G10 Power (XT2127-4),https://parts4cells.com/motorola/moto-g-series/moto-g10-power-xt2127-4.html,66,3,66,3,dom-inspection,ul#mobile-menu-cat-20-1 > li.level2 > a.sub-category-link,https://parts4cells.com/motorola/moto-g-series/moto-g10-power-xt2127-4.html,False,False,2026-09-07T04:41:35+00:00,,,,,
Parts4Cells,https://parts4cells.com/,Motorola,,4,click,Moto G Series,https://parts4cells.com/motorola/moto-g-series.html,1,dom-inspection,Moto G10 (XT2127-2),https://parts4cells.com/motorola/moto-g-series/moto-g10-xt2127.html,67,3,67,3,dom-inspection,ul#mobile-menu-cat-20-1 > li.level2 > a.sub-category-link,https://parts4cells.com/motorola/moto-g-series/moto-g10-xt2127.html,False,False,2026-09-07T04:41:35+00:00,,,,,
Parts4Cells,https://parts4cells.com/,Motorola,,4,click,Moto G Series,https://parts4cells.com/motorola/moto-g-series.html,1,dom-inspection,Moto G100 / Edge S (XT2125),https://parts4cells.com/motorola/moto-g-series/moto-g100-xt2125.html,68,4,68,3,dom-inspection,ul#mobile-menu-cat-20-1 > li.level2 > a.sub-category-link,https://parts4cells.com/motorola/moto-g-series/moto-g100-xt2125.html,False,False,2026-09-07T04:41:35+00:00,,,,,
Parts4Cells,https://parts4cells.com/,Motorola,,4,click,Moto G Series,https://parts4cells.com/motorola/moto-g-series.html,1,dom-inspection,Moto G Power (XT2117),https://parts4cells.com/motorola/moto-g-series/moto-g-power-xt2117.html,69,4,69,3,dom-inspection,ul#mobile-menu-cat-20-1 > li.level2 > a.sub-category-link,https://parts4cells.com/motorola/moto-g-series/moto-g-power-xt2117.html,False,False,2026-09-07T04:41:35+00:00,,,,,
Parts4Cells,https://parts4cells.com/,Motorola,,4,click,Moto G Series,https://parts4cells.com/motorola/moto-g-series.html,1,dom-inspection,"Moto G Stylus 6.8"" (XT2115)",https://parts4cells.com/motorola/moto-g-series/moto-g-stylus-6-8-xt2115.html,70,4,70,3,dom-inspection,ul#mobile-menu-cat-20-1 > li.level2 > a.sub-category-link,https://parts4cells.com/motorola/moto-g-series/moto-g-stylus-6-8-xt2115.html,False,False,2026-09-07T04:41:35+00:00,,,,,
Parts4Cells,https://parts4cells.com/,Motorola,,4,click,Moto G Series,https://parts4cells.com/motorola/moto-g-series.html,1,dom-inspection,Moto G 5G (XT2113),https://parts4cells.com/motorola/moto-g-series/moto-g-5g-xt2113.html,71,4,71,3,dom-inspection,ul#mobile-menu-cat-20-1 > li.level2 > a.sub-category-link,https://parts4cells.com/motorola/moto-g-series/moto-g-5g-xt2113.html,False,False,2026-09-07T04:41:35+00:00,,,,,
Parts4Cells,https://parts4cells.com/,Motorola,,4,click,Moto G Series,https://parts4cells.com/motorola/moto-g-series.html,1,dom-inspection,Moto G Play (XT2093),https://parts4cells.com/motorola/moto-g-series/moto-g-play-xt2093.html,72,4,72,3,dom-inspection,ul#mobile-menu-cat-20-1 > li.level2 > a.sub-category-link,https://parts4cells.com/motorola/moto-g-series/moto-g-play-xt2093.html,False,False,2026-09-07T04:41:35+00:00,,,,,
Parts4Cells,https://parts4cells.com/,Motorola,,4,click,Moto G Series,https://parts4cells.com/motorola/moto-g-series.html,1,dom-inspection,Moto G9 Power (XT2091),https://parts4cells.com/motorola/moto-g-series/moto-g9-power-xt2091.html,73,4,73,3,dom-inspection,ul#mobile-menu-cat-20-1 > li.level2 > a.sub-category-link,https://parts4cells.com/motorola/moto-g-series/moto-g9-power-xt2091.html,False,False,2026-09-07T04:41:35+00:00,,,,,
Parts4Cells,https://parts4cells.com/,Motorola,,4,click,Moto G Series,https://parts4cells.com/motorola/moto-g-series.html,1,dom-inspection,Moto G9 Plus (XT2087),https://parts4cells.com/motorola/moto-g-series/moto-g9-plus-xt2087.html,74,4,74,3,dom-inspection,ul#mobile-menu-cat-20-1 > li.level2 > a.sub-category-link,https://parts4cells.com/motorola/moto-g-series/moto-g9-plus-xt2087.html,False,False,2026-09-07T04:41:35+00:00,,,,,
Parts4Cells,https://parts4cells.com/,Motorola,,4,click,Moto G Series,https://parts4cells.com/motorola/moto-g-series.html,1,dom-inspection,Moto G9 Play (XT2083),https://parts4cells.com/motorola/moto-g-series/moto-g9-play-xt2083.html,75,4,75,3,dom-inspection,ul#mobile-menu-cat-20-1 > li.level2 > a.sub-category-link,https://parts4cells.com/motorola/moto-g-series/moto-g9-play-xt2083.html,False,False,2026-09-07T04:41:35+00:00,,,,,
Parts4Cells,https://parts4cells.com/,Motorola,,4,click,Moto G Series,https://parts4cells.com/motorola/moto-g-series.html,1,dom-inspection,Moto G 5G PLUS LCD (XT2075),https://parts4cells.com/motorola/moto-g-series/moto-g-5g-plus-lcd-xt2075.html,76,4,76,3,dom-inspection,ul#mobile-menu-cat-20-1 > li.level2 > a.sub-category-link,https://parts4cells.com/motorola/moto-g-series/moto-g-5g-plus-lcd-xt2075.html,False,False,2026-09-07T04:41:35+00:00,,,,,
Parts4Cells,https://parts4cells.com/,Motorola,,4,click,Moto G Series,https://parts4cells.com/motorola/moto-g-series.html,1,dom-inspection,Moto G8 Power Lite (XT2055),https://parts4cells.com/motorola/moto-g-series/moto-g8-power-lite-xt2055.html,77,4,77,3,dom-inspection,ul#mobile-menu-cat-20-1 > li.level2 > a.sub-category-link,https://parts4cells.com/motorola/moto-g-series/moto-g8-power-lite-xt2055.html,False,False,2026-09-07T04:41:35+00:00,,,,,
Parts4Cells,https://parts4cells.com/,Motorola,,4,click,Moto G Series,https://parts4cells.com/motorola/moto-g-series.html,1,dom-inspection,Moto G Fast (XT2045-3),https://parts4cells.com/motorola/moto-g-series/moto-g-fast-xt2045-3.html,78,4,78,3,dom-inspection,ul#mobile-menu-cat-20-1 > li.level2 > a.sub-category-link,https://parts4cells.com/motorola/moto-g-series/moto-g-fast-xt2045-3.html,False,False,2026-09-07T04:41:35+00:00,,,,,
Parts4Cells,https://parts4cells.com/,Motorola,,4,click,Moto G Series,https://parts4cells.com/motorola/moto-g-series.html,1,dom-inspection,Moto G8 (XT2045),https://parts4cells.com/motorola/moto-g-series/moto-g8-xt2045.html,79,4,79,3,dom-inspection,ul#mobile-menu-cat-20-1 > li.level2 > a.sub-category-link,https://parts4cells.com/motorola/moto-g-series/moto-g8-xt2045.html,False,False,2026-09-07T04:41:35+00:00,,,,,
Parts4Cells,https://parts4cells.com/,Motorola,,4,click,Moto G Series,https://parts4cells.com/motorola/moto-g-series.html,1,dom-inspection,Moto G Stylus (XT2043),https://parts4cells.com/motorola/moto-g-series/moto-g-stylus-xt2043.html,80,4,80,3,dom-inspection,ul#mobile-menu-cat-20-1 > li.level2 > a.sub-category-link,https://parts4cells.com/motorola/moto-g-series/moto-g-stylus-xt2043.html,False,False,2026-09-07T04:41:35+00:00,,,,,
Parts4Cells,https://parts4cells.com/,Motorola,,4,click,Moto G Series,https://parts4cells.com/motorola/moto-g-series.html,1,dom-inspection,Moto G8 Power (XT2041),https://parts4cells.com/motorola/moto-g-series/moto-g8-power-xt2041.html,81,4,81,3,dom-inspection,ul#mobile-menu-cat-20-1 > li.level2 > a.sub-category-link,https://parts4cells.com/motorola/moto-g-series/moto-g8-power-xt2041.html,False,False,2026-09-07T04:41:35+00:00,,,,,
Parts4Cells,https://parts4cells.com/,Motorola,,4,click,Moto G Series,https://parts4cells.com/motorola/moto-g-series.html,1,dom-inspection,Moto G8 Plus (XT2019),https://parts4cells.com/motorola/moto-g-series/moto-g8-plus-xt2019.html,82,4,82,3,dom-inspection,ul#mobile-menu-cat-20-1 > li.level2 > a.sub-category-link,https://parts4cells.com/motorola/moto-g-series/moto-g8-plus-xt2019.html,False,False,2026-09-07T04:41:35+00:00,,,,,
Parts4Cells,https://parts4cells.com/,Motorola,,4,click,Moto G Series,https://parts4cells.com/motorola/moto-g-series.html,1,dom-inspection,Moto G8 Play (XT2015),https://parts4cells.com/motorola/moto-g-series/moto-g8-play-xt2015.html,83,4,83,3,dom-inspection,ul#mobile-menu-cat-20-1 > li.level2 > a.sub-category-link,https://parts4cells.com/motorola/moto-g-series/moto-g8-play-xt2015.html,False,False,2026-09-07T04:41:35+00:00,,,,,
Parts4Cells,https://parts4cells.com/,Motorola,,4,click,Moto G Series,https://parts4cells.com/motorola/moto-g-series.html,1,dom-inspection,Moto G7 Plus (XT1965),https://parts4cells.com/motorola/moto-g-series/moto-g7-plus-xt1965.html,84,4,84,3,dom-inspection,ul#mobile-menu-cat-20-1 > li.level2 > a.sub-category-link,https://parts4cells.com/motorola/moto-g-series/moto-g7-plus-xt1965.html,False,False,2026-09-07T04:41:35+00:00,,,,,
Parts4Cells,https://parts4cells.com/,Motorola,,4,click,Moto G Series,https://parts4cells.com/motorola/moto-g-series.html,1,dom-inspection,"Moto G7 (XT1962,XT1962-1,XT1962-4)",https://parts4cells.com/motorola/moto-g-series/moto-g7-xt1962.html,85,4,85,3,dom-inspection,ul#mobile-menu-cat-20-1 > li.level2 > a.sub-category-link,https://parts4cells.com/motorola/moto-g-series/moto-g7-xt1962.html,False,False,2026-09-07T04:41:35+00:00,,,,,
Parts4Cells,https://parts4cells.com/,Motorola,,4,click,Moto G Series,https://parts4cells.com/motorola/moto-g-series.html,1,dom-inspection,Moto G7 Supra (XT1955-5),https://parts4cells.com/motorola/moto-g-series/moto-g7-supra-xt1955-5.html,86,4,86,3,dom-inspection,ul#mobile-menu-cat-20-1 > li.level2 > a.sub-category-link,https://parts4cells.com/motorola/moto-g-series/moto-g7-supra-xt1955-5.html,False,False,2026-09-07T04:41:35+00:00,,,,,
Parts4Cells,https://parts4cells.com/,Motorola,,4,click,Moto G Series,https://parts4cells.com/motorola/moto-g-series.html,1,dom-inspection,Moto G7 Power (XT1955),https://parts4cells.com/motorola/moto-g-series/moto-g7-power-xt1955.html,87,4,87,3,dom-inspection,ul#mobile-menu-cat-20-1 > li.level2 > a.sub-category-link,https://parts4cells.com/motorola/moto-g-series/moto-g7-power-xt1955.html,False,False,2026-09-07T04:41:35+00:00,,,,,
Parts4Cells,https://parts4cells.com/,Motorola,,4,click,Moto G Series,https://parts4cells.com/motorola/moto-g-series.html,1,dom-inspection,"Moto G7 Play (XT1952, XT1952-1, XT1952-2)",https://parts4cells.com/motorola/moto-g-series/moto-g7-play-xt1952.html,88,4,88,3,dom-inspection,ul#mobile-menu-cat-20-1 > li.level2 > a.sub-category-link,https://parts4cells.com/motorola/moto-g-series/moto-g7-play-xt1952.html,False,False,2026-09-07T04:41:35+00:00,,,,,
Parts4Cells,https://parts4cells.com/,Motorola,,4,click,Moto G Series,https://parts4cells.com/motorola/moto-g-series.html,1,dom-inspection,Moto G6 Plus (XT1926),https://parts4cells.com/motorola/moto-g-series/moto-g6-plus-xt1926.html,89,4,89,3,dom-inspection,ul#mobile-menu-cat-20-1 > li.level2 > a.sub-category-link,https://parts4cells.com/motorola/moto-g-series/moto-g6-plus-xt1926.html,False,False,2026-09-07T04:41:35+00:00,,,,,
Parts4Cells,https://parts4cells.com/,Motorola,,4,click,Moto G Series,https://parts4cells.com/motorola/moto-g-series.html,1,dom-inspection,"Moto G6 (XT1925,XT1925-3,XT1925-6,XT1925-7)",https://parts4cells.com/motorola/moto-g-series/moto-g6-xt1925.html,90,4,90,3,dom-inspection,ul#mobile-menu-cat-20-1 > li.level2 > a.sub-category-link,https://parts4cells.com/motorola/moto-g-series/moto-g6-xt1925.html,False,False,2026-09-07T04:41:35+00:00,,,,,
Parts4Cells,https://parts4cells.com/,Motorola,,4,click,Moto G Series,https://parts4cells.com/motorola/moto-g-series.html,1,dom-inspection,Moto G6 Play (XT1922),https://parts4cells.com/motorola/moto-g-series/moto-g6-play-xt1922.html,91,4,91,3,dom-inspection,ul#mobile-menu-cat-20-1 > li.level2 > a.sub-category-link,https://parts4cells.com/motorola/moto-g-series/moto-g6-play-xt1922.html,False,False,2026-09-07T04:41:35+00:00,,,,,
Parts4Cells,https://parts4cells.com/,Motorola,,4,click,Moto G Series,https://parts4cells.com/motorola/moto-g-series.html,1,dom-inspection,"Moto G5S Plus (XT1802,XT1803,XT1804,XT1805,XT1806)",https://parts4cells.com/motorola/moto-g-series/moto-g5s-plus-xt1802.html,92,4,92,3,dom-inspection,ul#mobile-menu-cat-20-1 > li.level2 > a.sub-category-link,https://parts4cells.com/motorola/moto-g-series/moto-g5s-plus-xt1802.html,False,False,2026-09-07T04:41:35+00:00,,,,,
Parts4Cells,https://parts4cells.com/,Motorola,,4,click,Moto G Series,https://parts4cells.com/motorola/moto-g-series.html,1,dom-inspection,"Moto G5S (XT1791,XT1792,XT1793,XT1794,XT1795,XT1797)",https://parts4cells.com/motorola/moto-g-series/moto-g5s-xt1791.html,93,4,93,3,dom-inspection,ul#mobile-menu-cat-20-1 > li.level2 > a.sub-category-link,https://parts4cells.com/motorola/moto-g-series/moto-g5s-xt1791.html,False,False,2026-09-07T04:41:35+00:00,,,,,
Parts4Cells,https://parts4cells.com/,Motorola,,4,click,Moto G Series,https://parts4cells.com/motorola/moto-g-series.html,1,dom-inspection,"Moto G5 Plus (XT1684,XT1685,XT1686,XT1687)",https://parts4cells.com/motorola/moto-g-series/moto-g5-plus-xt1684.html,94,4,94,3,dom-inspection,ul#mobile-menu-cat-20-1 > li.level2 > a.sub-category-link,https://parts4cells.com/motorola/moto-g-series/moto-g5-plus-xt1684.html,False,False,2026-09-07T04:41:35+00:00,,,,,
Parts4Cells,https://parts4cells.com/,Motorola,,4,click,Moto G Series,https://parts4cells.com/motorola/moto-g-series.html,1,dom-inspection,"Moto G5 (XT1670,XT1671,XT1672,XT1675,XT1676,XT1677)",https://parts4cells.com/motorola/moto-g-series/moto-g5-xt1670.html,95,4,95,3,dom-inspection,ul#mobile-menu-cat-20-1 > li.level2 > a.sub-category-link,https://parts4cells.com/motorola/moto-g-series/moto-g5-xt1670.html,False,False,2026-09-07T04:41:35+00:00,,,,,
Parts4Cells,https://parts4cells.com/,Motorola,,4,click,Moto G Series,https://parts4cells.com/motorola/moto-g-series.html,1,dom-inspection,"Moto G4 Plus (XT1640,XT1641,XT1642,XT1643,XT1644)",https://parts4cells.com/motorola/moto-g-series/moto-g4-plus-xt1640.html,96,4,96,3,dom-inspection,ul#mobile-menu-cat-20-1 > li.level2 > a.sub-category-link,https://parts4cells.com/motorola/moto-g-series/moto-g4-plus-xt1640.html,False,False,2026-09-07T04:41:35+00:00,,,,,
Parts4Cells,https://parts4cells.com/,Motorola,,4,click,Moto G Series,https://parts4cells.com/motorola/moto-g-series.html,1,dom-inspection,"Moto G 4th Gen (XT1620,XT1621,XT1622,XT1623,XT1624,XT1625,XT1626)",https://parts4cells.com/motorola/moto-g-series/moto-g-4th-gen-xt1620.html,97,4,97,3,dom-inspection,ul#mobile-menu-cat-20-1 > li.level2 > a.sub-category-link,https://parts4cells.com/motorola/moto-g-series/moto-g-4th-gen-xt1620.html,False,False,2026-09-07T04:41:35+00:00,,,,,
Parts4Cells,https://parts4cells.com/,Motorola,,4,click,Moto G Series,https://parts4cells.com/motorola/moto-g-series.html,1,dom-inspection,Moto G4 Play (XT1607),https://parts4cells.com/motorola/moto-g-series/moto-g4-play-xt1607.html,98,4,98,3,dom-inspection,ul#mobile-menu-cat-20-1 > li.level2 > a.sub-category-link,https://parts4cells.com/motorola/moto-g-series/moto-g4-play-xt1607.html,False,False,2026-09-07T04:41:35+00:00,,,,,
Parts4Cells,https://parts4cells.com/,Motorola,,4,click,Moto G Series,https://parts4cells.com/motorola/moto-g-series.html,1,dom-inspection,Moto G 3rd Gen (XT1540),https://parts4cells.com/motorola/moto-g-series/moto-g-3rd-gen-xt1540.html,99,4,99,3,dom-inspection,ul#mobile-menu-cat-20-1 > li.level2 > a.sub-category-link,https://parts4cells.com/motorola/moto-g-series/moto-g-3rd-gen-xt1540.html,False,False,2026-09-07T04:41:35+00:00,,,,,
Parts4Cells,https://parts4cells.com/,Motorola,,4,click,Moto G Series,https://parts4cells.com/motorola/moto-g-series.html,1,dom-inspection,"Moto G 2nd Gen (XT1063,XT1064,XT1068,XT1069)",https://parts4cells.com/motorola/moto-g-series/moto-g-2nd-gen-xt1063.html,100,4,100,3,dom-inspection,ul#mobile-menu-cat-20-1 > li.level2 > a.sub-category-link,https://parts4cells.com/motorola/moto-g-series/moto-g-2nd-gen-xt1063.html,False,False,2026-09-07T04:41:35+00:00,,,,,
Parts4Cells,https://parts4cells.com/,Motorola,,4,click,Moto G Series,https://parts4cells.com/motorola/moto-g-series.html,1,dom-inspection,Moto G 1st Gen (XT1032),https://parts4cells.com/motorola/moto-g-series/moto-g-1st-gen-xt1032.html,101,4,101,3,dom-inspection,ul#mobile-menu-cat-20-1 > li.level2 > a.sub-category-link,https://parts4cells.com/motorola/moto-g-series/moto-g-1st-gen-xt1032.html,False,False,2026-09-07T04:41:35+00:00,,,,,
Parts4Cells,https://parts4cells.com/,Motorola,,4,click,E Series,https://parts4cells.com/motorola/e-series.html,2,dom-inspection,Moto E15 (XT2523-6 / 2025),https://parts4cells.com/motorola/e-series/moto-e15-xt2523-6-2025.html,1,1,1,3,dom-inspection,ul#mobile-menu-cat-85-1 > li.level2 > a.sub-category-link,https://parts4cells.com/motorola/e-series/moto-e15-xt2523-6-2025.html,False,False,2026-09-07T04:41:35+00:00,,,,,
Parts4Cells,https://parts4cells.com/,Motorola,,4,click,E Series,https://parts4cells.com/motorola/e-series.html,2,dom-inspection,Moto E13 (XT2345/2023),https://parts4cells.com/motorola/e-series/moto-e13-xt2345-2023.html,2,1,2,3,dom-inspection,ul#mobile-menu-cat-85-1 > li.level2 > a.sub-category-link,https://parts4cells.com/motorola/e-series/moto-e13-xt2345-2023.html,False,False,2026-09-07T04:41:35+00:00,,,,,
Parts4Cells,https://parts4cells.com/,Motorola,,4,click,E Series,https://parts4cells.com/motorola/e-series.html,2,dom-inspection,Moto E40 (XT2159),https://parts4cells.com/motorola/e-series/moto-e40-xt2159.html,3,1,3,3,dom-inspection,ul#mobile-menu-cat-85-1 > li.level2 > a.sub-category-link,https://parts4cells.com/motorola/e-series/moto-e40-xt2159.html,False,False,2026-09-07T04:41:35+00:00,,,,,
Parts4Cells,https://parts4cells.com/,Motorola,,4,click,E Series,https://parts4cells.com/motorola/e-series.html,2,dom-inspection,Moto E20 (XT2155),https://parts4cells.com/motorola/e-series/moto-e20-xt2155.html,4,1,4,3,dom-inspection,ul#mobile-menu-cat-85-1 > li.level2 > a.sub-category-link,https://parts4cells.com/motorola/e-series/moto-e20-xt2155.html,False,False,2026-09-07T04:41:35+00:00,,,,,
Parts4Cells,https://parts4cells.com/,Motorola,,4,click,E Series,https://parts4cells.com/motorola/e-series.html,2,dom-inspection,Moto E7 Power(XT2097),https://parts4cells.com/motorola/e-series/moto-e7-power-xt2097.html,5,1,5,3,dom-inspection,ul#mobile-menu-cat-85-1 > li.level2 > a.sub-category-link,https://parts4cells.com/motorola/e-series/moto-e7-power-xt2097.html,False,False,2026-09-07T04:41:35+00:00,,,,,
Parts4Cells,https://parts4cells.com/,Motorola,,4,click,E Series,https://parts4cells.com/motorola/e-series.html,2,dom-inspection,Moto E7 (XT2095),https://parts4cells.com/motorola/e-series/moto-e7-xt2095.html,6,1,6,3,dom-inspection,ul#mobile-menu-cat-85-1 > li.level2 > a.sub-category-link,https://parts4cells.com/motorola/e-series/moto-e7-xt2095.html,False,False,2026-09-07T04:41:35+00:00,,,,,
Parts4Cells,https://parts4cells.com/,Motorola,,4,click,E Series,https://parts4cells.com/motorola/e-series.html,2,dom-inspection,Moto E6S E6i (XT2053),https://parts4cells.com/motorola/e-series/moto-e6s-lcd-xt2053.html,7,1,7,3,dom-inspection,ul#mobile-menu-cat-85-1 > li.level2 > a.sub-category-link,https://parts4cells.com/motorola/e-series/moto-e6s-lcd-xt2053.html,False,False,2026-09-07T04:41:35+00:00,,,,,
Parts4Cells,https://parts4cells.com/,Motorola,,4,click,E Series,https://parts4cells.com/motorola/e-series.html,2,dom-inspection,Moto E6 Play (XT2029),https://parts4cells.com/motorola/e-series/moto-e6-play-xt2029.html,8,1,8,3,dom-inspection,ul#mobile-menu-cat-85-1 > li.level2 > a.sub-category-link,https://parts4cells.com/motorola/e-series/moto-e6-play-xt2029.html,False,False,2026-09-07T04:41:35+00:00,,,,,
Parts4Cells,https://parts4cells.com/,Motorola,,4,click,E Series,https://parts4cells.com/motorola/e-series.html,2,dom-inspection,"Moto E6 (XT2005,XT2005-3,XT2005-5)",https://parts4cells.com/motorola/e-series/moto-e6-xt2005.html,9,1,9,3,dom-inspection,ul#mobile-menu-cat-85-1 > li.level2 > a.sub-category-link,https://parts4cells.com/motorola/e-series/moto-e6-xt2005.html,False,False,2026-09-07T04:41:35+00:00,,,,,
Parts4Cells,https://parts4cells.com/,Motorola,,4,click,E Series,https://parts4cells.com/motorola/e-series.html,2,dom-inspection,"Moto E5 Plus (XT1924,XT1924-3,XT1924-7)",https://parts4cells.com/motorola/e-series/moto-e5-plus-xt1924.html,10,1,10,3,dom-inspection,ul#mobile-menu-cat-85-1 > li.level2 > a.sub-category-link,https://parts4cells.com/motorola/e-series/moto-e5-plus-xt1924.html,False,False,2026-09-07T04:41:35+00:00,,,,,
Parts4Cells,https://parts4cells.com/,Motorola,,4,click,E Series,https://parts4cells.com/motorola/e-series.html,2,dom-inspection,"Moto E5 Play (XT1920, XT1921, XT1921-1)",https://parts4cells.com/motorola/e-series/moto-e5-play-xt1920.html,11,1,11,3,dom-inspection,ul#mobile-menu-cat-85-1 > li.level2 > a.sub-category-link,https://parts4cells.com/motorola/e-series/moto-e5-play-xt1920.html,False,False,2026-09-07T04:41:35+00:00,,,,,
Parts4Cells,https://parts4cells.com/,Motorola,,4,click,E Series,https://parts4cells.com/motorola/e-series.html,2,dom-inspection,"Moto E5 (XT1944, XT1944-3, XT1944-6)",https://parts4cells.com/motorola/e-series/moto-e5-xt1944.html,12,1,12,3,dom-inspection,ul#mobile-menu-cat-85-1 > li.level2 > a.sub-category-link,https://parts4cells.com/motorola/e-series/moto-e5-xt1944.html,False,False,2026-09-07T04:41:35+00:00,,,,,
Parts4Cells,https://parts4cells.com/,Motorola,,4,click,E Series,https://parts4cells.com/motorola/e-series.html,2,dom-inspection,"Moto E4 Plus (XT1770, XT1771, XT1772, XT1775)",https://parts4cells.com/motorola/e-series/moto-e4-plus-xt1770.html,13,1,13,3,dom-inspection,ul#mobile-menu-cat-85-1 > li.level2 > a.sub-category-link,https://parts4cells.com/motorola/e-series/moto-e4-plus-xt1770.html,False,False,2026-09-07T04:41:35+00:00,,,,,
Parts4Cells,https://parts4cells.com/,Motorola,,4,click,E Series,https://parts4cells.com/motorola/e-series.html,2,dom-inspection,"Moto E4 (XT1765, XT1766, XT1767, XT1768)",https://parts4cells.com/motorola/e-series/moto-e4-xt1765.html,14,1,14,3,dom-inspection,ul#mobile-menu-cat-85-1 > li.level2 > a.sub-category-link,https://parts4cells.com/motorola/e-series/moto-e4-xt1765.html,False,False,2026-09-07T04:41:35+00:00,,,,,
Parts4Cells,https://parts4cells.com/,Motorola,,4,click,E Series,https://parts4cells.com/motorola/e-series.html,2,dom-inspection,"Moto E2 (XT1505,XT1524,XT1527)",https://parts4cells.com/motorola/e-series/moto-e2-xt1505.html,15,1,15,3,dom-inspection,ul#mobile-menu-cat-85-1 > li.level2 > a.sub-category-link,https://parts4cells.com/motorola/e-series/moto-e2-xt1505.html,False,False,2026-09-07T04:41:35+00:00,,,,,
Parts4Cells,https://parts4cells.com/,Motorola,,4,click,E Series,https://parts4cells.com/motorola/e-series.html,2,dom-inspection,"Moto E (XT1021,XT1022,XT1025, XT2052)",https://parts4cells.com/motorola/e-series/moto-e-xt1021.html,16,1,16,3,dom-inspection,ul#mobile-menu-cat-85-1 > li.level2 > a.sub-category-link,https://parts4cells.com/motorola/e-series/moto-e-xt1021.html,False,False,2026-09-07T04:41:35+00:00,,,,,
Parts4Cells,https://parts4cells.com/,Motorola,,4,click,E Series,https://parts4cells.com/motorola/e-series.html,2,dom-inspection,Moto E XT2052,https://parts4cells.com/motorola/e-series/moto-e-xt2052.html,17,1,17,3,dom-inspection,ul#mobile-menu-cat-85-1 > li.level2 > a.sub-category-link,https://parts4cells.com/motorola/e-series/moto-e-xt2052.html,False,False,2026-09-07T04:41:35+00:00,,,,,
Parts4Cells,https://parts4cells.com/,Motorola,,4,click,Moto Edge Series,https://parts4cells.com/motorola/other-moto.html,3,dom-inspection,Moto Edge 70 Fusion (XT2605 / 2026),https://parts4cells.com/motorola/other-moto/edge-70-fusion-xt2605-2026.html,1,1,1,3,dom-inspection,ul#mobile-menu-cat-94-1 > li.level2 > a.sub-category-link,https://parts4cells.com/motorola/other-moto/edge-70-fusion-xt2605-2026.html,False,False,2026-09-07T04:41:35+00:00,,,,,
Parts4Cells,https://parts4cells.com/,Motorola,,4,click,Moto Edge Series,https://parts4cells.com/motorola/other-moto.html,3,dom-inspection,Moto Edge 60 Fusion (XT2503-4 / 2025),https://parts4cells.com/motorola/other-moto/moto-e15-xt2523-6-2025.html,2,1,2,3,dom-inspection,ul#mobile-menu-cat-94-1 > li.level2 > a.sub-category-link,https://parts4cells.com/motorola/other-moto/moto-e15-xt2523-6-2025.html,False,False,2026-09-07T04:41:35+00:00,,,,,
Parts4Cells,https://parts4cells.com/,Motorola,,4,click,Moto Edge Series,https://parts4cells.com/motorola/other-moto.html,3,dom-inspection,Moto Edge 70 (XT2601 / 2025),https://parts4cells.com/motorola/other-moto/moto-edge-70-xt2601-2025.html,3,1,3,3,dom-inspection,ul#mobile-menu-cat-94-1 > li.level2 > a.sub-category-link,https://parts4cells.com/motorola/other-moto/moto-edge-70-xt2601-2025.html,False,False,2026-09-07T04:41:35+00:00,,,,,
Parts4Cells,https://parts4cells.com/,Motorola,,4,click,Moto Edge Series,https://parts4cells.com/motorola/other-moto.html,3,dom-inspection,Moto Edge Plus (XT2061),https://parts4cells.com/motorola/other-moto/moto-edge-plus-xt2061.html,4,1,4,3,dom-inspection,ul#mobile-menu-cat-94-1 > li.level2 > a.sub-category-link,https://parts4cells.com/motorola/other-moto/moto-edge-plus-xt2061.html,False,False,2026-09-07T04:41:35+00:00,,,,,
Parts4Cells,https://parts4cells.com/,Motorola,,4,click,Moto Edge Series,https://parts4cells.com/motorola/other-moto.html,3,dom-inspection,Moto Edge (XT2519 / 2025),https://parts4cells.com/motorola/other-moto/moto-edge-xt2519-2025.html,5,1,5,3,dom-inspection,ul#mobile-menu-cat-94-1 > li.level2 > a.sub-category-link,https://parts4cells.com/motorola/other-moto/moto-edge-xt2519-2025.html,False,False,2026-09-07T04:41:35+00:00,,,,,
Parts4Cells,https://parts4cells.com/,Motorola,,4,click,Moto Edge Series,https://parts4cells.com/motorola/other-moto.html,3,dom-inspection,Moto Edge 60 Stylus (XT2517-4 / 2025),https://parts4cells.com/motorola/other-moto/moto-edge-60-stylus-xt2517-4-2025.html,6,1,6,3,dom-inspection,ul#mobile-menu-cat-94-1 > li.level2 > a.sub-category-link,https://parts4cells.com/motorola/other-moto/moto-edge-60-stylus-xt2517-4-2025.html,False,False,2026-09-07T04:41:35+00:00,,,,,
Parts4Cells,https://parts4cells.com/,Motorola,,4,click,Moto Edge Series,https://parts4cells.com/motorola/other-moto.html,3,dom-inspection,Moto Edge 60 Pro (XT2507 / 2025),https://parts4cells.com/motorola/other-moto/moto-edge-60-pro-xt2507-2025.html,7,1,7,3,dom-inspection,ul#mobile-menu-cat-94-1 > li.level2 > a.sub-category-link,https://parts4cells.com/motorola/other-moto/moto-edge-60-pro-xt2507-2025.html,False,False,2026-09-07T04:41:35+00:00,,,,,
Parts4Cells,https://parts4cells.com/,Motorola,,4,click,Moto Edge Series,https://parts4cells.com/motorola/other-moto.html,3,dom-inspection,Moto Edge 60 (XT2505 / 2025),https://parts4cells.com/motorola/other-moto/moto-edge-60-xt2505-2025.html,8,1,8,3,dom-inspection,ul#mobile-menu-cat-94-1 > li.level2 > a.sub-category-link,https://parts4cells.com/motorola/other-moto/moto-edge-60-xt2505-2025.html,False,False,2026-09-07T04:41:35+00:00,,,,,
Parts4Cells,https://parts4cells.com/,Motorola,,4,click,Moto Edge Series,https://parts4cells.com/motorola/other-moto.html,3,dom-inspection,Moto Edge 60 Fusion (XT2053-4 / 2025),https://parts4cells.com/motorola/other-moto/moto-edge-60-fusion-xt2053-4-2025.html,9,1,9,3,dom-inspection,ul#mobile-menu-cat-94-1 > li.level2 > a.sub-category-link,https://parts4cells.com/motorola/other-moto/moto-edge-60-fusion-xt2053-4-2025.html,False,False,2026-09-07T04:41:35+00:00,,,,,
Parts4Cells,https://parts4cells.com/,Motorola,,4,click,Moto Edge Series,https://parts4cells.com/motorola/other-moto.html,3,dom-inspection,Moto Edge (XT2405/2024),https://parts4cells.com/motorola/other-moto/moto-edge-xt2405-2024.html,10,1,10,3,dom-inspection,ul#mobile-menu-cat-94-1 > li.level2 > a.sub-category-link,https://parts4cells.com/motorola/other-moto/moto-edge-xt2405-2024.html,False,False,2026-09-07T04:41:35+00:00,,,,,
Parts4Cells,https://parts4cells.com/,Motorola,,4,click,Moto Edge Series,https://parts4cells.com/motorola/other-moto.html,3,dom-inspection,Moto Edge 50 Ultra (XT2401-2/2024),https://parts4cells.com/motorola/other-moto/moto-edge-50-ultra-xt2401-2-2024.html,11,1,11,3,dom-inspection,ul#mobile-menu-cat-94-1 > li.level2 > a.sub-category-link,https://parts4cells.com/motorola/other-moto/moto-edge-50-ultra-xt2401-2-2024.html,False,False,2026-09-07T04:41:35+00:00,,,,,
Parts4Cells,https://parts4cells.com/,Motorola,,4,click,Moto Edge Series,https://parts4cells.com/motorola/other-moto.html,3,dom-inspection,Moto Edge 40 Neo (XT2307-1/2023),https://parts4cells.com/motorola/other-moto/moto-edge-40-neo-xt2307-1-2023.html,12,1,12,3,dom-inspection,ul#mobile-menu-cat-94-1 > li.level2 > a.sub-category-link,https://parts4cells.com/motorola/other-moto/moto-edge-40-neo-xt2307-1-2023.html,False,False,2026-09-07T04:41:35+00:00,,,,,
Parts4Cells,https://parts4cells.com/,Motorola,,4,click,Moto Edge Series,https://parts4cells.com/motorola/other-moto.html,3,dom-inspection,Moto Edge (XT2305/2023),https://parts4cells.com/motorola/other-moto/moto-edge-xt2305-2023.html,13,1,13,3,dom-inspection,ul#mobile-menu-cat-94-1 > li.level2 > a.sub-category-link,https://parts4cells.com/motorola/other-moto/moto-edge-xt2305-2023.html,False,False,2026-09-07T04:41:35+00:00,,,,,
Parts4Cells,https://parts4cells.com/,Motorola,,4,click,Moto Edge Series,https://parts4cells.com/motorola/other-moto.html,3,dom-inspection,Moto Edge 40 (XT2303-3/2023),https://parts4cells.com/motorola/other-moto/moto-edge-40-xt2303-3-2023.html,14,1,14,3,dom-inspection,ul#mobile-menu-cat-94-1 > li.level2 > a.sub-category-link,https://parts4cells.com/motorola/other-moto/moto-edge-40-xt2303-3-2023.html,False,False,2026-09-07T04:41:35+00:00,,,,,
Parts4Cells,https://parts4cells.com/,Motorola,,4,click,Moto Edge Series,https://parts4cells.com/motorola/other-moto.html,3,dom-inspection,Moto Edge 40 Pro (XT2301-4/2023),https://parts4cells.com/motorola/other-moto/moto-edge-40-pro-xt2301-4-2023.html,15,1,15,3,dom-inspection,ul#mobile-menu-cat-94-1 > li.level2 > a.sub-category-link,https://parts4cells.com/motorola/other-moto/moto-edge-40-pro-xt2301-4-2023.html,False,False,2026-09-07T04:41:35+00:00,,,,,
Parts4Cells,https://parts4cells.com/,Motorola,,4,click,Moto Edge Series,https://parts4cells.com/motorola/other-moto.html,3,dom-inspection,Moto Edge Plus (XT2301-1/2023),https://parts4cells.com/motorola/other-moto/moto-edge-plus-xt2301-1-2023.html,16,1,16,3,dom-inspection,ul#mobile-menu-cat-94-1 > li.level2 > a.sub-category-link,https://parts4cells.com/motorola/other-moto/moto-edge-plus-xt2301-1-2023.html,False,False,2026-09-07T04:41:35+00:00,,,,,
Parts4Cells,https://parts4cells.com/,Motorola,,4,click,Moto Edge Series,https://parts4cells.com/motorola/other-moto.html,3,dom-inspection,Moto Edge X40 (XT2301-5/2023),https://parts4cells.com/motorola/other-moto/moto-edge-40-xt2301-5-2023.html,17,1,17,3,dom-inspection,ul#mobile-menu-cat-94-1 > li.level2 > a.sub-category-link,https://parts4cells.com/motorola/other-moto/moto-edge-40-xt2301-5-2023.html,False,False,2026-09-07T04:41:35+00:00,,,,,
Parts4Cells,https://parts4cells.com/,Motorola,,4,click,Moto Edge Series,https://parts4cells.com/motorola/other-moto.html,3,dom-inspection,Moto Edge X30 Pro XT2241,https://parts4cells.com/motorola/other-moto/moto-edge-x30-pro-xt2241.html,18,1,18,3,dom-inspection,ul#mobile-menu-cat-94-1 > li.level2 > a.sub-category-link,https://parts4cells.com/motorola/other-moto/moto-edge-x30-pro-xt2241.html,False,False,2026-09-07T04:41:35+00:00,,,,,
Parts4Cells,https://parts4cells.com/,Motorola,,4,click,Moto Edge Series,https://parts4cells.com/motorola/other-moto.html,3,dom-inspection,Moto Edge X30 (XT2201),https://parts4cells.com/motorola/other-moto/moto-edge-x30-xt2201.html,19,1,19,3,dom-inspection,ul#mobile-menu-cat-94-1 > li.level2 > a.sub-category-link,https://parts4cells.com/motorola/other-moto/moto-edge-x30-xt2201.html,False,False,2026-09-07T04:41:35+00:00,,,,,
Parts4Cells,https://parts4cells.com/,Motorola,,4,click,Moto Edge Series,https://parts4cells.com/motorola/other-moto.html,3,dom-inspection,Moto Edge (XT2205 / 2022),https://parts4cells.com/motorola/other-moto/moto-edge-xt2205-2022.html,20,1,20,3,dom-inspection,ul#mobile-menu-cat-94-1 > li.level2 > a.sub-category-link,https://parts4cells.com/motorola/other-moto/moto-edge-xt2205-2022.html,False,False,2026-09-07T04:41:35+00:00,,,,,
Parts4Cells,https://parts4cells.com/,Motorola,,4,click,Moto Edge Series,https://parts4cells.com/motorola/other-moto.html,3,dom-inspection,Moto Edge 30/G71S/G52 5G XT2225,https://parts4cells.com/motorola/other-moto/moto-edge-30-g71s-g52-5g-xt2225.html,21,1,21,3,dom-inspection,ul#mobile-menu-cat-94-1 > li.level2 > a.sub-category-link,https://parts4cells.com/motorola/other-moto/moto-edge-30-g71s-g52-5g-xt2225.html,False,False,2026-09-07T04:41:35+00:00,,,,,
Parts4Cells,https://parts4cells.com/,Motorola,,4,click,Moto Edge Series,https://parts4cells.com/motorola/other-moto.html,3,dom-inspection,Moto Edge (XT2141),https://parts4cells.com/motorola/other-moto/moto-edge-xt2141.html,22,1,22,3,dom-inspection,ul#mobile-menu-cat-94-1 > li.level2 > a.sub-category-link,https://parts4cells.com/motorola/other-moto/moto-edge-xt2141.html,False,False,2026-09-07T04:41:35+00:00,,,,,
Parts4Cells,https://parts4cells.com/,Motorola,,4,click,Moto Edge Series,https://parts4cells.com/motorola/other-moto.html,3,dom-inspection,Moto Edge 20 Pro / Edge S Pro (XT2153-1),https://parts4cells.com/motorola/other-moto/moto-edge-20-pro-xt2153-1.html,23,1,23,3,dom-inspection,ul#mobile-menu-cat-94-1 > li.level2 > a.sub-category-link,https://parts4cells.com/motorola/other-moto/moto-edge-20-pro-xt2153-1.html,False,False,2026-09-07T04:41:35+00:00,,,,,
Parts4Cells,https://parts4cells.com/,Motorola,,4,click,Moto Edge Series,https://parts4cells.com/motorola/other-moto.html,3,dom-inspection,Moto Edge 20 Fusion (XT2139-2),https://parts4cells.com/motorola/other-moto/moto-edge-20-fusion-xt2139-2.html,24,1,24,3,dom-inspection,ul#mobile-menu-cat-94-1 > li.level2 > a.sub-category-link,https://parts4cells.com/motorola/other-moto/moto-edge-20-fusion-xt2139-2.html,False,False,2026-09-07T04:41:35+00:00,,,,,
Parts4Cells,https://parts4cells.com/,Motorola,,4,click,Moto Edge Series,https://parts4cells.com/motorola/other-moto.html,3,dom-inspection,Moto Edge 20 (XT2143),https://parts4cells.com/motorola/other-moto/moto-edge-20-xt2143.html,25,1,25,3,dom-inspection,ul#mobile-menu-cat-94-1 > li.level2 > a.sub-category-link,https://parts4cells.com/motorola/other-moto/moto-edge-20-xt2143.html,False,False,2026-09-07T04:41:35+00:00,,,,,
Parts4Cells,https://parts4cells.com/,Motorola,,4,click,Moto Edge Series,https://parts4cells.com/motorola/other-moto.html,3,dom-inspection,Moto Edge 20 Lite (XT2139-1),https://parts4cells.com/motorola/other-moto/moto-edge-20-lite-xt2139-1.html,26,1,26,3,dom-inspection,ul#mobile-menu-cat-94-1 > li.level2 > a.sub-category-link,https://parts4cells.com/motorola/other-moto/moto-edge-20-lite-xt2139-1.html,False,False,2026-09-07T04:41:35+00:00,,,,,
Parts4Cells,https://parts4cells.com/,Motorola,,4,click,Moto Edge Series,https://parts4cells.com/motorola/other-moto.html,3,dom-inspection,Moto Edge 5G (XT2063),https://parts4cells.com/motorola/other-moto/moto-edge-5g-xt2063.html,27,1,27,3,dom-inspection,ul#mobile-menu-cat-94-1 > li.level2 > a.sub-category-link,https://parts4cells.com/motorola/other-moto/moto-edge-5g-xt2063.html,False,False,2026-09-07T04:41:35+00:00,,,,,
Parts4Cells,https://parts4cells.com/,Motorola,,4,click,Razr Series,https://parts4cells.com/motorola/razr-series.html,4,dom-inspection,Razr Plus 2025 (XT2557),https://parts4cells.com/motorola/razr-series/razr-plus-2025-xt2557.html,1,1,1,3,dom-inspection,ul#mobile-menu-cat-3093-1 > li.level2 > a.sub-category-link,https://parts4cells.com/motorola/razr-series/razr-plus-2025-xt2557.html,False,False,2026-09-07T04:41:35+00:00,,,,,
Parts4Cells,https://parts4cells.com/,Motorola,,4,click,Razr Series,https://parts4cells.com/motorola/razr-series.html,4,dom-inspection,Razr 2025 / Razr 60 (XT2553 / 2025),https://parts4cells.com/motorola/razr-series/razr-2025-razr-60-xt2553-2025.html,2,1,2,3,dom-inspection,ul#mobile-menu-cat-3093-1 > li.level2 > a.sub-category-link,https://parts4cells.com/motorola/razr-series/razr-2025-razr-60-xt2553-2025.html,False,False,2026-09-07T04:41:35+00:00,,,,,
Parts4Cells,https://parts4cells.com/,Motorola,,4,click,Razr Series,https://parts4cells.com/motorola/razr-series.html,4,dom-inspection,Razr 60 Ultra (XT2551 / 2025),https://parts4cells.com/motorola/razr-series/razr-60-ultra-xt2551-2025.html,3,1,3,3,dom-inspection,ul#mobile-menu-cat-3093-1 > li.level2 > a.sub-category-link,https://parts4cells.com/motorola/razr-series/razr-60-ultra-xt2551-2025.html,False,False,2026-09-07T04:41:35+00:00,,,,,
Parts4Cells,https://parts4cells.com/,Motorola,,4,click,Razr Series,https://parts4cells.com/motorola/razr-series.html,4,dom-inspection,Razr Ultra 2025 (XT2551 / 2025),https://parts4cells.com/motorola/razr-series/razr-ultra-2025-xt2551-2025.html,4,1,4,3,dom-inspection,ul#mobile-menu-cat-3093-1 > li.level2 > a.sub-category-link,https://parts4cells.com/motorola/razr-series/razr-ultra-2025-xt2551-2025.html,False,False,2026-09-07T04:41:35+00:00,,,,,
Parts4Cells,https://parts4cells.com/,Motorola,,4,click,Razr Series,https://parts4cells.com/motorola/razr-series.html,4,dom-inspection,Razr 2024 / Razr 50 (XT2453 / 2024),https://parts4cells.com/motorola/razr-series/razr-2024-razr-50-xt2453-2024.html,5,1,5,3,dom-inspection,ul#mobile-menu-cat-3093-1 > li.level2 > a.sub-category-link,https://parts4cells.com/motorola/razr-series/razr-2024-razr-50-xt2453-2024.html,False,False,2026-09-07T04:41:35+00:00,,,,,
Parts4Cells,https://parts4cells.com/,Motorola,,4,click,Razr Series,https://parts4cells.com/motorola/razr-series.html,4,dom-inspection,Razr Plus 2024 / Razr 50 Ultra (XT2451 / 2024),https://parts4cells.com/motorola/razr-series/razr-plus-2024-razr-50-ultra-xt2451-2024.html,6,1,6,3,dom-inspection,ul#mobile-menu-cat-3093-1 > li.level2 > a.sub-category-link,https://parts4cells.com/motorola/razr-series/razr-plus-2024-razr-50-ultra-xt2451-2024.html,False,False,2026-09-07T04:41:35+00:00,,,,,
Parts4Cells,https://parts4cells.com/,Motorola,,4,click,Z Series,https://parts4cells.com/motorola/z-series.html,5,dom-inspection,"Moto Z4 (XT1980-3, XT1980-4)",https://parts4cells.com/motorola/z-series/moto-z4-xt1980-3.html,1,1,1,3,dom-inspection,ul#mobile-menu-cat-252-1 > li.level2 > a.sub-category-link,https://parts4cells.com/motorola/z-series/moto-z4-xt1980-3.html,False,False,2026-09-07T04:41:35+00:00,,,,,
Parts4Cells,https://parts4cells.com/,Motorola,,4,click,Z Series,https://parts4cells.com/motorola/z-series.html,5,dom-inspection,"Moto Z3 Play (XT1929,XT1929-17)",https://parts4cells.com/motorola/z-series/moto-z3-play-xt1929.html,2,1,2,3,dom-inspection,ul#mobile-menu-cat-252-1 > li.level2 > a.sub-category-link,https://parts4cells.com/motorola/z-series/moto-z3-play-xt1929.html,False,False,2026-09-07T04:41:35+00:00,,,,,
Parts4Cells,https://parts4cells.com/,Motorola,,4,click,Z Series,https://parts4cells.com/motorola/z-series.html,5,dom-inspection,"Moto Z2 Play (XT1710, XT1710-02)",https://parts4cells.com/motorola/z-series/moto-z2-play-xt1710.html,3,1,3,3,dom-inspection,ul#mobile-menu-cat-252-1 > li.level2 > a.sub-category-link,https://parts4cells.com/motorola/z-series/moto-z2-play-xt1710.html,False,False,2026-09-07T04:41:35+00:00,,,,,
Parts4Cells,https://parts4cells.com/,Motorola,,4,click,Z Series,https://parts4cells.com/motorola/z-series.html,5,dom-inspection,"Moto Z2 Force (XT1789, XT1789-01)",https://parts4cells.com/motorola/z-series/moto-z2-force-xt1789.html,4,1,4,3,dom-inspection,ul#mobile-menu-cat-252-1 > li.level2 > a.sub-category-link,https://parts4cells.com/motorola/z-series/moto-z2-force-xt1789.html,False,False,2026-09-07T04:41:35+00:00,,,,,
Parts4Cells,https://parts4cells.com/,Motorola,,4,click,Z Series,https://parts4cells.com/motorola/z-series.html,5,dom-inspection,"Moto Z Play Droid (XT1635, XT1635-01, XT1635-02)",https://parts4cells.com/motorola/z-series/moto-z-play-droid-xt1635.html,5,1,5,3,dom-inspection,ul#mobile-menu-cat-252-1 > li.level2 > a.sub-category-link,https://parts4cells.com/motorola/z-series/moto-z-play-droid-xt1635.html,False,False,2026-09-07T04:41:35+00:00,,,,,
Parts4Cells,https://parts4cells.com/,Motorola,,4,click,Z Series,https://parts4cells.com/motorola/z-series.html,5,dom-inspection,"Moto Z Force Droid (XT1650, XT1650-01, XT1650-02, XT1650-03)",https://parts4cells.com/motorola/z-series/moto-z-force-droid-xt1650.html,6,1,6,3,dom-inspection,ul#mobile-menu-cat-252-1 > li.level2 > a.sub-category-link,https://parts4cells.com/motorola/z-series/moto-z-force-droid-xt1650.html,False,False,2026-09-07T04:41:35+00:00,,,,,
Parts4Cells,https://parts4cells.com/,Motorola,,4,click,X Series,https://parts4cells.com/motorola/x-series.html,6,dom-inspection,Moto X4 (XT1900),https://parts4cells.com/motorola/x-series/moto-x4-xt1900.html,1,1,1,3,dom-inspection,ul#mobile-menu-cat-255-1 > li.level2 > a.sub-category-link,https://parts4cells.com/motorola/x-series/moto-x4-xt1900.html,False,False,2026-09-07T04:41:35+00:00,,,,,
Parts4Cells,https://parts4cells.com/,Motorola,,4,click,X Series,https://parts4cells.com/motorola/x-series.html,6,dom-inspection,"Moto X2 (XT1092, XT1095, XT1096, XT1097)",https://parts4cells.com/motorola/x-series/moto-x2-xt1092.html,2,1,2,3,dom-inspection,ul#mobile-menu-cat-255-1 > li.level2 > a.sub-category-link,https://parts4cells.com/motorola/x-series/moto-x2-xt1092.html,False,False,2026-09-07T04:41:35+00:00,,,,,
Parts4Cells,https://parts4cells.com/,Motorola,,4,click,X Series,https://parts4cells.com/motorola/x-series.html,6,dom-inspection,Moto X Force (XT1580),https://parts4cells.com/motorola/x-series/moto-x-force-xt1580.html,3,1,3,3,dom-inspection,ul#mobile-menu-cat-255-1 > li.level2 > a.sub-category-link,https://parts4cells.com/motorola/x-series/moto-x-force-xt1580.html,False,False,2026-09-07T04:41:35+00:00,,,,,
Parts4Cells,https://parts4cells.com/,Motorola,,4,click,X Series,https://parts4cells.com/motorola/x-series.html,6,dom-inspection,"Moto X Style / Pure (XT1570, XT1572, XT1575)",https://parts4cells.com/motorola/x-series/moto-x-style-pure-xt1570.html,4,1,4,3,dom-inspection,ul#mobile-menu-cat-255-1 > li.level2 > a.sub-category-link,https://parts4cells.com/motorola/x-series/moto-x-style-pure-xt1570.html,False,False,2026-09-07T04:41:35+00:00,,,,,
Parts4Cells,https://parts4cells.com/,Motorola,,4,click,X Series,https://parts4cells.com/motorola/x-series.html,6,dom-inspection,"Moto X Play (XT1561, XT1562, XT1563)",https://parts4cells.com/motorola/x-series/moto-x-play-xt1561.html,5,1,5,3,dom-inspection,ul#mobile-menu-cat-255-1 > li.level2 > a.sub-category-link,https://parts4cells.com/motorola/x-series/moto-x-play-xt1561.html,False,False,2026-09-07T04:41:35+00:00,,,,,
Parts4Cells,https://parts4cells.com/,Motorola,,4,click,X Series,https://parts4cells.com/motorola/x-series.html,6,dom-inspection,"Moto X (XT1053, XT1056, XT1058, XT1060)",https://parts4cells.com/motorola/x-series/moto-x-xt1053.html,6,1,6,3,dom-inspection,ul#mobile-menu-cat-255-1 > li.level2 > a.sub-category-link,https://parts4cells.com/motorola/x-series/moto-x-xt1053.html,False,False,2026-09-07T04:41:35+00:00,,,,,
Parts4Cells,https://parts4cells.com/,Motorola,,4,click,One Series,https://parts4cells.com/motorola/one-series.html,7,dom-inspection,Moto One 5G Ace (XT2113),https://parts4cells.com/motorola/one-series/moto-one-5g-ace-xt2113.html,1,1,1,3,dom-inspection,ul#mobile-menu-cat-291-1 > li.level2 > a.sub-category-link,https://parts4cells.com/motorola/one-series/moto-one-5g-ace-xt2113.html,False,False,2026-09-07T04:41:35+00:00,,,,,
Parts4Cells,https://parts4cells.com/,Motorola,,4,click,One Series,https://parts4cells.com/motorola/one-series.html,7,dom-inspection,Moto One 5G (XT2075),https://parts4cells.com/motorola/one-series/moto-one-5g-xt2075.html,2,1,2,3,dom-inspection,ul#mobile-menu-cat-291-1 > li.level2 > a.sub-category-link,https://parts4cells.com/motorola/one-series/moto-one-5g-xt2075.html,False,False,2026-09-07T04:41:35+00:00,,,,,
Parts4Cells,https://parts4cells.com/,Motorola,,4,click,One Series,https://parts4cells.com/motorola/one-series.html,7,dom-inspection,Moto One Fusion (XT2073),https://parts4cells.com/motorola/one-series/moto-one-fusion-xt2073.html,3,1,3,3,dom-inspection,ul#mobile-menu-cat-291-1 > li.level2 > a.sub-category-link,https://parts4cells.com/motorola/one-series/moto-one-fusion-xt2073.html,False,False,2026-09-07T04:41:35+00:00,,,,,
Parts4Cells,https://parts4cells.com/,Motorola,,4,click,One Series,https://parts4cells.com/motorola/one-series.html,7,dom-inspection,Moto One Fusion Plus (XT2067),https://parts4cells.com/motorola/one-series/moto-one-fusion-plus-xt2067.html,4,1,4,3,dom-inspection,ul#mobile-menu-cat-291-1 > li.level2 > a.sub-category-link,https://parts4cells.com/motorola/one-series/moto-one-fusion-plus-xt2067.html,False,False,2026-09-07T04:41:35+00:00,,,,,
Parts4Cells,https://parts4cells.com/,Motorola,,4,click,One Series,https://parts4cells.com/motorola/one-series.html,7,dom-inspection,Moto One Hyper (XT2027),https://parts4cells.com/motorola/one-series/moto-one-hyper-xt2027.html,5,1,5,3,dom-inspection,ul#mobile-menu-cat-291-1 > li.level2 > a.sub-category-link,https://parts4cells.com/motorola/one-series/moto-one-hyper-xt2027.html,False,False,2026-09-07T04:41:35+00:00,,,,,
Parts4Cells,https://parts4cells.com/,Motorola,,4,click,One Series,https://parts4cells.com/motorola/one-series.html,7,dom-inspection,Moto One Action (XT2013),https://parts4cells.com/motorola/one-series/moto-one-action-xt2013.html,6,1,6,3,dom-inspection,ul#mobile-menu-cat-291-1 > li.level2 > a.sub-category-link,https://parts4cells.com/motorola/one-series/moto-one-action-xt2013.html,False,False,2026-09-07T04:41:35+00:00,,,,,
Parts4Cells,https://parts4cells.com/,Motorola,,4,click,One Series,https://parts4cells.com/motorola/one-series.html,7,dom-inspection,Moto One Zoom (XT2010),https://parts4cells.com/motorola/one-series/moto-one-zoom-xt2010.html,7,1,7,3,dom-inspection,ul#mobile-menu-cat-291-1 > li.level2 > a.sub-category-link,https://parts4cells.com/motorola/one-series/moto-one-zoom-xt2010.html,False,False,2026-09-07T04:41:35+00:00,,,,,
Parts4Cells,https://parts4cells.com/,Motorola,,4,click,One Series,https://parts4cells.com/motorola/one-series.html,7,dom-inspection,Moto One Vision (XT1970),https://parts4cells.com/motorola/one-series/moto-one-vision-xt1970.html,8,1,8,3,dom-inspection,ul#mobile-menu-cat-291-1 > li.level2 > a.sub-category-link,https://parts4cells.com/motorola/one-series/moto-one-vision-xt1970.html,False,False,2026-09-07T04:41:35+00:00,,,,,
Parts4Cells,https://parts4cells.com/,Motorola,,4,click,One Series,https://parts4cells.com/motorola/one-series.html,7,dom-inspection,Moto One (P30 Play) (XT1941),https://parts4cells.com/motorola/one-series/moto-one-p30-play-xt1941.html,9,1,9,3,dom-inspection,ul#mobile-menu-cat-291-1 > li.level2 > a.sub-category-link,https://parts4cells.com/motorola/one-series/moto-one-p30-play-xt1941.html,False,False,2026-09-07T04:41:35+00:00,,,,,
Parts4Cells,https://parts4cells.com/,Motorola,,4,click,One Series,https://parts4cells.com/motorola/one-series.html,7,dom-inspection,Moto Droid Series,https://parts4cells.com/motorola/motorola-droid-series.html,10,1,10,3,dom-inspection,div#ms-container-1354-other-sub-category > span.category-heading-title > a,https://parts4cells.com/motorola/motorola-droid-series.html,False,False,2026-09-07T04:41:35+00:00,,,,,
Parts4Cells,https://parts4cells.com/,Motorola,,4,click,One Series,https://parts4cells.com/motorola/one-series.html,7,dom-inspection,"Moto Droid Turbo 2 (XT1580, XT1581, XT1585)",https://parts4cells.com/motorola/motorola-droid-series/moto-droid-turbo-2-xt1580-xt1581-xt1585.html,11,1,11,3,dom-inspection,ul#mobile-menu-cat-1354-1 > li.level2 > a.sub-category-link,https://parts4cells.com/motorola/motorola-droid-series/moto-droid-turbo-2-xt1580-xt1581-xt1585.html,False,False,2026-09-07T04:41:35+00:00,,,,,
Parts4Cells,https://parts4cells.com/,Motorola,,4,click,One Series,https://parts4cells.com/motorola/one-series.html,7,dom-inspection,Moto Droid Turbo (XT1254),https://parts4cells.com/motorola/motorola-droid-series/moto-droid-turbo-xt1254.html,12,1,12,3,dom-inspection,ul#mobile-menu-cat-1354-1 > li.level2 > a.sub-category-link,https://parts4cells.com/motorola/motorola-droid-series/moto-droid-turbo-xt1254.html,False,False,2026-09-07T04:41:35+00:00,,,,,
Parts4Cells,https://parts4cells.com/,Motorola,,4,click,One Series,https://parts4cells.com/motorola/one-series.html,7,dom-inspection,Moto Droid Maxx 2 (XT1565),https://parts4cells.com/motorola/motorola-droid-series/moto-droid-maxx-2-xt1565.html,13,1,13,3,dom-inspection,ul#mobile-menu-cat-1354-1 > li.level2 > a.sub-category-link,https://parts4cells.com/motorola/motorola-droid-series/moto-droid-maxx-2-xt1565.html,False,False,2026-09-07T04:41:35+00:00,,,,,
Parts4Cells,https://parts4cells.com/,Motorola,,4,click,One Series,https://parts4cells.com/motorola/one-series.html,7,dom-inspection,Moto Droid Ultra Max (XT1080),https://parts4cells.com/motorola/motorola-droid-series/moto-droid-ultra-max-xt1080.html,14,1,14,3,dom-inspection,ul#mobile-menu-cat-1354-1 > li.level2 > a.sub-category-link,https://parts4cells.com/motorola/motorola-droid-series/moto-droid-ultra-max-xt1080.html,False,False,2026-09-07T04:41:35+00:00,,,,,
Parts4Cells,https://parts4cells.com/,Motorola,,4,click,One Series,https://parts4cells.com/motorola/one-series.html,7,dom-inspection,Moto Droid Mini (XT1030),https://parts4cells.com/motorola/motorola-droid-series/moto-droid-mini-xt1030.html,15,1,15,3,dom-inspection,ul#mobile-menu-cat-1354-1 > li.level2 > a.sub-category-link,https://parts4cells.com/motorola/motorola-droid-series/moto-droid-mini-xt1030.html,False,False,2026-09-07T04:41:35+00:00,,,,,
Parts4Cells,https://parts4cells.com/,Motorola,,4,click,One Series,https://parts4cells.com/motorola/one-series.html,7,dom-inspection,"Moto Droid Razr Maxx (XT912, XT925)",https://parts4cells.com/motorola/motorola-droid-series/moto-droid-razr-maxx-xt912-xt925.html,16,1,16,3,dom-inspection,ul#mobile-menu-cat-1354-1 > li.level2 > a.sub-category-link,https://parts4cells.com/motorola/motorola-droid-series/moto-droid-razr-maxx-xt912-xt925.html,False,False,2026-09-07T04:41:35+00:00,,,,,
Parts4Cells,https://parts4cells.com/,Motorola,,4,click,One Series,https://parts4cells.com/motorola/one-series.html,7,dom-inspection,Moto Droid Razr M (XT907),https://parts4cells.com/motorola/motorola-droid-series/moto-droid-razr-m-xt907.html,17,1,17,3,dom-inspection,ul#mobile-menu-cat-1354-1 > li.level2 > a.sub-category-link,https://parts4cells.com/motorola/motorola-droid-series/moto-droid-razr-m-xt907.html,False,False,2026-09-07T04:41:35+00:00,,,,,
Parts4Cells,https://parts4cells.com/,Motorola,,4,click,One Series,https://parts4cells.com/motorola/one-series.html,7,dom-inspection,Moto Droid Ultra,https://parts4cells.com/motorola/motorola-droid-series/moto-droid-ultra.html,18,1,18,3,dom-inspection,ul#mobile-menu-cat-1354-1 > li.level2 > a.sub-category-link,https://parts4cells.com/motorola/motorola-droid-series/moto-droid-ultra.html,False,False,2026-09-07T04:41:35+00:00,,,,,
Parts4Cells,https://parts4cells.com/,Other,,5,click,CUBOT Kingkong Star 5G,,1,dom-inspection,CUBOT Kingkong Star 5G,https://parts4cells.com/other/cubot-kingkong-star-5g/cubot-kingkong-star-5g.html,1,2,1,3,dom-inspection,ul#mobile-menu-cat-2824 > li.level2 > a.sub-category-link,https://parts4cells.com/other/cubot-kingkong-star-5g/cubot-kingkong-star-5g.html,False,False,2026-09-07T04:41:35+00:00,,,,,
Parts4Cells,https://parts4cells.com/,Other,,5,click,Revvl,,2,dom-inspection,7 Series,https://parts4cells.com/other/revvl/7-series.html,1,1,1,3,dom-inspection,ul#mobile-menu-cat-1938 > li.level2.other-section.samsung-sub-category-container > a.sub-category-link.samsung-sub-category-toggle,https://parts4cells.com/other/revvl/7-series.html,False,False,2026-09-07T04:41:35+00:00,,,,,
Parts4Cells,https://parts4cells.com/,Other,,5,click,Revvl,,2,dom-inspection,Revvl 7,https://parts4cells.com/other/revvl/7-series/revvl-7.html,2,1,2,3,dom-inspection,ul#mobile-menu-cat-1938 > li.level2.other-section.samsung-sub-category-container > div.samsung-sub-menu-acc > ul.sub-menu-category > li > a.sub-category-link,https://parts4cells.com/other/revvl/7-series/revvl-7.html,False,False,2026-09-07T04:41:35+00:00,,,,,
Parts4Cells,https://parts4cells.com/,Other,,5,click,Revvl,,2,dom-inspection,Revvl 7 Pro,https://parts4cells.com/other/revvl/7-series/revvl-7-pro.html,3,1,3,3,dom-inspection,ul#mobile-menu-cat-1938 > li.level2.other-section.samsung-sub-category-container > div.samsung-sub-menu-acc > ul.sub-menu-category > li > a.sub-category-link,https://parts4cells.com/other/revvl/7-series/revvl-7-pro.html,False,False,2026-09-07T04:41:35+00:00,,,,,
Parts4Cells,https://parts4cells.com/,Other,,5,click,Revvl,,2,dom-inspection,6 Series,https://parts4cells.com/other/revvl/revvl-6-series.html,4,1,4,3,dom-inspection,ul#mobile-menu-cat-1938 > li.level2.other-section.samsung-sub-category-container > a.sub-category-link.samsung-sub-category-toggle,https://parts4cells.com/other/revvl/revvl-6-series.html,False,False,2026-09-07T04:41:35+00:00,,,,,
Parts4Cells,https://parts4cells.com/,Other,,5,click,Revvl,,2,dom-inspection,Revvl 6X Pro,https://parts4cells.com/other/revvl/revvl-6-series/revvl-6x-pro.html,5,1,5,3,dom-inspection,ul#mobile-menu-cat-1938 > li.level2.other-section.samsung-sub-category-container > div.samsung-sub-menu-acc > ul.sub-menu-category > li > a.sub-category-link,https://parts4cells.com/other/revvl/revvl-6-series/revvl-6x-pro.html,False,False,2026-09-07T04:41:35+00:00,,,,,
Parts4Cells,https://parts4cells.com/,Other,,5,click,Revvl,,2,dom-inspection,Revvl 6X,https://parts4cells.com/other/revvl/revvl-6-series/revvl-6x.html,6,1,6,3,dom-inspection,ul#mobile-menu-cat-1938 > li.level2.other-section.samsung-sub-category-container > div.samsung-sub-menu-acc > ul.sub-menu-category > li > a.sub-category-link,https://parts4cells.com/other/revvl/revvl-6-series/revvl-6x.html,False,False,2026-09-07T04:41:35+00:00,,,,,
Parts4Cells,https://parts4cells.com/,Other,,5,click,Revvl,,2,dom-inspection,Revvl 6 Pro,https://parts4cells.com/other/revvl/revvl-6-series/revvl-6-pro.html,7,1,7,3,dom-inspection,ul#mobile-menu-cat-1938 > li.level2.other-section.samsung-sub-category-container > div.samsung-sub-menu-acc > ul.sub-menu-category > li > a.sub-category-link,https://parts4cells.com/other/revvl/revvl-6-series/revvl-6-pro.html,False,False,2026-09-07T04:41:35+00:00,,,,,
Parts4Cells,https://parts4cells.com/,Other,,5,click,Revvl,,2,dom-inspection,Revvl 6 5G,https://parts4cells.com/other/revvl/revvl-6-series/revvl-6-5g.html,8,1,8,3,dom-inspection,ul#mobile-menu-cat-1938 > li.level2.other-section.samsung-sub-category-container > div.samsung-sub-menu-acc > ul.sub-menu-category > li > a.sub-category-link,https://parts4cells.com/other/revvl/revvl-6-series/revvl-6-5g.html,False,False,2026-09-07T04:41:35+00:00,,,,,
Parts4Cells,https://parts4cells.com/,Other,,5,click,Revvl,,2,dom-inspection,V Series,https://parts4cells.com/other/revvl/revvl-v-series.html,9,1,9,3,dom-inspection,ul#mobile-menu-cat-1938 > li.level2.other-section.samsung-sub-category-container > a.sub-category-link.samsung-sub-category-toggle,https://parts4cells.com/other/revvl/revvl-v-series.html,False,False,2026-09-07T04:41:35+00:00,,,,,
Parts4Cells,https://parts4cells.com/,Other,,5,click,Revvl,,2,dom-inspection,Revvl V Plus,https://parts4cells.com/other/revvl/revvl-v-series/alcatel-revvl-v-plus.html,10,1,10,3,dom-inspection,ul#mobile-menu-cat-1938 > li.level2.other-section.samsung-sub-category-container > div.samsung-sub-menu-acc > ul.sub-menu-category > li > a.sub-category-link,https://parts4cells.com/other/revvl/revvl-v-series/alcatel-revvl-v-plus.html,False,False,2026-09-07T04:41:35+00:00,,,,,
Parts4Cells,https://parts4cells.com/,Other,,5,click,Revvl,,2,dom-inspection,Revvl V,https://parts4cells.com/other/revvl/revvl-v-series/alcatel-revvl-v.html,11,1,11,3,dom-inspection,ul#mobile-menu-cat-1938 > li.level2.other-section.samsung-sub-category-container > div.samsung-sub-menu-acc > ul.sub-menu-category > li > a.sub-category-link,https://parts4cells.com/other/revvl/revvl-v-series/alcatel-revvl-v.html,False,False,2026-09-07T04:41:35+00:00,,,,,
Parts4Cells,https://parts4cells.com/,Other,,5,click,Revvl,,2,dom-inspection,4 Series,https://parts4cells.com/other/revvl/revvl-4-series.html,12,1,12,3,dom-inspection,ul#mobile-menu-cat-1938 > li.level2.other-section.samsung-sub-category-container > a.sub-category-link.samsung-sub-category-toggle,https://parts4cells.com/other/revvl/revvl-4-series.html,False,False,2026-09-07T04:41:35+00:00,,,,,
Parts4Cells,https://parts4cells.com/,Other,,5,click,Revvl,,2,dom-inspection,Alcatel Revvl 4 Plus,https://parts4cells.com/other/revvl/revvl-4-series/alcatel-revvl-4-plus.html,13,1,13,3,dom-inspection,ul#mobile-menu-cat-1938 > li.level2.other-section.samsung-sub-category-container > div.samsung-sub-menu-acc > ul.sub-menu-category > li > a.sub-category-link,https://parts4cells.com/other/revvl/revvl-4-series/alcatel-revvl-4-plus.html,False,False,2026-09-07T04:41:35+00:00,,,,,
Parts4Cells,https://parts4cells.com/,Other,,5,click,Revvl,,2,dom-inspection,Alcatel Revvl 4,https://parts4cells.com/other/revvl/revvl-4-series/alcatel-revvl-4.html,14,1,14,3,dom-inspection,ul#mobile-menu-cat-1938 > li.level2.other-section.samsung-sub-category-container > div.samsung-sub-menu-acc > ul.sub-menu-category > li > a.sub-category-link,https://parts4cells.com/other/revvl/revvl-4-series/alcatel-revvl-4.html,False,False,2026-09-07T04:41:35+00:00,,,,,
Parts4Cells,https://parts4cells.com/,Other,,5,click,Revvl,,2,dom-inspection,2 Series,https://parts4cells.com/other/revvl/revvl-2-series.html,15,1,15,3,dom-inspection,ul#mobile-menu-cat-1938 > li.level2.other-section.samsung-sub-category-container > a.sub-category-link.samsung-sub-category-toggle,https://parts4cells.com/other/revvl/revvl-2-series.html,False,False,2026-09-07T04:41:35+00:00,,,,,
Parts4Cells,https://parts4cells.com/,Other,,5,click,Revvl,,2,dom-inspection,Alcatel Revvl 2 Plus,https://parts4cells.com/other/revvl/revvl-2-series/alcatel-revvl-2-plus.html,16,1,16,3,dom-inspection,ul#mobile-menu-cat-1938 > li.level2.other-section.samsung-sub-category-container > div.samsung-sub-menu-acc > ul.sub-menu-category > li > a.sub-category-link,https://parts4cells.com/other/revvl/revvl-2-series/alcatel-revvl-2-plus.html,False,False,2026-09-07T04:41:35+00:00,,,,,
Parts4Cells,https://parts4cells.com/,Other,,5,click,Revvl,,2,dom-inspection,Alcatel Revvl 2,https://parts4cells.com/other/revvl/revvl-2-series/alcatel-revvl-2.html,17,1,17,3,dom-inspection,ul#mobile-menu-cat-1938 > li.level2.other-section.samsung-sub-category-container > div.samsung-sub-menu-acc > ul.sub-menu-category > li > a.sub-category-link,https://parts4cells.com/other/revvl/revvl-2-series/alcatel-revvl-2.html,False,False,2026-09-07T04:41:35+00:00,,,,,
Parts4Cells,https://parts4cells.com/,Other,,5,click,Revvl,,2,dom-inspection,Revvl Series,https://parts4cells.com/other/revvl/revvl-series.html,18,1,18,3,dom-inspection,ul#mobile-menu-cat-1938 > li.level2.other-section.samsung-sub-category-container > a.sub-category-link.samsung-sub-category-toggle,https://parts4cells.com/other/revvl/revvl-series.html,False,False,2026-09-07T04:41:35+00:00,,,,,
Parts4Cells,https://parts4cells.com/,Other,,5,click,Revvl,,2,dom-inspection,Alcatel Revvl,https://parts4cells.com/other/revvl/revvl-series/alcatel-revvl.html,19,1,19,3,dom-inspection,ul#mobile-menu-cat-1938 > li.level2.other-section.samsung-sub-category-container > div.samsung-sub-menu-acc > ul.sub-menu-category > li > a.sub-category-link,https://parts4cells.com/other/revvl/revvl-series/alcatel-revvl.html,False,False,2026-09-07T04:41:35+00:00,,,,,
Parts4Cells,https://parts4cells.com/,Other,,5,click,Revvl,,2,dom-inspection,Alcatel Revvl Plus,https://parts4cells.com/other/revvl/revvl-series/alcatel-revvl-plus.html,20,1,20,3,dom-inspection,ul#mobile-menu-cat-1938 > li.level2.other-section.samsung-sub-category-container > div.samsung-sub-menu-acc > ul.sub-menu-category > li > a.sub-category-link,https://parts4cells.com/other/revvl/revvl-series/alcatel-revvl-plus.html,False,False,2026-09-07T04:41:35+00:00,,,,,
Parts4Cells,https://parts4cells.com/,Other,,5,click,Revvl,,2,dom-inspection,Alcatel Revvlry,https://parts4cells.com/other/revvl/revvl-series/alcatel-revvlry.html,21,1,21,3,dom-inspection,ul#mobile-menu-cat-1938 > li.level2.other-section.samsung-sub-category-container > div.samsung-sub-menu-acc > ul.sub-menu-category > li > a.sub-category-link,https://parts4cells.com/other/revvl/revvl-series/alcatel-revvlry.html,False,False,2026-09-07T04:41:35+00:00,,,,,
Parts4Cells,https://parts4cells.com/,Other,,5,click,Revvl,,2,dom-inspection,Revvlry Plus,https://parts4cells.com/other/revvl/revvl-series/revvlry-plus.html,22,1,22,3,dom-inspection,ul#mobile-menu-cat-1938 > li.level2.other-section.samsung-sub-category-container > div.samsung-sub-menu-acc > ul.sub-menu-category > li > a.sub-category-link,https://parts4cells.com/other/revvl/revvl-series/revvlry-plus.html,False,False,2026-09-07T04:41:35+00:00,,,,,
Parts4Cells,https://parts4cells.com/,Other,,5,click,Revvl,,2,dom-inspection,Revvl Tab,https://parts4cells.com/other/revvl/revvl-tab.html,23,1,23,3,dom-inspection,ul#mobile-menu-cat-1938 > li.level2.other-section.samsung-sub-category-container > a.sub-category-link.samsung-sub-category-toggle,https://parts4cells.com/other/revvl/revvl-tab.html,False,False,2026-09-07T04:41:35+00:00,,,,,
Parts4Cells,https://parts4cells.com/,Other,,5,click,Revvl,,2,dom-inspection,Revvl TAB 5G 10.36,https://parts4cells.com/other/revvl/revvl-tab/revvl-tab-5g-10-36.html,24,1,24,3,dom-inspection,ul#mobile-menu-cat-1938 > li.level2.other-section.samsung-sub-category-container > div.samsung-sub-menu-acc > ul.sub-menu-category > li > a.sub-category-link,https://parts4cells.com/other/revvl/revvl-tab/revvl-tab-5g-10-36.html,False,False,2026-09-07T04:41:35+00:00,,,,,
Parts4Cells,https://parts4cells.com/,Other,,5,click,Alcatel,,3,dom-inspection,Idol Series,https://parts4cells.com/other/alcatel/idol-series.html,1,1,1,3,dom-inspection,ul#mobile-menu-cat-138 > li.level2.other-section.samsung-sub-category-container > a.sub-category-link.samsung-sub-category-toggle,https://parts4cells.com/other/alcatel/idol-series.html,False,False,2026-09-07T04:41:35+00:00,,,,,
Parts4Cells,https://parts4cells.com/,Other,,5,click,Alcatel,,3,dom-inspection,Alcatel Idol 5s,https://parts4cells.com/other/alcatel/idol-series/alcatel-idol-5s.html,2,1,2,3,dom-inspection,ul#mobile-menu-cat-138 > li.level2.other-section.samsung-sub-category-container > div.samsung-sub-menu-acc > ul.sub-menu-category > li > a.sub-category-link,https://parts4cells.com/other/alcatel/idol-series/alcatel-idol-5s.html,False,False,2026-09-07T04:41:35+00:00,,,,,
Parts4Cells,https://parts4cells.com/,Other,,5,click,Alcatel,,3,dom-inspection,Alcatel Idol 5,https://parts4cells.com/other/alcatel/idol-series/alcatel-idol-5.html,3,1,3,3,dom-inspection,ul#mobile-menu-cat-138 > li.level2.other-section.samsung-sub-category-container > div.samsung-sub-menu-acc > ul.sub-menu-category > li > a.sub-category-link,https://parts4cells.com/other/alcatel/idol-series/alcatel-idol-5.html,False,False,2026-09-07T04:41:35+00:00,,,,,
Parts4Cells,https://parts4cells.com/,Other,,5,click,Alcatel,,3,dom-inspection,Alcatel Idol 4s,https://parts4cells.com/other/alcatel/idol-series/alcatel-idol-4s.html,4,1,4,3,dom-inspection,ul#mobile-menu-cat-138 > li.level2.other-section.samsung-sub-category-container > div.samsung-sub-menu-acc > ul.sub-menu-category > li > a.sub-category-link,https://parts4cells.com/other/alcatel/idol-series/alcatel-idol-4s.html,False,False,2026-09-07T04:41:35+00:00,,,,,
Parts4Cells,https://parts4cells.com/,Other,,5,click,Alcatel,,3,dom-inspection,Alcatel Idol 4,https://parts4cells.com/other/alcatel/idol-series/alcatel-idol-4.html,5,1,5,3,dom-inspection,ul#mobile-menu-cat-138 > li.level2.other-section.samsung-sub-category-container > div.samsung-sub-menu-acc > ul.sub-menu-category > li > a.sub-category-link,https://parts4cells.com/other/alcatel/idol-series/alcatel-idol-4.html,False,False,2026-09-07T04:41:35+00:00,,,,,
Parts4Cells,https://parts4cells.com/,Other,,5,click,Alcatel,,3,dom-inspection,Alcatel Idol 3,https://parts4cells.com/other/alcatel/idol-series/alcatel-idol-3.html,6,1,6,3,dom-inspection,ul#mobile-menu-cat-138 > li.level2.other-section.samsung-sub-category-container > div.samsung-sub-menu-acc > ul.sub-menu-category > li > a.sub-category-link,https://parts4cells.com/other/alcatel/idol-series/alcatel-idol-3.html,False,False,2026-09-07T04:41:35+00:00,,,,,
Parts4Cells,https://parts4cells.com/,Other,,5,click,Alcatel,,3,dom-inspection,Pop Series,https://parts4cells.com/other/alcatel/pop-series.html,7,1,7,3,dom-inspection,ul#mobile-menu-cat-138 > li.level2.other-section.samsung-sub-category-container > a.sub-category-link.samsung-sub-category-toggle,https://parts4cells.com/other/alcatel/pop-series.html,False,False,2026-09-07T04:41:35+00:00,,,,,
Parts4Cells,https://parts4cells.com/,Other,,5,click,Alcatel,,3,dom-inspection,Alcatel Pop 4,https://parts4cells.com/other/alcatel/pop-series/alcatel-pop-4.html,8,1,8,3,dom-inspection,ul#mobile-menu-cat-138 > li.level2.other-section.samsung-sub-category-container > div.samsung-sub-menu-acc > ul.sub-menu-category > li > a.sub-category-link,https://parts4cells.com/other/alcatel/pop-series/alcatel-pop-4.html,False,False,2026-09-07T04:41:35+00:00,,,,,
Parts4Cells,https://parts4cells.com/,Other,,5,click,Alcatel,,3,dom-inspection,Alcatel Pop 7,https://parts4cells.com/other/alcatel/pop-series/alcatel-pop-7.html,9,1,9,3,dom-inspection,ul#mobile-menu-cat-138 > li.level2.other-section.samsung-sub-category-container > div.samsung-sub-menu-acc > ul.sub-menu-category > li > a.sub-category-link,https://parts4cells.com/other/alcatel/pop-series/alcatel-pop-7.html,False,False,2026-09-07T04:41:35+00:00,,,,,
Parts4Cells,https://parts4cells.com/,Other,,5,click,Alcatel,,3,dom-inspection,Alcatel Pop Icon C7,https://parts4cells.com/other/alcatel/pop-series/alcatel-pop-icon-c7.html,10,1,10,3,dom-inspection,ul#mobile-menu-cat-138 > li.level2.other-section.samsung-sub-category-container > div.samsung-sub-menu-acc > ul.sub-menu-category > li > a.sub-category-link,https://parts4cells.com/other/alcatel/pop-series/alcatel-pop-icon-c7.html,False,False,2026-09-07T04:41:35+00:00,,,,,
Parts4Cells,https://parts4cells.com/,Other,,5,click,Alcatel,,3,dom-inspection,A Series,https://parts4cells.com/other/alcatel/a-series.html,11,1,11,3,dom-inspection,ul#mobile-menu-cat-138 > li.level2.other-section.samsung-sub-category-container > a.sub-category-link.samsung-sub-category-toggle,https://parts4cells.com/other/alcatel/a-series.html,False,False,2026-09-07T04:41:35+00:00,,,,,
Parts4Cells,https://parts4cells.com/,Other,,5,click,Alcatel,,3,dom-inspection,Alcatel A30,https://parts4cells.com/other/alcatel/a-series/alcatel-a30.html,12,1,12,3,dom-inspection,ul#mobile-menu-cat-138 > li.level2.other-section.samsung-sub-category-container > div.samsung-sub-menu-acc > ul.sub-menu-category > li > a.sub-category-link,https://parts4cells.com/other/alcatel/a-series/alcatel-a30.html,False,False,2026-09-07T04:41:35+00:00,,,,,
Parts4Cells,https://parts4cells.com/,Other,,5,click,Alcatel,,3,dom-inspection,Alcatel A5,https://parts4cells.com/other/alcatel/a-series/alcatel-a5.html,13,1,13,3,dom-inspection,ul#mobile-menu-cat-138 > li.level2.other-section.samsung-sub-category-container > div.samsung-sub-menu-acc > ul.sub-menu-category > li > a.sub-category-link,https://parts4cells.com/other/alcatel/a-series/alcatel-a5.html,False,False,2026-09-07T04:41:35+00:00,,,,,
Parts4Cells,https://parts4cells.com/,Other,,5,click,Alcatel,,3,dom-inspection,Alcatel A30 plus,https://parts4cells.com/other/alcatel/a-series/alcatel-a30-plus.html,14,1,14,3,dom-inspection,ul#mobile-menu-cat-138 > li.level2.other-section.samsung-sub-category-container > div.samsung-sub-menu-acc > ul.sub-menu-category > li > a.sub-category-link,https://parts4cells.com/other/alcatel/a-series/alcatel-a30-plus.html,False,False,2026-09-07T04:41:35+00:00,,,,,
Parts4Cells,https://parts4cells.com/,Other,,5,click,Alcatel,,3,dom-inspection,Alcatel A7 XL,https://parts4cells.com/other/alcatel/a-series/alcatel-a7-xl.html,15,1,15,3,dom-inspection,ul#mobile-menu-cat-138 > li.level2.other-section.samsung-sub-category-container > div.samsung-sub-menu-acc > ul.sub-menu-category > li > a.sub-category-link,https://parts4cells.com/other/alcatel/a-series/alcatel-a7-xl.html,False,False,2026-09-07T04:41:35+00:00,,,,,
Parts4Cells,https://parts4cells.com/,Other,,5,click,Alcatel,,3,dom-inspection,3 Series,https://parts4cells.com/other/alcatel/3-series.html,16,1,16,3,dom-inspection,ul#mobile-menu-cat-138 > li.level2.other-section.samsung-sub-category-container > a.sub-category-link.samsung-sub-category-toggle,https://parts4cells.com/other/alcatel/3-series.html,False,False,2026-09-07T04:41:35+00:00,,,,,
Parts4Cells,https://parts4cells.com/,Other,,5,click,Alcatel,,3,dom-inspection,Alcatel 3L 5034,https://parts4cells.com/other/alcatel/3-series/alcatel-3l-5034.html,17,1,17,3,dom-inspection,ul#mobile-menu-cat-138 > li.level2.other-section.samsung-sub-category-container > div.samsung-sub-menu-acc > ul.sub-menu-category > li > a.sub-category-link,https://parts4cells.com/other/alcatel/3-series/alcatel-3l-5034.html,False,False,2026-09-07T04:41:35+00:00,,,,,
Parts4Cells,https://parts4cells.com/,Other,,5,click,Alcatel,,3,dom-inspection,Alcatel 3 2019,https://parts4cells.com/other/alcatel/3-series/alcatel-3-2019.html,18,1,18,3,dom-inspection,ul#mobile-menu-cat-138 > li.level2.other-section.samsung-sub-category-container > div.samsung-sub-menu-acc > ul.sub-menu-category > li > a.sub-category-link,https://parts4cells.com/other/alcatel/3-series/alcatel-3-2019.html,False,False,2026-09-07T04:41:35+00:00,,,,,
Parts4Cells,https://parts4cells.com/,Other,,5,click,Alcatel,,3,dom-inspection,Alcatel 3,https://parts4cells.com/other/alcatel/3-series/alcatel-3.html,19,1,19,3,dom-inspection,ul#mobile-menu-cat-138 > li.level2.other-section.samsung-sub-category-container > div.samsung-sub-menu-acc > ul.sub-menu-category > li > a.sub-category-link,https://parts4cells.com/other/alcatel/3-series/alcatel-3.html,False,False,2026-09-07T04:41:35+00:00,,,,,
Parts4Cells,https://parts4cells.com/,Other,,5,click,Alcatel,,3,dom-inspection,Alcatel 3X,https://parts4cells.com/other/alcatel/3-series/alcatel-3x.html,20,1,20,3,dom-inspection,ul#mobile-menu-cat-138 > li.level2.other-section.samsung-sub-category-container > div.samsung-sub-menu-acc > ul.sub-menu-category > li > a.sub-category-link,https://parts4cells.com/other/alcatel/3-series/alcatel-3x.html,False,False,2026-09-07T04:41:35+00:00,,,,,
Parts4Cells,https://parts4cells.com/,Other,,5,click,Alcatel,,3,dom-inspection,Alcatel 3V,https://parts4cells.com/other/alcatel/3-series/alcatel-3v.html,21,1,21,3,dom-inspection,ul#mobile-menu-cat-138 > li.level2.other-section.samsung-sub-category-container > div.samsung-sub-menu-acc > ul.sub-menu-category > li > a.sub-category-link,https://parts4cells.com/other/alcatel/3-series/alcatel-3v.html,False,False,2026-09-07T04:41:35+00:00,,,,,
Parts4Cells,https://parts4cells.com/,Other,,5,click,Alcatel,,3,dom-inspection,Alcatel 3T,https://parts4cells.com/other/alcatel/3-series/alcatel-3t.html,22,1,22,3,dom-inspection,ul#mobile-menu-cat-138 > li.level2.other-section.samsung-sub-category-container > div.samsung-sub-menu-acc > ul.sub-menu-category > li > a.sub-category-link,https://parts4cells.com/other/alcatel/3-series/alcatel-3t.html,False,False,2026-09-07T04:41:35+00:00,,,,,
Parts4Cells,https://parts4cells.com/,Other,,5,click,Alcatel,,3,dom-inspection,1 Series,https://parts4cells.com/other/alcatel/1-series.html,23,1,23,3,dom-inspection,ul#mobile-menu-cat-138 > li.level2.other-section.samsung-sub-category-container > a.sub-category-link.samsung-sub-category-toggle,https://parts4cells.com/other/alcatel/1-series.html,False,False,2026-09-07T04:41:35+00:00,,,,,
Parts4Cells,https://parts4cells.com/,Other,,5,click,Alcatel,,3,dom-inspection,Alcatel 1X 2019,https://parts4cells.com/other/alcatel/1-series/alcatel-1x-2019.html,24,1,24,3,dom-inspection,ul#mobile-menu-cat-138 > li.level2.other-section.samsung-sub-category-container > div.samsung-sub-menu-acc > ul.sub-menu-category > li > a.sub-category-link,https://parts4cells.com/other/alcatel/1-series/alcatel-1x-2019.html,False,False,2026-09-07T04:41:35+00:00,,,,,
Parts4Cells,https://parts4cells.com/,Other,,5,click,Alcatel,,3,dom-inspection,Alcatel 1C 5009,https://parts4cells.com/other/alcatel/1-series/alcatel-1c-5009.html,25,1,25,3,dom-inspection,ul#mobile-menu-cat-138 > li.level2.other-section.samsung-sub-category-container > div.samsung-sub-menu-acc > ul.sub-menu-category > li > a.sub-category-link,https://parts4cells.com/other/alcatel/1-series/alcatel-1c-5009.html,False,False,2026-09-07T04:41:35+00:00,,,,,
Parts4Cells,https://parts4cells.com/,Other,,5,click,Alcatel,,3,dom-inspection,Alcatel 1s 6025,https://parts4cells.com/other/alcatel/1-series/alcatel-1s-6025.html,26,1,26,3,dom-inspection,ul#mobile-menu-cat-138 > li.level2.other-section.samsung-sub-category-container > div.samsung-sub-menu-acc > ul.sub-menu-category > li > a.sub-category-link,https://parts4cells.com/other/alcatel/1-series/alcatel-1s-6025.html,False,False,2026-09-07T04:41:35+00:00,,,,,
Parts4Cells,https://parts4cells.com/,Other,,5,click,Alcatel,,3,dom-inspection,Other,https://parts4cells.com/other/alcatel/other.html,27,1,27,3,dom-inspection,ul#mobile-menu-cat-138 > li.level2.other-section.samsung-sub-category-container > a.sub-category-link.samsung-sub-category-toggle,https://parts4cells.com/other/alcatel/other.html,False,False,2026-09-07T04:41:35+00:00,,,,,
Parts4Cells,https://parts4cells.com/,Other,,5,click,Alcatel,,3,dom-inspection,"Joy Tab 2 8.0""",https://parts4cells.com/other/alcatel/other/joy-tab-2-8-0.html,28,1,28,3,dom-inspection,ul#mobile-menu-cat-138 > li.level2.other-section.samsung-sub-category-container > div.samsung-sub-menu-acc > ul.sub-menu-category > li > a.sub-category-link,https://parts4cells.com/other/alcatel/other/joy-tab-2-8-0.html,False,False,2026-09-07T04:41:35+00:00,,,,,
Parts4Cells,https://parts4cells.com/,Other,,5,click,Alcatel,,3,dom-inspection,One Touch Pixi 3,https://parts4cells.com/other/alcatel/other/one-touch-pixi-3.html,29,1,29,3,dom-inspection,ul#mobile-menu-cat-138 > li.level2.other-section.samsung-sub-category-container > div.samsung-sub-menu-acc > ul.sub-menu-category > li > a.sub-category-link,https://parts4cells.com/other/alcatel/other/one-touch-pixi-3.html,False,False,2026-09-07T04:41:35+00:00,,,,,
Parts4Cells,https://parts4cells.com/,Other,,5,click,TCL,,4,dom-inspection,TCL 50 Series,https://parts4cells.com/other/tcl/tcl-50-series.html,1,1,1,3,dom-inspection,ul#mobile-menu-cat-1818 > li.level2.other-section.samsung-sub-category-container > a.sub-category-link.samsung-sub-category-toggle,https://parts4cells.com/other/tcl/tcl-50-series.html,False,False,2026-09-07T04:41:35+00:00,,,,,
Parts4Cells,https://parts4cells.com/,Other,,5,click,TCL,,4,dom-inspection,TCL 50 5G,https://parts4cells.com/other/tcl/tcl-50-series/tcl-50-5g.html,2,1,2,3,dom-inspection,ul#mobile-menu-cat-1818 > li.level2.other-section.samsung-sub-category-container > div.samsung-sub-menu-acc > ul.sub-menu-category > li > a.sub-category-link,https://parts4cells.com/other/tcl/tcl-50-series/tcl-50-5g.html,False,False,2026-09-07T04:41:35+00:00,,,,,
Parts4Cells,https://parts4cells.com/,Other,,5,click,TCL,,4,dom-inspection,TCL 50 XE 5G,https://parts4cells.com/other/tcl/tcl-50-series/tcl-50-xe-5g.html,3,1,3,3,dom-inspection,ul#mobile-menu-cat-1818 > li.level2.other-section.samsung-sub-category-container > div.samsung-sub-menu-acc > ul.sub-menu-category > li > a.sub-category-link,https://parts4cells.com/other/tcl/tcl-50-series/tcl-50-xe-5g.html,False,False,2026-09-07T04:41:35+00:00,,,,,
Parts4Cells,https://parts4cells.com/,Other,,5,click,TCL,,4,dom-inspection,TCL 50 XE NXTPAPER 5G,https://parts4cells.com/other/tcl/tcl-50-series/tcl-50-xe-nxtpaper-5g.html,4,1,4,3,dom-inspection,ul#mobile-menu-cat-1818 > li.level2.other-section.samsung-sub-category-container > div.samsung-sub-menu-acc > ul.sub-menu-category > li > a.sub-category-link,https://parts4cells.com/other/tcl/tcl-50-series/tcl-50-xe-nxtpaper-5g.html,False,False,2026-09-07T04:41:35+00:00,,,,,
Parts4Cells,https://parts4cells.com/,Other,,5,click,TCL,,4,dom-inspection,TCL 50 XL 5G,https://parts4cells.com/other/tcl/tcl-50-series/tcl-50-xl-5g.html,5,1,5,3,dom-inspection,ul#mobile-menu-cat-1818 > li.level2.other-section.samsung-sub-category-container > div.samsung-sub-menu-acc > ul.sub-menu-category > li > a.sub-category-link,https://parts4cells.com/other/tcl/tcl-50-series/tcl-50-xl-5g.html,False,False,2026-09-07T04:41:35+00:00,,,,,
Parts4Cells,https://parts4cells.com/,Other,,5,click,TCL,,4,dom-inspection,TCL 50 LE 5G,https://parts4cells.com/other/tcl/tcl-50-series/tcl-50-le-5g.html,6,1,6,3,dom-inspection,ul#mobile-menu-cat-1818 > li.level2.other-section.samsung-sub-category-container > div.samsung-sub-menu-acc > ul.sub-menu-category > li > a.sub-category-link,https://parts4cells.com/other/tcl/tcl-50-series/tcl-50-le-5g.html,False,False,2026-09-07T04:41:35+00:00,,,,,
Parts4Cells,https://parts4cells.com/,Other,,5,click,TCL,,4,dom-inspection,TCL 40 Series,https://parts4cells.com/other/tcl/tcl-40-series.html,7,1,7,3,dom-inspection,ul#mobile-menu-cat-1818 > li.level2.other-section.samsung-sub-category-container > a.sub-category-link.samsung-sub-category-toggle,https://parts4cells.com/other/tcl/tcl-40-series.html,False,False,2026-09-07T04:41:35+00:00,,,,,
Parts4Cells,https://parts4cells.com/,Other,,5,click,TCL,,4,dom-inspection,TCL 40 XE,https://parts4cells.com/other/tcl/tcl-40-series/tcl-40-xe.html,8,1,8,3,dom-inspection,ul#mobile-menu-cat-1818 > li.level2.other-section.samsung-sub-category-container > div.samsung-sub-menu-acc > ul.sub-menu-category > li > a.sub-category-link,https://parts4cells.com/other/tcl/tcl-40-series/tcl-40-xe.html,False,False,2026-09-07T04:41:35+00:00,,,,,
Parts4Cells,https://parts4cells.com/,Other,,5,click,TCL,,4,dom-inspection,TCL 40 XL,https://parts4cells.com/other/tcl/tcl-40-series/tcl-40-xl.html,9,1,9,3,dom-inspection,ul#mobile-menu-cat-1818 > li.level2.other-section.samsung-sub-category-container > div.samsung-sub-menu-acc > ul.sub-menu-category > li > a.sub-category-link,https://parts4cells.com/other/tcl/tcl-40-series/tcl-40-xl.html,False,False,2026-09-07T04:41:35+00:00,,,,,
Parts4Cells,https://parts4cells.com/,Other,,5,click,TCL,,4,dom-inspection,TCL 40T,https://parts4cells.com/other/tcl/tcl-40-series/tcl-40t.html,10,1,10,3,dom-inspection,ul#mobile-menu-cat-1818 > li.level2.other-section.samsung-sub-category-container > div.samsung-sub-menu-acc > ul.sub-menu-category > li > a.sub-category-link,https://parts4cells.com/other/tcl/tcl-40-series/tcl-40t.html,False,False,2026-09-07T04:41:35+00:00,,,,,
Parts4Cells,https://parts4cells.com/,Other,,5,click,TCL,,4,dom-inspection,TCL 40 SE,https://parts4cells.com/other/tcl/tcl-40-series/tcl-40-se.html,11,1,11,3,dom-inspection,ul#mobile-menu-cat-1818 > li.level2.other-section.samsung-sub-category-container > div.samsung-sub-menu-acc > ul.sub-menu-category > li > a.sub-category-link,https://parts4cells.com/other/tcl/tcl-40-series/tcl-40-se.html,False,False,2026-09-07T04:41:35+00:00,,,,,
Parts4Cells,https://parts4cells.com/,Other,,5,click,TCL,,4,dom-inspection,TCL 30 Series,https://parts4cells.com/other/tcl/tcl-30-series.html,12,1,12,3,dom-inspection,ul#mobile-menu-cat-1818 > li.level2.other-section.samsung-sub-category-container > a.sub-category-link.samsung-sub-category-toggle,https://parts4cells.com/other/tcl/tcl-30-series.html,False,False,2026-09-07T04:41:35+00:00,,,,,
Parts4Cells,https://parts4cells.com/,Other,,5,click,TCL,,4,dom-inspection,TCL 30/30 PLUS/30 5G,https://parts4cells.com/other/tcl/tcl-30-series/30-30-plus-30-5g.html,13,1,13,3,dom-inspection,ul#mobile-menu-cat-1818 > li.level2.other-section.samsung-sub-category-container > div.samsung-sub-menu-acc > ul.sub-menu-category > li > a.sub-category-link,https://parts4cells.com/other/tcl/tcl-30-series/30-30-plus-30-5g.html,False,False,2026-09-07T04:41:35+00:00,,,,,
Parts4Cells,https://parts4cells.com/,Other,,5,click,TCL,,4,dom-inspection,TCL 30T Device,https://parts4cells.com/other/tcl/tcl-30-series/tcl-30t-device.html,14,1,14,3,dom-inspection,ul#mobile-menu-cat-1818 > li.level2.other-section.samsung-sub-category-container > div.samsung-sub-menu-acc > ul.sub-menu-category > li > a.sub-category-link,https://parts4cells.com/other/tcl/tcl-30-series/tcl-30t-device.html,False,False,2026-09-07T04:41:35+00:00,,,,,
Parts4Cells,https://parts4cells.com/,Other,,5,click,TCL,,4,dom-inspection,TCL 30 XE,https://parts4cells.com/other/tcl/tcl-30-series/tcl-30-xe.html,15,1,15,3,dom-inspection,ul#mobile-menu-cat-1818 > li.level2.other-section.samsung-sub-category-container > div.samsung-sub-menu-acc > ul.sub-menu-category > li > a.sub-category-link,https://parts4cells.com/other/tcl/tcl-30-series/tcl-30-xe.html,False,False,2026-09-07T04:41:35+00:00,,,,,
Parts4Cells,https://parts4cells.com/,Other,,5,click,TCL,,4,dom-inspection,TCL 20 Series,https://parts4cells.com/other/tcl/tcl-20-series.html,16,1,16,3,dom-inspection,ul#mobile-menu-cat-1818 > li.level2.other-section.samsung-sub-category-container > a.sub-category-link.samsung-sub-category-toggle,https://parts4cells.com/other/tcl/tcl-20-series.html,False,False,2026-09-07T04:41:35+00:00,,,,,
Parts4Cells,https://parts4cells.com/,Other,,5,click,TCL,,4,dom-inspection,TCL 20 XE,https://parts4cells.com/other/tcl/tcl-20-series/20-xe.html,17,1,17,3,dom-inspection,ul#mobile-menu-cat-1818 > li.level2.other-section.samsung-sub-category-container > div.samsung-sub-menu-acc > ul.sub-menu-category > li > a.sub-category-link,https://parts4cells.com/other/tcl/tcl-20-series/20-xe.html,False,False,2026-09-07T04:41:35+00:00,,,,,
Parts4Cells,https://parts4cells.com/,Other,,5,click,TCL,,4,dom-inspection,TCL 20 pro,https://parts4cells.com/other/tcl/tcl-20-series/tcl-20-pro.html,18,1,18,3,dom-inspection,ul#mobile-menu-cat-1818 > li.level2.other-section.samsung-sub-category-container > div.samsung-sub-menu-acc > ul.sub-menu-category > li > a.sub-category-link,https://parts4cells.com/other/tcl/tcl-20-series/tcl-20-pro.html,False,False,2026-09-07T04:41:35+00:00,,,,,
Parts4Cells,https://parts4cells.com/,Other,,5,click,Google,,5,dom-inspection,2 Series,https://parts4cells.com/other/google/2-series.html,1,1,1,3,dom-inspection,ul#mobile-menu-cat-107 > li.level2.other-section.samsung-sub-category-container > a.sub-category-link.samsung-sub-category-toggle,https://parts4cells.com/other/google/2-series.html,False,False,2026-09-07T04:41:35+00:00,,,,,
Parts4Cells,https://parts4cells.com/,Other,,5,click,Google,,5,dom-inspection,Google Pixel 2 XL,https://parts4cells.com/other/google/2-series/google-pixel-2-xl.html,2,1,2,3,dom-inspection,ul#mobile-menu-cat-107 > li.level2.other-section.samsung-sub-category-container > div.samsung-sub-menu-acc > ul.sub-menu-category > li > a.sub-category-link,https://parts4cells.com/other/google/2-series/google-pixel-2-xl.html,False,False,2026-09-07T04:41:35+00:00,,,,,
Parts4Cells,https://parts4cells.com/,Other,,5,click,Google,,5,dom-inspection,Google Pixel 2,https://parts4cells.com/other/google/2-series/google-pixel-2.html,3,1,3,3,dom-inspection,ul#mobile-menu-cat-107 > li.level2.other-section.samsung-sub-category-container > div.samsung-sub-menu-acc > ul.sub-menu-category > li > a.sub-category-link,https://parts4cells.com/other/google/2-series/google-pixel-2.html,False,False,2026-09-07T04:41:35+00:00,,,,,
Parts4Cells,https://parts4cells.com/,Other,,5,click,Google,,5,dom-inspection,3 Series,https://parts4cells.com/other/google/3-series.html,4,1,4,3,dom-inspection,ul#mobile-menu-cat-107 > li.level2.other-section.samsung-sub-category-container > a.sub-category-link.samsung-sub-category-toggle,https://parts4cells.com/other/google/3-series.html,False,False,2026-09-07T04:41:35+00:00,,,,,
Parts4Cells,https://parts4cells.com/,Other,,5,click,Google,,5,dom-inspection,Google Pixel 3A XL,https://parts4cells.com/other/google/3-series/google-pixel-3a-xl.html,5,1,5,3,dom-inspection,ul#mobile-menu-cat-107 > li.level2.other-section.samsung-sub-category-container > div.samsung-sub-menu-acc > ul.sub-menu-category > li > a.sub-category-link,https://parts4cells.com/other/google/3-series/google-pixel-3a-xl.html,False,False,2026-09-07T04:41:35+00:00,,,,,
Parts4Cells,https://parts4cells.com/,Other,,5,click,Google,,5,dom-inspection,Google Pixel 3 XL,https://parts4cells.com/other/google/3-series/google-pixel-3-xl.html,6,1,6,3,dom-inspection,ul#mobile-menu-cat-107 > li.level2.other-section.samsung-sub-category-container > div.samsung-sub-menu-acc > ul.sub-menu-category > li > a.sub-category-link,https://parts4cells.com/other/google/3-series/google-pixel-3-xl.html,False,False,2026-09-07T04:41:35+00:00,,,,,
Parts4Cells,https://parts4cells.com/,Other,,5,click,Google,,5,dom-inspection,Google Pixel 3A,https://parts4cells.com/other/google/3-series/google-pixel-3a.html,7,1,7,3,dom-inspection,ul#mobile-menu-cat-107 > li.level2.other-section.samsung-sub-category-container > div.samsung-sub-menu-acc > ul.sub-menu-category > li > a.sub-category-link,https://parts4cells.com/other/google/3-series/google-pixel-3a.html,False,False,2026-09-07T04:41:35+00:00,,,,,
Parts4Cells,https://parts4cells.com/,Other,,5,click,Google,,5,dom-inspection,Google Pixel 3,https://parts4cells.com/other/google/3-series/google-pixel-3.html,8,1,8,3,dom-inspection,ul#mobile-menu-cat-107 > li.level2.other-section.samsung-sub-category-container > div.samsung-sub-menu-acc > ul.sub-menu-category > li > a.sub-category-link,https://parts4cells.com/other/google/3-series/google-pixel-3.html,False,False,2026-09-07T04:41:35+00:00,,,,,
Parts4Cells,https://parts4cells.com/,Other,,5,click,Google,,5,dom-inspection,4 Series,https://parts4cells.com/other/google/4-series.html,9,1,9,3,dom-inspection,ul#mobile-menu-cat-107 > li.level2.other-section.samsung-sub-category-container > a.sub-category-link.samsung-sub-category-toggle,https://parts4cells.com/other/google/4-series.html,False,False,2026-09-07T04:41:35+00:00,,,,,
Parts4Cells,https://parts4cells.com/,Other,,5,click,Google,,5,dom-inspection,Google Pixel 4 XL,https://parts4cells.com/other/google/4-series/google-pixel-4-xl.html,10,1,10,3,dom-inspection,ul#mobile-menu-cat-107 > li.level2.other-section.samsung-sub-category-container > div.samsung-sub-menu-acc > ul.sub-menu-category > li > a.sub-category-link,https://parts4cells.com/other/google/4-series/google-pixel-4-xl.html,False,False,2026-09-07T04:41:35+00:00,,,,,
Parts4Cells,https://parts4cells.com/,Other,,5,click,Google,,5,dom-inspection,Google Pixel 4A 5G,https://parts4cells.com/other/google/4-series/google-pixel-4a-5g.html,11,1,11,3,dom-inspection,ul#mobile-menu-cat-107 > li.level2.other-section.samsung-sub-category-container > div.samsung-sub-menu-acc > ul.sub-menu-category > li > a.sub-category-link,https://parts4cells.com/other/google/4-series/google-pixel-4a-5g.html,False,False,2026-09-07T04:41:35+00:00,,,,,
Parts4Cells,https://parts4cells.com/,Other,,5,click,Google,,5,dom-inspection,Google Pixel 4A,https://parts4cells.com/other/google/4-series/google-pixel-4a.html,12,1,12,3,dom-inspection,ul#mobile-menu-cat-107 > li.level2.other-section.samsung-sub-category-container > div.samsung-sub-menu-acc > ul.sub-menu-category > li > a.sub-category-link,https://parts4cells.com/other/google/4-series/google-pixel-4a.html,False,False,2026-09-07T04:41:35+00:00,,,,,
Parts4Cells,https://parts4cells.com/,Other,,5,click,Google,,5,dom-inspection,Google Pixel 4,https://parts4cells.com/other/google/4-series/google-pixel-4.html,13,1,13,3,dom-inspection,ul#mobile-menu-cat-107 > li.level2.other-section.samsung-sub-category-container > div.samsung-sub-menu-acc > ul.sub-menu-category > li > a.sub-category-link,https://parts4cells.com/other/google/4-series/google-pixel-4.html,False,False,2026-09-07T04:41:35+00:00,,,,,
Parts4Cells,https://parts4cells.com/,Other,,5,click,Google,,5,dom-inspection,5 Series,https://parts4cells.com/other/google/5-series.html,14,1,14,3,dom-inspection,ul#mobile-menu-cat-107 > li.level2.other-section.samsung-sub-category-container > a.sub-category-link.samsung-sub-category-toggle,https://parts4cells.com/other/google/5-series.html,False,False,2026-09-07T04:41:35+00:00,,,,,
Parts4Cells,https://parts4cells.com/,Other,,5,click,Google,,5,dom-inspection,Google Pixel 5A 5G,https://parts4cells.com/other/google/5-series/google-pixel-5a-5g.html,15,1,15,3,dom-inspection,ul#mobile-menu-cat-107 > li.level2.other-section.samsung-sub-category-container > div.samsung-sub-menu-acc > ul.sub-menu-category > li > a.sub-category-link,https://parts4cells.com/other/google/5-series/google-pixel-5a-5g.html,False,False,2026-09-07T04:41:35+00:00,,,,,
Parts4Cells,https://parts4cells.com/,Other,,5,click,Google,,5,dom-inspection,Google Pixel 5,https://parts4cells.com/other/google/5-series/google-pixel-5.html,16,1,16,3,dom-inspection,ul#mobile-menu-cat-107 > li.level2.other-section.samsung-sub-category-container > div.samsung-sub-menu-acc > ul.sub-menu-category > li > a.sub-category-link,https://parts4cells.com/other/google/5-series/google-pixel-5.html,False,False,2026-09-07T04:41:35+00:00,,,,,
Parts4Cells,https://parts4cells.com/,Other,,5,click,Google,,5,dom-inspection,6 Series,https://parts4cells.com/other/google/6-series.html,17,1,17,3,dom-inspection,ul#mobile-menu-cat-107 > li.level2.other-section.samsung-sub-category-container > a.sub-category-link.samsung-sub-category-toggle,https://parts4cells.com/other/google/6-series.html,False,False,2026-09-07T04:41:35+00:00,,,,,
Parts4Cells,https://parts4cells.com/,Other,,5,click,Google,,5,dom-inspection,Google Pixel 6 PRO,https://parts4cells.com/other/google/6-series/google-pixel-6-pro.html,18,1,18,3,dom-inspection,ul#mobile-menu-cat-107 > li.level2.other-section.samsung-sub-category-container > div.samsung-sub-menu-acc > ul.sub-menu-category > li > a.sub-category-link,https://parts4cells.com/other/google/6-series/google-pixel-6-pro.html,False,False,2026-09-07T04:41:35+00:00,,,,,
Parts4Cells,https://parts4cells.com/,Other,,5,click,Google,,5,dom-inspection,Google Pixel 6,https://parts4cells.com/other/google/6-series/google-pixel-6.html,19,1,19,3,dom-inspection,ul#mobile-menu-cat-107 > li.level2.other-section.samsung-sub-category-container > div.samsung-sub-menu-acc > ul.sub-menu-category > li > a.sub-category-link,https://parts4cells.com/other/google/6-series/google-pixel-6.html,False,False,2026-09-07T04:41:35+00:00,,,,,
Parts4Cells,https://parts4cells.com/,Other,,5,click,Google,,5,dom-inspection,Google Pixel 6a,https://parts4cells.com/other/google/6-series/google-pixel-6a.html,20,1,20,3,dom-inspection,ul#mobile-menu-cat-107 > li.level2.other-section.samsung-sub-category-container > div.samsung-sub-menu-acc > ul.sub-menu-category > li > a.sub-category-link,https://parts4cells.com/other/google/6-series/google-pixel-6a.html,False,False,2026-09-07T04:41:35+00:00,,,,,
Parts4Cells,https://parts4cells.com/,Other,,5,click,Google,,5,dom-inspection,7 Series,https://parts4cells.com/other/google/7-series.html,21,1,21,3,dom-inspection,ul#mobile-menu-cat-107 > li.level2.other-section.samsung-sub-category-container > a.sub-category-link.samsung-sub-category-toggle,https://parts4cells.com/other/google/7-series.html,False,False,2026-09-07T04:41:35+00:00,,,,,
Parts4Cells,https://parts4cells.com/,Other,,5,click,Google,,5,dom-inspection,Google Pixel 7 Pro,https://parts4cells.com/other/google/7-series/google-pixel-7-pro.html,22,1,22,3,dom-inspection,ul#mobile-menu-cat-107 > li.level2.other-section.samsung-sub-category-container > div.samsung-sub-menu-acc > ul.sub-menu-category > li > a.sub-category-link,https://parts4cells.com/other/google/7-series/google-pixel-7-pro.html,False,False,2026-09-07T04:41:35+00:00,,,,,
Parts4Cells,https://parts4cells.com/,Other,,5,click,Google,,5,dom-inspection,Google Pixel 7A,https://parts4cells.com/other/google/7-series/google-pixel-7a.html,23,1,23,3,dom-inspection,ul#mobile-menu-cat-107 > li.level2.other-section.samsung-sub-category-container > div.samsung-sub-menu-acc > ul.sub-menu-category > li > a.sub-category-link,https://parts4cells.com/other/google/7-series/google-pixel-7a.html,False,False,2026-09-07T04:41:35+00:00,,,,,
Parts4Cells,https://parts4cells.com/,Other,,5,click,Google,,5,dom-inspection,Google Pixel 7,https://parts4cells.com/other/google/7-series/google-pixel-7.html,24,1,24,3,dom-inspection,ul#mobile-menu-cat-107 > li.level2.other-section.samsung-sub-category-container > div.samsung-sub-menu-acc > ul.sub-menu-category > li > a.sub-category-link,https://parts4cells.com/other/google/7-series/google-pixel-7.html,False,False,2026-09-07T04:41:35+00:00,,,,,
Parts4Cells,https://parts4cells.com/,Other,,5,click,Google,,5,dom-inspection,Google Nexus 7 2nd Gen,https://parts4cells.com/other/google/7-series/google-nexus-7-2nd-gen.html,25,1,25,3,dom-inspection,ul#mobile-menu-cat-107 > li.level2.other-section.samsung-sub-category-container > div.samsung-sub-menu-acc > ul.sub-menu-category > li > a.sub-category-link,https://parts4cells.com/other/google/7-series/google-nexus-7-2nd-gen.html,False,False,2026-09-07T04:41:35+00:00,,,,,
Parts4Cells,https://parts4cells.com/,Other,,5,click,Google,,5,dom-inspection,8 Series,https://parts4cells.com/other/google/8-series.html,26,1,26,3,dom-inspection,ul#mobile-menu-cat-107 > li.level2.other-section.samsung-sub-category-container > a.sub-category-link.samsung-sub-category-toggle,https://parts4cells.com/other/google/8-series.html,False,False,2026-09-07T04:41:35+00:00,,,,,
Parts4Cells,https://parts4cells.com/,Other,,5,click,Google,,5,dom-inspection,Google Pixel 8A,https://parts4cells.com/other/google/8-series/google-pixel-8a.html,27,1,27,3,dom-inspection,ul#mobile-menu-cat-107 > li.level2.other-section.samsung-sub-category-container > div.samsung-sub-menu-acc > ul.sub-menu-category > li > a.sub-category-link,https://parts4cells.com/other/google/8-series/google-pixel-8a.html,False,False,2026-09-07T04:41:35+00:00,,,,,
Parts4Cells,https://parts4cells.com/,Other,,5,click,Google,,5,dom-inspection,Google Pixel 8 Pro,https://parts4cells.com/other/google/8-series/google-pixel-8-pro.html,28,1,28,3,dom-inspection,ul#mobile-menu-cat-107 > li.level2.other-section.samsung-sub-category-container > div.samsung-sub-menu-acc > ul.sub-menu-category > li > a.sub-category-link,https://parts4cells.com/other/google/8-series/google-pixel-8-pro.html,False,False,2026-09-07T04:41:35+00:00,,,,,
Parts4Cells,https://parts4cells.com/,Other,,5,click,Google,,5,dom-inspection,Google Pixel 8,https://parts4cells.com/other/google/8-series/google-pixel-8.html,29,1,29,3,dom-inspection,ul#mobile-menu-cat-107 > li.level2.other-section.samsung-sub-category-container > div.samsung-sub-menu-acc > ul.sub-menu-category > li > a.sub-category-link,https://parts4cells.com/other/google/8-series/google-pixel-8.html,False,False,2026-09-07T04:41:35+00:00,,,,,
Parts4Cells,https://parts4cells.com/,Other,,5,click,Google,,5,dom-inspection,9 Series,https://parts4cells.com/other/google/9-series.html,30,1,30,3,dom-inspection,ul#mobile-menu-cat-107 > li.level2.other-section.samsung-sub-category-container > a.sub-category-link.samsung-sub-category-toggle,https://parts4cells.com/other/google/9-series.html,False,False,2026-09-07T04:41:35+00:00,,,,,
Parts4Cells,https://parts4cells.com/,Other,,5,click,Google,,5,dom-inspection,Google Pixel 9a,https://parts4cells.com/other/google/9-series/google-pixel-9a.html,31,1,31,3,dom-inspection,ul#mobile-menu-cat-107 > li.level2.other-section.samsung-sub-category-container > div.samsung-sub-menu-acc > ul.sub-menu-category > li > a.sub-category-link,https://parts4cells.com/other/google/9-series/google-pixel-9a.html,False,False,2026-09-07T04:41:35+00:00,,,,,
Parts4Cells,https://parts4cells.com/,Other,,5,click,Google,,5,dom-inspection,Google Pixel 9 Pro XL,https://parts4cells.com/other/google/9-series/google-pixel-9-pro-xl.html,32,1,32,3,dom-inspection,ul#mobile-menu-cat-107 > li.level2.other-section.samsung-sub-category-container > div.samsung-sub-menu-acc > ul.sub-menu-category > li > a.sub-category-link,https://parts4cells.com/other/google/9-series/google-pixel-9-pro-xl.html,False,False,2026-09-07T04:41:35+00:00,,,,,
Parts4Cells,https://parts4cells.com/,Other,,5,click,Google,,5,dom-inspection,Google Pixel 9 Pro Fold,https://parts4cells.com/other/google/9-series/google-pixel-9-pro-fold.html,33,1,33,3,dom-inspection,ul#mobile-menu-cat-107 > li.level2.other-section.samsung-sub-category-container > div.samsung-sub-menu-acc > ul.sub-menu-category > li > a.sub-category-link,https://parts4cells.com/other/google/9-series/google-pixel-9-pro-fold.html,False,False,2026-09-07T04:41:35+00:00,,,,,
Parts4Cells,https://parts4cells.com/,Other,,5,click,Google,,5,dom-inspection,Google Pixel 9 Pro,https://parts4cells.com/other/google/9-series/google-pixel-9-pro.html,34,1,34,3,dom-inspection,ul#mobile-menu-cat-107 > li.level2.other-section.samsung-sub-category-container > div.samsung-sub-menu-acc > ul.sub-menu-category > li > a.sub-category-link,https://parts4cells.com/other/google/9-series/google-pixel-9-pro.html,False,False,2026-09-07T04:41:35+00:00,,,,,
Parts4Cells,https://parts4cells.com/,Other,,5,click,Google,,5,dom-inspection,Google Pixel 9,https://parts4cells.com/other/google/9-series/google-pixel-9.html,35,1,35,3,dom-inspection,ul#mobile-menu-cat-107 > li.level2.other-section.samsung-sub-category-container > div.samsung-sub-menu-acc > ul.sub-menu-category > li > a.sub-category-link,https://parts4cells.com/other/google/9-series/google-pixel-9.html,False,False,2026-09-07T04:41:35+00:00,,,,,
Parts4Cells,https://parts4cells.com/,Other,,5,click,Google,,5,dom-inspection,10 Series,https://parts4cells.com/other/google/10-series.html,36,1,36,3,dom-inspection,ul#mobile-menu-cat-107 > li.level2.other-section.samsung-sub-category-container > a.sub-category-link.samsung-sub-category-toggle,https://parts4cells.com/other/google/10-series.html,False,False,2026-09-07T04:41:35+00:00,,,,,
Parts4Cells,https://parts4cells.com/,Other,,5,click,Google,,5,dom-inspection,Google Pixel 10 Pro XL,https://parts4cells.com/other/google/10-series/google-pixel-10-pro-xl.html,37,1,37,3,dom-inspection,ul#mobile-menu-cat-107 > li.level2.other-section.samsung-sub-category-container > div.samsung-sub-menu-acc > ul.sub-menu-category > li > a.sub-category-link,https://parts4cells.com/other/google/10-series/google-pixel-10-pro-xl.html,False,False,2026-09-07T04:41:35+00:00,,,,,
Parts4Cells,https://parts4cells.com/,Other,,5,click,Google,,5,dom-inspection,Google Pixel 10 Pro,https://parts4cells.com/other/google/10-series/google-pixel-10-pro.html,38,1,38,3,dom-inspection,ul#mobile-menu-cat-107 > li.level2.other-section.samsung-sub-category-container > div.samsung-sub-menu-acc > ul.sub-menu-category > li > a.sub-category-link,https://parts4cells.com/other/google/10-series/google-pixel-10-pro.html,False,False,2026-09-07T04:41:35+00:00,,,,,
Parts4Cells,https://parts4cells.com/,Other,,5,click,Google,,5,dom-inspection,Google Pixel 10,https://parts4cells.com/other/google/10-series/google-pixel-10.html,39,1,39,3,dom-inspection,ul#mobile-menu-cat-107 > li.level2.other-section.samsung-sub-category-container > div.samsung-sub-menu-acc > ul.sub-menu-category > li > a.sub-category-link,https://parts4cells.com/other/google/10-series/google-pixel-10.html,False,False,2026-09-07T04:41:35+00:00,,,,,
Parts4Cells,https://parts4cells.com/,Other,,5,click,Google,,5,dom-inspection,Pixel XL / Pixel,https://parts4cells.com/other/google/pixel-xl-pixel.html,40,1,40,3,dom-inspection,ul#mobile-menu-cat-107 > li.level2.other-section.samsung-sub-category-container > a.sub-category-link.samsung-sub-category-toggle,https://parts4cells.com/other/google/pixel-xl-pixel.html,False,False,2026-09-07T04:41:35+00:00,,,,,
Parts4Cells,https://parts4cells.com/,Other,,5,click,Google,,5,dom-inspection,Google Pixel XL,https://parts4cells.com/other/google/pixel-xl-pixel/google-pixel-xl.html,41,1,41,3,dom-inspection,ul#mobile-menu-cat-107 > li.level2.other-section.samsung-sub-category-container > div.samsung-sub-menu-acc > ul.sub-menu-category > li > a.sub-category-link,https://parts4cells.com/other/google/pixel-xl-pixel/google-pixel-xl.html,False,False,2026-09-07T04:41:35+00:00,,,,,
Parts4Cells,https://parts4cells.com/,Other,,5,click,Google,,5,dom-inspection,Google Pixel,https://parts4cells.com/other/google/pixel-xl-pixel/google-pixel.html,42,1,42,3,dom-inspection,ul#mobile-menu-cat-107 > li.level2.other-section.samsung-sub-category-container > div.samsung-sub-menu-acc > ul.sub-menu-category > li > a.sub-category-link,https://parts4cells.com/other/google/pixel-xl-pixel/google-pixel.html,False,False,2026-09-07T04:41:35+00:00,,,,,
Parts4Cells,https://parts4cells.com/,Other,,5,click,OnePlus,,6,dom-inspection,3 Series,https://parts4cells.com/other/oneplus/3-series.html,1,1,1,3,dom-inspection,ul#mobile-menu-cat-36 > li.level2.other-section.samsung-sub-category-container > a.sub-category-link.samsung-sub-category-toggle,https://parts4cells.com/other/oneplus/3-series.html,False,False,2026-09-07T04:41:35+00:00,,,,,
Parts4Cells,https://parts4cells.com/,Other,,5,click,OnePlus,,6,dom-inspection,OnePlus Three,https://parts4cells.com/other/oneplus/3-series/oneplus-three.html,2,1,2,3,dom-inspection,ul#mobile-menu-cat-36 > li.level2.other-section.samsung-sub-category-container > div.samsung-sub-menu-acc > ul.sub-menu-category > li > a.sub-category-link,https://parts4cells.com/other/oneplus/3-series/oneplus-three.html,False,False,2026-09-07T04:41:35+00:00,,,,,
Parts4Cells,https://parts4cells.com/,Other,,5,click,OnePlus,,6,dom-inspection,OnePlus 3T,https://parts4cells.com/other/oneplus/3-series/oneplus-3t.html,3,1,3,3,dom-inspection,ul#mobile-menu-cat-36 > li.level2.other-section.samsung-sub-category-container > div.samsung-sub-menu-acc > ul.sub-menu-category > li > a.sub-category-link,https://parts4cells.com/other/oneplus/3-series/oneplus-3t.html,False,False,2026-09-07T04:41:35+00:00,,,,,
Parts4Cells,https://parts4cells.com/,Other,,5,click,OnePlus,,6,dom-inspection,5 Series,https://parts4cells.com/other/oneplus/5-series.html,4,1,4,3,dom-inspection,ul#mobile-menu-cat-36 > li.level2.other-section.samsung-sub-category-container > a.sub-category-link.samsung-sub-category-toggle,https://parts4cells.com/other/oneplus/5-series.html,False,False,2026-09-07T04:41:35+00:00,,,,,
Parts4Cells,https://parts4cells.com/,Other,,5,click,OnePlus,,6,dom-inspection,One Plus 5T,https://parts4cells.com/other/oneplus/5-series/one-plus-5t.html,5,1,5,3,dom-inspection,ul#mobile-menu-cat-36 > li.level2.other-section.samsung-sub-category-container > div.samsung-sub-menu-acc > ul.sub-menu-category > li > a.sub-category-link,https://parts4cells.com/other/oneplus/5-series/one-plus-5t.html,False,False,2026-09-07T04:41:35+00:00,,,,,
Parts4Cells,https://parts4cells.com/,Other,,5,click,OnePlus,,6,dom-inspection,OnePlus Five,https://parts4cells.com/other/oneplus/5-series/oneplus-five.html,6,1,6,3,dom-inspection,ul#mobile-menu-cat-36 > li.level2.other-section.samsung-sub-category-container > div.samsung-sub-menu-acc > ul.sub-menu-category > li > a.sub-category-link,https://parts4cells.com/other/oneplus/5-series/oneplus-five.html,False,False,2026-09-07T04:41:35+00:00,,,,,
Parts4Cells,https://parts4cells.com/,Other,,5,click,OnePlus,,6,dom-inspection,6 Series,https://parts4cells.com/other/oneplus/6-series.html,7,1,7,3,dom-inspection,ul#mobile-menu-cat-36 > li.level2.other-section.samsung-sub-category-container > a.sub-category-link.samsung-sub-category-toggle,https://parts4cells.com/other/oneplus/6-series.html,False,False,2026-09-07T04:41:35+00:00,,,,,
Parts4Cells,https://parts4cells.com/,Other,,5,click,OnePlus,,6,dom-inspection,OnePlus 6T,https://parts4cells.com/other/oneplus/6-series/oneplus-6t.html,8,1,8,3,dom-inspection,ul#mobile-menu-cat-36 > li.level2.other-section.samsung-sub-category-container > div.samsung-sub-menu-acc > ul.sub-menu-category > li > a.sub-category-link,https://parts4cells.com/other/oneplus/6-series/oneplus-6t.html,False,False,2026-09-07T04:41:35+00:00,,,,,
Parts4Cells,https://parts4cells.com/,Other,,5,click,OnePlus,,6,dom-inspection,OnePlus 6,https://parts4cells.com/other/oneplus/6-series/oneplus-6.html,9,1,9,3,dom-inspection,ul#mobile-menu-cat-36 > li.level2.other-section.samsung-sub-category-container > div.samsung-sub-menu-acc > ul.sub-menu-category > li > a.sub-category-link,https://parts4cells.com/other/oneplus/6-series/oneplus-6.html,False,False,2026-09-07T04:41:35+00:00,,,,,
Parts4Cells,https://parts4cells.com/,Other,,5,click,OnePlus,,6,dom-inspection,7 Series,https://parts4cells.com/other/oneplus/7-series.html,10,1,10,3,dom-inspection,ul#mobile-menu-cat-36 > li.level2.other-section.samsung-sub-category-container > a.sub-category-link.samsung-sub-category-toggle,https://parts4cells.com/other/oneplus/7-series.html,False,False,2026-09-07T04:41:35+00:00,,,,,
Parts4Cells,https://parts4cells.com/,Other,,5,click,OnePlus,,6,dom-inspection,OnePlus 7T Pro,https://parts4cells.com/other/oneplus/7-series/oneplus-7t-pro.html,11,1,11,3,dom-inspection,ul#mobile-menu-cat-36 > li.level2.other-section.samsung-sub-category-container > div.samsung-sub-menu-acc > ul.sub-menu-category > li > a.sub-category-link,https://parts4cells.com/other/oneplus/7-series/oneplus-7t-pro.html,False,False,2026-09-07T04:41:35+00:00,,,,,
Parts4Cells,https://parts4cells.com/,Other,,5,click,OnePlus,,6,dom-inspection,OnePlus 7 Pro,https://parts4cells.com/other/oneplus/7-series/oneplus-7-pro.html,12,1,12,3,dom-inspection,ul#mobile-menu-cat-36 > li.level2.other-section.samsung-sub-category-container > div.samsung-sub-menu-acc > ul.sub-menu-category > li > a.sub-category-link,https://parts4cells.com/other/oneplus/7-series/oneplus-7-pro.html,False,False,2026-09-07T04:41:35+00:00,,,,,
Parts4Cells,https://parts4cells.com/,Other,,5,click,OnePlus,,6,dom-inspection,OnePlus 7T,https://parts4cells.com/other/oneplus/7-series/oneplus-7t.html,13,1,13,3,dom-inspection,ul#mobile-menu-cat-36 > li.level2.other-section.samsung-sub-category-container > div.samsung-sub-menu-acc > ul.sub-menu-category > li > a.sub-category-link,https://parts4cells.com/other/oneplus/7-series/oneplus-7t.html,False,False,2026-09-07T04:41:35+00:00,,,,,
Parts4Cells,https://parts4cells.com/,Other,,5,click,OnePlus,,6,dom-inspection,OnePlus 7,https://parts4cells.com/other/oneplus/7-series/oneplus-7.html,14,1,14,3,dom-inspection,ul#mobile-menu-cat-36 > li.level2.other-section.samsung-sub-category-container > div.samsung-sub-menu-acc > ul.sub-menu-category > li > a.sub-category-link,https://parts4cells.com/other/oneplus/7-series/oneplus-7.html,False,False,2026-09-07T04:41:35+00:00,,,,,
Parts4Cells,https://parts4cells.com/,Other,,5,click,OnePlus,,6,dom-inspection,8 Series,https://parts4cells.com/other/oneplus/8-series.html,15,1,15,3,dom-inspection,ul#mobile-menu-cat-36 > li.level2.other-section.samsung-sub-category-container > a.sub-category-link.samsung-sub-category-toggle,https://parts4cells.com/other/oneplus/8-series.html,False,False,2026-09-07T04:41:35+00:00,,,,,
Parts4Cells,https://parts4cells.com/,Other,,5,click,OnePlus,,6,dom-inspection,OnePlus 8 Pro,https://parts4cells.com/other/oneplus/8-series/oneplus-8-pro.html,16,1,16,3,dom-inspection,ul#mobile-menu-cat-36 > li.level2.other-section.samsung-sub-category-container > div.samsung-sub-menu-acc > ul.sub-menu-category > li > a.sub-category-link,https://parts4cells.com/other/oneplus/8-series/oneplus-8-pro.html,False,False,2026-09-07T04:41:35+00:00,,,,,
Parts4Cells,https://parts4cells.com/,Other,,5,click,OnePlus,,6,dom-inspection,OnePlus 8 T,https://parts4cells.com/other/oneplus/8-series/oneplus-8-t.html,17,1,17,3,dom-inspection,ul#mobile-menu-cat-36 > li.level2.other-section.samsung-sub-category-container > div.samsung-sub-menu-acc > ul.sub-menu-category > li > a.sub-category-link,https://parts4cells.com/other/oneplus/8-series/oneplus-8-t.html,False,False,2026-09-07T04:41:35+00:00,,,,,
Parts4Cells,https://parts4cells.com/,Other,,5,click,OnePlus,,6,dom-inspection,OnePlus 8,https://parts4cells.com/other/oneplus/8-series/oneplus-8.html,18,1,18,3,dom-inspection,ul#mobile-menu-cat-36 > li.level2.other-section.samsung-sub-category-container > div.samsung-sub-menu-acc > ul.sub-menu-category > li > a.sub-category-link,https://parts4cells.com/other/oneplus/8-series/oneplus-8.html,False,False,2026-09-07T04:41:35+00:00,,,,,
Parts4Cells,https://parts4cells.com/,Other,,5,click,OnePlus,,6,dom-inspection,9 Series,https://parts4cells.com/other/oneplus/9-series.html,19,1,19,3,dom-inspection,ul#mobile-menu-cat-36 > li.level2.other-section.samsung-sub-category-container > a.sub-category-link.samsung-sub-category-toggle,https://parts4cells.com/other/oneplus/9-series.html,False,False,2026-09-07T04:41:35+00:00,,,,,
Parts4Cells,https://parts4cells.com/,Other,,5,click,OnePlus,,6,dom-inspection,OnePlus 9 Pro,https://parts4cells.com/other/oneplus/9-series/oneplus-9-pro.html,20,1,20,3,dom-inspection,ul#mobile-menu-cat-36 > li.level2.other-section.samsung-sub-category-container > div.samsung-sub-menu-acc > ul.sub-menu-category > li > a.sub-category-link,https://parts4cells.com/other/oneplus/9-series/oneplus-9-pro.html,False,False,2026-09-07T04:41:35+00:00,,,,,
Parts4Cells,https://parts4cells.com/,Other,,5,click,OnePlus,,6,dom-inspection,OnePlus 9R,https://parts4cells.com/other/oneplus/9-series/oneplus-9r.html,21,1,21,3,dom-inspection,ul#mobile-menu-cat-36 > li.level2.other-section.samsung-sub-category-container > div.samsung-sub-menu-acc > ul.sub-menu-category > li > a.sub-category-link,https://parts4cells.com/other/oneplus/9-series/oneplus-9r.html,False,False,2026-09-07T04:41:35+00:00,,,,,
Parts4Cells,https://parts4cells.com/,Other,,5,click,OnePlus,,6,dom-inspection,OnePlus 9,https://parts4cells.com/other/oneplus/9-series/oneplus-9.html,22,1,22,3,dom-inspection,ul#mobile-menu-cat-36 > li.level2.other-section.samsung-sub-category-container > div.samsung-sub-menu-acc > ul.sub-menu-category > li > a.sub-category-link,https://parts4cells.com/other/oneplus/9-series/oneplus-9.html,False,False,2026-09-07T04:41:35+00:00,,,,,
Parts4Cells,https://parts4cells.com/,Other,,5,click,OnePlus,,6,dom-inspection,N Series,https://parts4cells.com/other/oneplus/n-series.html,23,1,23,3,dom-inspection,ul#mobile-menu-cat-36 > li.level2.other-section.samsung-sub-category-container > a.sub-category-link.samsung-sub-category-toggle,https://parts4cells.com/other/oneplus/n-series.html,False,False,2026-09-07T04:41:35+00:00,,,,,
Parts4Cells,https://parts4cells.com/,Other,,5,click,OnePlus,,6,dom-inspection,Nord N30,https://parts4cells.com/other/oneplus/n-series/nord-n30.html,24,1,24,3,dom-inspection,ul#mobile-menu-cat-36 > li.level2.other-section.samsung-sub-category-container > div.samsung-sub-menu-acc > ul.sub-menu-category > li > a.sub-category-link,https://parts4cells.com/other/oneplus/n-series/nord-n30.html,False,False,2026-09-07T04:41:35+00:00,,,,,
Parts4Cells,https://parts4cells.com/,Other,,5,click,OnePlus,,6,dom-inspection,Nord N20,https://parts4cells.com/other/oneplus/n-series/nord-n20.html,25,1,25,3,dom-inspection,ul#mobile-menu-cat-36 > li.level2.other-section.samsung-sub-category-container > div.samsung-sub-menu-acc > ul.sub-menu-category > li > a.sub-category-link,https://parts4cells.com/other/oneplus/n-series/nord-n20.html,False,False,2026-09-07T04:41:35+00:00,,,,,
Parts4Cells,https://parts4cells.com/,Other,,5,click,OnePlus,,6,dom-inspection,OnePlus Nord 5G N10,https://parts4cells.com/other/oneplus/n-series/oneplus-nord-5g-n10.html,26,1,26,3,dom-inspection,ul#mobile-menu-cat-36 > li.level2.other-section.samsung-sub-category-container > div.samsung-sub-menu-acc > ul.sub-menu-category > li > a.sub-category-link,https://parts4cells.com/other/oneplus/n-series/oneplus-nord-5g-n10.html,False,False,2026-09-07T04:41:35+00:00,,,,,
Parts4Cells,https://parts4cells.com/,Other,,5,click,OnePlus,,6,dom-inspection,OnePlus Nord 4G/5G,https://parts4cells.com/other/oneplus/n-series/oneplus-nord-4g-5g.html,27,1,27,3,dom-inspection,ul#mobile-menu-cat-36 > li.level2.other-section.samsung-sub-category-container > div.samsung-sub-menu-acc > ul.sub-menu-category > li > a.sub-category-link,https://parts4cells.com/other/oneplus/n-series/oneplus-nord-4g-5g.html,False,False,2026-09-07T04:41:35+00:00,,,,,
Parts4Cells,https://parts4cells.com/,Other,,5,click,OnePlus,,6,dom-inspection,OnePlus Nord N300,https://parts4cells.com/other/oneplus/n-series/oneplus-nord-n300.html,28,1,28,3,dom-inspection,ul#mobile-menu-cat-36 > li.level2.other-section.samsung-sub-category-container > div.samsung-sub-menu-acc > ul.sub-menu-category > li > a.sub-category-link,https://parts4cells.com/other/oneplus/n-series/oneplus-nord-n300.html,False,False,2026-09-07T04:41:35+00:00,,,,,
Parts4Cells,https://parts4cells.com/,Other,,5,click,OnePlus,,6,dom-inspection,OnePlus Nord N200,https://parts4cells.com/other/oneplus/n-series/oneplus-nord-n200.html,29,1,29,3,dom-inspection,ul#mobile-menu-cat-36 > li.level2.other-section.samsung-sub-category-container > div.samsung-sub-menu-acc > ul.sub-menu-category > li > a.sub-category-link,https://parts4cells.com/other/oneplus/n-series/oneplus-nord-n200.html,False,False,2026-09-07T04:41:35+00:00,,,,,
Parts4Cells,https://parts4cells.com/,Other,,5,click,OnePlus,,6,dom-inspection,OnePlus Nord N100,https://parts4cells.com/other/oneplus/n-series/oneplus-nord-n100.html,30,1,30,3,dom-inspection,ul#mobile-menu-cat-36 > li.level2.other-section.samsung-sub-category-container > div.samsung-sub-menu-acc > ul.sub-menu-category > li > a.sub-category-link,https://parts4cells.com/other/oneplus/n-series/oneplus-nord-n100.html,False,False,2026-09-07T04:41:35+00:00,,,,,
Parts4Cells,https://parts4cells.com/,Other,,5,click,OnePlus,,6,dom-inspection,Nord CE4,https://parts4cells.com/other/oneplus/n-series/nord-ce4.html,31,1,31,3,dom-inspection,ul#mobile-menu-cat-36 > li.level2.other-section.samsung-sub-category-container > div.samsung-sub-menu-acc > ul.sub-menu-category > li > a.sub-category-link,https://parts4cells.com/other/oneplus/n-series/nord-ce4.html,False,False,2026-09-07T04:41:35+00:00,,,,,
Parts4Cells,https://parts4cells.com/,Other,,5,click,OnePlus,,6,dom-inspection,OnePlus Series,https://parts4cells.com/other/oneplus/oneplus-series.html,32,1,32,3,dom-inspection,ul#mobile-menu-cat-36 > li.level2.other-section.samsung-sub-category-container > a.sub-category-link.samsung-sub-category-toggle,https://parts4cells.com/other/oneplus/oneplus-series.html,False,False,2026-09-07T04:41:35+00:00,,,,,
Parts4Cells,https://parts4cells.com/,Other,,5,click,OnePlus,,6,dom-inspection,OnePlus X,https://parts4cells.com/other/oneplus/oneplus-series/oneplus-x.html,33,1,33,3,dom-inspection,ul#mobile-menu-cat-36 > li.level2.other-section.samsung-sub-category-container > div.samsung-sub-menu-acc > ul.sub-menu-category > li > a.sub-category-link,https://parts4cells.com/other/oneplus/oneplus-series/oneplus-x.html,False,False,2026-09-07T04:41:35+00:00,,,,,
Parts4Cells,https://parts4cells.com/,Other,,5,click,OnePlus,,6,dom-inspection,OnePlus Two,https://parts4cells.com/other/oneplus/oneplus-series/oneplus-two.html,34,1,34,3,dom-inspection,ul#mobile-menu-cat-36 > li.level2.other-section.samsung-sub-category-container > div.samsung-sub-menu-acc > ul.sub-menu-category > li > a.sub-category-link,https://parts4cells.com/other/oneplus/oneplus-series/oneplus-two.html,False,False,2026-09-07T04:41:35+00:00,,,,,
Parts4Cells,https://parts4cells.com/,Other,,5,click,OnePlus,,6,dom-inspection,OnePlus One,https://parts4cells.com/other/oneplus/oneplus-series/oneplus-one.html,35,1,35,3,dom-inspection,ul#mobile-menu-cat-36 > li.level2.other-section.samsung-sub-category-container > div.samsung-sub-menu-acc > ul.sub-menu-category > li > a.sub-category-link,https://parts4cells.com/other/oneplus/oneplus-series/oneplus-one.html,False,False,2026-09-07T04:41:35+00:00,,,,,
Parts4Cells,https://parts4cells.com/,Other,,5,click,OnePlus,,6,dom-inspection,11 Series,https://parts4cells.com/other/oneplus/11-series.html,36,1,36,3,dom-inspection,ul#mobile-menu-cat-36 > li.level2 > a.sub-category-link,https://parts4cells.com/other/oneplus/11-series.html,False,False,2026-09-07T04:41:35+00:00,,,,,
Parts4Cells,https://parts4cells.com/,Other,,5,click,OnePlus,,6,dom-inspection,10 Pro 5G,https://parts4cells.com/other/oneplus/10-pro-5g.html,37,1,37,3,dom-inspection,ul#mobile-menu-cat-36 > li.level2 > a.sub-category-link,https://parts4cells.com/other/oneplus/10-pro-5g.html,False,False,2026-09-07T04:41:35+00:00,,,,,
Parts4Cells,https://parts4cells.com/,Other,,5,click,LG,,7,dom-inspection,G Series,https://parts4cells.com/other/lg/g-series.html,1,1,1,3,dom-inspection,ul#mobile-menu-cat-31 > li.level2.other-section.samsung-sub-category-container > a.sub-category-link.samsung-sub-category-toggle,https://parts4cells.com/other/lg/g-series.html,False,False,2026-09-07T04:41:35+00:00,,,,,
Parts4Cells,https://parts4cells.com/,Other,,5,click,LG,,7,dom-inspection,LG Velvet,https://parts4cells.com/other/lg/g-series/lg-velvet.html,2,1,2,3,dom-inspection,ul#mobile-menu-cat-31 > li.level2.other-section.samsung-sub-category-container > div.samsung-sub-menu-acc > ul.sub-menu-category > li > a.sub-category-link,https://parts4cells.com/other/lg/g-series/lg-velvet.html,False,False,2026-09-07T04:41:35+00:00,,,,,
Parts4Cells,https://parts4cells.com/,Other,,5,click,LG,,7,dom-inspection,LG G8X / V50S ThinQ,https://parts4cells.com/other/lg/g-series/lg-g8x-v50s-thinq.html,3,1,3,3,dom-inspection,ul#mobile-menu-cat-31 > li.level2.other-section.samsung-sub-category-container > div.samsung-sub-menu-acc > ul.sub-menu-category > li > a.sub-category-link,https://parts4cells.com/other/lg/g-series/lg-g8x-v50s-thinq.html,False,False,2026-09-07T04:41:35+00:00,,,,,
Parts4Cells,https://parts4cells.com/,Other,,5,click,LG,,7,dom-inspection,LG G8S,https://parts4cells.com/other/lg/g-series/lg-g8s.html,4,1,4,3,dom-inspection,ul#mobile-menu-cat-31 > li.level2.other-section.samsung-sub-category-container > div.samsung-sub-menu-acc > ul.sub-menu-category > li > a.sub-category-link,https://parts4cells.com/other/lg/g-series/lg-g8s.html,False,False,2026-09-07T04:41:35+00:00,,,,,
Parts4Cells,https://parts4cells.com/,Other,,5,click,LG,,7,dom-inspection,LG G8,https://parts4cells.com/other/lg/g-series/lg-g8.html,5,1,5,3,dom-inspection,ul#mobile-menu-cat-31 > li.level2.other-section.samsung-sub-category-container > div.samsung-sub-menu-acc > ul.sub-menu-category > li > a.sub-category-link,https://parts4cells.com/other/lg/g-series/lg-g8.html,False,False,2026-09-07T04:41:35+00:00,,,,,
Parts4Cells,https://parts4cells.com/,Other,,5,click,LG,,7,dom-inspection,LG G7 ThinQ,https://parts4cells.com/other/lg/g-series/lg-g7-thinq.html,6,1,6,3,dom-inspection,ul#mobile-menu-cat-31 > li.level2.other-section.samsung-sub-category-container > div.samsung-sub-menu-acc > ul.sub-menu-category > li > a.sub-category-link,https://parts4cells.com/other/lg/g-series/lg-g7-thinq.html,False,False,2026-09-07T04:41:35+00:00,,,,,
Parts4Cells,https://parts4cells.com/,Other,,5,click,LG,,7,dom-inspection,LG G7,https://parts4cells.com/other/lg/g-series/lg-g7.html,7,1,7,3,dom-inspection,ul#mobile-menu-cat-31 > li.level2.other-section.samsung-sub-category-container > div.samsung-sub-menu-acc > ul.sub-menu-category > li > a.sub-category-link,https://parts4cells.com/other/lg/g-series/lg-g7.html,False,False,2026-09-07T04:41:35+00:00,,,,,
Parts4Cells,https://parts4cells.com/,Other,,5,click,LG,,7,dom-inspection,LG G6,https://parts4cells.com/other/lg/g-series/lg-g6.html,8,1,8,3,dom-inspection,ul#mobile-menu-cat-31 > li.level2.other-section.samsung-sub-category-container > div.samsung-sub-menu-acc > ul.sub-menu-category > li > a.sub-category-link,https://parts4cells.com/other/lg/g-series/lg-g6.html,False,False,2026-09-07T04:41:35+00:00,,,,,
Parts4Cells,https://parts4cells.com/,Other,,5,click,LG,,7,dom-inspection,LG G Pad F 8 (V496),https://parts4cells.com/other/lg/g-series/lg-g-pad-f-8-v496.html,9,1,9,3,dom-inspection,ul#mobile-menu-cat-31 > li.level2.other-section.samsung-sub-category-container > div.samsung-sub-menu-acc > ul.sub-menu-category > li > a.sub-category-link,https://parts4cells.com/other/lg/g-series/lg-g-pad-f-8-v496.html,False,False,2026-09-07T04:41:35+00:00,,,,,
Parts4Cells,https://parts4cells.com/,Other,,5,click,LG,,7,dom-inspection,LG G Pad F7.0 (LK430),https://parts4cells.com/other/lg/g-series/lg-g-pad-8-lk430.html,10,1,10,3,dom-inspection,ul#mobile-menu-cat-31 > li.level2.other-section.samsung-sub-category-container > div.samsung-sub-menu-acc > ul.sub-menu-category > li > a.sub-category-link,https://parts4cells.com/other/lg/g-series/lg-g-pad-8-lk430.html,False,False,2026-09-07T04:41:35+00:00,,,,,
Parts4Cells,https://parts4cells.com/,Other,,5,click,LG,,7,dom-inspection,LG G pad F2,https://parts4cells.com/other/lg/g-series/lg-g-pad-f2.html,11,1,11,3,dom-inspection,ul#mobile-menu-cat-31 > li.level2.other-section.samsung-sub-category-container > div.samsung-sub-menu-acc > ul.sub-menu-category > li > a.sub-category-link,https://parts4cells.com/other/lg/g-series/lg-g-pad-f2.html,False,False,2026-09-07T04:41:35+00:00,,,,,
Parts4Cells,https://parts4cells.com/,Other,,5,click,LG,,7,dom-inspection,"LG G Pad 7 (V400,V410)",https://parts4cells.com/other/lg/g-series/lg-g-pad-7-v400.html,12,1,12,3,dom-inspection,ul#mobile-menu-cat-31 > li.level2.other-section.samsung-sub-category-container > div.samsung-sub-menu-acc > ul.sub-menu-category > li > a.sub-category-link,https://parts4cells.com/other/lg/g-series/lg-g-pad-7-v400.html,False,False,2026-09-07T04:41:35+00:00,,,,,
Parts4Cells,https://parts4cells.com/,Other,,5,click,LG,,7,dom-inspection,LG G Pad 2 8.0 V498,https://parts4cells.com/other/lg/g-series/lg-g-pad-2-8-0-v498.html,13,1,13,3,dom-inspection,ul#mobile-menu-cat-31 > li.level2.other-section.samsung-sub-category-container > div.samsung-sub-menu-acc > ul.sub-menu-category > li > a.sub-category-link,https://parts4cells.com/other/lg/g-series/lg-g-pad-2-8-0-v498.html,False,False,2026-09-07T04:41:35+00:00,,,,,
Parts4Cells,https://parts4cells.com/,Other,,5,click,LG,,7,dom-inspection,LG G Pad X V521,https://parts4cells.com/other/lg/g-series/lg-g-pad-x-v521.html,14,1,14,3,dom-inspection,ul#mobile-menu-cat-31 > li.level2.other-section.samsung-sub-category-container > div.samsung-sub-menu-acc > ul.sub-menu-category > li > a.sub-category-link,https://parts4cells.com/other/lg/g-series/lg-g-pad-x-v521.html,False,False,2026-09-07T04:41:35+00:00,,,,,
Parts4Cells,https://parts4cells.com/,Other,,5,click,LG,,7,dom-inspection,LG G pad 8.0 V480,https://parts4cells.com/other/lg/g-series/lg-g-pad-8-0-v480.html,15,1,15,3,dom-inspection,ul#mobile-menu-cat-31 > li.level2.other-section.samsung-sub-category-container > div.samsung-sub-menu-acc > ul.sub-menu-category > li > a.sub-category-link,https://parts4cells.com/other/lg/g-series/lg-g-pad-8-0-v480.html,False,False,2026-09-07T04:41:35+00:00,,,,,
Parts4Cells,https://parts4cells.com/,Other,,5,click,LG,,7,dom-inspection,Stylo Series,https://parts4cells.com/other/lg/stylo-series.html,16,1,16,3,dom-inspection,ul#mobile-menu-cat-31 > li.level2.other-section.samsung-sub-category-container > a.sub-category-link.samsung-sub-category-toggle,https://parts4cells.com/other/lg/stylo-series.html,False,False,2026-09-07T04:41:35+00:00,,,,,
Parts4Cells,https://parts4cells.com/,Other,,5,click,LG,,7,dom-inspection,Lg Stylo 7,https://parts4cells.com/other/lg/stylo-series/lg-stylo-7.html,17,1,17,3,dom-inspection,ul#mobile-menu-cat-31 > li.level2.other-section.samsung-sub-category-container > div.samsung-sub-menu-acc > ul.sub-menu-category > li > a.sub-category-link,https://parts4cells.com/other/lg/stylo-series/lg-stylo-7.html,False,False,2026-09-07T04:41:35+00:00,,,,,
Parts4Cells,https://parts4cells.com/,Other,,5,click,LG,,7,dom-inspection,LG Stylo 6,https://parts4cells.com/other/lg/stylo-series/lg-stylo-6.html,18,1,18,3,dom-inspection,ul#mobile-menu-cat-31 > li.level2.other-section.samsung-sub-category-container > div.samsung-sub-menu-acc > ul.sub-menu-category > li > a.sub-category-link,https://parts4cells.com/other/lg/stylo-series/lg-stylo-6.html,False,False,2026-09-07T04:41:35+00:00,,,,,
Parts4Cells,https://parts4cells.com/,Other,,5,click,LG,,7,dom-inspection,LG Stylo 5,https://parts4cells.com/other/lg/stylo-series/lg-stylo-5.html,19,1,19,3,dom-inspection,ul#mobile-menu-cat-31 > li.level2.other-section.samsung-sub-category-container > div.samsung-sub-menu-acc > ul.sub-menu-category > li > a.sub-category-link,https://parts4cells.com/other/lg/stylo-series/lg-stylo-5.html,False,False,2026-09-07T04:41:35+00:00,,,,,
Parts4Cells,https://parts4cells.com/,Other,,5,click,LG,,7,dom-inspection,LG Stylo 4 / Stylo 4 Plus,https://parts4cells.com/other/lg/stylo-series/lg-stylo-4-stylo-4-plus.html,20,1,20,3,dom-inspection,ul#mobile-menu-cat-31 > li.level2.other-section.samsung-sub-category-container > div.samsung-sub-menu-acc > ul.sub-menu-category > li > a.sub-category-link,https://parts4cells.com/other/lg/stylo-series/lg-stylo-4-stylo-4-plus.html,False,False,2026-09-07T04:41:35+00:00,,,,,
Parts4Cells,https://parts4cells.com/,Other,,5,click,LG,,7,dom-inspection,LG Stylo 3 Plus,https://parts4cells.com/other/lg/stylo-series/lg-stylo-3-plus.html,21,1,21,3,dom-inspection,ul#mobile-menu-cat-31 > li.level2.other-section.samsung-sub-category-container > div.samsung-sub-menu-acc > ul.sub-menu-category > li > a.sub-category-link,https://parts4cells.com/other/lg/stylo-series/lg-stylo-3-plus.html,False,False,2026-09-07T04:41:35+00:00,,,,,
Parts4Cells,https://parts4cells.com/,Other,,5,click,LG,,7,dom-inspection,LG Stylo 3 (LS777),https://parts4cells.com/other/lg/stylo-series/lg-stylo-3-ls777.html,22,1,22,3,dom-inspection,ul#mobile-menu-cat-31 > li.level2.other-section.samsung-sub-category-container > div.samsung-sub-menu-acc > ul.sub-menu-category > li > a.sub-category-link,https://parts4cells.com/other/lg/stylo-series/lg-stylo-3-ls777.html,False,False,2026-09-07T04:41:35+00:00,,,,,
Parts4Cells,https://parts4cells.com/,Other,,5,click,LG,,7,dom-inspection,LG Stylo 2 Plus (K550),https://parts4cells.com/other/lg/stylo-series/lg-stylo-2-plus-k550.html,23,1,23,3,dom-inspection,ul#mobile-menu-cat-31 > li.level2.other-section.samsung-sub-category-container > div.samsung-sub-menu-acc > ul.sub-menu-category > li > a.sub-category-link,https://parts4cells.com/other/lg/stylo-series/lg-stylo-2-plus-k550.html,False,False,2026-09-07T04:41:35+00:00,,,,,
Parts4Cells,https://parts4cells.com/,Other,,5,click,LG,,7,dom-inspection,LG Stylo 2 (LS775),https://parts4cells.com/other/lg/stylo-series/lg-stylo-2-ls775.html,24,1,24,3,dom-inspection,ul#mobile-menu-cat-31 > li.level2.other-section.samsung-sub-category-container > div.samsung-sub-menu-acc > ul.sub-menu-category > li > a.sub-category-link,https://parts4cells.com/other/lg/stylo-series/lg-stylo-2-ls775.html,False,False,2026-09-07T04:41:35+00:00,,,,,
Parts4Cells,https://parts4cells.com/,Other,,5,click,LG,,7,dom-inspection,LG Stylo (LS770,https://parts4cells.com/other/lg/stylo-series/lg-stylo-ls770.html,25,1,25,3,dom-inspection,ul#mobile-menu-cat-31 > li.level2.other-section.samsung-sub-category-container > div.samsung-sub-menu-acc > ul.sub-menu-category > li > a.sub-category-link,https://parts4cells.com/other/lg/stylo-series/lg-stylo-ls770.html,False,False,2026-09-07T04:41:35+00:00,,,,,
Parts4Cells,https://parts4cells.com/,Other,,5,click,LG,,7,dom-inspection,LG K Series,https://parts4cells.com/other/lg/lg-k-series.html,26,1,26,3,dom-inspection,ul#mobile-menu-cat-31 > li.level2.other-section.samsung-sub-category-container > a.sub-category-link.samsung-sub-category-toggle,https://parts4cells.com/other/lg/lg-k-series.html,False,False,2026-09-07T04:41:35+00:00,,,,,
Parts4Cells,https://parts4cells.com/,Other,,5,click,LG,,7,dom-inspection,LG K92 5G,https://parts4cells.com/other/lg/lg-k-series/lg-k92-5g.html,27,1,27,3,dom-inspection,ul#mobile-menu-cat-31 > li.level2.other-section.samsung-sub-category-container > div.samsung-sub-menu-acc > ul.sub-menu-category > li > a.sub-category-link,https://parts4cells.com/other/lg/lg-k-series/lg-k92-5g.html,False,False,2026-09-07T04:41:35+00:00,,,,,
Parts4Cells,https://parts4cells.com/,Other,,5,click,LG,,7,dom-inspection,LG K61,https://parts4cells.com/other/lg/lg-k-series/lg-k61.html,28,1,28,3,dom-inspection,ul#mobile-menu-cat-31 > li.level2.other-section.samsung-sub-category-container > div.samsung-sub-menu-acc > ul.sub-menu-category > li > a.sub-category-link,https://parts4cells.com/other/lg/lg-k-series/lg-k61.html,False,False,2026-09-07T04:41:35+00:00,,,,,
Parts4Cells,https://parts4cells.com/,Other,,5,click,LG,,7,dom-inspection,LG K51 / K50S,https://parts4cells.com/other/lg/lg-k-series/lg-k51-k50s.html,29,1,29,3,dom-inspection,ul#mobile-menu-cat-31 > li.level2.other-section.samsung-sub-category-container > div.samsung-sub-menu-acc > ul.sub-menu-category > li > a.sub-category-link,https://parts4cells.com/other/lg/lg-k-series/lg-k51-k50s.html,False,False,2026-09-07T04:41:35+00:00,,,,,
Parts4Cells,https://parts4cells.com/,Other,,5,click,LG,,7,dom-inspection,LG K50 / LG Q60,https://parts4cells.com/other/lg/lg-k-series/lg-k50.html,30,1,30,3,dom-inspection,ul#mobile-menu-cat-31 > li.level2.other-section.samsung-sub-category-container > div.samsung-sub-menu-acc > ul.sub-menu-category > li > a.sub-category-link,https://parts4cells.com/other/lg/lg-k-series/lg-k50.html,False,False,2026-09-07T04:41:35+00:00,,,,,
Parts4Cells,https://parts4cells.com/,Other,,5,click,LG,,7,dom-inspection,LG K42 / K52,https://parts4cells.com/other/lg/lg-k-series/lg-k42-k52.html,31,1,31,3,dom-inspection,ul#mobile-menu-cat-31 > li.level2.other-section.samsung-sub-category-container > div.samsung-sub-menu-acc > ul.sub-menu-category > li > a.sub-category-link,https://parts4cells.com/other/lg/lg-k-series/lg-k42-k52.html,False,False,2026-09-07T04:41:35+00:00,,,,,
Parts4Cells,https://parts4cells.com/,Other,,5,click,LG,,7,dom-inspection,LG K41/ Harmony 4 (2020),https://parts4cells.com/other/lg/lg-k-series/lg-k41-harmony-4-2020.html,32,1,32,3,dom-inspection,ul#mobile-menu-cat-31 > li.level2.other-section.samsung-sub-category-container > div.samsung-sub-menu-acc > ul.sub-menu-category > li > a.sub-category-link,https://parts4cells.com/other/lg/lg-k-series/lg-k41-harmony-4-2020.html,False,False,2026-09-07T04:41:35+00:00,,,,,
Parts4Cells,https://parts4cells.com/,Other,,5,click,LG,,7,dom-inspection,LG K40 / K12 Plus,https://parts4cells.com/other/lg/lg-k-series/lg-k40-k12-plus.html,33,1,33,3,dom-inspection,ul#mobile-menu-cat-31 > li.level2.other-section.samsung-sub-category-container > div.samsung-sub-menu-acc > ul.sub-menu-category > li > a.sub-category-link,https://parts4cells.com/other/lg/lg-k-series/lg-k40-k12-plus.html,False,False,2026-09-07T04:41:35+00:00,,,,,
Parts4Cells,https://parts4cells.com/,Other,,5,click,LG,,7,dom-inspection,LG K31/ K8X/ Phoenix 5,https://parts4cells.com/other/lg/lg-k-series/lg-k33.html,34,1,34,3,dom-inspection,ul#mobile-menu-cat-31 > li.level2.other-section.samsung-sub-category-container > div.samsung-sub-menu-acc > ul.sub-menu-category > li > a.sub-category-link,https://parts4cells.com/other/lg/lg-k-series/lg-k33.html,False,False,2026-09-07T04:41:35+00:00,,,,,
Parts4Cells,https://parts4cells.com/,Other,,5,click,LG,,7,dom-inspection,LG K22,https://parts4cells.com/other/lg/lg-k-series/lg-k22.html,35,1,35,3,dom-inspection,ul#mobile-menu-cat-31 > li.level2.other-section.samsung-sub-category-container > div.samsung-sub-menu-acc > ul.sub-menu-category > li > a.sub-category-link,https://parts4cells.com/other/lg/lg-k-series/lg-k22.html,False,False,2026-09-07T04:41:35+00:00,,,,,
Parts4Cells,https://parts4cells.com/,Other,,5,click,LG,,7,dom-inspection,LG Phoenix Plus / K10 (2018) / K11 Prime / K30 / K30 Plus,https://parts4cells.com/other/lg/lg-k-series/lg-phoenix-plus-k10-2018-k11-prime-k30-k30-plus.html,36,1,36,3,dom-inspection,ul#mobile-menu-cat-31 > li.level2.other-section.samsung-sub-category-container > div.samsung-sub-menu-acc > ul.sub-menu-category > li > a.sub-category-link,https://parts4cells.com/other/lg/lg-k-series/lg-phoenix-plus-k10-2018-k11-prime-k30-k30-plus.html,False,False,2026-09-07T04:41:35+00:00,,,,,
Parts4Cells,https://parts4cells.com/,Other,,5,click,LG,,7,dom-inspection,LG K10 (2017) / K20 / K20 Plus,https://parts4cells.com/other/lg/lg-k-series/lg-k10-2017-k20-k20-plus.html,37,1,37,3,dom-inspection,ul#mobile-menu-cat-31 > li.level2.other-section.samsung-sub-category-container > div.samsung-sub-menu-acc > ul.sub-menu-category > li > a.sub-category-link,https://parts4cells.com/other/lg/lg-k-series/lg-k10-2017-k20-k20-plus.html,False,False,2026-09-07T04:41:35+00:00,,,,,
Parts4Cells,https://parts4cells.com/,Other,,5,click,LG,,7,dom-inspection,LG K10 (2016),https://parts4cells.com/other/lg/lg-k-series/lg-k10-2016.html,38,1,38,3,dom-inspection,ul#mobile-menu-cat-31 > li.level2.other-section.samsung-sub-category-container > div.samsung-sub-menu-acc > ul.sub-menu-category > li > a.sub-category-link,https://parts4cells.com/other/lg/lg-k-series/lg-k10-2016.html,False,False,2026-09-07T04:41:35+00:00,,,,,
Parts4Cells,https://parts4cells.com/,Other,,5,click,LG,,7,dom-inspection,LG K9,https://parts4cells.com/other/lg/lg-k-series/lg-k9.html,39,1,39,3,dom-inspection,ul#mobile-menu-cat-31 > li.level2.other-section.samsung-sub-category-container > div.samsung-sub-menu-acc > ul.sub-menu-category > li > a.sub-category-link,https://parts4cells.com/other/lg/lg-k-series/lg-k9.html,False,False,2026-09-07T04:41:35+00:00,,,,,
Parts4Cells,https://parts4cells.com/,Other,,5,click,LG,,7,dom-inspection,LG K8 (2018),https://parts4cells.com/other/lg/lg-k-series/lg-k8.html,40,1,40,3,dom-inspection,ul#mobile-menu-cat-31 > li.level2.other-section.samsung-sub-category-container > div.samsung-sub-menu-acc > ul.sub-menu-category > li > a.sub-category-link,https://parts4cells.com/other/lg/lg-k-series/lg-k8.html,False,False,2026-09-07T04:41:35+00:00,,,,,
Parts4Cells,https://parts4cells.com/,Other,,5,click,LG,,7,dom-inspection,LG K8 (2016),https://parts4cells.com/other/lg/lg-k-series/lg-k8-2016.html,41,1,41,3,dom-inspection,ul#mobile-menu-cat-31 > li.level2.other-section.samsung-sub-category-container > div.samsung-sub-menu-acc > ul.sub-menu-category > li > a.sub-category-link,https://parts4cells.com/other/lg/lg-k-series/lg-k8-2016.html,False,False,2026-09-07T04:41:35+00:00,,,,,
Parts4Cells,https://parts4cells.com/,Other,,5,click,LG,,7,dom-inspection,LG K7 (LS675),https://parts4cells.com/other/lg/lg-k-series/lg-k7-ls675.html,42,1,42,3,dom-inspection,ul#mobile-menu-cat-31 > li.level2.other-section.samsung-sub-category-container > div.samsung-sub-menu-acc > ul.sub-menu-category > li > a.sub-category-link,https://parts4cells.com/other/lg/lg-k-series/lg-k7-ls675.html,False,False,2026-09-07T04:41:35+00:00,,,,,
Parts4Cells,https://parts4cells.com/,Other,,5,click,LG,,7,dom-inspection,LG K4,https://parts4cells.com/other/lg/lg-k-series/lg-k4.html,43,1,43,3,dom-inspection,ul#mobile-menu-cat-31 > li.level2.other-section.samsung-sub-category-container > div.samsung-sub-menu-acc > ul.sub-menu-category > li > a.sub-category-link,https://parts4cells.com/other/lg/lg-k-series/lg-k4.html,False,False,2026-09-07T04:41:35+00:00,,,,,
Parts4Cells,https://parts4cells.com/,Other,,5,click,LG,,7,dom-inspection,LG K3,https://parts4cells.com/other/lg/lg-k-series/lg-k3.html,44,1,44,3,dom-inspection,ul#mobile-menu-cat-31 > li.level2.other-section.samsung-sub-category-container > div.samsung-sub-menu-acc > ul.sub-menu-category > li > a.sub-category-link,https://parts4cells.com/other/lg/lg-k-series/lg-k3.html,False,False,2026-09-07T04:41:35+00:00,,,,,
Parts4Cells,https://parts4cells.com/,Other,,5,click,LG,,7,dom-inspection,Other LG,https://parts4cells.com/other/lg/other-lg.html,45,1,45,3,dom-inspection,ul#mobile-menu-cat-31 > li.level2.other-section.samsung-sub-category-container > a.sub-category-link.samsung-sub-category-toggle,https://parts4cells.com/other/lg/other-lg.html,False,False,2026-09-07T04:41:35+00:00,,,,,
Parts4Cells,https://parts4cells.com/,Other,,5,click,LG,,7,dom-inspection,LG Tribute Dynasty (SP200),https://parts4cells.com/other/lg/other-lg/lg-tribute-dynasty-sp200.html,46,1,46,3,dom-inspection,ul#mobile-menu-cat-31 > li.level2.other-section.samsung-sub-category-container > div.samsung-sub-menu-acc > ul.sub-menu-category > li > a.sub-category-link,https://parts4cells.com/other/lg/other-lg/lg-tribute-dynasty-sp200.html,False,False,2026-09-07T04:41:35+00:00,,,,,
Parts4Cells,https://parts4cells.com/,Other,,5,click,LG,,7,dom-inspection,LG Wing,https://parts4cells.com/other/lg/other-lg/lg-wing.html,47,1,47,3,dom-inspection,ul#mobile-menu-cat-31 > li.level2.other-section.samsung-sub-category-container > div.samsung-sub-menu-acc > ul.sub-menu-category > li > a.sub-category-link,https://parts4cells.com/other/lg/other-lg/lg-wing.html,False,False,2026-09-07T04:41:35+00:00,,,,,
Parts4Cells,https://parts4cells.com/,Other,,5,click,LG,,7,dom-inspection,LG Q92,https://parts4cells.com/other/lg/other-lg/lg-q92.html,48,1,48,3,dom-inspection,ul#mobile-menu-cat-31 > li.level2.other-section.samsung-sub-category-container > div.samsung-sub-menu-acc > ul.sub-menu-category > li > a.sub-category-link,https://parts4cells.com/other/lg/other-lg/lg-q92.html,False,False,2026-09-07T04:41:35+00:00,,,,,
Parts4Cells,https://parts4cells.com/,Other,,5,click,LG,,7,dom-inspection,LG Q70,https://parts4cells.com/other/lg/other-lg/lg-q70.html,49,1,49,3,dom-inspection,ul#mobile-menu-cat-31 > li.level2.other-section.samsung-sub-category-container > div.samsung-sub-menu-acc > ul.sub-menu-category > li > a.sub-category-link,https://parts4cells.com/other/lg/other-lg/lg-q70.html,False,False,2026-09-07T04:41:35+00:00,,,,,
Parts4Cells,https://parts4cells.com/,Other,,5,click,LG,,7,dom-inspection,LG Q60,https://parts4cells.com/other/lg/other-lg/lg-q60.html,50,1,50,3,dom-inspection,ul#mobile-menu-cat-31 > li.level2.other-section.samsung-sub-category-container > div.samsung-sub-menu-acc > ul.sub-menu-category > li > a.sub-category-link,https://parts4cells.com/other/lg/other-lg/lg-q60.html,False,False,2026-09-07T04:41:35+00:00,,,,,
Parts4Cells,https://parts4cells.com/,Other,,5,click,LG,,7,dom-inspection,LG Q51,https://parts4cells.com/other/lg/other-lg/lg-q51.html,51,1,51,3,dom-inspection,ul#mobile-menu-cat-31 > li.level2.other-section.samsung-sub-category-container > div.samsung-sub-menu-acc > ul.sub-menu-category > li > a.sub-category-link,https://parts4cells.com/other/lg/other-lg/lg-q51.html,False,False,2026-09-07T04:41:35+00:00,,,,,
Parts4Cells,https://parts4cells.com/,Other,,5,click,LG,,7,dom-inspection,LG Q9,https://parts4cells.com/other/lg/other-lg/lg-q9.html,52,1,52,3,dom-inspection,ul#mobile-menu-cat-31 > li.level2.other-section.samsung-sub-category-container > div.samsung-sub-menu-acc > ul.sub-menu-category > li > a.sub-category-link,https://parts4cells.com/other/lg/other-lg/lg-q9.html,False,False,2026-09-07T04:41:35+00:00,,,,,
Parts4Cells,https://parts4cells.com/,Other,,5,click,LG,,7,dom-inspection,LG Q8,https://parts4cells.com/other/lg/other-lg/lg-q8.html,53,1,53,3,dom-inspection,ul#mobile-menu-cat-31 > li.level2.other-section.samsung-sub-category-container > div.samsung-sub-menu-acc > ul.sub-menu-category > li > a.sub-category-link,https://parts4cells.com/other/lg/other-lg/lg-q8.html,False,False,2026-09-07T04:41:35+00:00,,,,,
Parts4Cells,https://parts4cells.com/,Other,,5,click,LG,,7,dom-inspection,LG Q7,https://parts4cells.com/other/lg/other-lg/lg-q7.html,54,1,54,3,dom-inspection,ul#mobile-menu-cat-31 > li.level2.other-section.samsung-sub-category-container > div.samsung-sub-menu-acc > ul.sub-menu-category > li > a.sub-category-link,https://parts4cells.com/other/lg/other-lg/lg-q7.html,False,False,2026-09-07T04:41:35+00:00,,,,,
Parts4Cells,https://parts4cells.com/,Other,,5,click,LG,,7,dom-inspection,LG Q6 / Q6 Plus (M700 / X600),https://parts4cells.com/other/lg/other-lg/lg-q6-q6-plus-m700-x600.html,55,1,55,3,dom-inspection,ul#mobile-menu-cat-31 > li.level2.other-section.samsung-sub-category-container > div.samsung-sub-menu-acc > ul.sub-menu-category > li > a.sub-category-link,https://parts4cells.com/other/lg/other-lg/lg-q6-q6-plus-m700-x600.html,False,False,2026-09-07T04:41:35+00:00,,,,,
Parts4Cells,https://parts4cells.com/,Other,,5,click,LG,,7,dom-inspection,LG Fortune (M153),https://parts4cells.com/other/lg/other-lg/lg-fortune-m153.html,56,1,56,3,dom-inspection,ul#mobile-menu-cat-31 > li.level2.other-section.samsung-sub-category-container > div.samsung-sub-menu-acc > ul.sub-menu-category > li > a.sub-category-link,https://parts4cells.com/other/lg/other-lg/lg-fortune-m153.html,False,False,2026-09-07T04:41:35+00:00,,,,,
Parts4Cells,https://parts4cells.com/,Other,,5,click,LG,,7,dom-inspection,LG Fortune 2,https://parts4cells.com/other/lg/other-lg/lg-fortune-2.html,57,1,57,3,dom-inspection,ul#mobile-menu-cat-31 > li.level2.other-section.samsung-sub-category-container > div.samsung-sub-menu-acc > ul.sub-menu-category > li > a.sub-category-link,https://parts4cells.com/other/lg/other-lg/lg-fortune-2.html,False,False,2026-09-07T04:41:35+00:00,,,,,
Parts4Cells,https://parts4cells.com/,Other,,5,click,LG,,7,dom-inspection,LG Phoenix 3,https://parts4cells.com/other/lg/other-lg/lg-phoenix-3.html,58,1,58,3,dom-inspection,ul#mobile-menu-cat-31 > li.level2.other-section.samsung-sub-category-container > div.samsung-sub-menu-acc > ul.sub-menu-category > li > a.sub-category-link,https://parts4cells.com/other/lg/other-lg/lg-phoenix-3.html,False,False,2026-09-07T04:41:35+00:00,,,,,
Parts4Cells,https://parts4cells.com/,Other,,5,click,LG,,7,dom-inspection,LG Tribute (LS660),https://parts4cells.com/other/lg/other-lg/lg-tribute-ls660.html,59,1,59,3,dom-inspection,ul#mobile-menu-cat-31 > li.level2.other-section.samsung-sub-category-container > div.samsung-sub-menu-acc > ul.sub-menu-category > li > a.sub-category-link,https://parts4cells.com/other/lg/other-lg/lg-tribute-ls660.html,False,False,2026-09-07T04:41:35+00:00,,,,,
Parts4Cells,https://parts4cells.com/,Other,,5,click,LG,,7,dom-inspection,LG Tribute HD (LS676),https://parts4cells.com/other/lg/other-lg/lg-tribute-hd-ls676.html,60,1,60,3,dom-inspection,ul#mobile-menu-cat-31 > li.level2.other-section.samsung-sub-category-container > div.samsung-sub-menu-acc > ul.sub-menu-category > li > a.sub-category-link,https://parts4cells.com/other/lg/other-lg/lg-tribute-hd-ls676.html,False,False,2026-09-07T04:41:35+00:00,,,,,
Parts4Cells,https://parts4cells.com/,Other,,5,click,LG,,7,dom-inspection,LG Tribute 2/Leon (LS665),https://parts4cells.com/other/lg/other-lg/lg-tribute-2-leon-ls665.html,61,1,61,3,dom-inspection,ul#mobile-menu-cat-31 > li.level2.other-section.samsung-sub-category-container > div.samsung-sub-menu-acc > ul.sub-menu-category > li > a.sub-category-link,https://parts4cells.com/other/lg/other-lg/lg-tribute-2-leon-ls665.html,False,False,2026-09-07T04:41:35+00:00,,,,,
Parts4Cells,https://parts4cells.com/,Other,,5,click,LG,,7,dom-inspection,LG Magna (H502),https://parts4cells.com/other/lg/other-lg/lg-magna-h502.html,62,1,62,3,dom-inspection,ul#mobile-menu-cat-31 > li.level2.other-section.samsung-sub-category-container > div.samsung-sub-menu-acc > ul.sub-menu-category > li > a.sub-category-link,https://parts4cells.com/other/lg/other-lg/lg-magna-h502.html,False,False,2026-09-07T04:41:35+00:00,,,,,
Parts4Cells,https://parts4cells.com/,Other,,5,click,LG,,7,dom-inspection,LG Nexus 4 (E960),https://parts4cells.com/other/lg/other-lg/lg-nexus-4-e960.html,63,1,63,3,dom-inspection,ul#mobile-menu-cat-31 > li.level2.other-section.samsung-sub-category-container > div.samsung-sub-menu-acc > ul.sub-menu-category > li > a.sub-category-link,https://parts4cells.com/other/lg/other-lg/lg-nexus-4-e960.html,False,False,2026-09-07T04:41:35+00:00,,,,,
Parts4Cells,https://parts4cells.com/,Other,,5,click,LG,,7,dom-inspection,LG Nexus 5 (D820),https://parts4cells.com/other/lg/other-lg/lg-nexus-5-d820.html,64,1,64,3,dom-inspection,ul#mobile-menu-cat-31 > li.level2.other-section.samsung-sub-category-container > div.samsung-sub-menu-acc > ul.sub-menu-category > li > a.sub-category-link,https://parts4cells.com/other/lg/other-lg/lg-nexus-5-d820.html,False,False,2026-09-07T04:41:35+00:00,,,,,
Parts4Cells,https://parts4cells.com/,Other,,5,click,LG,,7,dom-inspection,LG Nexus 5X (H970),https://parts4cells.com/other/lg/other-lg/lg-nexus-5x-h970.html,65,1,65,3,dom-inspection,ul#mobile-menu-cat-31 > li.level2.other-section.samsung-sub-category-container > div.samsung-sub-menu-acc > ul.sub-menu-category > li > a.sub-category-link,https://parts4cells.com/other/lg/other-lg/lg-nexus-5x-h970.html,False,False,2026-09-07T04:41:35+00:00,,,,,
Parts4Cells,https://parts4cells.com/,Other,,5,click,LG,,7,dom-inspection,LG F60 (D390N),https://parts4cells.com/other/lg/other-lg/lg-f60-d390n.html,66,1,66,3,dom-inspection,ul#mobile-menu-cat-31 > li.level2.other-section.samsung-sub-category-container > div.samsung-sub-menu-acc > ul.sub-menu-category > li > a.sub-category-link,https://parts4cells.com/other/lg/other-lg/lg-f60-d390n.html,False,False,2026-09-07T04:41:35+00:00,,,,,
Parts4Cells,https://parts4cells.com/,Other,,5,click,LG,,7,dom-inspection,LG Optimus G (E970),https://parts4cells.com/other/lg/other-lg/lg-optimus-g-e970.html,67,1,67,3,dom-inspection,ul#mobile-menu-cat-31 > li.level2.other-section.samsung-sub-category-container > div.samsung-sub-menu-acc > ul.sub-menu-category > li > a.sub-category-link,https://parts4cells.com/other/lg/other-lg/lg-optimus-g-e970.html,False,False,2026-09-07T04:41:35+00:00,,,,,
Parts4Cells,https://parts4cells.com/,Other,,5,click,LG,,7,dom-inspection,LG V Series,https://parts4cells.com/other/lg/lg-v-series.html,68,1,68,3,dom-inspection,ul#mobile-menu-cat-31 > li.level2.other-section.samsung-sub-category-container > a.sub-category-link.samsung-sub-category-toggle,https://parts4cells.com/other/lg/lg-v-series.html,False,False,2026-09-07T04:41:35+00:00,,,,,
Parts4Cells,https://parts4cells.com/,Other,,5,click,LG,,7,dom-inspection,LG V60,https://parts4cells.com/other/lg/lg-v-series/lg-v60.html,69,1,69,3,dom-inspection,ul#mobile-menu-cat-31 > li.level2.other-section.samsung-sub-category-container > div.samsung-sub-menu-acc > ul.sub-menu-category > li > a.sub-category-link,https://parts4cells.com/other/lg/lg-v-series/lg-v60.html,False,False,2026-09-07T04:41:35+00:00,,,,,
Parts4Cells,https://parts4cells.com/,Other,,5,click,LG,,7,dom-inspection,LG G8X / V50S ThinQ,https://parts4cells.com/other/lg/lg-v-series/lg-g8x-v50s-thinq.html,70,1,70,3,dom-inspection,ul#mobile-menu-cat-31 > li.level2.other-section.samsung-sub-category-container > div.samsung-sub-menu-acc > ul.sub-menu-category > li > a.sub-category-link,https://parts4cells.com/other/lg/lg-v-series/lg-g8x-v50s-thinq.html,False,False,2026-09-07T04:41:35+00:00,,,,,
Parts4Cells,https://parts4cells.com/,Other,,5,click,LG,,7,dom-inspection,LG V50 ThinQ,https://parts4cells.com/other/lg/lg-v-series/lg-v50-thinq.html,71,1,71,3,dom-inspection,ul#mobile-menu-cat-31 > li.level2.other-section.samsung-sub-category-container > div.samsung-sub-menu-acc > ul.sub-menu-category > li > a.sub-category-link,https://parts4cells.com/other/lg/lg-v-series/lg-v50-thinq.html,False,False,2026-09-07T04:41:35+00:00,,,,,
Parts4Cells,https://parts4cells.com/,Other,,5,click,LG,,7,dom-inspection,LG V40 ThinQ,https://parts4cells.com/other/lg/lg-v-series/lg-v40-thinq.html,72,1,72,3,dom-inspection,ul#mobile-menu-cat-31 > li.level2.other-section.samsung-sub-category-container > div.samsung-sub-menu-acc > ul.sub-menu-category > li > a.sub-category-link,https://parts4cells.com/other/lg/lg-v-series/lg-v40-thinq.html,False,False,2026-09-07T04:41:35+00:00,,,,,
Parts4Cells,https://parts4cells.com/,Other,,5,click,LG,,7,dom-inspection,LG V35 ThinQ,https://parts4cells.com/other/lg/lg-v-series/lg-v35-thinq.html,73,1,73,3,dom-inspection,ul#mobile-menu-cat-31 > li.level2.other-section.samsung-sub-category-container > div.samsung-sub-menu-acc > ul.sub-menu-category > li > a.sub-category-link,https://parts4cells.com/other/lg/lg-v-series/lg-v35-thinq.html,False,False,2026-09-07T04:41:35+00:00,,,,,
Parts4Cells,https://parts4cells.com/,Other,,5,click,LG,,7,dom-inspection,LG V30 (H930),https://parts4cells.com/other/lg/lg-v-series/lg-v30-h930.html,74,1,74,3,dom-inspection,ul#mobile-menu-cat-31 > li.level2.other-section.samsung-sub-category-container > div.samsung-sub-menu-acc > ul.sub-menu-category > li > a.sub-category-link,https://parts4cells.com/other/lg/lg-v-series/lg-v30-h930.html,False,False,2026-09-07T04:41:35+00:00,,,,,
Parts4Cells,https://parts4cells.com/,Other,,5,click,LG,,7,dom-inspection,LG V20 (F800K),https://parts4cells.com/other/lg/lg-v-series/lg-v20-f800k.html,75,1,75,3,dom-inspection,ul#mobile-menu-cat-31 > li.level2.other-section.samsung-sub-category-container > div.samsung-sub-menu-acc > ul.sub-menu-category > li > a.sub-category-link,https://parts4cells.com/other/lg/lg-v-series/lg-v20-f800k.html,False,False,2026-09-07T04:41:35+00:00,,,,,
Parts4Cells,https://parts4cells.com/,Other,,5,click,LG,,7,dom-inspection,LG V10 (H900),https://parts4cells.com/other/lg/lg-v-series/lg-v10-h900.html,76,1,76,3,dom-inspection,ul#mobile-menu-cat-31 > li.level2.other-section.samsung-sub-category-container > div.samsung-sub-menu-acc > ul.sub-menu-category > li > a.sub-category-link,https://parts4cells.com/other/lg/lg-v-series/lg-v10-h900.html,False,False,2026-09-07T04:41:35+00:00,,,,,
Parts4Cells,https://parts4cells.com/,Other,,5,click,LG,,7,dom-inspection,LG Aristo Series,https://parts4cells.com/other/lg/lg-aristo-series.html,77,1,77,3,dom-inspection,ul#mobile-menu-cat-31 > li.level2.other-section.samsung-sub-category-container > a.sub-category-link.samsung-sub-category-toggle,https://parts4cells.com/other/lg/lg-aristo-series.html,False,False,2026-09-07T04:41:35+00:00,,,,,
Parts4Cells,https://parts4cells.com/,Other,,5,click,LG,,7,dom-inspection,LG Aristo 5,https://parts4cells.com/other/lg/lg-aristo-series/lg-aristo-5.html,78,1,78,3,dom-inspection,ul#mobile-menu-cat-31 > li.level2.other-section.samsung-sub-category-container > div.samsung-sub-menu-acc > ul.sub-menu-category > li > a.sub-category-link,https://parts4cells.com/other/lg/lg-aristo-series/lg-aristo-5.html,False,False,2026-09-07T04:41:35+00:00,,,,,
Parts4Cells,https://parts4cells.com/,Other,,5,click,LG,,7,dom-inspection,LG Aristo 4 Plus,https://parts4cells.com/other/lg/lg-aristo-series/lg-aristo-4-plus.html,79,1,79,3,dom-inspection,ul#mobile-menu-cat-31 > li.level2.other-section.samsung-sub-category-container > div.samsung-sub-menu-acc > ul.sub-menu-category > li > a.sub-category-link,https://parts4cells.com/other/lg/lg-aristo-series/lg-aristo-4-plus.html,False,False,2026-09-07T04:41:35+00:00,,,,,
Parts4Cells,https://parts4cells.com/,Other,,5,click,LG,,7,dom-inspection,Lg Aristo 3 Plus,https://parts4cells.com/other/lg/lg-aristo-series/lg-aristo-3-plus.html,80,1,80,3,dom-inspection,ul#mobile-menu-cat-31 > li.level2.other-section.samsung-sub-category-container > div.samsung-sub-menu-acc > ul.sub-menu-category > li > a.sub-category-link,https://parts4cells.com/other/lg/lg-aristo-series/lg-aristo-3-plus.html,False,False,2026-09-07T04:41:35+00:00,,,,,
Parts4Cells,https://parts4cells.com/,Other,,5,click,LG,,7,dom-inspection,LG Aristo 3,https://parts4cells.com/other/lg/lg-aristo-series/lg-aristo-3.html,81,1,81,3,dom-inspection,ul#mobile-menu-cat-31 > li.level2.other-section.samsung-sub-category-container > div.samsung-sub-menu-acc > ul.sub-menu-category > li > a.sub-category-link,https://parts4cells.com/other/lg/lg-aristo-series/lg-aristo-3.html,False,False,2026-09-07T04:41:35+00:00,,,,,
Parts4Cells,https://parts4cells.com/,Other,,5,click,LG,,7,dom-inspection,LG Aristo 2 Plus,https://parts4cells.com/other/lg/lg-aristo-series/lg-aristo-2-plus.html,82,1,82,3,dom-inspection,ul#mobile-menu-cat-31 > li.level2.other-section.samsung-sub-category-container > div.samsung-sub-menu-acc > ul.sub-menu-category > li > a.sub-category-link,https://parts4cells.com/other/lg/lg-aristo-series/lg-aristo-2-plus.html,False,False,2026-09-07T04:41:35+00:00,,,,,
Parts4Cells,https://parts4cells.com/,Other,,5,click,LG,,7,dom-inspection,LG Aristo 2,https://parts4cells.com/other/lg/lg-aristo-series/lg-aristo-2.html,83,1,83,3,dom-inspection,ul#mobile-menu-cat-31 > li.level2.other-section.samsung-sub-category-container > div.samsung-sub-menu-acc > ul.sub-menu-category > li > a.sub-category-link,https://parts4cells.com/other/lg/lg-aristo-series/lg-aristo-2.html,False,False,2026-09-07T04:41:35+00:00,,,,,
Parts4Cells,https://parts4cells.com/,Other,,5,click,LG,,7,dom-inspection,LG Aristo,https://parts4cells.com/other/lg/lg-aristo-series/lg-aristo.html,84,1,84,3,dom-inspection,ul#mobile-menu-cat-31 > li.level2.other-section.samsung-sub-category-container > div.samsung-sub-menu-acc > ul.sub-menu-category > li > a.sub-category-link,https://parts4cells.com/other/lg/lg-aristo-series/lg-aristo.html,False,False,2026-09-07T04:41:35+00:00,,,,,
Parts4Cells,https://parts4cells.com/,Other,,5,click,LG,,7,dom-inspection,LG X Series,https://parts4cells.com/other/lg/lg-x-series.html,85,1,85,3,dom-inspection,ul#mobile-menu-cat-31 > li.level2.other-section.samsung-sub-category-container > a.sub-category-link.samsung-sub-category-toggle,https://parts4cells.com/other/lg/lg-x-series.html,False,False,2026-09-07T04:41:35+00:00,,,,,
Parts4Cells,https://parts4cells.com/,Other,,5,click,LG,,7,dom-inspection,LG X Venture,https://parts4cells.com/other/lg/lg-x-series/lg-x-venture.html,86,1,86,3,dom-inspection,ul#mobile-menu-cat-31 > li.level2.other-section.samsung-sub-category-container > div.samsung-sub-menu-acc > ul.sub-menu-category > li > a.sub-category-link,https://parts4cells.com/other/lg/lg-x-series/lg-x-venture.html,False,False,2026-09-07T04:41:35+00:00,,,,,
Parts4Cells,https://parts4cells.com/,Other,,5,click,LG,,7,dom-inspection,LG X Charge,https://parts4cells.com/other/lg/lg-x-series/lg-x-charge.html,87,1,87,3,dom-inspection,ul#mobile-menu-cat-31 > li.level2.other-section.samsung-sub-category-container > div.samsung-sub-menu-acc > ul.sub-menu-category > li > a.sub-category-link,https://parts4cells.com/other/lg/lg-x-series/lg-x-charge.html,False,False,2026-09-07T04:41:35+00:00,,,,,
Parts4Cells,https://parts4cells.com/,Other,,5,click,LG,,7,dom-inspection,LG X Power 3,https://parts4cells.com/other/lg/lg-x-series/lg-x-power-3.html,88,1,88,3,dom-inspection,ul#mobile-menu-cat-31 > li.level2.other-section.samsung-sub-category-container > div.samsung-sub-menu-acc > ul.sub-menu-category > li > a.sub-category-link,https://parts4cells.com/other/lg/lg-x-series/lg-x-power-3.html,False,False,2026-09-07T04:41:35+00:00,,,,,
Parts4Cells,https://parts4cells.com/,Other,,5,click,LG,,7,dom-inspection,LG X Power 2,https://parts4cells.com/other/lg/lg-x-series/lg-x-power-2.html,89,1,89,3,dom-inspection,ul#mobile-menu-cat-31 > li.level2.other-section.samsung-sub-category-container > div.samsung-sub-menu-acc > ul.sub-menu-category > li > a.sub-category-link,https://parts4cells.com/other/lg/lg-x-series/lg-x-power-2.html,False,False,2026-09-07T04:41:35+00:00,,,,,
Parts4Cells,https://parts4cells.com/,Other,,5,click,LG,,7,dom-inspection,LG X Power,https://parts4cells.com/other/lg/lg-x-series/lg-x-power.html,90,1,90,3,dom-inspection,ul#mobile-menu-cat-31 > li.level2.other-section.samsung-sub-category-container > div.samsung-sub-menu-acc > ul.sub-menu-category > li > a.sub-category-link,https://parts4cells.com/other/lg/lg-x-series/lg-x-power.html,False,False,2026-09-07T04:41:35+00:00,,,,,
Parts4Cells,https://parts4cells.com/,Other,,5,click,LG,,7,dom-inspection,Arena 2 & Radiant Core,https://parts4cells.com/other/lg/arena-2-radiant-core.html,91,1,91,3,dom-inspection,ul#mobile-menu-cat-31 > li.level2 > a.sub-category-link,https://parts4cells.com/other/lg/arena-2-radiant-core.html,False,False,2026-09-07T04:41:35+00:00,,,,,
Parts4Cells,https://parts4cells.com/,Other,,5,click,Nothing,,8,dom-inspection,Nothing,https://parts4cells.com/other/nothing/nothing.html,1,1,1,3,dom-inspection,ul#mobile-menu-cat-1976 > li.level2.other-section.samsung-sub-category-container > a.sub-category-link.samsung-sub-category-toggle,https://parts4cells.com/other/nothing/nothing.html,False,False,2026-09-07T04:41:35+00:00,,,,,
Parts4Cells,https://parts4cells.com/,Other,,5,click,Nothing,,8,dom-inspection,Phone 1,https://parts4cells.com/other/nothing/nothing/phone-1.html,2,1,2,3,dom-inspection,ul#mobile-menu-cat-1976 > li.level2.other-section.samsung-sub-category-container > div.samsung-sub-menu-acc > ul.sub-menu-category > li > a.sub-category-link,https://parts4cells.com/other/nothing/nothing/phone-1.html,False,False,2026-09-07T04:41:35+00:00,,,,,
Parts4Cells,https://parts4cells.com/,Other,,5,click,Microsoft,,9,dom-inspection,Surface Pro Series,https://parts4cells.com/other/microsoft/surface-pro-series.html,1,1,1,3,dom-inspection,ul#mobile-menu-cat-288 > li.level2.other-section.samsung-sub-category-container > a.sub-category-link.samsung-sub-category-toggle,https://parts4cells.com/other/microsoft/surface-pro-series.html,False,False,2026-09-07T04:41:35+00:00,,,,,
Parts4Cells,https://parts4cells.com/,Other,,5,click,Microsoft,,9,dom-inspection,Surface Pro X,https://parts4cells.com/other/microsoft/surface-pro-series/surface-pro-x.html,2,1,2,3,dom-inspection,ul#mobile-menu-cat-288 > li.level2.other-section.samsung-sub-category-container > div.samsung-sub-menu-acc > ul.sub-menu-category > li > a.sub-category-link,https://parts4cells.com/other/microsoft/surface-pro-series/surface-pro-x.html,False,False,2026-09-07T04:41:35+00:00,,,,,
Parts4Cells,https://parts4cells.com/,Other,,5,click,Microsoft,,9,dom-inspection,Surface Pro 7,https://parts4cells.com/other/microsoft/surface-pro-series/surface-pro-7.html,3,1,3,3,dom-inspection,ul#mobile-menu-cat-288 > li.level2.other-section.samsung-sub-category-container > div.samsung-sub-menu-acc > ul.sub-menu-category > li > a.sub-category-link,https://parts4cells.com/other/microsoft/surface-pro-series/surface-pro-7.html,False,False,2026-09-07T04:41:35+00:00,,,,,
Parts4Cells,https://parts4cells.com/,Other,,5,click,Microsoft,,9,dom-inspection,Surface Pro 6,https://parts4cells.com/other/microsoft/surface-pro-series/surface-pro-6.html,4,1,4,3,dom-inspection,ul#mobile-menu-cat-288 > li.level2.other-section.samsung-sub-category-container > div.samsung-sub-menu-acc > ul.sub-menu-category > li > a.sub-category-link,https://parts4cells.com/other/microsoft/surface-pro-series/surface-pro-6.html,False,False,2026-09-07T04:41:35+00:00,,,,,
Parts4Cells,https://parts4cells.com/,Other,,5,click,Microsoft,,9,dom-inspection,Surface Pro 5,https://parts4cells.com/other/microsoft/surface-pro-series/surface-pro-5.html,5,1,5,3,dom-inspection,ul#mobile-menu-cat-288 > li.level2.other-section.samsung-sub-category-container > div.samsung-sub-menu-acc > ul.sub-menu-category > li > a.sub-category-link,https://parts4cells.com/other/microsoft/surface-pro-series/surface-pro-5.html,False,False,2026-09-07T04:41:35+00:00,,,,,
Parts4Cells,https://parts4cells.com/,Other,,5,click,Microsoft,,9,dom-inspection,Surface Pro 4,https://parts4cells.com/other/microsoft/surface-pro-series/surface-pro-4.html,6,1,6,3,dom-inspection,ul#mobile-menu-cat-288 > li.level2.other-section.samsung-sub-category-container > div.samsung-sub-menu-acc > ul.sub-menu-category > li > a.sub-category-link,https://parts4cells.com/other/microsoft/surface-pro-series/surface-pro-4.html,False,False,2026-09-07T04:41:35+00:00,,,,,
Parts4Cells,https://parts4cells.com/,Other,,5,click,Microsoft,,9,dom-inspection,Surface Pro 3,https://parts4cells.com/other/microsoft/surface-pro-series/surface-pro-3.html,7,1,7,3,dom-inspection,ul#mobile-menu-cat-288 > li.level2.other-section.samsung-sub-category-container > div.samsung-sub-menu-acc > ul.sub-menu-category > li > a.sub-category-link,https://parts4cells.com/other/microsoft/surface-pro-series/surface-pro-3.html,False,False,2026-09-07T04:41:35+00:00,,,,,
Parts4Cells,https://parts4cells.com/,Other,,5,click,Microsoft,,9,dom-inspection,Surface Pro 1/2,https://parts4cells.com/other/microsoft/surface-pro-series/surface-pro.html,8,1,8,3,dom-inspection,ul#mobile-menu-cat-288 > li.level2.other-section.samsung-sub-category-container > div.samsung-sub-menu-acc > ul.sub-menu-category > li > a.sub-category-link,https://parts4cells.com/other/microsoft/surface-pro-series/surface-pro.html,False,False,2026-09-07T04:41:35+00:00,,,,,
Parts4Cells,https://parts4cells.com/,Other,,5,click,Microsoft,,9,dom-inspection,Surface RT Series,https://parts4cells.com/other/microsoft/surface-rt-series.html,9,1,9,3,dom-inspection,ul#mobile-menu-cat-288 > li.level2.other-section.samsung-sub-category-container > a.sub-category-link.samsung-sub-category-toggle,https://parts4cells.com/other/microsoft/surface-rt-series.html,False,False,2026-09-07T04:41:35+00:00,,,,,
Parts4Cells,https://parts4cells.com/,Other,,5,click,Microsoft,,9,dom-inspection,Surface RT 3,https://parts4cells.com/other/microsoft/surface-rt-series/surface-rt-3.html,10,1,10,3,dom-inspection,ul#mobile-menu-cat-288 > li.level2.other-section.samsung-sub-category-container > div.samsung-sub-menu-acc > ul.sub-menu-category > li > a.sub-category-link,https://parts4cells.com/other/microsoft/surface-rt-series/surface-rt-3.html,False,False,2026-09-07T04:41:35+00:00,,,,,
Parts4Cells,https://parts4cells.com/,Other,,5,click,Microsoft,,9,dom-inspection,Surface RT 2,https://parts4cells.com/other/microsoft/surface-rt-series/surface-rt-2.html,11,1,11,3,dom-inspection,ul#mobile-menu-cat-288 > li.level2.other-section.samsung-sub-category-container > div.samsung-sub-menu-acc > ul.sub-menu-category > li > a.sub-category-link,https://parts4cells.com/other/microsoft/surface-rt-series/surface-rt-2.html,False,False,2026-09-07T04:41:35+00:00,,,,,
Parts4Cells,https://parts4cells.com/,Other,,5,click,Microsoft,,9,dom-inspection,Surface RT,https://parts4cells.com/other/microsoft/surface-rt-series/surface-rt.html,12,1,12,3,dom-inspection,ul#mobile-menu-cat-288 > li.level2.other-section.samsung-sub-category-container > div.samsung-sub-menu-acc > ul.sub-menu-category > li > a.sub-category-link,https://parts4cells.com/other/microsoft/surface-rt-series/surface-rt.html,False,False,2026-09-07T04:41:35+00:00,,,,,
Parts4Cells,https://parts4cells.com/,Other,,5,click,Microsoft,,9,dom-inspection,Surface GO Series,https://parts4cells.com/other/microsoft/surface-go-series.html,13,1,13,3,dom-inspection,ul#mobile-menu-cat-288 > li.level2.other-section.samsung-sub-category-container > a.sub-category-link.samsung-sub-category-toggle,https://parts4cells.com/other/microsoft/surface-go-series.html,False,False,2026-09-07T04:41:35+00:00,,,,,
Parts4Cells,https://parts4cells.com/,Other,,5,click,Microsoft,,9,dom-inspection,Surface Go,https://parts4cells.com/other/microsoft/surface-go-series/surface-go.html,14,1,14,3,dom-inspection,ul#mobile-menu-cat-288 > li.level2.other-section.samsung-sub-category-container > div.samsung-sub-menu-acc > ul.sub-menu-category > li > a.sub-category-link,https://parts4cells.com/other/microsoft/surface-go-series/surface-go.html,False,False,2026-09-07T04:41:35+00:00,,,,,
Parts4Cells,https://parts4cells.com/,Other,,5,click,Huawei,,10,dom-inspection,Y9 / Nova Series,https://parts4cells.com/other/huawei/y9-nova-series.html,1,1,1,3,dom-inspection,ul#mobile-menu-cat-161 > li.level2.other-section.samsung-sub-category-container > a.sub-category-link.samsung-sub-category-toggle,https://parts4cells.com/other/huawei/y9-nova-series.html,False,False,2026-09-07T04:41:35+00:00,,,,,
Parts4Cells,https://parts4cells.com/,Other,,5,click,Huawei,,10,dom-inspection,Huawei Y9 Prime,https://parts4cells.com/other/huawei/y9-nova-series/huawei-y9-prime.html,2,1,2,3,dom-inspection,ul#mobile-menu-cat-161 > li.level2.other-section.samsung-sub-category-container > div.samsung-sub-menu-acc > ul.sub-menu-category > li > a.sub-category-link,https://parts4cells.com/other/huawei/y9-nova-series/huawei-y9-prime.html,False,False,2026-09-07T04:41:35+00:00,,,,,
Parts4Cells,https://parts4cells.com/,Other,,5,click,Huawei,,10,dom-inspection,Huawei Y9,https://parts4cells.com/other/huawei/y9-nova-series/huawei-y9.html,3,1,3,3,dom-inspection,ul#mobile-menu-cat-161 > li.level2.other-section.samsung-sub-category-container > div.samsung-sub-menu-acc > ul.sub-menu-category > li > a.sub-category-link,https://parts4cells.com/other/huawei/y9-nova-series/huawei-y9.html,False,False,2026-09-07T04:41:35+00:00,,,,,
Parts4Cells,https://parts4cells.com/,Other,,5,click,Huawei,,10,dom-inspection,Huawei Nova 3i,https://parts4cells.com/other/huawei/y9-nova-series/huawei-nova-3i.html,4,1,4,3,dom-inspection,ul#mobile-menu-cat-161 > li.level2.other-section.samsung-sub-category-container > div.samsung-sub-menu-acc > ul.sub-menu-category > li > a.sub-category-link,https://parts4cells.com/other/huawei/y9-nova-series/huawei-nova-3i.html,False,False,2026-09-07T04:41:35+00:00,,,,,
Parts4Cells,https://parts4cells.com/,Other,,5,click,Huawei,,10,dom-inspection,Huawei Par lx9 Nova 3,https://parts4cells.com/other/huawei/y9-nova-series/huawei-par-lx9-nova-3.html,5,1,5,3,dom-inspection,ul#mobile-menu-cat-161 > li.level2.other-section.samsung-sub-category-container > div.samsung-sub-menu-acc > ul.sub-menu-category > li > a.sub-category-link,https://parts4cells.com/other/huawei/y9-nova-series/huawei-par-lx9-nova-3.html,False,False,2026-09-07T04:41:35+00:00,,,,,
Parts4Cells,https://parts4cells.com/,Other,,5,click,Huawei,,10,dom-inspection,Mate Series,https://parts4cells.com/other/huawei/mate-series.html,6,1,6,3,dom-inspection,ul#mobile-menu-cat-161 > li.level2.other-section.samsung-sub-category-container > a.sub-category-link.samsung-sub-category-toggle,https://parts4cells.com/other/huawei/mate-series.html,False,False,2026-09-07T04:41:35+00:00,,,,,
Parts4Cells,https://parts4cells.com/,Other,,5,click,Huawei,,10,dom-inspection,Huawei Mate 20 X,https://parts4cells.com/other/huawei/mate-series/huawei-mate-20-x.html,7,1,7,3,dom-inspection,ul#mobile-menu-cat-161 > li.level2.other-section.samsung-sub-category-container > div.samsung-sub-menu-acc > ul.sub-menu-category > li > a.sub-category-link,https://parts4cells.com/other/huawei/mate-series/huawei-mate-20-x.html,False,False,2026-09-07T04:41:35+00:00,,,,,
Parts4Cells,https://parts4cells.com/,Other,,5,click,Huawei,,10,dom-inspection,Huawei Mate 2,https://parts4cells.com/other/huawei/mate-series/huawei-mate-2.html,8,1,8,3,dom-inspection,ul#mobile-menu-cat-161 > li.level2.other-section.samsung-sub-category-container > div.samsung-sub-menu-acc > ul.sub-menu-category > li > a.sub-category-link,https://parts4cells.com/other/huawei/mate-series/huawei-mate-2.html,False,False,2026-09-07T04:41:35+00:00,,,,,
Parts4Cells,https://parts4cells.com/,Other,,5,click,Huawei,,10,dom-inspection,Huawei Mate 20 Pro,https://parts4cells.com/other/huawei/mate-series/huawei-mate-20-pro.html,9,1,9,3,dom-inspection,ul#mobile-menu-cat-161 > li.level2.other-section.samsung-sub-category-container > div.samsung-sub-menu-acc > ul.sub-menu-category > li > a.sub-category-link,https://parts4cells.com/other/huawei/mate-series/huawei-mate-20-pro.html,False,False,2026-09-07T04:41:35+00:00,,,,,
Parts4Cells,https://parts4cells.com/,Other,,5,click,Huawei,,10,dom-inspection,P Series,https://parts4cells.com/other/huawei/p-series.html,10,1,10,3,dom-inspection,ul#mobile-menu-cat-161 > li.level2.other-section.samsung-sub-category-container > a.sub-category-link.samsung-sub-category-toggle,https://parts4cells.com/other/huawei/p-series.html,False,False,2026-09-07T04:41:35+00:00,,,,,
Parts4Cells,https://parts4cells.com/,Other,,5,click,Huawei,,10,dom-inspection,Huawei P30 Pro,https://parts4cells.com/other/huawei/p-series/huawei-p30-pro.html,11,1,11,3,dom-inspection,ul#mobile-menu-cat-161 > li.level2.other-section.samsung-sub-category-container > div.samsung-sub-menu-acc > ul.sub-menu-category > li > a.sub-category-link,https://parts4cells.com/other/huawei/p-series/huawei-p30-pro.html,False,False,2026-09-07T04:41:35+00:00,,,,,
Parts4Cells,https://parts4cells.com/,Other,,5,click,Huawei,,10,dom-inspection,Huawei P30 Lite,https://parts4cells.com/other/huawei/p-series/huawei-p30-lite.html,12,1,12,3,dom-inspection,ul#mobile-menu-cat-161 > li.level2.other-section.samsung-sub-category-container > div.samsung-sub-menu-acc > ul.sub-menu-category > li > a.sub-category-link,https://parts4cells.com/other/huawei/p-series/huawei-p30-lite.html,False,False,2026-09-07T04:41:35+00:00,,,,,
Parts4Cells,https://parts4cells.com/,Other,,5,click,Huawei,,10,dom-inspection,Huawei P30,https://parts4cells.com/other/huawei/p-series/huawei-p30.html,13,1,13,3,dom-inspection,ul#mobile-menu-cat-161 > li.level2.other-section.samsung-sub-category-container > div.samsung-sub-menu-acc > ul.sub-menu-category > li > a.sub-category-link,https://parts4cells.com/other/huawei/p-series/huawei-p30.html,False,False,2026-09-07T04:41:35+00:00,,,,,
Parts4Cells,https://parts4cells.com/,Other,,5,click,Huawei,,10,dom-inspection,Huawei P20 Pro,https://parts4cells.com/other/huawei/p-series/huawei-p20-pro.html,14,1,14,3,dom-inspection,ul#mobile-menu-cat-161 > li.level2.other-section.samsung-sub-category-container > div.samsung-sub-menu-acc > ul.sub-menu-category > li > a.sub-category-link,https://parts4cells.com/other/huawei/p-series/huawei-p20-pro.html,False,False,2026-09-07T04:41:35+00:00,,,,,
Parts4Cells,https://parts4cells.com/,Other,,5,click,Huawei,,10,dom-inspection,Huawei P20 Lite,https://parts4cells.com/other/huawei/p-series/huawei-p20-lite.html,15,1,15,3,dom-inspection,ul#mobile-menu-cat-161 > li.level2.other-section.samsung-sub-category-container > div.samsung-sub-menu-acc > ul.sub-menu-category > li > a.sub-category-link,https://parts4cells.com/other/huawei/p-series/huawei-p20-lite.html,False,False,2026-09-07T04:41:35+00:00,,,,,
Parts4Cells,https://parts4cells.com/,Other,,5,click,Huawei,,10,dom-inspection,Huawei P20,https://parts4cells.com/other/huawei/p-series/huawei-p20.html,16,1,16,3,dom-inspection,ul#mobile-menu-cat-161 > li.level2.other-section.samsung-sub-category-container > div.samsung-sub-menu-acc > ul.sub-menu-category > li > a.sub-category-link,https://parts4cells.com/other/huawei/p-series/huawei-p20.html,False,False,2026-09-07T04:41:35+00:00,,,,,
Parts4Cells,https://parts4cells.com/,Other,,5,click,Huawei,,10,dom-inspection,Huawei P10 Plus,https://parts4cells.com/other/huawei/p-series/huawei-p10-plus.html,17,1,17,3,dom-inspection,ul#mobile-menu-cat-161 > li.level2.other-section.samsung-sub-category-container > div.samsung-sub-menu-acc > ul.sub-menu-category > li > a.sub-category-link,https://parts4cells.com/other/huawei/p-series/huawei-p10-plus.html,False,False,2026-09-07T04:41:35+00:00,,,,,
Parts4Cells,https://parts4cells.com/,Other,,5,click,Huawei,,10,dom-inspection,Huawei P10 Lite,https://parts4cells.com/other/huawei/p-series/huawei-p10-lite.html,18,1,18,3,dom-inspection,ul#mobile-menu-cat-161 > li.level2.other-section.samsung-sub-category-container > div.samsung-sub-menu-acc > ul.sub-menu-category > li > a.sub-category-link,https://parts4cells.com/other/huawei/p-series/huawei-p10-lite.html,False,False,2026-09-07T04:41:35+00:00,,,,,
Parts4Cells,https://parts4cells.com/,Other,,5,click,Huawei,,10,dom-inspection,Huawei P10 Standard VTR-L09,https://parts4cells.com/other/huawei/p-series/huawei-p10-standard-vtr-l09.html,19,1,19,3,dom-inspection,ul#mobile-menu-cat-161 > li.level2.other-section.samsung-sub-category-container > div.samsung-sub-menu-acc > ul.sub-menu-category > li > a.sub-category-link,https://parts4cells.com/other/huawei/p-series/huawei-p10-standard-vtr-l09.html,False,False,2026-09-07T04:41:35+00:00,,,,,
Parts4Cells,https://parts4cells.com/,Other,,5,click,Huawei,,10,dom-inspection,Huawei P Smart Plus,https://parts4cells.com/other/huawei/p-series/huawei-p-smart-plus.html,20,1,20,3,dom-inspection,ul#mobile-menu-cat-161 > li.level2.other-section.samsung-sub-category-container > div.samsung-sub-menu-acc > ul.sub-menu-category > li > a.sub-category-link,https://parts4cells.com/other/huawei/p-series/huawei-p-smart-plus.html,False,False,2026-09-07T04:41:35+00:00,,,,,
Parts4Cells,https://parts4cells.com/,Other,,5,click,Huawei,,10,dom-inspection,Honor Series,https://parts4cells.com/other/huawei/honor-series.html,21,1,21,3,dom-inspection,ul#mobile-menu-cat-161 > li.level2.other-section.samsung-sub-category-container > a.sub-category-link.samsung-sub-category-toggle,https://parts4cells.com/other/huawei/honor-series.html,False,False,2026-09-07T04:41:35+00:00,,,,,
Parts4Cells,https://parts4cells.com/,Other,,5,click,Huawei,,10,dom-inspection,Huawei Honor 10,https://parts4cells.com/other/huawei/honor-series/huawei-honor-10.html,22,1,22,3,dom-inspection,ul#mobile-menu-cat-161 > li.level2.other-section.samsung-sub-category-container > div.samsung-sub-menu-acc > ul.sub-menu-category > li > a.sub-category-link,https://parts4cells.com/other/huawei/honor-series/huawei-honor-10.html,False,False,2026-09-07T04:41:35+00:00,,,,,
Parts4Cells,https://parts4cells.com/,Other,,5,click,Huawei,,10,dom-inspection,Huawei Honor Play,https://parts4cells.com/other/huawei/honor-series/huawei-honor-play.html,23,1,23,3,dom-inspection,ul#mobile-menu-cat-161 > li.level2.other-section.samsung-sub-category-container > div.samsung-sub-menu-acc > ul.sub-menu-category > li > a.sub-category-link,https://parts4cells.com/other/huawei/honor-series/huawei-honor-play.html,False,False,2026-09-07T04:41:35+00:00,,,,,
Parts4Cells,https://parts4cells.com/,Other,,5,click,Huawei,,10,dom-inspection,Huawei 9N,https://parts4cells.com/other/huawei/honor-series/huawei-9n.html,24,1,24,3,dom-inspection,ul#mobile-menu-cat-161 > li.level2.other-section.samsung-sub-category-container > div.samsung-sub-menu-acc > ul.sub-menu-category > li > a.sub-category-link,https://parts4cells.com/other/huawei/honor-series/huawei-9n.html,False,False,2026-09-07T04:41:35+00:00,,,,,
Parts4Cells,https://parts4cells.com/,Other,,5,click,Huawei,,10,dom-inspection,Huawei Honor 9,https://parts4cells.com/other/huawei/honor-series/huawei-honor-9.html,25,1,25,3,dom-inspection,ul#mobile-menu-cat-161 > li.level2.other-section.samsung-sub-category-container > div.samsung-sub-menu-acc > ul.sub-menu-category > li > a.sub-category-link,https://parts4cells.com/other/huawei/honor-series/huawei-honor-9.html,False,False,2026-09-07T04:41:35+00:00,,,,,
Parts4Cells,https://parts4cells.com/,Other,,5,click,Huawei,,10,dom-inspection,Huawei Honor 8X / 8X Max,https://parts4cells.com/other/huawei/honor-series/huawei-honor-8x-8x-max.html,26,1,26,3,dom-inspection,ul#mobile-menu-cat-161 > li.level2.other-section.samsung-sub-category-container > div.samsung-sub-menu-acc > ul.sub-menu-category > li > a.sub-category-link,https://parts4cells.com/other/huawei/honor-series/huawei-honor-8x-8x-max.html,False,False,2026-09-07T04:41:35+00:00,,,,,
Parts4Cells,https://parts4cells.com/,Other,,5,click,Huawei,,10,dom-inspection,Huawei Play 8A /Huawei Honor Glory 8A,https://parts4cells.com/other/huawei/honor-series/huawei-play-8a-huawei-honor-glory-8a.html,27,1,27,3,dom-inspection,ul#mobile-menu-cat-161 > li.level2.other-section.samsung-sub-category-container > div.samsung-sub-menu-acc > ul.sub-menu-category > li > a.sub-category-link,https://parts4cells.com/other/huawei/honor-series/huawei-play-8a-huawei-honor-glory-8a.html,False,False,2026-09-07T04:41:35+00:00,,,,,
Parts4Cells,https://parts4cells.com/,Other,,5,click,Huawei,,10,dom-inspection,Huawei Honor 8,https://parts4cells.com/other/huawei/honor-series/huawei-honor-8.html,28,1,28,3,dom-inspection,ul#mobile-menu-cat-161 > li.level2.other-section.samsung-sub-category-container > div.samsung-sub-menu-acc > ul.sub-menu-category > li > a.sub-category-link,https://parts4cells.com/other/huawei/honor-series/huawei-honor-8.html,False,False,2026-09-07T04:41:35+00:00,,,,,
Parts4Cells,https://parts4cells.com/,Other,,5,click,ZTE,,11,dom-inspection,Axon,https://parts4cells.com/other/axon.html,1,1,1,3,dom-inspection,ul#mobile-menu-cat-605 > li.level2.other-section.samsung-sub-category-container > a.sub-category-link.samsung-sub-category-toggle,https://parts4cells.com/other/axon.html,False,False,2026-09-07T04:41:35+00:00,,,,,
Parts4Cells,https://parts4cells.com/,Other,,5,click,ZTE,,11,dom-inspection,Axon 7/Axon 7s,https://parts4cells.com/other/htc/axon/axon-7-axon7s.html,2,1,2,3,dom-inspection,ul#mobile-menu-cat-605 > li.level2.other-section.samsung-sub-category-container > div.samsung-sub-menu-acc > ul.sub-menu-category > li > a.sub-category-link,https://parts4cells.com/other/htc/axon/axon-7-axon7s.html,False,False,2026-09-07T04:41:35+00:00,,,,,
Parts4Cells,https://parts4cells.com/,Other,,5,click,ZTE,,11,dom-inspection,Z Series,https://parts4cells.com/other/htc/z-series.html,3,1,3,3,dom-inspection,ul#mobile-menu-cat-605 > li.level2.other-section.zte.samsung-sub-category-container > a.sub-category-link.samsung-sub-category-toggle,https://parts4cells.com/other/htc/z-series.html,False,False,2026-09-07T04:41:35+00:00,,,,,
Parts4Cells,https://parts4cells.com/,Other,,5,click,ZTE,,11,dom-inspection,Z998,https://parts4cells.com/other/htc/z-series/z998.html,4,1,4,3,dom-inspection,ul#mobile-menu-cat-605 > li.level2.other-section.zte.samsung-sub-category-container > div.samsung-sub-menu-acc > ul.sub-menu-category > li > a.sub-category-link,https://parts4cells.com/other/htc/z-series/z998.html,False,False,2026-09-07T04:41:35+00:00,,,,,
Parts4Cells,https://parts4cells.com/,Other,,5,click,ZTE,,11,dom-inspection,Z988,https://parts4cells.com/other/htc/z-series/z988.html,5,1,5,3,dom-inspection,ul#mobile-menu-cat-605 > li.level2.other-section.zte.samsung-sub-category-container > div.samsung-sub-menu-acc > ul.sub-menu-category > li > a.sub-category-link,https://parts4cells.com/other/htc/z-series/z988.html,False,False,2026-09-07T04:41:35+00:00,,,,,
Parts4Cells,https://parts4cells.com/,Other,,5,click,ZTE,,11,dom-inspection,Z986,https://parts4cells.com/other/htc/z-series/z986.html,6,1,6,3,dom-inspection,ul#mobile-menu-cat-605 > li.level2.other-section.zte.samsung-sub-category-container > div.samsung-sub-menu-acc > ul.sub-menu-category > li > a.sub-category-link,https://parts4cells.com/other/htc/z-series/z986.html,False,False,2026-09-07T04:41:35+00:00,,,,,
Parts4Cells,https://parts4cells.com/,Other,,5,click,ZTE,,11,dom-inspection,Z983,https://parts4cells.com/other/htc/z-series/z983.html,7,1,7,3,dom-inspection,ul#mobile-menu-cat-605 > li.level2.other-section.zte.samsung-sub-category-container > div.samsung-sub-menu-acc > ul.sub-menu-category > li > a.sub-category-link,https://parts4cells.com/other/htc/z-series/z983.html,False,False,2026-09-07T04:41:35+00:00,,,,,
Parts4Cells,https://parts4cells.com/,Other,,5,click,ZTE,,11,dom-inspection,Z936 / Z936L / Z936VI,https://parts4cells.com/other/htc/z-series/z936.html,8,1,8,3,dom-inspection,ul#mobile-menu-cat-605 > li.level2.other-section.zte.samsung-sub-category-container > div.samsung-sub-menu-acc > ul.sub-menu-category > li > a.sub-category-link,https://parts4cells.com/other/htc/z-series/z936.html,False,False,2026-09-07T04:41:35+00:00,,,,,
Parts4Cells,https://parts4cells.com/,Other,,5,click,ZTE,,11,dom-inspection,Z982,https://parts4cells.com/other/htc/z-series/zte-z982.html,9,1,9,3,dom-inspection,ul#mobile-menu-cat-605 > li.level2.other-section.zte.samsung-sub-category-container > div.samsung-sub-menu-acc > ul.sub-menu-category > li > a.sub-category-link,https://parts4cells.com/other/htc/z-series/zte-z982.html,False,False,2026-09-07T04:41:35+00:00,,,,,
Parts4Cells,https://parts4cells.com/,Other,,5,click,ZTE,,11,dom-inspection,Z855,https://parts4cells.com/other/htc/z-series/z855.html,10,1,10,3,dom-inspection,ul#mobile-menu-cat-605 > li.level2.other-section.zte.samsung-sub-category-container > div.samsung-sub-menu-acc > ul.sub-menu-category > li > a.sub-category-link,https://parts4cells.com/other/htc/z-series/z855.html,False,False,2026-09-07T04:41:35+00:00,,,,,
Parts4Cells,https://parts4cells.com/,Other,,5,click,ZTE,,11,dom-inspection,Z851,https://parts4cells.com/other/htc/z-series/z851.html,11,1,11,3,dom-inspection,ul#mobile-menu-cat-605 > li.level2.other-section.zte.samsung-sub-category-container > div.samsung-sub-menu-acc > ul.sub-menu-category > li > a.sub-category-link,https://parts4cells.com/other/htc/z-series/z851.html,False,False,2026-09-07T04:41:35+00:00,,,,,
Parts4Cells,https://parts4cells.com/,Other,,5,click,ZTE,,11,dom-inspection,Z839,https://parts4cells.com/other/htc/z-series/z839.html,12,1,12,3,dom-inspection,ul#mobile-menu-cat-605 > li.level2.other-section.zte.samsung-sub-category-container > div.samsung-sub-menu-acc > ul.sub-menu-category > li > a.sub-category-link,https://parts4cells.com/other/htc/z-series/z839.html,False,False,2026-09-07T04:41:35+00:00,,,,,
Parts4Cells,https://parts4cells.com/,Other,,5,click,ZTE,,11,dom-inspection,Z958,https://parts4cells.com/other/htc/z-series/z958.html,13,1,13,3,dom-inspection,ul#mobile-menu-cat-605 > li.level2.other-section.zte.samsung-sub-category-container > div.samsung-sub-menu-acc > ul.sub-menu-category > li > a.sub-category-link,https://parts4cells.com/other/htc/z-series/z958.html,False,False,2026-09-07T04:41:35+00:00,,,,,
Parts4Cells,https://parts4cells.com/,Other,,5,click,ZTE,,11,dom-inspection,Z956,https://parts4cells.com/other/htc/z-series/z956.html,14,1,14,3,dom-inspection,ul#mobile-menu-cat-605 > li.level2.other-section.zte.samsung-sub-category-container > div.samsung-sub-menu-acc > ul.sub-menu-category > li > a.sub-category-link,https://parts4cells.com/other/htc/z-series/z956.html,False,False,2026-09-07T04:41:35+00:00,,,,,
Parts4Cells,https://parts4cells.com/,Other,,5,click,ZTE,,11,dom-inspection,Z981,https://parts4cells.com/other/htc/z-series/z981.html,15,1,15,3,dom-inspection,ul#mobile-menu-cat-605 > li.level2.other-section.zte.samsung-sub-category-container > div.samsung-sub-menu-acc > ul.sub-menu-category > li > a.sub-category-link,https://parts4cells.com/other/htc/z-series/z981.html,False,False,2026-09-07T04:41:35+00:00,,,,,
Parts4Cells,https://parts4cells.com/,Other,,5,click,ZTE,,11,dom-inspection,Z970,https://parts4cells.com/other/htc/z-series/z970.html,16,1,16,3,dom-inspection,ul#mobile-menu-cat-605 > li.level2.other-section.zte.samsung-sub-category-container > div.samsung-sub-menu-acc > ul.sub-menu-category > li > a.sub-category-link,https://parts4cells.com/other/htc/z-series/z970.html,False,False,2026-09-07T04:41:35+00:00,,,,,
Parts4Cells,https://parts4cells.com/,Other,,5,click,ZTE,,11,dom-inspection,Z965,https://parts4cells.com/other/htc/z-series/z965.html,17,1,17,3,dom-inspection,ul#mobile-menu-cat-605 > li.level2.other-section.zte.samsung-sub-category-container > div.samsung-sub-menu-acc > ul.sub-menu-category > li > a.sub-category-link,https://parts4cells.com/other/htc/z-series/z965.html,False,False,2026-09-07T04:41:35+00:00,,,,,
Parts4Cells,https://parts4cells.com/,Other,,5,click,ZTE,,11,dom-inspection,Z963,https://parts4cells.com/other/htc/z-series/z963.html,18,1,18,3,dom-inspection,ul#mobile-menu-cat-605 > li.level2.other-section.zte.samsung-sub-category-container > div.samsung-sub-menu-acc > ul.sub-menu-category > li > a.sub-category-link,https://parts4cells.com/other/htc/z-series/z963.html,False,False,2026-09-07T04:41:35+00:00,,,,,
Parts4Cells,https://parts4cells.com/,Other,,5,click,ZTE,,11,dom-inspection,Z959,https://parts4cells.com/other/htc/z-series/z959.html,19,1,19,3,dom-inspection,ul#mobile-menu-cat-605 > li.level2.other-section.zte.samsung-sub-category-container > div.samsung-sub-menu-acc > ul.sub-menu-category > li > a.sub-category-link,https://parts4cells.com/other/htc/z-series/z959.html,False,False,2026-09-07T04:41:35+00:00,,,,,
Parts4Cells,https://parts4cells.com/,Other,,5,click,ZTE,,11,dom-inspection,Z787 Grand X,https://parts4cells.com/other/htc/z-series/z-787-grand-x.html,20,1,20,3,dom-inspection,ul#mobile-menu-cat-605 > li.level2.other-section.zte.samsung-sub-category-container > div.samsung-sub-menu-acc > ul.sub-menu-category > li > a.sub-category-link,https://parts4cells.com/other/htc/z-series/z-787-grand-x.html,False,False,2026-09-07T04:41:35+00:00,,,,,
Parts4Cells,https://parts4cells.com/,Other,,5,click,ZTE,,11,dom-inspection,Z835,https://parts4cells.com/other/htc/z-series/z835.html,21,1,21,3,dom-inspection,ul#mobile-menu-cat-605 > li.level2.other-section.zte.samsung-sub-category-container > div.samsung-sub-menu-acc > ul.sub-menu-category > li > a.sub-category-link,https://parts4cells.com/other/htc/z-series/z835.html,False,False,2026-09-07T04:41:35+00:00,,,,,
Parts4Cells,https://parts4cells.com/,Other,,5,click,ZTE,,11,dom-inspection,Z832,https://parts4cells.com/other/htc/z-series/z832.html,22,1,22,3,dom-inspection,ul#mobile-menu-cat-605 > li.level2.other-section.zte.samsung-sub-category-container > div.samsung-sub-menu-acc > ul.sub-menu-category > li > a.sub-category-link,https://parts4cells.com/other/htc/z-series/z832.html,False,False,2026-09-07T04:41:35+00:00,,,,,
Parts4Cells,https://parts4cells.com/,Other,,5,click,ZTE,,11,dom-inspection,Z831,https://parts4cells.com/other/htc/z-series/z831.html,23,1,23,3,dom-inspection,ul#mobile-menu-cat-605 > li.level2.other-section.zte.samsung-sub-category-container > div.samsung-sub-menu-acc > ul.sub-menu-category > li > a.sub-category-link,https://parts4cells.com/other/htc/z-series/z831.html,False,False,2026-09-07T04:41:35+00:00,,,,,
Parts4Cells,https://parts4cells.com/,Other,,5,click,ZTE,,11,dom-inspection,Z797 Quartz,https://parts4cells.com/other/htc/z-series/z-797-quartz.html,24,1,24,3,dom-inspection,ul#mobile-menu-cat-605 > li.level2.other-section.zte.samsung-sub-category-container > div.samsung-sub-menu-acc > ul.sub-menu-category > li > a.sub-category-link,https://parts4cells.com/other/htc/z-series/z-797-quartz.html,False,False,2026-09-07T04:41:35+00:00,,,,,
Parts4Cells,https://parts4cells.com/,Other,,5,click,ZTE,,11,dom-inspection,Z777 Grand X,https://parts4cells.com/other/htc/z-series/z-777-grand-x.html,25,1,25,3,dom-inspection,ul#mobile-menu-cat-605 > li.level2.other-section.zte.samsung-sub-category-container > div.samsung-sub-menu-acc > ul.sub-menu-category > li > a.sub-category-link,https://parts4cells.com/other/htc/z-series/z-777-grand-x.html,False,False,2026-09-07T04:41:35+00:00,,,,,
Parts4Cells,https://parts4cells.com/,Other,,5,click,ZTE,,11,dom-inspection,Blade,https://parts4cells.com/other/htc/blade.html,26,1,26,3,dom-inspection,ul#mobile-menu-cat-605 > li.level2.other-section.samsung-sub-category-container > a.sub-category-link.samsung-sub-category-toggle,https://parts4cells.com/other/htc/blade.html,False,False,2026-09-07T04:41:35+00:00,,,,,
Parts4Cells,https://parts4cells.com/,Other,,5,click,ZTE,,11,dom-inspection,Blade Max Z610D,https://parts4cells.com/other/htc/blade/blade-max-z610d.html,27,1,27,3,dom-inspection,ul#mobile-menu-cat-605 > li.level2.other-section.samsung-sub-category-container > div.samsung-sub-menu-acc > ul.sub-menu-category > li > a.sub-category-link,https://parts4cells.com/other/htc/blade/blade-max-z610d.html,False,False,2026-09-07T04:41:35+00:00,,,,,
Parts4Cells,https://parts4cells.com/,Other,,5,click,ZTE,,11,dom-inspection,Blade A7,https://parts4cells.com/other/htc/blade/zte-blade-a7.html,28,1,28,3,dom-inspection,ul#mobile-menu-cat-605 > li.level2.other-section.samsung-sub-category-container > div.samsung-sub-menu-acc > ul.sub-menu-category > li > a.sub-category-link,https://parts4cells.com/other/htc/blade/zte-blade-a7.html,False,False,2026-09-07T04:41:35+00:00,,,,,
Parts4Cells,https://parts4cells.com/,Other,,5,click,ZTE,,11,dom-inspection,Blade A7,https://parts4cells.com/other/htc/blade/blade-a7.html,29,1,29,3,dom-inspection,ul#mobile-menu-cat-605 > li.level2.other-section.samsung-sub-category-container > div.samsung-sub-menu-acc > ul.sub-menu-category > li > a.sub-category-link,https://parts4cells.com/other/htc/blade/blade-a7.html,False,False,2026-09-07T04:41:35+00:00,,,,,
Parts4Cells,https://parts4cells.com/,Other,,5,click,ZTE,,11,dom-inspection,Blade V10,https://parts4cells.com/other/htc/blade/zte-blade-v10.html,30,1,30,3,dom-inspection,ul#mobile-menu-cat-605 > li.level2.other-section.samsung-sub-category-container > div.samsung-sub-menu-acc > ul.sub-menu-category > li > a.sub-category-link,https://parts4cells.com/other/htc/blade/zte-blade-v10.html,False,False,2026-09-07T04:41:35+00:00,,,,,
Parts4Cells,https://parts4cells.com/,Other,,5,click,ZTE,,11,dom-inspection,Blade V9 Vita,https://parts4cells.com/other/htc/blade/zte-blade-v9-vita.html,31,1,31,3,dom-inspection,ul#mobile-menu-cat-605 > li.level2.other-section.samsung-sub-category-container > div.samsung-sub-menu-acc > ul.sub-menu-category > li > a.sub-category-link,https://parts4cells.com/other/htc/blade/zte-blade-v9-vita.html,False,False,2026-09-07T04:41:35+00:00,,,,,
Parts4Cells,https://parts4cells.com/,Other,,5,click,ZTE,,11,dom-inspection,N Series,https://parts4cells.com/other/htc/n-series.html,32,1,32,3,dom-inspection,ul#mobile-menu-cat-605 > li.level2.other-section.samsung-sub-category-container > a.sub-category-link.samsung-sub-category-toggle,https://parts4cells.com/other/htc/n-series.html,False,False,2026-09-07T04:41:35+00:00,,,,,
Parts4Cells,https://parts4cells.com/,Other,,5,click,ZTE,,11,dom-inspection,N9521,https://parts4cells.com/other/htc/n-series/zte-n9521.html,33,1,33,3,dom-inspection,ul#mobile-menu-cat-605 > li.level2.other-section.samsung-sub-category-container > div.samsung-sub-menu-acc > ul.sub-menu-category > li > a.sub-category-link,https://parts4cells.com/other/htc/n-series/zte-n9521.html,False,False,2026-09-07T04:41:35+00:00,,,,,
Parts4Cells,https://parts4cells.com/,Other,,5,click,ZTE,,11,dom-inspection,N9560,https://parts4cells.com/other/htc/n-series/n9560.html,34,1,34,3,dom-inspection,ul#mobile-menu-cat-605 > li.level2.other-section.samsung-sub-category-container > div.samsung-sub-menu-acc > ul.sub-menu-category > li > a.sub-category-link,https://parts4cells.com/other/htc/n-series/n9560.html,False,False,2026-09-07T04:41:35+00:00,,,,,
Parts4Cells,https://parts4cells.com/,Other,,5,click,ZTE,,11,dom-inspection,N9520,https://parts4cells.com/other/htc/n-series/zte-n9520.html,35,1,35,3,dom-inspection,ul#mobile-menu-cat-605 > li.level2.other-section.samsung-sub-category-container > div.samsung-sub-menu-acc > ul.sub-menu-category > li > a.sub-category-link,https://parts4cells.com/other/htc/n-series/zte-n9520.html,False,False,2026-09-07T04:41:35+00:00,,,,,
Parts4Cells,https://parts4cells.com/,Other,,5,click,ZTE,,11,dom-inspection,N9519,https://parts4cells.com/other/htc/n-series/zte-n9519.html,36,1,36,3,dom-inspection,ul#mobile-menu-cat-605 > li.level2.other-section.samsung-sub-category-container > div.samsung-sub-menu-acc > ul.sub-menu-category > li > a.sub-category-link,https://parts4cells.com/other/htc/n-series/zte-n9519.html,False,False,2026-09-07T04:41:35+00:00,,,,,
Parts4Cells,https://parts4cells.com/,Other,,5,click,ZTE,,11,dom-inspection,N9511,https://parts4cells.com/other/htc/n-series/n9511.html,37,1,37,3,dom-inspection,ul#mobile-menu-cat-605 > li.level2.other-section.samsung-sub-category-container > div.samsung-sub-menu-acc > ul.sub-menu-category > li > a.sub-category-link,https://parts4cells.com/other/htc/n-series/n9511.html,False,False,2026-09-07T04:41:35+00:00,,,,,
Parts4Cells,https://parts4cells.com/,Other,,5,click,ZTE,,11,dom-inspection,Other,https://parts4cells.com/other/htc/other.html,38,1,38,3,dom-inspection,ul#mobile-menu-cat-605 > li.level2.other-section.samsung-sub-category-container > a.sub-category-link.samsung-sub-category-toggle,https://parts4cells.com/other/htc/other.html,False,False,2026-09-07T04:41:35+00:00,,,,,
Parts4Cells,https://parts4cells.com/,Other,,5,click,ZTE,,11,dom-inspection,Trek 2 HD K88,https://parts4cells.com/other/htc/other/trek-2-hd-k88.html,39,1,39,3,dom-inspection,ul#mobile-menu-cat-605 > li.level2.other-section.samsung-sub-category-container > div.samsung-sub-menu-acc > ul.sub-menu-category > li > a.sub-category-link,https://parts4cells.com/other/htc/other/trek-2-hd-k88.html,False,False,2026-09-07T04:41:35+00:00,,,,,
Parts4Cells,https://parts4cells.com/,Other,,5,click,ZTE,,11,dom-inspection,Nubia Z18,https://parts4cells.com/other/htc/other/nubia-z18.html,40,1,40,3,dom-inspection,ul#mobile-menu-cat-605 > li.level2.other-section.samsung-sub-category-container > div.samsung-sub-menu-acc > ul.sub-menu-category > li > a.sub-category-link,https://parts4cells.com/other/htc/other/nubia-z18.html,False,False,2026-09-07T04:41:35+00:00,,,,,
Parts4Cells,https://parts4cells.com/,Other,,5,click,ZTE,,11,dom-inspection,Nubia N3,https://parts4cells.com/other/htc/other/nubia-n3.html,41,1,41,3,dom-inspection,ul#mobile-menu-cat-605 > li.level2.other-section.samsung-sub-category-container > div.samsung-sub-menu-acc > ul.sub-menu-category > li > a.sub-category-link,https://parts4cells.com/other/htc/other/nubia-n3.html,False,False,2026-09-07T04:41:35+00:00,,,,,
Parts4Cells,https://parts4cells.com/,Other,,5,click,Coolpad Legacy,,12,dom-inspection,Legacy Series,https://parts4cells.com/other/coolpad-legacy/legacy-series.html,1,1,1,3,dom-inspection,ul#mobile-menu-cat-1653 > li.level2.other-section.samsung-sub-category-container > a.sub-category-link.samsung-sub-category-toggle,https://parts4cells.com/other/coolpad-legacy/legacy-series.html,False,False,2026-09-07T04:41:35+00:00,,,,,
Parts4Cells,https://parts4cells.com/,Other,,5,click,Coolpad Legacy,,12,dom-inspection,"Coolpad Legacy 6.36"" 3705",https://parts4cells.com/other/coolpad-legacy/legacy-series/coolpad-legacy-6-36-3705.html,2,1,2,3,dom-inspection,ul#mobile-menu-cat-1653 > li.level2.other-section.samsung-sub-category-container > div.samsung-sub-menu-acc > ul.sub-menu-category > li > a.sub-category-link,https://parts4cells.com/other/coolpad-legacy/legacy-series/coolpad-legacy-6-36-3705.html,False,False,2026-09-07T04:41:35+00:00,,,,,
Parts4Cells,https://parts4cells.com/,Other,,5,click,Coolpad Legacy,,12,dom-inspection,Coolpad Legacy S 3648A,https://parts4cells.com/other/coolpad-legacy/legacy-series/coolpad-legacy-s-3648a.html,3,1,3,3,dom-inspection,ul#mobile-menu-cat-1653 > li.level2.other-section.samsung-sub-category-container > div.samsung-sub-menu-acc > ul.sub-menu-category > li > a.sub-category-link,https://parts4cells.com/other/coolpad-legacy/legacy-series/coolpad-legacy-s-3648a.html,False,False,2026-09-07T04:41:35+00:00,,,,,
Parts4Cells,https://parts4cells.com/,Other,,5,click,Nokia,,13,dom-inspection,C Series,https://parts4cells.com/other/nokia/c-series.html,1,1,1,3,dom-inspection,ul#mobile-menu-cat-1854 > li.level2.other-section.samsung-sub-category-container > a.sub-category-link.samsung-sub-category-toggle,https://parts4cells.com/other/nokia/c-series.html,False,False,2026-09-07T04:41:35+00:00,,,,,
Parts4Cells,https://parts4cells.com/,Other,,5,click,Nokia,,13,dom-inspection,Nokia C110,https://parts4cells.com/other/nokia/c-series/nokia-c110.html,2,1,2,3,dom-inspection,ul#mobile-menu-cat-1854 > li.level2.other-section.samsung-sub-category-container > div.samsung-sub-menu-acc > ul.sub-menu-category > li > a.sub-category-link,https://parts4cells.com/other/nokia/c-series/nokia-c110.html,False,False,2026-09-07T04:41:35+00:00,,,,,
Parts4Cells,https://parts4cells.com/,Other,,5,click,Nokia,,13,dom-inspection,Nokia C210,https://parts4cells.com/other/nokia/c-series/nokia-c210.html,3,1,3,3,dom-inspection,ul#mobile-menu-cat-1854 > li.level2.other-section.samsung-sub-category-container > div.samsung-sub-menu-acc > ul.sub-menu-category > li > a.sub-category-link,https://parts4cells.com/other/nokia/c-series/nokia-c210.html,False,False,2026-09-07T04:41:35+00:00,,,,,
Parts4Cells,https://parts4cells.com/,Other,,5,click,Nokia,,13,dom-inspection,Nokia C300,https://parts4cells.com/other/nokia/c-series/nokia-c300.html,4,1,4,3,dom-inspection,ul#mobile-menu-cat-1854 > li.level2.other-section.samsung-sub-category-container > div.samsung-sub-menu-acc > ul.sub-menu-category > li > a.sub-category-link,https://parts4cells.com/other/nokia/c-series/nokia-c300.html,False,False,2026-09-07T04:41:35+00:00,,,,,
Parts4Cells,https://parts4cells.com/,Other,,5,click,Nokia,,13,dom-inspection,G series,https://parts4cells.com/other/nokia/g-series.html,5,1,5,3,dom-inspection,ul#mobile-menu-cat-1854 > li.level2.other-section.samsung-sub-category-container > a.sub-category-link.samsung-sub-category-toggle,https://parts4cells.com/other/nokia/g-series.html,False,False,2026-09-07T04:41:35+00:00,,,,,
Parts4Cells,https://parts4cells.com/,Other,,5,click,Nokia,,13,dom-inspection,Nokia G100,https://parts4cells.com/other/nokia/g-series/nokia-g100.html,6,1,6,3,dom-inspection,ul#mobile-menu-cat-1854 > li.level2.other-section.samsung-sub-category-container > div.samsung-sub-menu-acc > ul.sub-menu-category > li > a.sub-category-link,https://parts4cells.com/other/nokia/g-series/nokia-g100.html,False,False,2026-09-07T04:41:35+00:00,,,,,
Parts4Cells,https://parts4cells.com/,Other,,5,click,Nokia,,13,dom-inspection,Nokia G300,https://parts4cells.com/other/nokia/g-series/nokia-g300.html,7,1,7,3,dom-inspection,ul#mobile-menu-cat-1854 > li.level2.other-section.samsung-sub-category-container > div.samsung-sub-menu-acc > ul.sub-menu-category > li > a.sub-category-link,https://parts4cells.com/other/nokia/g-series/nokia-g300.html,False,False,2026-09-07T04:41:35+00:00,,,,,
Parts4Cells,https://parts4cells.com/,Other,,5,click,Nokia,,13,dom-inspection,Nokia G400,https://parts4cells.com/other/nokia/g-series/nokia-g400.html,8,1,8,3,dom-inspection,ul#mobile-menu-cat-1854 > li.level2.other-section.samsung-sub-category-container > div.samsung-sub-menu-acc > ul.sub-menu-category > li > a.sub-category-link,https://parts4cells.com/other/nokia/g-series/nokia-g400.html,False,False,2026-09-07T04:41:35+00:00,,,,,
Parts4Cells,https://parts4cells.com/,Other,,5,click,Nokia,,13,dom-inspection,X Series,https://parts4cells.com/other/nokia/x-series.html,9,1,9,3,dom-inspection,ul#mobile-menu-cat-1854 > li.level2.other-section.samsung-sub-category-container > a.sub-category-link.samsung-sub-category-toggle,https://parts4cells.com/other/nokia/x-series.html,False,False,2026-09-07T04:41:35+00:00,,,,,
Parts4Cells,https://parts4cells.com/,Other,,5,click,Nokia,,13,dom-inspection,Nokia X100 5G,https://parts4cells.com/other/nokia/x-series/nokia-x100-5g.html,10,1,10,3,dom-inspection,ul#mobile-menu-cat-1854 > li.level2.other-section.samsung-sub-category-container > div.samsung-sub-menu-acc > ul.sub-menu-category > li > a.sub-category-link,https://parts4cells.com/other/nokia/x-series/nokia-x100-5g.html,False,False,2026-09-07T04:41:35+00:00,,,,,
Parts4Cells,https://parts4cells.com/,Other,,5,click,BOOST,,14,dom-inspection,Celero Series,https://parts4cells.com/other/boost/celero-series.html,1,1,1,3,dom-inspection,ul#mobile-menu-cat-1957 > li.level2.other-section.samsung-sub-category-container > a.sub-category-link.samsung-sub-category-toggle,https://parts4cells.com/other/boost/celero-series.html,False,False,2026-09-07T04:41:35+00:00,,,,,
Parts4Cells,https://parts4cells.com/,Other,,5,click,BOOST,,14,dom-inspection,CELERO 5G PLUS (2024),https://parts4cells.com/other/boost/celero-series/celero-5g-plus-2024.html,2,1,2,3,dom-inspection,ul#mobile-menu-cat-1957 > li.level2.other-section.samsung-sub-category-container > div.samsung-sub-menu-acc > ul.sub-menu-category > li > a.sub-category-link,https://parts4cells.com/other/boost/celero-series/celero-5g-plus-2024.html,False,False,2026-09-07T04:41:35+00:00,,,,,
Parts4Cells,https://parts4cells.com/,Other,,5,click,BOOST,,14,dom-inspection,CELERO 5G PLUS (2023),https://parts4cells.com/other/boost/celero-series/celero-5g-plus-2023.html,3,1,3,3,dom-inspection,ul#mobile-menu-cat-1957 > li.level2.other-section.samsung-sub-category-container > div.samsung-sub-menu-acc > ul.sub-menu-category > li > a.sub-category-link,https://parts4cells.com/other/boost/celero-series/celero-5g-plus-2023.html,False,False,2026-09-07T04:41:35+00:00,,,,,
Parts4Cells,https://parts4cells.com/,Other,,5,click,BOOST,,14,dom-inspection,CELERO 5G,https://parts4cells.com/other/boost/celero-series/celero-5g.html,4,1,4,3,dom-inspection,ul#mobile-menu-cat-1957 > li.level2.other-section.samsung-sub-category-container > div.samsung-sub-menu-acc > ul.sub-menu-category > li > a.sub-category-link,https://parts4cells.com/other/boost/celero-series/celero-5g.html,False,False,2026-09-07T04:41:35+00:00,,,,,
Parts4Cells,https://parts4cells.com/,Other,,5,click,BOOST,,14,dom-inspection,CELERO 3 5G,https://parts4cells.com/other/boost/celero-series/celero-3-5g.html,5,1,5,3,dom-inspection,ul#mobile-menu-cat-1957 > li.level2.other-section.samsung-sub-category-container > div.samsung-sub-menu-acc > ul.sub-menu-category > li > a.sub-category-link,https://parts4cells.com/other/boost/celero-series/celero-3-5g.html,False,False,2026-09-07T04:41:35+00:00,,,,,
Parts4Cells,https://parts4cells.com/,Accessories,,6,click,Accessories,,1,dom-inspection,Mbook Chargers,https://parts4cells.com/tool-accessories/accessories/mbook-chargers.html,1,1,1,3,dom-inspection,div#subcategory-mbook-chargers > a.sub-category-link,https://parts4cells.com/tool-accessories/accessories/mbook-chargers.html,False,False,2026-09-07T04:41:35+00:00,,,,,
Parts4Cells,https://parts4cells.com/,Accessories,,6,click,Accessories,,1,dom-inspection,Headphones / Cables / Adapters,https://parts4cells.com/tool-accessories/accessories/headphones-cables.html,2,1,2,3,dom-inspection,div#subcategory-headphones-\/-cables-\/-adapters > a.sub-category-link,https://parts4cells.com/tool-accessories/accessories/headphones-cables.html,False,False,2026-09-07T04:41:35+00:00,,,,,
Parts4Cells,https://parts4cells.com/,Accessories,,6,click,Accessories,,1,dom-inspection,Type C to Type C Colorful Cables,https://parts4cells.com/tool-accessories/accessories/type-c-to-type-c-colorful-cables.html,3,1,3,3,dom-inspection,div#subcategory-type-c-to-type-c-colorful-cables > a.sub-category-link,https://parts4cells.com/tool-accessories/accessories/type-c-to-type-c-colorful-cables.html,False,False,2026-09-07T04:41:35+00:00,,,,,
Parts4Cells,https://parts4cells.com/,Accessories,,6,click,Accessories,,1,dom-inspection,Wireless Earphones,https://parts4cells.com/tool-accessories/accessories/wireless-earphones.html,4,1,4,3,dom-inspection,div#subcategory-wireless-earphones > a.sub-category-link,https://parts4cells.com/tool-accessories/accessories/wireless-earphones.html,False,False,2026-09-07T04:41:35+00:00,,,,,
Parts4Cells,https://parts4cells.com/,Accessories,,6,click,Accessories,,1,dom-inspection,Smart Watch,https://parts4cells.com/tool-accessories/accessories/smart-watch.html,5,1,5,3,dom-inspection,div#subcategory-smart-watch > a.sub-category-link,https://parts4cells.com/tool-accessories/accessories/smart-watch.html,False,False,2026-09-07T04:41:35+00:00,,,,,
Parts4Cells,https://parts4cells.com/,Accessories,,6,click,Accessories,,1,dom-inspection,Sport Smart Watch,https://parts4cells.com/tool-accessories/accessories/sport-smart-watch.html,6,1,6,3,dom-inspection,div#subcategory-sport-smart-watch > a.sub-category-link,https://parts4cells.com/tool-accessories/accessories/sport-smart-watch.html,False,False,2026-09-07T04:41:35+00:00,,,,,
Parts4Cells,https://parts4cells.com/,Accessories,,6,click,Accessories,,1,dom-inspection,20W Type C to iPhone Cable,https://parts4cells.com/tool-accessories/accessories/20w-type-c-to-iphone-cable.html,7,1,7,3,dom-inspection,div#subcategory-20w-type-c-to-iphone-cable > a.sub-category-link,https://parts4cells.com/tool-accessories/accessories/20w-type-c-to-iphone-cable.html,False,False,2026-09-07T04:41:35+00:00,,,,,
Parts4Cells,https://parts4cells.com/,Accessories,,6,click,Accessories,,1,dom-inspection,Power Bank,https://parts4cells.com/tool-accessories/accessories/power-bank.html,8,1,8,3,dom-inspection,div#subcategory-power-bank > a.sub-category-link,https://parts4cells.com/tool-accessories/accessories/power-bank.html,False,False,2026-09-07T04:41:35+00:00,,,,,
Parts4Cells,https://parts4cells.com/,Accessories,,6,click,Accessories,,1,dom-inspection,Trusmi Speakers & Headphones,https://parts4cells.com/tool-accessories/accessories/trusmi-speakers-headphones.html,9,1,9,3,dom-inspection,div#subcategory-trusmi-speakers-\&-headphones > a.sub-category-link,https://parts4cells.com/tool-accessories/accessories/trusmi-speakers-headphones.html,False,False,2026-09-07T04:41:35+00:00,,,,,
Parts4Cells,https://parts4cells.com/,Accessories,,6,click,Accessories,,1,dom-inspection,Pack of 20 Cables,https://parts4cells.com/tool-accessories/accessories/pack-of-20-cables.html,10,1,10,3,dom-inspection,div#subcategory-pack-of-20-cables > a.sub-category-link,https://parts4cells.com/tool-accessories/accessories/pack-of-20-cables.html,False,False,2026-09-07T04:41:35+00:00,,,,,
Parts4Cells,https://parts4cells.com/,Accessories,,6,click,Accessories,,1,dom-inspection,Trusmi Car Chargers,https://parts4cells.com/tool-accessories/accessories/trusmi-car-chargers.html,11,1,11,3,dom-inspection,div#subcategory-trusmi-car-chargers > a.sub-category-link,https://parts4cells.com/tool-accessories/accessories/trusmi-car-chargers.html,False,False,2026-09-07T04:41:35+00:00,,,,,
Parts4Cells,https://parts4cells.com/,Accessories,,6,click,Accessories,,1,dom-inspection,Trusmi Magnetic Card Holder,https://parts4cells.com/tool-accessories/accessories/trusmi-magnetic-card-holder.html,12,1,12,3,dom-inspection,div#subcategory-trusmi-magnetic-card-holder > a.sub-category-link,https://parts4cells.com/tool-accessories/accessories/trusmi-magnetic-card-holder.html,False,False,2026-09-07T04:41:35+00:00,,,,,
Parts4Cells,https://parts4cells.com/,Accessories,,6,click,Accessories,,1,dom-inspection,Desktop Phone Stand,https://parts4cells.com/tool-accessories/accessories/desktop-phone-stand.html,13,1,13,3,dom-inspection,div#subcategory-desktop-phone-stand > a.sub-category-link,https://parts4cells.com/tool-accessories/accessories/desktop-phone-stand.html,False,False,2026-09-07T04:41:35+00:00,,,,,
Parts4Cells,https://parts4cells.com/,Accessories,,6,click,UPLUS,,2,dom-inspection,Dongle,https://parts4cells.com/tool-accessories/uplus/dongle.html,1,1,1,3,dom-inspection,div#subcategory-dongle > a.sub-category-link,https://parts4cells.com/tool-accessories/uplus/dongle.html,False,False,2026-09-07T04:41:35+00:00,,,,,
Parts4Cells,https://parts4cells.com/,Accessories,,6,click,UPLUS,,2,dom-inspection,Adapter,https://parts4cells.com/tool-accessories/uplus/adapter.html,2,1,2,3,dom-inspection,div#subcategory-adapter > a.sub-category-link,https://parts4cells.com/tool-accessories/uplus/adapter.html,False,False,2026-09-07T04:41:35+00:00,,,,,
Parts4Cells,https://parts4cells.com/,Accessories,,6,click,UPLUS,,2,dom-inspection,Charging Cables,https://parts4cells.com/tool-accessories/uplus/charging-cables.html,3,1,3,3,dom-inspection,div#subcategory-charging-cables > a.sub-category-link,https://parts4cells.com/tool-accessories/uplus/charging-cables.html,False,False,2026-09-07T04:41:35+00:00,,,,,
Parts4Cells,https://parts4cells.com/,Trusmi,,7,click,Tempered Glass,,1,dom-inspection,iPhone,https://parts4cells.com/tool-accessories/trusmi-accessories/tempered-glass/iphone.html,1,2,1,3,dom-inspection,div#subcategory-iphone > a.sub-category-link.sub-category-toggle,https://parts4cells.com/tool-accessories/trusmi-accessories/tempered-glass/iphone.html,False,False,2026-09-07T04:41:35+00:00,,,,,
Parts4Cells,https://parts4cells.com/,Trusmi,,7,click,Tempered Glass,,1,dom-inspection,iPhone X,https://parts4cells.com/tool-accessories/trusmi-accessories/tempered-glass/iphone/iphone-x.html,2,1,2,3,dom-inspection,div#sub-menu-category > ul.sub-menu-category > li > a,https://parts4cells.com/tool-accessories/trusmi-accessories/tempered-glass/iphone/iphone-x.html,False,False,2026-09-07T04:41:35+00:00,,,,,
Parts4Cells,https://parts4cells.com/,Trusmi,,7,click,Tempered Glass,,1,dom-inspection,iPhone XR,https://parts4cells.com/tool-accessories/trusmi-accessories/tempered-glass/iphone/iphone-xr.html,3,1,3,3,dom-inspection,div#sub-menu-category > ul.sub-menu-category > li > a,https://parts4cells.com/tool-accessories/trusmi-accessories/tempered-glass/iphone/iphone-xr.html,False,False,2026-09-07T04:41:35+00:00,,,,,
Parts4Cells,https://parts4cells.com/,Trusmi,,7,click,Tempered Glass,,1,dom-inspection,iPhone XS Max,https://parts4cells.com/tool-accessories/trusmi-accessories/tempered-glass/iphone/iphone-xs-max.html,4,1,4,3,dom-inspection,div#sub-menu-category > ul.sub-menu-category > li > a,https://parts4cells.com/tool-accessories/trusmi-accessories/tempered-glass/iphone/iphone-xs-max.html,False,False,2026-09-07T04:41:35+00:00,,,,,
Parts4Cells,https://parts4cells.com/,Trusmi,,7,click,Tempered Glass,,1,dom-inspection,iPhone 12,https://parts4cells.com/tool-accessories/trusmi-accessories/tempered-glass/iphone/iphone-12.html,5,1,5,3,dom-inspection,div#sub-menu-category > ul.sub-menu-category > li > a,https://parts4cells.com/tool-accessories/trusmi-accessories/tempered-glass/iphone/iphone-12.html,False,False,2026-09-07T04:41:35+00:00,,,,,
Parts4Cells,https://parts4cells.com/,Trusmi,,7,click,Tempered Glass,,1,dom-inspection,iPhone 12 Pro Max,https://parts4cells.com/tool-accessories/trusmi-accessories/tempered-glass/iphone/iphone-12-pro-max.html,6,1,6,3,dom-inspection,div#sub-menu-category > ul.sub-menu-category > li > a,https://parts4cells.com/tool-accessories/trusmi-accessories/tempered-glass/iphone/iphone-12-pro-max.html,False,False,2026-09-07T04:41:35+00:00,,,,,
Parts4Cells,https://parts4cells.com/,Trusmi,,7,click,Tempered Glass,,1,dom-inspection,iPhone 13,https://parts4cells.com/tool-accessories/trusmi-accessories/tempered-glass/iphone/iphone-13.html,7,1,7,3,dom-inspection,div#sub-menu-category > ul.sub-menu-category > li > a,https://parts4cells.com/tool-accessories/trusmi-accessories/tempered-glass/iphone/iphone-13.html,False,False,2026-09-07T04:41:35+00:00,,,,,
Parts4Cells,https://parts4cells.com/,Trusmi,,7,click,Tempered Glass,,1,dom-inspection,iPhone 13 Pro Max,https://parts4cells.com/tool-accessories/trusmi-accessories/tempered-glass/iphone/iphone-13-pro-max.html,8,1,8,3,dom-inspection,div#sub-menu-category > ul.sub-menu-category > li > a,https://parts4cells.com/tool-accessories/trusmi-accessories/tempered-glass/iphone/iphone-13-pro-max.html,False,False,2026-09-07T04:41:35+00:00,,,,,
Parts4Cells,https://parts4cells.com/,Trusmi,,7,click,Tempered Glass,,1,dom-inspection,iPhone 14 Pro,https://parts4cells.com/tool-accessories/trusmi-accessories/tempered-glass/iphone/iphone-14-pro.html,9,1,9,3,dom-inspection,div#sub-menu-category > ul.sub-menu-category > li > a,https://parts4cells.com/tool-accessories/trusmi-accessories/tempered-glass/iphone/iphone-14-pro.html,False,False,2026-09-07T04:41:35+00:00,,,,,
Parts4Cells,https://parts4cells.com/,Trusmi,,7,click,Tempered Glass,,1,dom-inspection,iPhone 14 Pro Max,https://parts4cells.com/tool-accessories/trusmi-accessories/tempered-glass/iphone/iphone-14-pro-max.html,10,1,10,3,dom-inspection,div#sub-menu-category > ul.sub-menu-category > li > a,https://parts4cells.com/tool-accessories/trusmi-accessories/tempered-glass/iphone/iphone-14-pro-max.html,False,False,2026-09-07T04:41:35+00:00,,,,,
Parts4Cells,https://parts4cells.com/,Trusmi,,7,click,Tempered Glass,,1,dom-inspection,iPhone 15,https://parts4cells.com/tool-accessories/trusmi-accessories/tempered-glass/iphone/iphone-15.html,11,1,11,3,dom-inspection,div#sub-menu-category > ul.sub-menu-category > li > a,https://parts4cells.com/tool-accessories/trusmi-accessories/tempered-glass/iphone/iphone-15.html,False,False,2026-09-07T04:41:35+00:00,,,,,
Parts4Cells,https://parts4cells.com/,Trusmi,,7,click,Tempered Glass,,1,dom-inspection,iPhone 15 Pro,https://parts4cells.com/tool-accessories/trusmi-accessories/tempered-glass/iphone/iphone-15-pro.html,12,1,12,3,dom-inspection,div#sub-menu-category > ul.sub-menu-category > li > a,https://parts4cells.com/tool-accessories/trusmi-accessories/tempered-glass/iphone/iphone-15-pro.html,False,False,2026-09-07T04:41:35+00:00,,,,,
Parts4Cells,https://parts4cells.com/,Trusmi,,7,click,Tempered Glass,,1,dom-inspection,iPhone 15 Pro Max,https://parts4cells.com/tool-accessories/trusmi-accessories/tempered-glass/iphone/iphone-15-pro-max.html,13,1,13,3,dom-inspection,div#sub-menu-category > ul.sub-menu-category > li > a,https://parts4cells.com/tool-accessories/trusmi-accessories/tempered-glass/iphone/iphone-15-pro-max.html,False,False,2026-09-07T04:41:35+00:00,,,,,
Parts4Cells,https://parts4cells.com/,Trusmi,,7,click,Tempered Glass,,1,dom-inspection,iPhone 15 Plus,https://parts4cells.com/tool-accessories/trusmi-accessories/tempered-glass/iphone/iphone-15-plus.html,14,1,14,3,dom-inspection,div#sub-menu-category > ul.sub-menu-category > li > a,https://parts4cells.com/tool-accessories/trusmi-accessories/tempered-glass/iphone/iphone-15-plus.html,False,False,2026-09-07T04:41:35+00:00,,,,,
Parts4Cells,https://parts4cells.com/,Trusmi,,7,click,Tempered Glass,,1,dom-inspection,iPhone 16,https://parts4cells.com/tool-accessories/trusmi-accessories/tempered-glass/iphone/iphone-16.html,15,1,15,3,dom-inspection,div#sub-menu-category > ul.sub-menu-category > li > a,https://parts4cells.com/tool-accessories/trusmi-accessories/tempered-glass/iphone/iphone-16.html,False,False,2026-09-07T04:41:35+00:00,,,,,
Parts4Cells,https://parts4cells.com/,Trusmi,,7,click,Tempered Glass,,1,dom-inspection,iPhone 16 Pro,https://parts4cells.com/tool-accessories/trusmi-accessories/tempered-glass/iphone/iphone-16-pro.html,16,1,16,3,dom-inspection,div#sub-menu-category > ul.sub-menu-category > li > a,https://parts4cells.com/tool-accessories/trusmi-accessories/tempered-glass/iphone/iphone-16-pro.html,False,False,2026-09-07T04:41:35+00:00,,,,,
Parts4Cells,https://parts4cells.com/,Trusmi,,7,click,Tempered Glass,,1,dom-inspection,iPhone 16 Pro Max,https://parts4cells.com/tool-accessories/trusmi-accessories/tempered-glass/iphone/iphone-16-pro-max.html,17,1,17,3,dom-inspection,div#sub-menu-category > ul.sub-menu-category > li > a,https://parts4cells.com/tool-accessories/trusmi-accessories/tempered-glass/iphone/iphone-16-pro-max.html,False,False,2026-09-07T04:41:35+00:00,,,,,
Parts4Cells,https://parts4cells.com/,Trusmi,,7,click,Tempered Glass,,1,dom-inspection,iPhone 16 Plus,https://parts4cells.com/tool-accessories/trusmi-accessories/tempered-glass/iphone/iphone-16-plus.html,18,1,18,3,dom-inspection,div#sub-menu-category > ul.sub-menu-category > li > a,https://parts4cells.com/tool-accessories/trusmi-accessories/tempered-glass/iphone/iphone-16-plus.html,False,False,2026-09-07T04:41:35+00:00,,,,,
Parts4Cells,https://parts4cells.com/,Trusmi,,7,click,Tempered Glass,,1,dom-inspection,iPhone 12 Pro Max 10,https://parts4cells.com/tool-accessories/trusmi-accessories/tempered-glass/iphone/iphone-12-pro-max-10.html,19,1,19,3,dom-inspection,div#sub-menu-category > ul.sub-menu-category > li > a,https://parts4cells.com/tool-accessories/trusmi-accessories/tempered-glass/iphone/iphone-12-pro-max-10.html,False,False,2026-09-07T04:41:35+00:00,,,,,
Parts4Cells,https://parts4cells.com/,Trusmi,,7,click,Tempered Glass,,1,dom-inspection,iPhone 14 Pro 10,https://parts4cells.com/tool-accessories/trusmi-accessories/tempered-glass/iphone/iphone-14-pro-10.html,20,1,20,3,dom-inspection,div#sub-menu-category > ul.sub-menu-category > li > a,https://parts4cells.com/tool-accessories/trusmi-accessories/tempered-glass/iphone/iphone-14-pro-10.html,False,False,2026-09-07T04:41:35+00:00,,,,,
Parts4Cells,https://parts4cells.com/,Trusmi,,7,click,Tempered Glass,,1,dom-inspection,iPhone 14 Pro Max 10,https://parts4cells.com/tool-accessories/trusmi-accessories/tempered-glass/iphone/iphone-14-pro-max-10.html,21,1,21,3,dom-inspection,div#sub-menu-category > ul.sub-menu-category > li > a,https://parts4cells.com/tool-accessories/trusmi-accessories/tempered-glass/iphone/iphone-14-pro-max-10.html,False,False,2026-09-07T04:41:35+00:00,,,,,
Parts4Cells,https://parts4cells.com/,Trusmi,,7,click,Tempered Glass,,1,dom-inspection,iPhone 15 10,https://parts4cells.com/tool-accessories/trusmi-accessories/tempered-glass/iphone/iphone-15-10.html,22,1,22,3,dom-inspection,div#sub-menu-category > ul.sub-menu-category > li > a,https://parts4cells.com/tool-accessories/trusmi-accessories/tempered-glass/iphone/iphone-15-10.html,False,False,2026-09-07T04:41:35+00:00,,,,,
Parts4Cells,https://parts4cells.com/,Trusmi,,7,click,Tempered Glass,,1,dom-inspection,iPhone 15 Plus 10,https://parts4cells.com/tool-accessories/trusmi-accessories/tempered-glass/iphone/iphone-15-plus-10.html,23,1,23,3,dom-inspection,div#sub-menu-category > ul.sub-menu-category > li > a,https://parts4cells.com/tool-accessories/trusmi-accessories/tempered-glass/iphone/iphone-15-plus-10.html,False,False,2026-09-07T04:41:35+00:00,,,,,
Parts4Cells,https://parts4cells.com/,Trusmi,,7,click,Tempered Glass,,1,dom-inspection,iPhone 15 Pro 10,https://parts4cells.com/tool-accessories/trusmi-accessories/tempered-glass/iphone/iphone-15-pro-10.html,24,1,24,3,dom-inspection,div#sub-menu-category > ul.sub-menu-category > li > a,https://parts4cells.com/tool-accessories/trusmi-accessories/tempered-glass/iphone/iphone-15-pro-10.html,False,False,2026-09-07T04:41:35+00:00,,,,,
Parts4Cells,https://parts4cells.com/,Trusmi,,7,click,Tempered Glass,,1,dom-inspection,iPhone 15 Pro Max 10,https://parts4cells.com/tool-accessories/trusmi-accessories/tempered-glass/iphone/iphone-15-pro-max-10.html,25,1,25,3,dom-inspection,div#sub-menu-category > ul.sub-menu-category > li > a,https://parts4cells.com/tool-accessories/trusmi-accessories/tempered-glass/iphone/iphone-15-pro-max-10.html,False,False,2026-09-07T04:41:35+00:00,,,,,
Parts4Cells,https://parts4cells.com/,Trusmi,,7,click,Tempered Glass,,1,dom-inspection,iPhone 16 10,https://parts4cells.com/tool-accessories/trusmi-accessories/tempered-glass/iphone/iphone-16-10.html,26,1,26,3,dom-inspection,div#sub-menu-category > ul.sub-menu-category > li > a,https://parts4cells.com/tool-accessories/trusmi-accessories/tempered-glass/iphone/iphone-16-10.html,False,False,2026-09-07T04:41:35+00:00,,,,,
Parts4Cells,https://parts4cells.com/,Trusmi,,7,click,Tempered Glass,,1,dom-inspection,iPhone 16 Plus 10,https://parts4cells.com/tool-accessories/trusmi-accessories/tempered-glass/iphone/iphone-16-plus-10.html,27,1,27,3,dom-inspection,div#sub-menu-category > ul.sub-menu-category > li > a,https://parts4cells.com/tool-accessories/trusmi-accessories/tempered-glass/iphone/iphone-16-plus-10.html,False,False,2026-09-07T04:41:35+00:00,,,,,
Parts4Cells,https://parts4cells.com/,Trusmi,,7,click,Tempered Glass,,1,dom-inspection,iPhone 16 Pro 10,https://parts4cells.com/tool-accessories/trusmi-accessories/tempered-glass/iphone/iphone-16-pro-10.html,28,1,28,3,dom-inspection,div#sub-menu-category > ul.sub-menu-category > li > a,https://parts4cells.com/tool-accessories/trusmi-accessories/tempered-glass/iphone/iphone-16-pro-10.html,False,False,2026-09-07T04:41:35+00:00,,,,,
Parts4Cells,https://parts4cells.com/,Trusmi,,7,click,Tempered Glass,,1,dom-inspection,iPhone 16 Pro Max 10,https://parts4cells.com/tool-accessories/trusmi-accessories/tempered-glass/iphone/iphone-16-pro-max-10.html,29,1,29,3,dom-inspection,div#sub-menu-category > ul.sub-menu-category > li > a,https://parts4cells.com/tool-accessories/trusmi-accessories/tempered-glass/iphone/iphone-16-pro-max-10.html,False,False,2026-09-07T04:41:35+00:00,,,,,
Parts4Cells,https://parts4cells.com/,Trusmi,,7,click,Tempered Glass,,1,dom-inspection,iPhone 17 Air,https://parts4cells.com/tool-accessories/trusmi-accessories/tempered-glass/iphone/iphone-17-air.html,30,1,30,3,dom-inspection,div#sub-menu-category > ul.sub-menu-category > li > a,https://parts4cells.com/tool-accessories/trusmi-accessories/tempered-glass/iphone/iphone-17-air.html,False,False,2026-09-07T04:41:35+00:00,,,,,
Parts4Cells,https://parts4cells.com/,Trusmi,,7,click,Tempered Glass,,1,dom-inspection,iPhone 17 Pro,https://parts4cells.com/tool-accessories/trusmi-accessories/tempered-glass/iphone/iphone-17-pro.html,31,1,31,3,dom-inspection,div#sub-menu-category > ul.sub-menu-category > li > a,https://parts4cells.com/tool-accessories/trusmi-accessories/tempered-glass/iphone/iphone-17-pro.html,False,False,2026-09-07T04:41:35+00:00,,,,,
Parts4Cells,https://parts4cells.com/,Trusmi,,7,click,Tempered Glass,,1,dom-inspection,iPhone 17 Pro Max,https://parts4cells.com/tool-accessories/trusmi-accessories/tempered-glass/iphone/iphone-17-pro-max.html,32,1,32,3,dom-inspection,div#sub-menu-category > ul.sub-menu-category > li > a,https://parts4cells.com/tool-accessories/trusmi-accessories/tempered-glass/iphone/iphone-17-pro-max.html,False,False,2026-09-07T04:41:35+00:00,,,,,
Parts4Cells,https://parts4cells.com/,Trusmi,,7,click,Tempered Glass,,1,dom-inspection,iPad,https://parts4cells.com/tool-accessories/trusmi-accessories/tempered-glass/ipad.html,33,2,33,3,dom-inspection,div#subcategory-ipad > a.sub-category-link.sub-category-toggle,https://parts4cells.com/tool-accessories/trusmi-accessories/tempered-glass/ipad.html,False,False,2026-09-07T04:41:35+00:00,,,,,
Parts4Cells,https://parts4cells.com/,Trusmi,,7,click,Tempered Glass,,1,dom-inspection,iPad Mini 4,https://parts4cells.com/tool-accessories/trusmi-accessories/tempered-glass/ipad/ipad-mini-4.html,34,1,34,3,dom-inspection,div#sub-menu-category > ul.sub-menu-category > li > a,https://parts4cells.com/tool-accessories/trusmi-accessories/tempered-glass/ipad/ipad-mini-4.html,False,False,2026-09-07T04:41:35+00:00,,,,,
Parts4Cells,https://parts4cells.com/,Trusmi,,7,click,Tempered Glass,,1,dom-inspection,iPad Mini 6,https://parts4cells.com/tool-accessories/trusmi-accessories/tempered-glass/ipad/ipad-mini-6.html,35,1,35,3,dom-inspection,div#sub-menu-category > ul.sub-menu-category > li > a,https://parts4cells.com/tool-accessories/trusmi-accessories/tempered-glass/ipad/ipad-mini-6.html,False,False,2026-09-07T04:41:35+00:00,,,,,
Parts4Cells,https://parts4cells.com/,Trusmi,,7,click,Tempered Glass,,1,dom-inspection,iPad Pro 11''(2024),https://parts4cells.com/tool-accessories/trusmi-accessories/tempered-glass/ipad/ipad-pro-11-2024.html,36,1,36,3,dom-inspection,div#sub-menu-category > ul.sub-menu-category > li > a,https://parts4cells.com/tool-accessories/trusmi-accessories/tempered-glass/ipad/ipad-pro-11-2024.html,False,False,2026-09-07T04:41:35+00:00,,,,,
Parts4Cells,https://parts4cells.com/,Trusmi,,7,click,Tempered Glass,,1,dom-inspection,iPad Air 6 11''(2024),https://parts4cells.com/tool-accessories/trusmi-accessories/tempered-glass/ipad/ipad-air-6-11-2024.html,37,1,37,3,dom-inspection,div#sub-menu-category > ul.sub-menu-category > li > a,https://parts4cells.com/tool-accessories/trusmi-accessories/tempered-glass/ipad/ipad-air-6-11-2024.html,False,False,2026-09-07T04:41:35+00:00,,,,,
Parts4Cells,https://parts4cells.com/,Trusmi,,7,click,Tempered Glass,,1,dom-inspection,iPad Pro 13'' 7th GEN,https://parts4cells.com/tool-accessories/trusmi-accessories/tempered-glass/ipad/ipad-pro-13-7th-gen.html,38,1,38,3,dom-inspection,div#sub-menu-category > ul.sub-menu-category > li > a,https://parts4cells.com/tool-accessories/trusmi-accessories/tempered-glass/ipad/ipad-pro-13-7th-gen.html,False,False,2026-09-07T04:41:35+00:00,,,,,
Parts4Cells,https://parts4cells.com/,Trusmi,,7,click,Tempered Glass,,1,dom-inspection,iPad Pro 10.5'',https://parts4cells.com/tool-accessories/trusmi-accessories/tempered-glass/ipad/ipad-pro-10-5.html,39,1,39,3,dom-inspection,div#sub-menu-category > ul.sub-menu-category > li > a,https://parts4cells.com/tool-accessories/trusmi-accessories/tempered-glass/ipad/ipad-pro-10-5.html,False,False,2026-09-07T04:41:35+00:00,,,,,
Parts4Cells,https://parts4cells.com/,Trusmi,,7,click,Tempered Glass,,1,dom-inspection,iPad Air,https://parts4cells.com/tool-accessories/trusmi-accessories/tempered-glass/ipad/ipad-air.html,40,1,40,3,dom-inspection,div#sub-menu-category > ul.sub-menu-category > li > a,https://parts4cells.com/tool-accessories/trusmi-accessories/tempered-glass/ipad/ipad-air.html,False,False,2026-09-07T04:41:35+00:00,,,,,
Parts4Cells,https://parts4cells.com/,Trusmi,,7,click,Tempered Glass,,1,dom-inspection,"iPad 7 10.2""",https://parts4cells.com/tool-accessories/trusmi-accessories/tempered-glass/ipad/ipad-7-10-2.html,41,1,41,3,dom-inspection,div#sub-menu-category > ul.sub-menu-category > li > a,https://parts4cells.com/tool-accessories/trusmi-accessories/tempered-glass/ipad/ipad-7-10-2.html,False,False,2026-09-07T04:41:35+00:00,,,,,
Parts4Cells,https://parts4cells.com/,Trusmi,,7,click,Tempered Glass,,1,dom-inspection,"iPad Pro 12.9"" 3rd",https://parts4cells.com/tool-accessories/trusmi-accessories/tempered-glass/ipad/ipad-pro-12-9-3rd.html,42,1,42,3,dom-inspection,div#sub-menu-category > ul.sub-menu-category > li > a,https://parts4cells.com/tool-accessories/trusmi-accessories/tempered-glass/ipad/ipad-pro-12-9-3rd.html,False,False,2026-09-07T04:41:35+00:00,,,,,
Parts4Cells,https://parts4cells.com/,Trusmi,,7,click,Tempered Glass,,1,dom-inspection,Samsung,https://parts4cells.com/tool-accessories/trusmi-accessories/tempered-glass/samsung.html,43,2,43,3,dom-inspection,div#subcategory-samsung > a.sub-category-link.sub-category-toggle,https://parts4cells.com/tool-accessories/trusmi-accessories/tempered-glass/samsung.html,False,False,2026-09-07T04:41:35+00:00,,,,,
Parts4Cells,https://parts4cells.com/,Trusmi,,7,click,Tempered Glass,,1,dom-inspection,Samsung S24,https://parts4cells.com/tool-accessories/trusmi-accessories/tempered-glass/samsung/samsung-s24.html,44,1,44,3,dom-inspection,div#sub-menu-category > ul.sub-menu-category > li > a,https://parts4cells.com/tool-accessories/trusmi-accessories/tempered-glass/samsung/samsung-s24.html,False,False,2026-09-07T04:41:35+00:00,,,,,
Parts4Cells,https://parts4cells.com/,Trusmi,,7,click,Tempered Glass,,1,dom-inspection,Samsung S24 Plus,https://parts4cells.com/tool-accessories/trusmi-accessories/tempered-glass/samsung/samsung-s24-plus.html,45,1,45,3,dom-inspection,div#sub-menu-category > ul.sub-menu-category > li > a,https://parts4cells.com/tool-accessories/trusmi-accessories/tempered-glass/samsung/samsung-s24-plus.html,False,False,2026-09-07T04:41:35+00:00,,,,,
Parts4Cells,https://parts4cells.com/,Trusmi,,7,click,Tempered Glass,,1,dom-inspection,Samsung S24 Ultra,https://parts4cells.com/tool-accessories/trusmi-accessories/tempered-glass/samsung/samsung-s24-ultra.html,46,1,46,3,dom-inspection,div#sub-menu-category > ul.sub-menu-category > li > a,https://parts4cells.com/tool-accessories/trusmi-accessories/tempered-glass/samsung/samsung-s24-ultra.html,False,False,2026-09-07T04:41:35+00:00,,,,,
Parts4Cells,https://parts4cells.com/,Trusmi,,7,click,Tempered Glass,,1,dom-inspection,Samsung S22,https://parts4cells.com/tool-accessories/trusmi-accessories/tempered-glass/samsung/samsung-s22.html,47,1,47,3,dom-inspection,div#sub-menu-category > ul.sub-menu-category > li > a,https://parts4cells.com/tool-accessories/trusmi-accessories/tempered-glass/samsung/samsung-s22.html,False,False,2026-09-07T04:41:35+00:00,,,,,
Parts4Cells,https://parts4cells.com/,Trusmi,,7,click,Tempered Glass,,1,dom-inspection,Samsung S22 Plus,https://parts4cells.com/tool-accessories/trusmi-accessories/tempered-glass/samsung/samsung-s22-plus.html,48,1,48,3,dom-inspection,div#sub-menu-category > ul.sub-menu-category > li > a,https://parts4cells.com/tool-accessories/trusmi-accessories/tempered-glass/samsung/samsung-s22-plus.html,False,False,2026-09-07T04:41:35+00:00,,,,,
Parts4Cells,https://parts4cells.com/,Trusmi,,7,click,Tempered Glass,,1,dom-inspection,Samsung S22 Ultra Full Adhesive Curved,https://parts4cells.com/tool-accessories/trusmi-accessories/tempered-glass/samsung/samsung-s22-ultra-full-adhesive-curved.html,49,1,49,3,dom-inspection,div#sub-menu-category > ul.sub-menu-category > li > a,https://parts4cells.com/tool-accessories/trusmi-accessories/tempered-glass/samsung/samsung-s22-ultra-full-adhesive-curved.html,False,False,2026-09-07T04:41:35+00:00,,,,,
Parts4Cells,https://parts4cells.com/,Trusmi,,7,click,Tempered Glass,,1,dom-inspection,Samsung S23 Ultra Full Adhesive Curved,https://parts4cells.com/tool-accessories/trusmi-accessories/tempered-glass/samsung/samsung-s23-ultra-full-adhesive-curved.html,50,1,50,3,dom-inspection,div#sub-menu-category > ul.sub-menu-category > li > a,https://parts4cells.com/tool-accessories/trusmi-accessories/tempered-glass/samsung/samsung-s23-ultra-full-adhesive-curved.html,False,False,2026-09-07T04:41:35+00:00,,,,,
Parts4Cells,https://parts4cells.com/,Trusmi,,7,click,Tempered Glass,,1,dom-inspection,Samsung S21 Ultra Full Adhesive Curved,https://parts4cells.com/tool-accessories/trusmi-accessories/tempered-glass/samsung/samsung-s21-ultra-full-adhesive-curved.html,51,1,51,3,dom-inspection,div#sub-menu-category > ul.sub-menu-category > li > a,https://parts4cells.com/tool-accessories/trusmi-accessories/tempered-glass/samsung/samsung-s21-ultra-full-adhesive-curved.html,False,False,2026-09-07T04:41:35+00:00,,,,,
Parts4Cells,https://parts4cells.com/,Trusmi,,7,click,Tempered Glass,,1,dom-inspection,Trusmi iphone Tempered Glass,https://parts4cells.com/tool-accessories/trusmi-accessories/tempered-glass/trusmi-iphone-tempered-glass.html,52,2,52,3,dom-inspection,div#subcategory-trusmi-iphone-tempered-glass > a.sub-category-link,https://parts4cells.com/tool-accessories/trusmi-accessories/tempered-glass/trusmi-iphone-tempered-glass.html,False,False,2026-09-07T04:41:35+00:00,,,,,
Parts4Cells,https://parts4cells.com/,Tools,,8,click,Back Glass Repair,,1,dom-inspection,Clamps & Holders,https://parts4cells.com/tool-accessories/back-glass-repair/clamps-holders.html,1,2,1,3,dom-inspection,ul#mobile-menu-cat-2262 > li > a,https://parts4cells.com/tool-accessories/back-glass-repair/clamps-holders.html,False,False,2026-09-07T04:41:35+00:00,,,,,
Parts4Cells,https://parts4cells.com/,Tools,,8,click,Back Glass Repair,,1,dom-inspection,Fume Extractors,https://parts4cells.com/tool-accessories/back-glass-repair/fume-extractors.html,2,2,2,3,dom-inspection,ul#mobile-menu-cat-2262 > li > a,https://parts4cells.com/tool-accessories/back-glass-repair/fume-extractors.html,False,False,2026-09-07T04:41:35+00:00,,,,,
Parts4Cells,https://parts4cells.com/,Tools,,8,click,Back Glass Repair,,1,dom-inspection,Glass Removal,https://parts4cells.com/tool-accessories/back-glass-repair/glass-removal.html,3,3,3,3,dom-inspection,ul#mobile-menu-cat-2262 > li > a,https://parts4cells.com/tool-accessories/back-glass-repair/glass-removal.html,False,False,2026-09-07T04:41:35+00:00,,,,,
Parts4Cells,https://parts4cells.com/,Tools,,8,click,Back Glass Repair,,1,dom-inspection,Glue Cleaning,https://parts4cells.com/tool-accessories/back-glass-repair/glue-cleaning.html,4,4,4,3,dom-inspection,ul#mobile-menu-cat-2262 > li > a,https://parts4cells.com/tool-accessories/back-glass-repair/glue-cleaning.html,False,False,2026-09-07T04:41:35+00:00,,,,,
Parts4Cells,https://parts4cells.com/,Tools,,8,click,Back Glass Repair,,1,dom-inspection,Glues,https://parts4cells.com/tool-accessories/back-glass-repair/glues.html,5,4,5,3,dom-inspection,ul#mobile-menu-cat-2262 > li > a,https://parts4cells.com/tool-accessories/back-glass-repair/glues.html,False,False,2026-09-07T04:41:35+00:00,,,,,
Parts4Cells,https://parts4cells.com/,Tools,,8,click,Back Glass Repair,,1,dom-inspection,Laser Machines,https://parts4cells.com/tool-accessories/back-glass-repair/laser-machines.html,6,2,6,3,dom-inspection,ul#mobile-menu-cat-2262 > li > a,https://parts4cells.com/tool-accessories/back-glass-repair/laser-machines.html,False,False,2026-09-07T04:41:35+00:00,,,,,
Parts4Cells,https://parts4cells.com/,Tools,,8,click,Back Glass Repair,,1,dom-inspection,Laser Molds,https://parts4cells.com/tool-accessories/back-glass-repair/laser-molds.html,7,2,7,3,dom-inspection,ul#mobile-menu-cat-2262 > li > a,https://parts4cells.com/tool-accessories/back-glass-repair/laser-molds.html,False,False,2026-09-07T04:41:35+00:00,,,,,
Parts4Cells,https://parts4cells.com/,Tools,,8,click,Back Glass Repair,,1,dom-inspection,Pre Cut Adhesives,https://parts4cells.com/tool-accessories/back-glass-repair/pre-cut-adhesives.html,8,3,8,3,dom-inspection,ul#mobile-menu-cat-2262 > li > a,https://parts4cells.com/tool-accessories/back-glass-repair/pre-cut-adhesives.html,False,False,2026-09-07T04:41:35+00:00,,,,,
Parts4Cells,https://parts4cells.com/,Tools,,8,click,Back Glass Repair,,1,dom-inspection,TBK Lens Protector,https://parts4cells.com/tool-accessories/back-glass-repair/tbk-lens-protector.html,9,4,9,3,dom-inspection,ul#mobile-menu-cat-2262 > li > a,https://parts4cells.com/tool-accessories/back-glass-repair/tbk-lens-protector.html,False,False,2026-09-07T04:41:35+00:00,,,,,
Parts4Cells,https://parts4cells.com/,Tools,,8,click,Microsoldering,,2,dom-inspection,Board-Level Repair Tools,https://parts4cells.com/tool-accessories/microsoldering/board-level-repair-tools.html,1,1,1,3,dom-inspection,ul#mobile-menu-cat-2272 > li > a,https://parts4cells.com/tool-accessories/microsoldering/board-level-repair-tools.html,False,False,2026-09-07T04:41:35+00:00,,,,,
Parts4Cells,https://parts4cells.com/,Tools,,8,click,Microsoldering,,2,dom-inspection,Power Supply Units,https://parts4cells.com/tool-accessories/microsoldering/power-supply-units.html,2,1,2,3,dom-inspection,ul#mobile-menu-cat-2272 > li > a,https://parts4cells.com/tool-accessories/microsoldering/power-supply-units.html,False,False,2026-09-07T04:41:35+00:00,,,,,
Parts4Cells,https://parts4cells.com/,Tools,,8,click,Microsoldering,,2,dom-inspection,Soldering Station,https://parts4cells.com/tool-accessories/microsoldering/soldering-station.html,3,1,3,3,dom-inspection,ul#mobile-menu-cat-2272 > li > a,https://parts4cells.com/tool-accessories/microsoldering/soldering-station.html,False,False,2026-09-07T04:41:35+00:00,,,,,
Parts4Cells,https://parts4cells.com/,Tools,,8,click,Organization,,3,dom-inspection,Screw Mat,https://parts4cells.com/tool-accessories/organization/screw-mat.html,1,1,1,3,dom-inspection,ul#mobile-menu-cat-2276 > li > a,https://parts4cells.com/tool-accessories/organization/screw-mat.html,False,False,2026-09-07T04:41:35+00:00,,,,,
Parts4Cells,https://parts4cells.com/,Tools,,8,click,Organization,,3,dom-inspection,Tool Holders & Storage,https://parts4cells.com/tool-accessories/organization/tool-holders-storage.html,2,1,2,3,dom-inspection,ul#mobile-menu-cat-2276 > li > a,https://parts4cells.com/tool-accessories/organization/tool-holders-storage.html,False,False,2026-09-07T04:41:35+00:00,,,,,
Parts4Cells,https://parts4cells.com/,Tools,,8,click,Programmers,,4,dom-inspection,Battery Programmer,https://parts4cells.com/tool-accessories/programmers/battery-programmer.html,1,1,1,3,dom-inspection,ul#mobile-menu-cat-2279 > li > a,https://parts4cells.com/tool-accessories/programmers/battery-programmer.html,False,False,2026-09-07T04:41:35+00:00,,,,,
Parts4Cells,https://parts4cells.com/,Tools,,8,click,Programmers,,4,dom-inspection,Face id Programmer,https://parts4cells.com/tool-accessories/programmers/face-id-programmer.html,2,1,2,3,dom-inspection,ul#mobile-menu-cat-2279 > li > a,https://parts4cells.com/tool-accessories/programmers/face-id-programmer.html,False,False,2026-09-07T04:41:35+00:00,,,,,
Parts4Cells,https://parts4cells.com/,Tools,,8,click,Programmers,,4,dom-inspection,Phone Diagnostic & Programming Tools,https://parts4cells.com/tool-accessories/programmers/phone-diagnostic-programming-tools.html,3,1,3,3,dom-inspection,ul#mobile-menu-cat-2279 > li > a,https://parts4cells.com/tool-accessories/programmers/phone-diagnostic-programming-tools.html,False,False,2026-09-07T04:41:35+00:00,,,,,
Parts4Cells,https://parts4cells.com/,Tools,,8,click,Refurbishing,,5,dom-inspection,Alcohol & Liquid Dispensers,https://parts4cells.com/tool-accessories/refurbishing/alcohol-liquid-dispensers.html,1,1,1,3,dom-inspection,ul#mobile-menu-cat-2283 > li > a,https://parts4cells.com/tool-accessories/refurbishing/alcohol-liquid-dispensers.html,False,False,2026-09-07T04:41:35+00:00,,,,,
Parts4Cells,https://parts4cells.com/,Tools,,8,click,Refurbishing,,5,dom-inspection,Cutting Tools & Pliers,https://parts4cells.com/tool-accessories/refurbishing/cutting-tools-pliers.html,2,1,2,3,dom-inspection,ul#mobile-menu-cat-2283 > li > a,https://parts4cells.com/tool-accessories/refurbishing/cutting-tools-pliers.html,False,False,2026-09-07T04:41:35+00:00,,,,,
Parts4Cells,https://parts4cells.com/,Tools,,8,click,Refurbishing,,5,dom-inspection,Glass & Frames,https://parts4cells.com/tool-accessories/refurbishing/glass-frames.html,3,1,3,3,dom-inspection,ul#mobile-menu-cat-2283 > li > a,https://parts4cells.com/tool-accessories/refurbishing/glass-frames.html,False,False,2026-09-07T04:41:35+00:00,,,,,
Parts4Cells,https://parts4cells.com/,Tools,,8,click,Refurbishing,,5,dom-inspection,Glass Separation tools,https://parts4cells.com/tool-accessories/refurbishing/glass-separation-tools.html,4,1,4,3,dom-inspection,ul#mobile-menu-cat-2283 > li > a,https://parts4cells.com/tool-accessories/refurbishing/glass-separation-tools.html,False,False,2026-09-07T04:41:35+00:00,,,,,
Parts4Cells,https://parts4cells.com/,Tools,,8,click,Refurbishing,,5,dom-inspection,Glue remover,https://parts4cells.com/tool-accessories/refurbishing/glue-remover.html,5,1,5,3,dom-inspection,ul#mobile-menu-cat-2283 > li > a,https://parts4cells.com/tool-accessories/refurbishing/glue-remover.html,False,False,2026-09-07T04:41:35+00:00,,,,,
Parts4Cells,https://parts4cells.com/,Tools,,8,click,Refurbishing,,5,dom-inspection,Glues,https://parts4cells.com/tool-accessories/refurbishing/glues.html,6,1,6,3,dom-inspection,ul#mobile-menu-cat-2283 > li > a,https://parts4cells.com/tool-accessories/refurbishing/glues.html,False,False,2026-09-07T04:41:35+00:00,,,,,
Parts4Cells,https://parts4cells.com/,Tools,,8,click,Refurbishing,,5,dom-inspection,Tweezers,https://parts4cells.com/tool-accessories/refurbishing/tweezers.html,7,1,7,3,dom-inspection,ul#mobile-menu-cat-2283 > li > a,https://parts4cells.com/tool-accessories/refurbishing/tweezers.html,False,False,2026-09-07T04:41:35+00:00,,,,,
Parts4Cells,https://parts4cells.com/,Tools,,8,click,Repair Shop Essentials,,6,dom-inspection,Adhesive Tape,https://parts4cells.com/tool-accessories/repair-shop-essentials/adhesive-tape.html,1,1,1,3,dom-inspection,ul#mobile-menu-cat-2291 > li > a,https://parts4cells.com/tool-accessories/repair-shop-essentials/adhesive-tape.html,False,False,2026-09-07T04:41:35+00:00,,,,,
Parts4Cells,https://parts4cells.com/,Tools,,8,click,Repair Shop Essentials,,6,dom-inspection,Calibrator,https://parts4cells.com/tool-accessories/repair-shop-essentials/calibrator.html,2,1,2,3,dom-inspection,ul#mobile-menu-cat-2291 > li > a,https://parts4cells.com/tool-accessories/repair-shop-essentials/calibrator.html,False,False,2026-09-07T04:41:35+00:00,,,,,
Parts4Cells,https://parts4cells.com/,Tools,,8,click,Repair Shop Essentials,,6,dom-inspection,Clamps,https://parts4cells.com/tool-accessories/repair-shop-essentials/clamps.html,3,1,3,3,dom-inspection,ul#mobile-menu-cat-2291 > li > a,https://parts4cells.com/tool-accessories/repair-shop-essentials/clamps.html,False,False,2026-09-07T04:41:35+00:00,,,,,
Parts4Cells,https://parts4cells.com/,Tools,,8,click,Repair Shop Essentials,,6,dom-inspection,Cutting Tools & Pliers,https://parts4cells.com/tool-accessories/repair-shop-essentials/cutting-tools-pliers.html,4,1,4,3,dom-inspection,ul#mobile-menu-cat-2291 > li > a,https://parts4cells.com/tool-accessories/repair-shop-essentials/cutting-tools-pliers.html,False,False,2026-09-07T04:41:35+00:00,,,,,
Parts4Cells,https://parts4cells.com/,Tools,,8,click,Repair Shop Essentials,,6,dom-inspection,Disassembly,https://parts4cells.com/tool-accessories/repair-shop-essentials/disassembly.html,5,1,5,3,dom-inspection,ul#mobile-menu-cat-2291 > li > a,https://parts4cells.com/tool-accessories/repair-shop-essentials/disassembly.html,False,False,2026-09-07T04:41:35+00:00,,,,,
Parts4Cells,https://parts4cells.com/,Tools,,8,click,Repair Shop Essentials,,6,dom-inspection,Grinders,https://parts4cells.com/tool-accessories/repair-shop-essentials/grinders.html,6,1,6,3,dom-inspection,ul#mobile-menu-cat-2291 > li > a,https://parts4cells.com/tool-accessories/repair-shop-essentials/grinders.html,False,False,2026-09-07T04:41:35+00:00,,,,,
Parts4Cells,https://parts4cells.com/,Tools,,8,click,Repair Shop Essentials,,6,dom-inspection,Heat Mat & Work Mat,https://parts4cells.com/tool-accessories/repair-shop-essentials/heat-mat-work-mat.html,7,1,7,3,dom-inspection,ul#mobile-menu-cat-2291 > li > a,https://parts4cells.com/tool-accessories/repair-shop-essentials/heat-mat-work-mat.html,False,False,2026-09-07T04:41:35+00:00,,,,,
Parts4Cells,https://parts4cells.com/,Tools,,8,click,Repair Shop Essentials,,6,dom-inspection,Opening & Separation Tools,https://parts4cells.com/tool-accessories/repair-shop-essentials/opening-separation-tools.html,8,1,8,3,dom-inspection,ul#mobile-menu-cat-2291 > li > a,https://parts4cells.com/tool-accessories/repair-shop-essentials/opening-separation-tools.html,False,False,2026-09-07T04:41:35+00:00,,,,,
Parts4Cells,https://parts4cells.com/,Tools,,8,click,Repair Shop Essentials,,6,dom-inspection,Repair Fixtures,https://parts4cells.com/tool-accessories/repair-shop-essentials/repair-fixtures.html,9,1,9,3,dom-inspection,ul#mobile-menu-cat-2291 > li > a,https://parts4cells.com/tool-accessories/repair-shop-essentials/repair-fixtures.html,False,False,2026-09-07T04:41:35+00:00,,,,,
Parts4Cells,https://parts4cells.com/,Tools,,8,click,Repair Shop Essentials,,6,dom-inspection,Screwdrivers,https://parts4cells.com/tool-accessories/repair-shop-essentials/screwdrivers.html,10,1,10,3,dom-inspection,ul#mobile-menu-cat-2291 > li > a,https://parts4cells.com/tool-accessories/repair-shop-essentials/screwdrivers.html,False,False,2026-09-07T04:41:35+00:00,,,,,
Parts4Cells,https://parts4cells.com/,Tools,,8,click,Repair Shop Essentials,,6,dom-inspection,Tool Kits,https://parts4cells.com/tool-accessories/repair-shop-essentials/tool-kits.html,11,1,11,3,dom-inspection,ul#mobile-menu-cat-2291 > li > a,https://parts4cells.com/tool-accessories/repair-shop-essentials/tool-kits.html,False,False,2026-09-07T04:41:35+00:00,,,,,
Parts4Cells,https://parts4cells.com/,Tools,,8,click,Repair Shop Essentials,,6,dom-inspection,Tweezers,https://parts4cells.com/tool-accessories/repair-shop-essentials/tweezers.html,12,1,12,3,dom-inspection,ul#mobile-menu-cat-2291 > li > a,https://parts4cells.com/tool-accessories/repair-shop-essentials/tweezers.html,False,False,2026-09-07T04:41:35+00:00,,,,,
Parts4Cells,https://parts4cells.com/,Tools,,8,click,Soldering Supplies,,7,dom-inspection,Alcohol Dispensers,https://parts4cells.com/tool-accessories/soldering-supplies/alcohol-dispensers.html,1,1,1,3,dom-inspection,ul#mobile-menu-cat-2304 > li > a,https://parts4cells.com/tool-accessories/soldering-supplies/alcohol-dispensers.html,False,False,2026-09-07T04:41:35+00:00,,,,,
Parts4Cells,https://parts4cells.com/,Tools,,8,click,Soldering Supplies,,7,dom-inspection,Blades,https://parts4cells.com/tool-accessories/soldering-supplies/blades.html,2,1,2,3,dom-inspection,ul#mobile-menu-cat-2304 > li > a,https://parts4cells.com/tool-accessories/soldering-supplies/blades.html,False,False,2026-09-07T04:41:35+00:00,,,,,
Parts4Cells,https://parts4cells.com/,Tools,,8,click,Soldering Supplies,,7,dom-inspection,Glue Removers,https://parts4cells.com/tool-accessories/soldering-supplies/glue-removers.html,3,1,3,3,dom-inspection,ul#mobile-menu-cat-2304 > li > a,https://parts4cells.com/tool-accessories/soldering-supplies/glue-removers.html,False,False,2026-09-07T04:41:35+00:00,,,,,
Parts4Cells,https://parts4cells.com/,Tools,,8,click,Soldering Supplies,,7,dom-inspection,Green UV Solder Mask,https://parts4cells.com/tool-accessories/soldering-supplies/green-uv-solder-mask.html,4,1,4,3,dom-inspection,ul#mobile-menu-cat-2304 > li > a,https://parts4cells.com/tool-accessories/soldering-supplies/green-uv-solder-mask.html,False,False,2026-09-07T04:41:35+00:00,,,,,
Parts4Cells,https://parts4cells.com/,Tools,,8,click,Soldering Supplies,,7,dom-inspection,Replacement Tips,https://parts4cells.com/tool-accessories/soldering-supplies/replacement-tips.html,5,1,5,3,dom-inspection,ul#mobile-menu-cat-2304 > li > a,https://parts4cells.com/tool-accessories/soldering-supplies/replacement-tips.html,False,False,2026-09-07T04:41:35+00:00,,,,,
Parts4Cells,https://parts4cells.com/,Tools,,8,click,Soldering Supplies,,7,dom-inspection,Solder Paste,https://parts4cells.com/tool-accessories/soldering-supplies/solder-paste.html,6,1,6,3,dom-inspection,ul#mobile-menu-cat-2304 > li > a,https://parts4cells.com/tool-accessories/soldering-supplies/solder-paste.html,False,False,2026-09-07T04:41:35+00:00,,,,,
Parts4Cells,https://parts4cells.com/,Tools,,8,click,Soldering Supplies,,7,dom-inspection,Solder Wick,https://parts4cells.com/tool-accessories/soldering-supplies/solder-wick.html,7,1,7,3,dom-inspection,ul#mobile-menu-cat-2304 > li > a,https://parts4cells.com/tool-accessories/soldering-supplies/solder-wick.html,False,False,2026-09-07T04:41:35+00:00,,,,,
Parts4Cells,https://parts4cells.com/,Tools,,8,click,Soldering Supplies,,7,dom-inspection,Solder Wires,https://parts4cells.com/tool-accessories/soldering-supplies/solder-wires.html,8,1,8,3,dom-inspection,ul#mobile-menu-cat-2304 > li > a,https://parts4cells.com/tool-accessories/soldering-supplies/solder-wires.html,False,False,2026-09-07T04:41:35+00:00,,,,,
Parts4Cells,https://parts4cells.com/,Tools,,8,click,Soldering Supplies,,7,dom-inspection,Soldering Flux,https://parts4cells.com/tool-accessories/soldering-supplies/soldering-flux.html,9,1,9,3,dom-inspection,ul#mobile-menu-cat-2304 > li > a,https://parts4cells.com/tool-accessories/soldering-supplies/soldering-flux.html,False,False,2026-09-07T04:41:35+00:00,,,,,
Parts4Cells,https://parts4cells.com/,Tools,,8,click,Soldering Supplies,,7,dom-inspection,Stencils,https://parts4cells.com/tool-accessories/soldering-supplies/stencils.html,10,1,10,3,dom-inspection,ul#mobile-menu-cat-2304 > li > a,https://parts4cells.com/tool-accessories/soldering-supplies/stencils.html,False,False,2026-09-07T04:41:35+00:00,,,,,
Parts4Cells,https://parts4cells.com/,Tools,,8,click,Soldering Supplies,,7,dom-inspection,Tip Cleaners,https://parts4cells.com/tool-accessories/soldering-supplies/tip-cleaners.html,11,1,11,3,dom-inspection,ul#mobile-menu-cat-2304 > li > a,https://parts4cells.com/tool-accessories/soldering-supplies/tip-cleaners.html,False,False,2026-09-07T04:41:35+00:00,,,,,
Parts4Cells,https://parts4cells.com/,Tools,,8,click,Supplies,,8,dom-inspection,Cleaning Supplies,https://parts4cells.com/tool-accessories/supplies/cleaning-supplies.html,1,1,1,3,dom-inspection,ul#mobile-menu-cat-2316 > li > a,https://parts4cells.com/tool-accessories/supplies/cleaning-supplies.html,False,False,2026-09-07T04:41:35+00:00,,,,,
Parts4Cells,https://parts4cells.com/,Tools,,8,click,Supplies,,8,dom-inspection,Glue remover,https://parts4cells.com/tool-accessories/supplies/glue-remover.html,2,1,2,3,dom-inspection,ul#mobile-menu-cat-2316 > li > a,https://parts4cells.com/tool-accessories/supplies/glue-remover.html,False,False,2026-09-07T04:41:35+00:00,,,,,
Parts4Cells,https://parts4cells.com/,Tools,,8,click,Supplies,,8,dom-inspection,Glues,https://parts4cells.com/tool-accessories/supplies/glues.html,3,1,3,3,dom-inspection,ul#mobile-menu-cat-2316 > li > a,https://parts4cells.com/tool-accessories/supplies/glues.html,False,False,2026-09-07T04:41:35+00:00,,,,,
Parts4Cells,https://parts4cells.com/,Tools,,8,click,Supplies,,8,dom-inspection,Safety Supplies,https://parts4cells.com/tool-accessories/supplies/safety-supplies.html,4,1,4,3,dom-inspection,ul#mobile-menu-cat-2316 > li > a,https://parts4cells.com/tool-accessories/supplies/safety-supplies.html,False,False,2026-09-07T04:41:35+00:00,,,,,
Parts4Cells,https://parts4cells.com/,Tools,,8,click,Supplies,,8,dom-inspection,Shop Supplies,https://parts4cells.com/tool-accessories/supplies/shop-supplies.html,5,1,5,3,dom-inspection,ul#mobile-menu-cat-2316 > li > a,https://parts4cells.com/tool-accessories/supplies/shop-supplies.html,False,False,2026-09-07T04:41:35+00:00,,,,,
Parts4Cells,https://parts4cells.com/,Tools,,8,click,Testing devices,,9,dom-inspection,Battery Tester,https://parts4cells.com/tool-accessories/testing-devices/battery-tester.html,1,1,1,3,dom-inspection,ul#mobile-menu-cat-2322 > li > a,https://parts4cells.com/tool-accessories/testing-devices/battery-tester.html,False,False,2026-09-07T04:41:35+00:00,,,,,
Parts4Cells,https://parts4cells.com/,Tools,,8,click,Testing devices,,9,dom-inspection,Screen Tester,https://parts4cells.com/tool-accessories/testing-devices/screen-tester.html,2,1,2,3,dom-inspection,ul#mobile-menu-cat-2322 > li > a,https://parts4cells.com/tool-accessories/testing-devices/screen-tester.html,False,False,2026-09-07T04:41:35+00:00,,,,,
Parts4Cells,https://parts4cells.com/,Tools,,8,click,Testing devices,,9,dom-inspection,Test Cables,https://parts4cells.com/tool-accessories/testing-devices/test-cables.html,3,1,3,3,dom-inspection,ul#mobile-menu-cat-2322 > li > a,https://parts4cells.com/tool-accessories/testing-devices/test-cables.html,False,False,2026-09-07T04:41:35+00:00,,,,,
Parts4Cells,https://parts4cells.com/,Tools,,8,click,Brands,,10,dom-inspection,2UUL,https://parts4cells.com/tool-accessories/brands/2uul.html,1,1,1,3,dom-inspection,ul#mobile-menu-cat-1384 > li > a,https://parts4cells.com/tool-accessories/brands/2uul.html,False,False,2026-09-07T04:41:35+00:00,,,,,
Parts4Cells,https://parts4cells.com/,Tools,,8,click,Brands,,10,dom-inspection,JC,https://parts4cells.com/tool-accessories/brands/jc.html,2,1,2,3,dom-inspection,ul#mobile-menu-cat-1384 > li > a,https://parts4cells.com/tool-accessories/brands/jc.html,False,False,2026-09-07T04:41:35+00:00,,,,,
Parts4Cells,https://parts4cells.com/,Tools,,8,click,Brands,,10,dom-inspection,M-Triangle,https://parts4cells.com/tool-accessories/brands/m-triangle.html,3,1,3,3,dom-inspection,ul#mobile-menu-cat-1384 > li > a,https://parts4cells.com/tool-accessories/brands/m-triangle.html,False,False,2026-09-07T04:41:35+00:00,,,,,
Parts4Cells,https://parts4cells.com/,Tools,,8,click,Brands,,10,dom-inspection,Mechanic,https://parts4cells.com/tool-accessories/brands/mechanic.html,4,1,4,3,dom-inspection,ul#mobile-menu-cat-1384 > li > a,https://parts4cells.com/tool-accessories/brands/mechanic.html,False,False,2026-09-07T04:41:35+00:00,,,,,
Parts4Cells,https://parts4cells.com/,Tools,,8,click,Brands,,10,dom-inspection,Prodigee,https://parts4cells.com/tool-accessories/brands/prodigee.html,5,1,5,3,dom-inspection,ul#mobile-menu-cat-1384 > li > a,https://parts4cells.com/tool-accessories/brands/prodigee.html,False,False,2026-09-07T04:41:35+00:00,,,,,
Parts4Cells,https://parts4cells.com/,Tools,,8,click,Brands,,10,dom-inspection,QianLi,https://parts4cells.com/tool-accessories/brands/qianli.html,6,1,6,3,dom-inspection,ul#mobile-menu-cat-1384 > li > a,https://parts4cells.com/tool-accessories/brands/qianli.html,False,False,2026-09-07T04:41:35+00:00,,,,,
Parts4Cells,https://parts4cells.com/,Tools,,8,click,Brands,,10,dom-inspection,Quick,https://parts4cells.com/tool-accessories/brands/quick.html,7,1,7,3,dom-inspection,ul#mobile-menu-cat-1384 > li > a,https://parts4cells.com/tool-accessories/brands/quick.html,False,False,2026-09-07T04:41:35+00:00,,,,,
Parts4Cells,https://parts4cells.com/,Tools,,8,click,Brands,,10,dom-inspection,TBK,https://parts4cells.com/tool-accessories/brands/tbk.html,8,1,8,3,dom-inspection,ul#mobile-menu-cat-1384 > li > a,https://parts4cells.com/tool-accessories/brands/tbk.html,False,False,2026-09-07T04:41:35+00:00,,,,,
Parts4Cells,https://parts4cells.com/,Tools,,8,click,Brands,,10,dom-inspection,Uplus,https://parts4cells.com/tool-accessories/brands/uplus.html,9,1,9,3,dom-inspection,ul#mobile-menu-cat-1384 > li > a,https://parts4cells.com/tool-accessories/brands/uplus.html,False,False,2026-09-07T04:41:35+00:00,,,,,
Parts4Cells,https://parts4cells.com/,Tools,,8,click,Brands,,10,dom-inspection,Vetus,https://parts4cells.com/tool-accessories/brands/vetus.html,10,1,10,3,dom-inspection,ul#mobile-menu-cat-1384 > li > a,https://parts4cells.com/tool-accessories/brands/vetus.html,False,False,2026-09-07T04:41:35+00:00,,,,,
Parts4Cells,https://parts4cells.com/,Tools,,8,click,Brands,,10,dom-inspection,Wija,https://parts4cells.com/tool-accessories/brands/wija.html,11,1,11,3,dom-inspection,ul#mobile-menu-cat-1384 > li > a,https://parts4cells.com/tool-accessories/brands/wija.html,False,False,2026-09-07T04:41:35+00:00,,,,,
Parts4Cells,https://parts4cells.com/,Game Console,,9,click,PlayStation,https://parts4cells.com/game-console/playstation-5.html,1,dom-inspection,Playstation 5,https://parts4cells.com/game-console/playstation-5/playstation-5.html,1,2,1,3,dom-inspection,ul#mobile-menu-cat-1545-1 > li.level2 > a.sub-category-link,https://parts4cells.com/game-console/playstation-5/playstation-5.html,False,False,2026-09-07T04:41:35+00:00,,,,,
Parts4Cells,https://parts4cells.com/,Game Console,,9,click,PlayStation,https://parts4cells.com/game-console/playstation-5.html,1,dom-inspection,PlayStation 5 Slim,https://parts4cells.com/game-console/playstation-5/playstation-5-slim.html,2,2,2,3,dom-inspection,ul#mobile-menu-cat-1545-1 > li.level2 > a.sub-category-link,https://parts4cells.com/game-console/playstation-5/playstation-5-slim.html,False,False,2026-09-07T04:41:35+00:00,,,,,
Parts4Cells,https://parts4cells.com/,Game Console,,9,click,PlayStation,https://parts4cells.com/game-console/playstation-5.html,1,dom-inspection,PlayStation 4 Pro,https://parts4cells.com/game-console/playstation-5/playstation-4-pro.html,3,3,3,3,dom-inspection,ul#mobile-menu-cat-1545-1 > li.level2 > a.sub-category-link,https://parts4cells.com/game-console/playstation-5/playstation-4-pro.html,False,False,2026-09-07T04:41:35+00:00,,,,,
Parts4Cells,https://parts4cells.com/,Game Console,,9,click,PlayStation,https://parts4cells.com/game-console/playstation-5.html,1,dom-inspection,Playstation 4 Slim,https://parts4cells.com/game-console/playstation-5/playstation-4-slim.html,4,3,4,3,dom-inspection,ul#mobile-menu-cat-1545-1 > li.level2 > a.sub-category-link,https://parts4cells.com/game-console/playstation-5/playstation-4-slim.html,False,False,2026-09-07T04:41:35+00:00,,,,,
Parts4Cells,https://parts4cells.com/,Game Console,,9,click,PlayStation,https://parts4cells.com/game-console/playstation-5.html,1,dom-inspection,PlayStation 4,https://parts4cells.com/game-console/playstation-5/playstation-4.html,5,4,5,3,dom-inspection,ul#mobile-menu-cat-1545-1 > li.level2 > a.sub-category-link,https://parts4cells.com/game-console/playstation-5/playstation-4.html,False,False,2026-09-07T04:41:35+00:00,,,,,
Parts4Cells,https://parts4cells.com/,Game Console,,9,click,XBOX,https://parts4cells.com/game-console/xbox-series-x.html,2,dom-inspection,Xbox Series X,https://parts4cells.com/game-console/xbox-series-x/xbox-series-x.html,1,1,1,3,dom-inspection,ul#mobile-menu-cat-1655-1 > li.level2 > a.sub-category-link,https://parts4cells.com/game-console/xbox-series-x/xbox-series-x.html,False,False,2026-09-07T04:41:35+00:00,,,,,
Parts4Cells,https://parts4cells.com/,Game Console,,9,click,XBOX,https://parts4cells.com/game-console/xbox-series-x.html,2,dom-inspection,Xbox Series S,https://parts4cells.com/game-console/xbox-series-x/xbox-series-s.html,2,1,2,3,dom-inspection,ul#mobile-menu-cat-1655-1 > li.level2 > a.sub-category-link,https://parts4cells.com/game-console/xbox-series-x/xbox-series-s.html,False,False,2026-09-07T04:41:35+00:00,,,,,
Parts4Cells,https://parts4cells.com/,Game Console,,9,click,XBOX,https://parts4cells.com/game-console/xbox-series-x.html,2,dom-inspection,Xbox One X,https://parts4cells.com/game-console/xbox-series-x/xbox-one-x.html,3,1,3,3,dom-inspection,ul#mobile-menu-cat-1655-1 > li.level2 > a.sub-category-link,https://parts4cells.com/game-console/xbox-series-x/xbox-one-x.html,False,False,2026-09-07T04:41:35+00:00,,,,,
Parts4Cells,https://parts4cells.com/,Game Console,,9,click,XBOX,https://parts4cells.com/game-console/xbox-series-x.html,2,dom-inspection,Xbox One S,https://parts4cells.com/game-console/xbox-series-x/xbox-one-s.html,4,1,4,3,dom-inspection,ul#mobile-menu-cat-1655-1 > li.level2 > a.sub-category-link,https://parts4cells.com/game-console/xbox-series-x/xbox-one-s.html,False,False,2026-09-07T04:41:35+00:00,,,,,
Parts4Cells,https://parts4cells.com/,Game Console,,9,click,XBOX,https://parts4cells.com/game-console/xbox-series-x.html,2,dom-inspection,Xbox One,https://parts4cells.com/game-console/xbox-series-x/xbox-one.html,5,1,5,3,dom-inspection,ul#mobile-menu-cat-1655-1 > li.level2 > a.sub-category-link,https://parts4cells.com/game-console/xbox-series-x/xbox-one.html,False,False,2026-09-07T04:41:35+00:00,,,,,
Parts4Cells,https://parts4cells.com/,Game Console,,9,click,XBOX,https://parts4cells.com/game-console/xbox-series-x.html,2,dom-inspection,Xbox 360,https://parts4cells.com/game-console/xbox-series-x/xbox-360.html,6,1,6,3,dom-inspection,ul#mobile-menu-cat-1655-1 > li.level2 > a.sub-category-link,https://parts4cells.com/game-console/xbox-series-x/xbox-360.html,False,False,2026-09-07T04:41:35+00:00,,,,,
Parts4Cells,https://parts4cells.com/,Game Console,,9,click,Nintendo,https://parts4cells.com/game-console/nintendo-switch.html,3,dom-inspection,Switch,https://parts4cells.com/game-console/nintendo-switch/switch.html,1,1,1,3,dom-inspection,ul#mobile-menu-cat-1920-1 > li.level2 > a.sub-category-link,https://parts4cells.com/game-console/nintendo-switch/switch.html,False,False,2026-09-07T04:41:35+00:00,,,,,
Parts4Cells,https://parts4cells.com/,Game Console,,9,click,Nintendo,https://parts4cells.com/game-console/nintendo-switch.html,3,dom-inspection,Switch Pro,https://parts4cells.com/game-console/nintendo-switch/switch-pro.html,2,1,2,3,dom-inspection,ul#mobile-menu-cat-1920-1 > li.level2 > a.sub-category-link,https://parts4cells.com/game-console/nintendo-switch/switch-pro.html,False,False,2026-09-07T04:41:35+00:00,,,,,
Parts4Cells,https://parts4cells.com/,Game Console,,9,click,Nintendo,https://parts4cells.com/game-console/nintendo-switch.html,3,dom-inspection,Switch Lite,https://parts4cells.com/game-console/nintendo-switch/switch-lite.html,3,1,3,3,dom-inspection,ul#mobile-menu-cat-1920-1 > li.level2 > a.sub-category-link,https://parts4cells.com/game-console/nintendo-switch/switch-lite.html,False,False,2026-09-07T04:41:35+00:00,,,,,
Parts4Cells,https://parts4cells.com/,Game Console,,9,click,Nintendo,https://parts4cells.com/game-console/nintendo-switch.html,3,dom-inspection,Switch Oled,https://parts4cells.com/game-console/nintendo-switch/switch-oled.html,4,1,4,3,dom-inspection,ul#mobile-menu-cat-1920-1 > li.level2 > a.sub-category-link,https://parts4cells.com/game-console/nintendo-switch/switch-oled.html,False,False,2026-09-07T04:41:35+00:00,,,,,
Parts4Cells,https://parts4cells.com/,Game Console,,9,click,Nintendo,https://parts4cells.com/game-console/nintendo-switch.html,3,dom-inspection,Wii U,https://parts4cells.com/game-console/nintendo-switch/wii-u.html,5,1,5,3,dom-inspection,ul#mobile-menu-cat-1920-1 > li.level2 > a.sub-category-link,https://parts4cells.com/game-console/nintendo-switch/wii-u.html,False,False,2026-09-07T04:41:35+00:00,,,,,
