website,website_url,parent_name,parent_url,parent_display_order,parent_open_method,sub_child_name,sub_child_url,sub_child_display_order,sub_child_activation_method,child_name,child_url,child_display_order,column_number,row_number,hierarchy_level,discovery_method,source_selector,normalized_url,url_missing,is_duplicate,scraped_at,http_status,final_url,redirect_url,response_error,validation_timestamp
TXParts,https://txparts.com/,Apple,https://txparts.com/shop/iphone,1,dom-inspection,IPhone,https://txparts.com/shop/iphone,1,dom-inspection,IPhone 17e,https://txparts.com/shop/iphone-17e,1,0,1,3,dom-inspection,,https://txparts.com/shop/iphone-17e,False,False,2026-09-07T04:48:31+00:00,,,,,
TXParts,https://txparts.com/,Apple,https://txparts.com/shop/iphone,1,dom-inspection,IPhone,https://txparts.com/shop/iphone,1,dom-inspection,IPhone 17 Pro Max,https://txparts.com/shop/iphone-17-pro-max,2,0,2,3,dom-inspection,,https://txparts.com/shop/iphone-17-pro-max,False,False,2026-09-07T04:48:31+00:00,,,,,
TXParts,https://txparts.com/,Apple,https://txparts.com/shop/iphone,1,dom-inspection,IPhone,https://txparts.com/shop/iphone,1,dom-inspection,IPhone 17 Pro,https://txparts.com/shop/iphone-17-pro,3,0,3,3,dom-inspection,,https://txparts.com/shop/iphone-17-pro,False,False,2026-09-07T04:48:31+00:00,,,,,
TXParts,https://txparts.com/,Apple,https://txparts.com/shop/iphone,1,dom-inspection,IPhone,https://txparts.com/shop/iphone,1,dom-inspection,IPhone Air,https://txparts.com/shop/iphone-air,4,0,4,3,dom-inspection,,https://txparts.com/shop/iphone-air,False,False,2026-09-07T04:48:31+00:00,,,,,
TXParts,https://txparts.com/,Apple,https://txparts.com/shop/iphone,1,dom-inspection,IPhone,https://txparts.com/shop/iphone,1,dom-inspection,IPhone 17,https://txparts.com/shop/iphone-17,5,0,5,3,dom-inspection,,https://txparts.com/shop/iphone-17,False,False,2026-09-07T04:48:31+00:00,,,,,
TXParts,https://txparts.com/,Apple,https://txparts.com/shop/iphone,1,dom-inspection,IPhone,https://txparts.com/shop/iphone,1,dom-inspection,IPhone 16 Pro Max,https://txparts.com/shop/iphone-16-pro-max,6,0,6,3,dom-inspection,,https://txparts.com/shop/iphone-16-pro-max,False,False,2026-09-07T04:48:31+00:00,,,,,
TXParts,https://txparts.com/,Apple,https://txparts.com/shop/iphone,1,dom-inspection,IPhone,https://txparts.com/shop/iphone,1,dom-inspection,IPhone 16 Pro,https://txparts.com/shop/iphone-16-pro,7,0,7,3,dom-inspection,,https://txparts.com/shop/iphone-16-pro,False,False,2026-09-07T04:48:31+00:00,,,,,
TXParts,https://txparts.com/,Apple,https://txparts.com/shop/iphone,1,dom-inspection,IPhone,https://txparts.com/shop/iphone,1,dom-inspection,IPhone 16 Plus,https://txparts.com/shop/iphone-16-plus,8,0,8,3,dom-inspection,,https://txparts.com/shop/iphone-16-plus,False,False,2026-09-07T04:48:31+00:00,,,,,
TXParts,https://txparts.com/,Apple,https://txparts.com/shop/iphone,1,dom-inspection,IPhone,https://txparts.com/shop/iphone,1,dom-inspection,IPhone 16,https://txparts.com/shop/iphone-16,9,0,9,3,dom-inspection,,https://txparts.com/shop/iphone-16,False,False,2026-09-07T04:48:31+00:00,,,,,
TXParts,https://txparts.com/,Apple,https://txparts.com/shop/iphone,1,dom-inspection,IPhone,https://txparts.com/shop/iphone,1,dom-inspection,IPhone 16e,https://txparts.com/shop/iphone-16e,10,0,10,3,dom-inspection,,https://txparts.com/shop/iphone-16e,False,False,2026-09-07T04:48:31+00:00,,,,,
TXParts,https://txparts.com/,Apple,https://txparts.com/shop/iphone,1,dom-inspection,IPhone,https://txparts.com/shop/iphone,1,dom-inspection,IPhone 15 Pro Max,https://txparts.com/shop/iphone-15-pro-max,11,0,11,3,dom-inspection,,https://txparts.com/shop/iphone-15-pro-max,False,False,2026-09-07T04:48:31+00:00,,,,,
TXParts,https://txparts.com/,Apple,https://txparts.com/shop/iphone,1,dom-inspection,IPhone,https://txparts.com/shop/iphone,1,dom-inspection,IPhone 15 Pro,https://txparts.com/shop/iphone-15-pro,12,0,12,3,dom-inspection,,https://txparts.com/shop/iphone-15-pro,False,False,2026-09-07T04:48:31+00:00,,,,,
TXParts,https://txparts.com/,Apple,https://txparts.com/shop/iphone,1,dom-inspection,IPhone,https://txparts.com/shop/iphone,1,dom-inspection,IPhone 15 Plus,https://txparts.com/shop/iphone-15-plus,13,0,13,3,dom-inspection,,https://txparts.com/shop/iphone-15-plus,False,False,2026-09-07T04:48:31+00:00,,,,,
TXParts,https://txparts.com/,Apple,https://txparts.com/shop/iphone,1,dom-inspection,IPhone,https://txparts.com/shop/iphone,1,dom-inspection,IPhone 15,https://txparts.com/shop/iphone-15,14,0,14,3,dom-inspection,,https://txparts.com/shop/iphone-15,False,False,2026-09-07T04:48:31+00:00,,,,,
TXParts,https://txparts.com/,Apple,https://txparts.com/shop/iphone,1,dom-inspection,IPhone,https://txparts.com/shop/iphone,1,dom-inspection,IPhone 14 Pro Max,https://txparts.com/shop/iphone-14-pro-max,15,0,15,3,dom-inspection,,https://txparts.com/shop/iphone-14-pro-max,False,False,2026-09-07T04:48:31+00:00,,,,,
TXParts,https://txparts.com/,Apple,https://txparts.com/shop/iphone,1,dom-inspection,IPhone,https://txparts.com/shop/iphone,1,dom-inspection,IPhone 14 Pro,https://txparts.com/shop/iphone-14-pro,16,0,16,3,dom-inspection,,https://txparts.com/shop/iphone-14-pro,False,False,2026-09-07T04:48:31+00:00,,,,,
TXParts,https://txparts.com/,Apple,https://txparts.com/shop/iphone,1,dom-inspection,IPhone,https://txparts.com/shop/iphone,1,dom-inspection,IPhone 14 Plus,https://txparts.com/shop/iphone-14-plus,17,0,17,3,dom-inspection,,https://txparts.com/shop/iphone-14-plus,False,False,2026-09-07T04:48:31+00:00,,,,,
TXParts,https://txparts.com/,Apple,https://txparts.com/shop/iphone,1,dom-inspection,IPhone,https://txparts.com/shop/iphone,1,dom-inspection,IPhone 14,https://txparts.com/shop/iphone-14,18,0,18,3,dom-inspection,,https://txparts.com/shop/iphone-14,False,False,2026-09-07T04:48:31+00:00,,,,,
TXParts,https://txparts.com/,Apple,https://txparts.com/shop/iphone,1,dom-inspection,IPhone,https://txparts.com/shop/iphone,1,dom-inspection,IPhone 13 Pro Max,https://txparts.com/shop/iphone-13-pro-max,19,0,19,3,dom-inspection,,https://txparts.com/shop/iphone-13-pro-max,False,False,2026-09-07T04:48:31+00:00,,,,,
TXParts,https://txparts.com/,Apple,https://txparts.com/shop/iphone,1,dom-inspection,IPhone,https://txparts.com/shop/iphone,1,dom-inspection,IPhone 13 Pro,https://txparts.com/shop/iphone-13-pro,20,0,20,3,dom-inspection,,https://txparts.com/shop/iphone-13-pro,False,False,2026-09-07T04:48:31+00:00,,,,,
TXParts,https://txparts.com/,Apple,https://txparts.com/shop/iphone,1,dom-inspection,IPhone,https://txparts.com/shop/iphone,1,dom-inspection,IPhone 13,https://txparts.com/shop/iphone-13,21,0,21,3,dom-inspection,,https://txparts.com/shop/iphone-13,False,False,2026-09-07T04:48:31+00:00,,,,,
TXParts,https://txparts.com/,Apple,https://txparts.com/shop/iphone,1,dom-inspection,IPhone,https://txparts.com/shop/iphone,1,dom-inspection,IPhone 13 Mini,https://txparts.com/shop/iphone-13-mini,22,0,22,3,dom-inspection,,https://txparts.com/shop/iphone-13-mini,False,False,2026-09-07T04:48:31+00:00,,,,,
TXParts,https://txparts.com/,Apple,https://txparts.com/shop/iphone,1,dom-inspection,IPhone,https://txparts.com/shop/iphone,1,dom-inspection,IPhone SE (2022),https://txparts.com/shop/iphone-se-2022,23,0,23,3,dom-inspection,,https://txparts.com/shop/iphone-se-2022,False,False,2026-09-07T04:48:31+00:00,,,,,
TXParts,https://txparts.com/,Apple,https://txparts.com/shop/iphone,1,dom-inspection,IPhone,https://txparts.com/shop/iphone,1,dom-inspection,IPhone 12 Pro Max,https://txparts.com/shop/iphone-12-pro-max,24,0,24,3,dom-inspection,,https://txparts.com/shop/iphone-12-pro-max,False,False,2026-09-07T04:48:31+00:00,,,,,
TXParts,https://txparts.com/,Apple,https://txparts.com/shop/iphone,1,dom-inspection,IPhone,https://txparts.com/shop/iphone,1,dom-inspection,IPhone 12 Pro,https://txparts.com/shop/iphone-12-pro,25,0,25,3,dom-inspection,,https://txparts.com/shop/iphone-12-pro,False,False,2026-09-07T04:48:31+00:00,,,,,
TXParts,https://txparts.com/,Apple,https://txparts.com/shop/iphone,1,dom-inspection,IPhone,https://txparts.com/shop/iphone,1,dom-inspection,IPhone 12,https://txparts.com/shop/iphone-12,26,0,26,3,dom-inspection,,https://txparts.com/shop/iphone-12,False,False,2026-09-07T04:48:31+00:00,,,,,
TXParts,https://txparts.com/,Apple,https://txparts.com/shop/iphone,1,dom-inspection,IPhone,https://txparts.com/shop/iphone,1,dom-inspection,IPhone 12 Mini,https://txparts.com/shop/iphone-12-mini,27,0,27,3,dom-inspection,,https://txparts.com/shop/iphone-12-mini,False,False,2026-09-07T04:48:31+00:00,,,,,
TXParts,https://txparts.com/,Apple,https://txparts.com/shop/iphone,1,dom-inspection,IPhone,https://txparts.com/shop/iphone,1,dom-inspection,IPhone 11 Pro Max,https://txparts.com/shop/iphone-11-pro-max,28,0,28,3,dom-inspection,,https://txparts.com/shop/iphone-11-pro-max,False,False,2026-09-07T04:48:31+00:00,,,,,
TXParts,https://txparts.com/,Apple,https://txparts.com/shop/iphone,1,dom-inspection,IPhone,https://txparts.com/shop/iphone,1,dom-inspection,IPhone 11 Pro,https://txparts.com/shop/iphone-11-pro,29,0,29,3,dom-inspection,,https://txparts.com/shop/iphone-11-pro,False,False,2026-09-07T04:48:31+00:00,,,,,
TXParts,https://txparts.com/,Apple,https://txparts.com/shop/iphone,1,dom-inspection,IPhone,https://txparts.com/shop/iphone,1,dom-inspection,IPhone 11,https://txparts.com/shop/iphone-11,30,0,30,3,dom-inspection,,https://txparts.com/shop/iphone-11,False,False,2026-09-07T04:48:31+00:00,,,,,
TXParts,https://txparts.com/,Apple,https://txparts.com/shop/iphone,1,dom-inspection,IPhone,https://txparts.com/shop/iphone,1,dom-inspection,IPhone XS Max,https://txparts.com/shop/iphone-xs-max,31,0,31,3,dom-inspection,,https://txparts.com/shop/iphone-xs-max,False,False,2026-09-07T04:48:31+00:00,,,,,
TXParts,https://txparts.com/,Apple,https://txparts.com/shop/iphone,1,dom-inspection,IPhone,https://txparts.com/shop/iphone,1,dom-inspection,IPhone XS,https://txparts.com/shop/iphone-xs,32,0,32,3,dom-inspection,,https://txparts.com/shop/iphone-xs,False,False,2026-09-07T04:48:31+00:00,,,,,
TXParts,https://txparts.com/,Apple,https://txparts.com/shop/iphone,1,dom-inspection,IPhone,https://txparts.com/shop/iphone,1,dom-inspection,IPhone XR,https://txparts.com/shop/iphone-xr,33,0,33,3,dom-inspection,,https://txparts.com/shop/iphone-xr,False,False,2026-09-07T04:48:31+00:00,,,,,
TXParts,https://txparts.com/,Apple,https://txparts.com/shop/iphone,1,dom-inspection,IPhone,https://txparts.com/shop/iphone,1,dom-inspection,IPhone X,https://txparts.com/shop/iphone-x,34,0,34,3,dom-inspection,,https://txparts.com/shop/iphone-x,False,False,2026-09-07T04:48:31+00:00,,,,,
TXParts,https://txparts.com/,Apple,https://txparts.com/shop/iphone,1,dom-inspection,IPhone,https://txparts.com/shop/iphone,1,dom-inspection,IPhone 8 Plus,https://txparts.com/shop/iphone-8-plus,35,0,35,3,dom-inspection,,https://txparts.com/shop/iphone-8-plus,False,False,2026-09-07T04:48:31+00:00,,,,,
TXParts,https://txparts.com/,Apple,https://txparts.com/shop/iphone,1,dom-inspection,IPhone,https://txparts.com/shop/iphone,1,dom-inspection,IPhone SE (2020),https://txparts.com/shop/iphone-se-2020,36,0,36,3,dom-inspection,,https://txparts.com/shop/iphone-se-2020,False,False,2026-09-07T04:48:31+00:00,,,,,
TXParts,https://txparts.com/,Apple,https://txparts.com/shop/iphone,1,dom-inspection,IPhone,https://txparts.com/shop/iphone,1,dom-inspection,IPhone 8,https://txparts.com/shop/iphone-8,37,0,37,3,dom-inspection,,https://txparts.com/shop/iphone-8,False,False,2026-09-07T04:48:31+00:00,,,,,
TXParts,https://txparts.com/,Apple,https://txparts.com/shop/iphone,1,dom-inspection,IPhone,https://txparts.com/shop/iphone,1,dom-inspection,IPhone 7 Plus,https://txparts.com/shop/iphone-7-plus,38,0,38,3,dom-inspection,,https://txparts.com/shop/iphone-7-plus,False,False,2026-09-07T04:48:31+00:00,,,,,
TXParts,https://txparts.com/,Apple,https://txparts.com/shop/iphone,1,dom-inspection,IPhone,https://txparts.com/shop/iphone,1,dom-inspection,IPhone 7,https://txparts.com/shop/iphone-7,39,0,39,3,dom-inspection,,https://txparts.com/shop/iphone-7,False,False,2026-09-07T04:48:31+00:00,,,,,
TXParts,https://txparts.com/,Apple,https://txparts.com/shop/iphone,1,dom-inspection,IPhone,https://txparts.com/shop/iphone,1,dom-inspection,IPhone 6S Plus,https://txparts.com/shop/iphone-6s-plus,40,0,40,3,dom-inspection,,https://txparts.com/shop/iphone-6s-plus,False,False,2026-09-07T04:48:31+00:00,,,,,
TXParts,https://txparts.com/,Apple,https://txparts.com/shop/iphone,1,dom-inspection,IPhone,https://txparts.com/shop/iphone,1,dom-inspection,IPhone 6S,https://txparts.com/shop/iphone-6s,41,0,41,3,dom-inspection,,https://txparts.com/shop/iphone-6s,False,False,2026-09-07T04:48:31+00:00,,,,,
TXParts,https://txparts.com/,Apple,https://txparts.com/shop/iphone,1,dom-inspection,IPhone,https://txparts.com/shop/iphone,1,dom-inspection,IPhone 6 Plus,https://txparts.com/shop/iphone-6-plus,42,0,42,3,dom-inspection,,https://txparts.com/shop/iphone-6-plus,False,False,2026-09-07T04:48:31+00:00,,,,,
TXParts,https://txparts.com/,Apple,https://txparts.com/shop/iphone,1,dom-inspection,IPhone,https://txparts.com/shop/iphone,1,dom-inspection,IPhone 6,https://txparts.com/shop/iphone-6,43,0,43,3,dom-inspection,,https://txparts.com/shop/iphone-6,False,False,2026-09-07T04:48:31+00:00,,,,,
TXParts,https://txparts.com/,Apple,https://txparts.com/shop/iphone,1,dom-inspection,IPhone,https://txparts.com/shop/iphone,1,dom-inspection,IPhone SE,https://txparts.com/shop/iphone-se,44,0,44,3,dom-inspection,,https://txparts.com/shop/iphone-se,False,False,2026-09-07T04:48:31+00:00,,,,,
TXParts,https://txparts.com/,Apple,https://txparts.com/shop/iphone,1,dom-inspection,IPhone,https://txparts.com/shop/iphone,1,dom-inspection,IPhone 5S,https://txparts.com/shop/iphone-5s,45,0,45,3,dom-inspection,,https://txparts.com/shop/iphone-5s,False,False,2026-09-07T04:48:31+00:00,,,,,
TXParts,https://txparts.com/,Apple,https://txparts.com/shop/iphone,1,dom-inspection,IPhone,https://txparts.com/shop/iphone,1,dom-inspection,IPhone 5C,https://txparts.com/shop/iphone-5c,46,0,46,3,dom-inspection,,https://txparts.com/shop/iphone-5c,False,False,2026-09-07T04:48:31+00:00,,,,,
TXParts,https://txparts.com/,Apple,https://txparts.com/shop/iphone,1,dom-inspection,IPhone,https://txparts.com/shop/iphone,1,dom-inspection,IPhone 5G,https://txparts.com/shop/iphone-5g,47,0,47,3,dom-inspection,,https://txparts.com/shop/iphone-5g,False,False,2026-09-07T04:48:31+00:00,,,,,
TXParts,https://txparts.com/,Apple,https://txparts.com/shop/iphone,1,dom-inspection,IPad,https://txparts.com/shop/ipad,2,dom-inspection,"IPad Pro 13"" 8th Gen (2025)",https://txparts.com/shop/ipad-pro-13-8th-gen-2025,1,0,1,3,dom-inspection,,https://txparts.com/shop/ipad-pro-13-8th-gen-2025,False,False,2026-09-07T04:48:31+00:00,,,,,
TXParts,https://txparts.com/,Apple,https://txparts.com/shop/iphone,1,dom-inspection,IPad,https://txparts.com/shop/ipad,2,dom-inspection,IPad Pro 13'' 7th Gen (2024),https://txparts.com/shop/ipad-pro-13-7th-gen-2024,2,0,2,3,dom-inspection,,https://txparts.com/shop/ipad-pro-13-7th-gen-2024,False,False,2026-09-07T04:48:31+00:00,,,,,
TXParts,https://txparts.com/,Apple,https://txparts.com/shop/iphone,1,dom-inspection,IPad,https://txparts.com/shop/ipad,2,dom-inspection,"IPad Pro 12.9"" 6th Gen (2022)",https://txparts.com/shop/ipad-pro-129-6th-gen-2022,3,0,3,3,dom-inspection,,https://txparts.com/shop/ipad-pro-129-6th-gen-2022,False,False,2026-09-07T04:48:31+00:00,,,,,
TXParts,https://txparts.com/,Apple,https://txparts.com/shop/iphone,1,dom-inspection,IPad,https://txparts.com/shop/ipad,2,dom-inspection,"IPad Pro 12.9"" 5th Gen (2021)",https://txparts.com/shop/ipad-pro-129-5th-gen-2021,4,0,4,3,dom-inspection,,https://txparts.com/shop/ipad-pro-129-5th-gen-2021,False,False,2026-09-07T04:48:31+00:00,,,,,
TXParts,https://txparts.com/,Apple,https://txparts.com/shop/iphone,1,dom-inspection,IPad,https://txparts.com/shop/ipad,2,dom-inspection,"IPad Pro 12.9"" 4th Gen (2020)",https://txparts.com/shop/ipad-pro-129-4th-gen-2020,5,0,5,3,dom-inspection,,https://txparts.com/shop/ipad-pro-129-4th-gen-2020,False,False,2026-09-07T04:48:31+00:00,,,,,
TXParts,https://txparts.com/,Apple,https://txparts.com/shop/iphone,1,dom-inspection,IPad,https://txparts.com/shop/ipad,2,dom-inspection,"IPad Pro 12.9"" 3rd Gen (2018)",https://txparts.com/shop/ipad-pro-129-3rd-gen-2018,6,0,6,3,dom-inspection,,https://txparts.com/shop/ipad-pro-129-3rd-gen-2018,False,False,2026-09-07T04:48:31+00:00,,,,,
TXParts,https://txparts.com/,Apple,https://txparts.com/shop/iphone,1,dom-inspection,IPad,https://txparts.com/shop/ipad,2,dom-inspection,"IPad Pro 12.9"" 2nd Gen (2017)",https://txparts.com/shop/ipad-pro-129-2nd-gen-2017,7,0,7,3,dom-inspection,,https://txparts.com/shop/ipad-pro-129-2nd-gen-2017,False,False,2026-09-07T04:48:31+00:00,,,,,
TXParts,https://txparts.com/,Apple,https://txparts.com/shop/iphone,1,dom-inspection,IPad,https://txparts.com/shop/ipad,2,dom-inspection,"IPad Pro 12.9"" 1st Gen (2015)",https://txparts.com/shop/ipad-pro-129-1st-gen-2015,8,0,8,3,dom-inspection,,https://txparts.com/shop/ipad-pro-129-1st-gen-2015,False,False,2026-09-07T04:48:31+00:00,,,,,
TXParts,https://txparts.com/,Apple,https://txparts.com/shop/iphone,1,dom-inspection,IPad,https://txparts.com/shop/ipad,2,dom-inspection,IPad Pro 11'' 5th Gen (2024),https://txparts.com/shop/ipad-pro-11-5th-gen-2024,9,0,9,3,dom-inspection,,https://txparts.com/shop/ipad-pro-11-5th-gen-2024,False,False,2026-09-07T04:48:31+00:00,,,,,
TXParts,https://txparts.com/,Apple,https://txparts.com/shop/iphone,1,dom-inspection,IPad,https://txparts.com/shop/ipad,2,dom-inspection,"IPad Pro 11"" 4th Gen (2022)",https://txparts.com/shop/ipad-pro-11-4th-gen-2022,10,0,10,3,dom-inspection,,https://txparts.com/shop/ipad-pro-11-4th-gen-2022,False,False,2026-09-07T04:48:31+00:00,,,,,
TXParts,https://txparts.com/,Apple,https://txparts.com/shop/iphone,1,dom-inspection,IPad,https://txparts.com/shop/ipad,2,dom-inspection,"IPad Pro 11"" 3rd Gen (2021)",https://txparts.com/shop/ipad-pro-11-3rd-gen-2021,11,0,11,3,dom-inspection,,https://txparts.com/shop/ipad-pro-11-3rd-gen-2021,False,False,2026-09-07T04:48:31+00:00,,,,,
TXParts,https://txparts.com/,Apple,https://txparts.com/shop/iphone,1,dom-inspection,IPad,https://txparts.com/shop/ipad,2,dom-inspection,"IPad Pro 11"" 2nd Gen (2020)",https://txparts.com/shop/ipad-pro-11-2nd-gen-2020,12,0,12,3,dom-inspection,,https://txparts.com/shop/ipad-pro-11-2nd-gen-2020,False,False,2026-09-07T04:48:31+00:00,,,,,
TXParts,https://txparts.com/,Apple,https://txparts.com/shop/iphone,1,dom-inspection,IPad,https://txparts.com/shop/ipad,2,dom-inspection,"IPad Pro 11"" 1st Gen (2018)",https://txparts.com/shop/ipad-pro-11-1st-gen-2018,13,0,13,3,dom-inspection,,https://txparts.com/shop/ipad-pro-11-1st-gen-2018,False,False,2026-09-07T04:48:31+00:00,,,,,
TXParts,https://txparts.com/,Apple,https://txparts.com/shop/iphone,1,dom-inspection,IPad,https://txparts.com/shop/ipad,2,dom-inspection,IPad Pro 10.5,https://txparts.com/shop/ipad-pro-105,14,0,14,3,dom-inspection,,https://txparts.com/shop/ipad-pro-105,False,False,2026-09-07T04:48:31+00:00,,,,,
TXParts,https://txparts.com/,Apple,https://txparts.com/shop/iphone,1,dom-inspection,IPad,https://txparts.com/shop/ipad,2,dom-inspection,iPad Pro 9.7,https://txparts.com/shop/ipad-pro-97,15,0,15,3,dom-inspection,,https://txparts.com/shop/ipad-pro-97,False,False,2026-09-07T04:48:31+00:00,,,,,
TXParts,https://txparts.com/,Apple,https://txparts.com/shop/iphone,1,dom-inspection,IPad,https://txparts.com/shop/ipad,2,dom-inspection,IPad Air 13'' (2025),https://txparts.com/shop/ipad-air-13-2025,16,0,16,3,dom-inspection,,https://txparts.com/shop/ipad-air-13-2025,False,False,2026-09-07T04:48:31+00:00,,,,,
TXParts,https://txparts.com/,Apple,https://txparts.com/shop/iphone,1,dom-inspection,IPad,https://txparts.com/shop/ipad,2,dom-inspection,IPad Air 11'' (2025),https://txparts.com/shop/ipad-air-11-2025,17,0,17,3,dom-inspection,,https://txparts.com/shop/ipad-air-11-2025,False,False,2026-09-07T04:48:31+00:00,,,,,
TXParts,https://txparts.com/,Apple,https://txparts.com/shop/iphone,1,dom-inspection,IPad,https://txparts.com/shop/ipad,2,dom-inspection,IPad Air 13'' (2024),https://txparts.com/shop/ipad-air-13-2024,18,0,18,3,dom-inspection,,https://txparts.com/shop/ipad-air-13-2024,False,False,2026-09-07T04:48:31+00:00,,,,,
TXParts,https://txparts.com/,Apple,https://txparts.com/shop/iphone,1,dom-inspection,IPad,https://txparts.com/shop/ipad,2,dom-inspection,IPad Air 11'' (2024),https://txparts.com/shop/ipad-air-11-2024,19,0,19,3,dom-inspection,,https://txparts.com/shop/ipad-air-11-2024,False,False,2026-09-07T04:48:31+00:00,,,,,
TXParts,https://txparts.com/,Apple,https://txparts.com/shop/iphone,1,dom-inspection,IPad,https://txparts.com/shop/ipad,2,dom-inspection,IPad Air 5(2022),https://txparts.com/shop/ipad-air-52022,20,0,20,3,dom-inspection,,https://txparts.com/shop/ipad-air-52022,False,False,2026-09-07T04:48:31+00:00,,,,,
TXParts,https://txparts.com/,Apple,https://txparts.com/shop/iphone,1,dom-inspection,IPad,https://txparts.com/shop/ipad,2,dom-inspection,IPad Air 4 (2020),https://txparts.com/shop/ipad-air-4-2020,21,0,21,3,dom-inspection,,https://txparts.com/shop/ipad-air-4-2020,False,False,2026-09-07T04:48:31+00:00,,,,,
TXParts,https://txparts.com/,Apple,https://txparts.com/shop/iphone,1,dom-inspection,IPad,https://txparts.com/shop/ipad,2,dom-inspection,IPad Air 3 (2019),https://txparts.com/shop/ipad-air-3-2019,22,0,22,3,dom-inspection,,https://txparts.com/shop/ipad-air-3-2019,False,False,2026-09-07T04:48:31+00:00,,,,,
TXParts,https://txparts.com/,Apple,https://txparts.com/shop/iphone,1,dom-inspection,IPad,https://txparts.com/shop/ipad,2,dom-inspection,IPad Air 2 (2014),https://txparts.com/shop/ipad-air-2-2014,23,0,23,3,dom-inspection,,https://txparts.com/shop/ipad-air-2-2014,False,False,2026-09-07T04:48:31+00:00,,,,,
TXParts,https://txparts.com/,Apple,https://txparts.com/shop/iphone,1,dom-inspection,IPad,https://txparts.com/shop/ipad,2,dom-inspection,IPad Air 1 (2013),https://txparts.com/shop/ipad-air-1-2013,24,0,24,3,dom-inspection,,https://txparts.com/shop/ipad-air-1-2013,False,False,2026-09-07T04:48:31+00:00,,,,,
TXParts,https://txparts.com/,Apple,https://txparts.com/shop/iphone,1,dom-inspection,IPad,https://txparts.com/shop/ipad,2,dom-inspection,IPad Mini 7 (2024),https://txparts.com/shop/ipad-mini-7-2024,25,0,25,3,dom-inspection,,https://txparts.com/shop/ipad-mini-7-2024,False,False,2026-09-07T04:48:31+00:00,,,,,
TXParts,https://txparts.com/,Apple,https://txparts.com/shop/iphone,1,dom-inspection,IPad,https://txparts.com/shop/ipad,2,dom-inspection,IPad Mini 6 (2021),https://txparts.com/shop/ipad-mini-6-2021,26,0,26,3,dom-inspection,,https://txparts.com/shop/ipad-mini-6-2021,False,False,2026-09-07T04:48:31+00:00,,,,,
TXParts,https://txparts.com/,Apple,https://txparts.com/shop/iphone,1,dom-inspection,IPad,https://txparts.com/shop/ipad,2,dom-inspection,IPad Mini 5 (2019),https://txparts.com/shop/ipad-mini-5-2019,27,0,27,3,dom-inspection,,https://txparts.com/shop/ipad-mini-5-2019,False,False,2026-09-07T04:48:31+00:00,,,,,
TXParts,https://txparts.com/,Apple,https://txparts.com/shop/iphone,1,dom-inspection,IPad,https://txparts.com/shop/ipad,2,dom-inspection,IPad Mini 4,https://txparts.com/shop/ipad-mini-4,28,0,28,3,dom-inspection,,https://txparts.com/shop/ipad-mini-4,False,False,2026-09-07T04:48:31+00:00,,,,,
TXParts,https://txparts.com/,Apple,https://txparts.com/shop/iphone,1,dom-inspection,IPad,https://txparts.com/shop/ipad,2,dom-inspection,IPad Mini 3,https://txparts.com/shop/ipad-mini-3,29,0,29,3,dom-inspection,,https://txparts.com/shop/ipad-mini-3,False,False,2026-09-07T04:48:31+00:00,,,,,
TXParts,https://txparts.com/,Apple,https://txparts.com/shop/iphone,1,dom-inspection,IPad,https://txparts.com/shop/ipad,2,dom-inspection,IPad Mini 2,https://txparts.com/shop/ipad-mini-2,30,0,30,3,dom-inspection,,https://txparts.com/shop/ipad-mini-2,False,False,2026-09-07T04:48:31+00:00,,,,,
TXParts,https://txparts.com/,Apple,https://txparts.com/shop/iphone,1,dom-inspection,IPad,https://txparts.com/shop/ipad,2,dom-inspection,iPad Mini 1,https://txparts.com/shop/ipad-mini-1,31,0,31,3,dom-inspection,,https://txparts.com/shop/ipad-mini-1,False,False,2026-09-07T04:48:31+00:00,,,,,
TXParts,https://txparts.com/,Apple,https://txparts.com/shop/iphone,1,dom-inspection,IPad,https://txparts.com/shop/ipad,2,dom-inspection,IPad 11 (2025),https://txparts.com/shop/ipad-11-2025,32,0,32,3,dom-inspection,,https://txparts.com/shop/ipad-11-2025,False,False,2026-09-07T04:48:31+00:00,,,,,
TXParts,https://txparts.com/,Apple,https://txparts.com/shop/iphone,1,dom-inspection,IPad,https://txparts.com/shop/ipad,2,dom-inspection,IPad 10 (2022),https://txparts.com/shop/ipad-10-2022,33,0,33,3,dom-inspection,,https://txparts.com/shop/ipad-10-2022,False,False,2026-09-07T04:48:31+00:00,,,,,
TXParts,https://txparts.com/,Apple,https://txparts.com/shop/iphone,1,dom-inspection,IPad,https://txparts.com/shop/ipad,2,dom-inspection,IPad 9 (2021),https://txparts.com/shop/ipad-9-2021,34,0,34,3,dom-inspection,,https://txparts.com/shop/ipad-9-2021,False,False,2026-09-07T04:48:31+00:00,,,,,
TXParts,https://txparts.com/,Apple,https://txparts.com/shop/iphone,1,dom-inspection,IPad,https://txparts.com/shop/ipad,2,dom-inspection,IPad 8 (2020),https://txparts.com/shop/ipad-8-2020,35,0,35,3,dom-inspection,,https://txparts.com/shop/ipad-8-2020,False,False,2026-09-07T04:48:31+00:00,,,,,
TXParts,https://txparts.com/,Apple,https://txparts.com/shop/iphone,1,dom-inspection,IPad,https://txparts.com/shop/ipad,2,dom-inspection,IPad 7 (2019),https://txparts.com/shop/ipad-7-2019,36,0,36,3,dom-inspection,,https://txparts.com/shop/ipad-7-2019,False,False,2026-09-07T04:48:31+00:00,,,,,
TXParts,https://txparts.com/,Apple,https://txparts.com/shop/iphone,1,dom-inspection,IPad,https://txparts.com/shop/ipad,2,dom-inspection,IPad 6 (2018),https://txparts.com/shop/ipad-6-2018,37,0,37,3,dom-inspection,,https://txparts.com/shop/ipad-6-2018,False,False,2026-09-07T04:48:31+00:00,,,,,
TXParts,https://txparts.com/,Apple,https://txparts.com/shop/iphone,1,dom-inspection,IPad,https://txparts.com/shop/ipad,2,dom-inspection,IPad 5 (2017),https://txparts.com/shop/ipad-5-2017,38,0,38,3,dom-inspection,,https://txparts.com/shop/ipad-5-2017,False,False,2026-09-07T04:48:31+00:00,,,,,
TXParts,https://txparts.com/,Apple,https://txparts.com/shop/iphone,1,dom-inspection,IPad,https://txparts.com/shop/ipad,2,dom-inspection,IPad 4 (2012),https://txparts.com/shop/ipad-4-2012,39,0,39,3,dom-inspection,,https://txparts.com/shop/ipad-4-2012,False,False,2026-09-07T04:48:31+00:00,,,,,
TXParts,https://txparts.com/,Apple,https://txparts.com/shop/iphone,1,dom-inspection,IPad,https://txparts.com/shop/ipad,2,dom-inspection,IPad 3 (2012),https://txparts.com/shop/ipad-3-2012,40,0,40,3,dom-inspection,,https://txparts.com/shop/ipad-3-2012,False,False,2026-09-07T04:48:31+00:00,,,,,
TXParts,https://txparts.com/,Apple,https://txparts.com/shop/iphone,1,dom-inspection,IPad,https://txparts.com/shop/ipad,2,dom-inspection,IPad 2 (2011),https://txparts.com/shop/ipad-2-2011,41,0,41,3,dom-inspection,,https://txparts.com/shop/ipad-2-2011,False,False,2026-09-07T04:48:31+00:00,,,,,
TXParts,https://txparts.com/,Apple,https://txparts.com/shop/iphone,1,dom-inspection,IWatch,https://txparts.com/shop/iwatch,3,dom-inspection,Watch Series 11 (42mm),https://txparts.com/shop/watch-series-11-42mm,1,0,1,3,dom-inspection,,https://txparts.com/shop/watch-series-11-42mm,False,False,2026-09-07T04:48:31+00:00,,,,,
TXParts,https://txparts.com/,Apple,https://txparts.com/shop/iphone,1,dom-inspection,IWatch,https://txparts.com/shop/iwatch,3,dom-inspection,Watch Series 11 (46mm),https://txparts.com/shop/watch-series-11-46mm,2,0,2,3,dom-inspection,,https://txparts.com/shop/watch-series-11-46mm,False,False,2026-09-07T04:48:31+00:00,,,,,
TXParts,https://txparts.com/,Apple,https://txparts.com/shop/iphone,1,dom-inspection,IWatch,https://txparts.com/shop/iwatch,3,dom-inspection,Watch Series SE 3rd Gen (44MM),https://txparts.com/shop/watch-series-se-3rd-gen-44mm,3,0,3,3,dom-inspection,,https://txparts.com/shop/watch-series-se-3rd-gen-44mm,False,False,2026-09-07T04:48:31+00:00,,,,,
TXParts,https://txparts.com/,Apple,https://txparts.com/shop/iphone,1,dom-inspection,IWatch,https://txparts.com/shop/iwatch,3,dom-inspection,Watch Series SE 3rd Gen (40MM),https://txparts.com/shop/watch-series-se-3rd-gen-40mm,4,0,4,3,dom-inspection,,https://txparts.com/shop/watch-series-se-3rd-gen-40mm,False,False,2026-09-07T04:48:31+00:00,,,,,
TXParts,https://txparts.com/,Apple,https://txparts.com/shop/iphone,1,dom-inspection,IWatch,https://txparts.com/shop/iwatch,3,dom-inspection,Watch Series Ultra 3 (49MM),https://txparts.com/shop/watch-series-ultra-3-49mm,5,0,5,3,dom-inspection,,https://txparts.com/shop/watch-series-ultra-3-49mm,False,False,2026-09-07T04:48:31+00:00,,,,,
TXParts,https://txparts.com/,Apple,https://txparts.com/shop/iphone,1,dom-inspection,IWatch,https://txparts.com/shop/iwatch,3,dom-inspection,Watch Series 10 (46MM),https://txparts.com/shop/watch-series-10-46mm,6,0,6,3,dom-inspection,,https://txparts.com/shop/watch-series-10-46mm,False,False,2026-09-07T04:48:31+00:00,,,,,
TXParts,https://txparts.com/,Apple,https://txparts.com/shop/iphone,1,dom-inspection,IWatch,https://txparts.com/shop/iwatch,3,dom-inspection,Watch Series 10 (42MM),https://txparts.com/shop/watch-series-10-42mm,7,0,7,3,dom-inspection,,https://txparts.com/shop/watch-series-10-42mm,False,False,2026-09-07T04:48:31+00:00,,,,,
TXParts,https://txparts.com/,Apple,https://txparts.com/shop/iphone,1,dom-inspection,IWatch,https://txparts.com/shop/iwatch,3,dom-inspection,Watch Series 9 (45MM),https://txparts.com/shop/watch-series-9-45mm,8,0,8,3,dom-inspection,,https://txparts.com/shop/watch-series-9-45mm,False,False,2026-09-07T04:48:31+00:00,,,,,
TXParts,https://txparts.com/,Apple,https://txparts.com/shop/iphone,1,dom-inspection,IWatch,https://txparts.com/shop/iwatch,3,dom-inspection,Watch Series 9 (41MM),https://txparts.com/shop/watch-series-9-41mm,9,0,9,3,dom-inspection,,https://txparts.com/shop/watch-series-9-41mm,False,False,2026-09-07T04:48:31+00:00,,,,,
TXParts,https://txparts.com/,Apple,https://txparts.com/shop/iphone,1,dom-inspection,IWatch,https://txparts.com/shop/iwatch,3,dom-inspection,Watch Series Ultra 2nd Gen (49MM),https://txparts.com/shop/watch-series-ultra-2nd-gen-49mm,10,0,10,3,dom-inspection,,https://txparts.com/shop/watch-series-ultra-2nd-gen-49mm,False,False,2026-09-07T04:48:31+00:00,,,,,
TXParts,https://txparts.com/,Apple,https://txparts.com/shop/iphone,1,dom-inspection,IWatch,https://txparts.com/shop/iwatch,3,dom-inspection,Watch Series Ultra 1st Gen (49MM),https://txparts.com/shop/watch-series-ultra-1st-gen-49mm,11,0,11,3,dom-inspection,,https://txparts.com/shop/watch-series-ultra-1st-gen-49mm,False,False,2026-09-07T04:48:31+00:00,,,,,
TXParts,https://txparts.com/,Apple,https://txparts.com/shop/iphone,1,dom-inspection,IWatch,https://txparts.com/shop/iwatch,3,dom-inspection,Watch Series 8 (45MM),https://txparts.com/shop/watch-series-8-45mm,12,0,12,3,dom-inspection,,https://txparts.com/shop/watch-series-8-45mm,False,False,2026-09-07T04:48:31+00:00,,,,,
TXParts,https://txparts.com/,Apple,https://txparts.com/shop/iphone,1,dom-inspection,IWatch,https://txparts.com/shop/iwatch,3,dom-inspection,Watch Series 8 (41MM),https://txparts.com/shop/watch-series-8-41mm,13,0,13,3,dom-inspection,,https://txparts.com/shop/watch-series-8-41mm,False,False,2026-09-07T04:48:31+00:00,,,,,
TXParts,https://txparts.com/,Apple,https://txparts.com/shop/iphone,1,dom-inspection,IWatch,https://txparts.com/shop/iwatch,3,dom-inspection,Watch Series SE 2nd Gen (44MM),https://txparts.com/shop/watch-series-se-2nd-gen-44mm,14,0,14,3,dom-inspection,,https://txparts.com/shop/watch-series-se-2nd-gen-44mm,False,False,2026-09-07T04:48:31+00:00,,,,,
TXParts,https://txparts.com/,Apple,https://txparts.com/shop/iphone,1,dom-inspection,IWatch,https://txparts.com/shop/iwatch,3,dom-inspection,Watch Series SE 2nd Gen (40MM),https://txparts.com/shop/watch-series-se-2nd-gen-40mm,15,0,15,3,dom-inspection,,https://txparts.com/shop/watch-series-se-2nd-gen-40mm,False,False,2026-09-07T04:48:31+00:00,,,,,
TXParts,https://txparts.com/,Apple,https://txparts.com/shop/iphone,1,dom-inspection,IWatch,https://txparts.com/shop/iwatch,3,dom-inspection,Watch Series 7 (45MM),https://txparts.com/shop/watch-series-7-45mm,16,0,16,3,dom-inspection,,https://txparts.com/shop/watch-series-7-45mm,False,False,2026-09-07T04:48:31+00:00,,,,,
TXParts,https://txparts.com/,Apple,https://txparts.com/shop/iphone,1,dom-inspection,IWatch,https://txparts.com/shop/iwatch,3,dom-inspection,Watch Series 7 (41MM),https://txparts.com/shop/watch-series-7-41mm,17,0,17,3,dom-inspection,,https://txparts.com/shop/watch-series-7-41mm,False,False,2026-09-07T04:48:31+00:00,,,,,
TXParts,https://txparts.com/,Apple,https://txparts.com/shop/iphone,1,dom-inspection,IWatch,https://txparts.com/shop/iwatch,3,dom-inspection,Watch Series 6 (44MM),https://txparts.com/shop/watch-series-6-44mm,18,0,18,3,dom-inspection,,https://txparts.com/shop/watch-series-6-44mm,False,False,2026-09-07T04:48:31+00:00,,,,,
TXParts,https://txparts.com/,Apple,https://txparts.com/shop/iphone,1,dom-inspection,IWatch,https://txparts.com/shop/iwatch,3,dom-inspection,Watch Series 6 (40MM),https://txparts.com/shop/watch-series-6-40mm,19,0,19,3,dom-inspection,,https://txparts.com/shop/watch-series-6-40mm,False,False,2026-09-07T04:48:31+00:00,,,,,
TXParts,https://txparts.com/,Apple,https://txparts.com/shop/iphone,1,dom-inspection,IWatch,https://txparts.com/shop/iwatch,3,dom-inspection,Watch Series SE (44MM),https://txparts.com/shop/watch-series-se-44mm,20,0,20,3,dom-inspection,,https://txparts.com/shop/watch-series-se-44mm,False,False,2026-09-07T04:48:31+00:00,,,,,
TXParts,https://txparts.com/,Apple,https://txparts.com/shop/iphone,1,dom-inspection,IWatch,https://txparts.com/shop/iwatch,3,dom-inspection,Watch Series SE (40MM),https://txparts.com/shop/watch-series-se-40mm,21,0,21,3,dom-inspection,,https://txparts.com/shop/watch-series-se-40mm,False,False,2026-09-07T04:48:31+00:00,,,,,
TXParts,https://txparts.com/,Apple,https://txparts.com/shop/iphone,1,dom-inspection,IWatch,https://txparts.com/shop/iwatch,3,dom-inspection,Watch Series 5 (44MM),https://txparts.com/shop/watch-series-5-44mm,22,0,22,3,dom-inspection,,https://txparts.com/shop/watch-series-5-44mm,False,False,2026-09-07T04:48:31+00:00,,,,,
TXParts,https://txparts.com/,Apple,https://txparts.com/shop/iphone,1,dom-inspection,IWatch,https://txparts.com/shop/iwatch,3,dom-inspection,Watch Series 5 (40MM),https://txparts.com/shop/watch-series-5-40mm,23,0,23,3,dom-inspection,,https://txparts.com/shop/watch-series-5-40mm,False,False,2026-09-07T04:48:31+00:00,,,,,
TXParts,https://txparts.com/,Apple,https://txparts.com/shop/iphone,1,dom-inspection,IWatch,https://txparts.com/shop/iwatch,3,dom-inspection,Watch Series 4 (44MM),https://txparts.com/shop/watch-series-4-44mm,24,0,24,3,dom-inspection,,https://txparts.com/shop/watch-series-4-44mm,False,False,2026-09-07T04:48:31+00:00,,,,,
TXParts,https://txparts.com/,Apple,https://txparts.com/shop/iphone,1,dom-inspection,IWatch,https://txparts.com/shop/iwatch,3,dom-inspection,Watch Series 4 (40MM),https://txparts.com/shop/watch-series-4-40mm,25,0,25,3,dom-inspection,,https://txparts.com/shop/watch-series-4-40mm,False,False,2026-09-07T04:48:31+00:00,,,,,
TXParts,https://txparts.com/,Apple,https://txparts.com/shop/iphone,1,dom-inspection,IWatch,https://txparts.com/shop/iwatch,3,dom-inspection,Watch Series 3 (42MM),https://txparts.com/shop/watch-series-3-42mm,26,0,26,3,dom-inspection,,https://txparts.com/shop/watch-series-3-42mm,False,False,2026-09-07T04:48:31+00:00,,,,,
TXParts,https://txparts.com/,Apple,https://txparts.com/shop/iphone,1,dom-inspection,IWatch,https://txparts.com/shop/iwatch,3,dom-inspection,Watch Series 3 (38MM),https://txparts.com/shop/watch-series-3-38mm,27,0,27,3,dom-inspection,,https://txparts.com/shop/watch-series-3-38mm,False,False,2026-09-07T04:48:31+00:00,,,,,
TXParts,https://txparts.com/,Apple,https://txparts.com/shop/iphone,1,dom-inspection,IWatch,https://txparts.com/shop/iwatch,3,dom-inspection,Watch Series 2 (42MM),https://txparts.com/shop/watch-series-2-42mm,28,0,28,3,dom-inspection,,https://txparts.com/shop/watch-series-2-42mm,False,False,2026-09-07T04:48:31+00:00,,,,,
TXParts,https://txparts.com/,Apple,https://txparts.com/shop/iphone,1,dom-inspection,IWatch,https://txparts.com/shop/iwatch,3,dom-inspection,Watch Series 2 (38MM),https://txparts.com/shop/watch-series-2-38mm,29,0,29,3,dom-inspection,,https://txparts.com/shop/watch-series-2-38mm,False,False,2026-09-07T04:48:31+00:00,,,,,
TXParts,https://txparts.com/,Apple,https://txparts.com/shop/iphone,1,dom-inspection,IWatch,https://txparts.com/shop/iwatch,3,dom-inspection,Watch Series 1 (42MM),https://txparts.com/shop/watch-series-1-42mm,30,0,30,3,dom-inspection,,https://txparts.com/shop/watch-series-1-42mm,False,False,2026-09-07T04:48:31+00:00,,,,,
TXParts,https://txparts.com/,Apple,https://txparts.com/shop/iphone,1,dom-inspection,IWatch,https://txparts.com/shop/iwatch,3,dom-inspection,Watch Series 1 (38MM),https://txparts.com/shop/watch-series-1-38mm,31,0,31,3,dom-inspection,,https://txparts.com/shop/watch-series-1-38mm,False,False,2026-09-07T04:48:31+00:00,,,,,
TXParts,https://txparts.com/,Apple,https://txparts.com/shop/iphone,1,dom-inspection,IPod,https://txparts.com/shop/ipod,4,dom-inspection,IPod Touch 7,https://txparts.com/shop/ipod-touch-7,1,0,1,3,dom-inspection,,https://txparts.com/shop/ipod-touch-7,False,False,2026-09-07T04:48:31+00:00,,,,,
TXParts,https://txparts.com/,Apple,https://txparts.com/shop/iphone,1,dom-inspection,IPod,https://txparts.com/shop/ipod,4,dom-inspection,IPod Touch 6,https://txparts.com/shop/ipod-touch-6,2,0,2,3,dom-inspection,,https://txparts.com/shop/ipod-touch-6,False,False,2026-09-07T04:48:31+00:00,,,,,
TXParts,https://txparts.com/,Apple,https://txparts.com/shop/iphone,1,dom-inspection,IPod,https://txparts.com/shop/ipod,4,dom-inspection,IPod Touch 5,https://txparts.com/shop/ipod-touch-5,3,0,3,3,dom-inspection,,https://txparts.com/shop/ipod-touch-5,False,False,2026-09-07T04:48:31+00:00,,,,,
TXParts,https://txparts.com/,Apple,https://txparts.com/shop/iphone,1,dom-inspection,IPod,https://txparts.com/shop/ipod,4,dom-inspection,IPod Touch 4,https://txparts.com/shop/ipod-touch-4,4,0,4,3,dom-inspection,,https://txparts.com/shop/ipod-touch-4,False,False,2026-09-07T04:48:31+00:00,,,,,
TXParts,https://txparts.com/,Apple,https://txparts.com/shop/iphone,1,dom-inspection,IPod,https://txparts.com/shop/ipod,4,dom-inspection,IPod Nano 7,https://txparts.com/shop/ipod-nano-7,5,0,5,3,dom-inspection,,https://txparts.com/shop/ipod-nano-7,False,False,2026-09-07T04:48:31+00:00,,,,,
TXParts,https://txparts.com/,Samsung,https://txparts.com/shop/s-series,2,dom-inspection,S Series,https://txparts.com/shop/s-series,1,dom-inspection,Galaxy S26 Ultra,https://txparts.com/shop/galaxy-s26-ultra-2,1,0,1,3,dom-inspection,,https://txparts.com/shop/galaxy-s26-ultra-2,False,False,2026-09-07T04:48:31+00:00,,,,,
TXParts,https://txparts.com/,Samsung,https://txparts.com/shop/s-series,2,dom-inspection,S Series,https://txparts.com/shop/s-series,1,dom-inspection,Galaxy S26 Plus,https://txparts.com/shop/galaxy-s26-plus-2,2,0,2,3,dom-inspection,,https://txparts.com/shop/galaxy-s26-plus-2,False,False,2026-09-07T04:48:31+00:00,,,,,
TXParts,https://txparts.com/,Samsung,https://txparts.com/shop/s-series,2,dom-inspection,S Series,https://txparts.com/shop/s-series,1,dom-inspection,Galaxy S26,https://txparts.com/shop/galaxy-s26-2,3,0,3,3,dom-inspection,,https://txparts.com/shop/galaxy-s26-2,False,False,2026-09-07T04:48:31+00:00,,,,,
TXParts,https://txparts.com/,Samsung,https://txparts.com/shop/s-series,2,dom-inspection,S Series,https://txparts.com/shop/s-series,1,dom-inspection,Galaxy S25 FE,https://txparts.com/shop/galaxy-s25-fe,4,0,4,3,dom-inspection,,https://txparts.com/shop/galaxy-s25-fe,False,False,2026-09-07T04:48:31+00:00,,,,,
TXParts,https://txparts.com/,Samsung,https://txparts.com/shop/s-series,2,dom-inspection,S Series,https://txparts.com/shop/s-series,1,dom-inspection,Galaxy S25 Edge,https://txparts.com/shop/galaxy-s25-edge,5,0,5,3,dom-inspection,,https://txparts.com/shop/galaxy-s25-edge,False,False,2026-09-07T04:48:31+00:00,,,,,
TXParts,https://txparts.com/,Samsung,https://txparts.com/shop/s-series,2,dom-inspection,S Series,https://txparts.com/shop/s-series,1,dom-inspection,Galaxy S25 Ultra,https://txparts.com/shop/galaxy-s25-ultra,6,0,6,3,dom-inspection,,https://txparts.com/shop/galaxy-s25-ultra,False,False,2026-09-07T04:48:31+00:00,,,,,
TXParts,https://txparts.com/,Samsung,https://txparts.com/shop/s-series,2,dom-inspection,S Series,https://txparts.com/shop/s-series,1,dom-inspection,Galaxy S25 Plus,https://txparts.com/shop/galaxy-s25-plus,7,0,7,3,dom-inspection,,https://txparts.com/shop/galaxy-s25-plus,False,False,2026-09-07T04:48:31+00:00,,,,,
TXParts,https://txparts.com/,Samsung,https://txparts.com/shop/s-series,2,dom-inspection,S Series,https://txparts.com/shop/s-series,1,dom-inspection,Galaxy S25,https://txparts.com/shop/galaxy-s25,8,0,8,3,dom-inspection,,https://txparts.com/shop/galaxy-s25,False,False,2026-09-07T04:48:31+00:00,,,,,
TXParts,https://txparts.com/,Samsung,https://txparts.com/shop/s-series,2,dom-inspection,S Series,https://txparts.com/shop/s-series,1,dom-inspection,Galaxy S24 FE,https://txparts.com/shop/galaxy-s24-fe,9,0,9,3,dom-inspection,,https://txparts.com/shop/galaxy-s24-fe,False,False,2026-09-07T04:48:31+00:00,,,,,
TXParts,https://txparts.com/,Samsung,https://txparts.com/shop/s-series,2,dom-inspection,S Series,https://txparts.com/shop/s-series,1,dom-inspection,Galaxy S24 Ultra,https://txparts.com/shop/galaxy-s24-ultra,10,0,10,3,dom-inspection,,https://txparts.com/shop/galaxy-s24-ultra,False,False,2026-09-07T04:48:31+00:00,,,,,
TXParts,https://txparts.com/,Samsung,https://txparts.com/shop/s-series,2,dom-inspection,S Series,https://txparts.com/shop/s-series,1,dom-inspection,Galaxy S24 Plus,https://txparts.com/shop/galaxy-s24-plus,11,0,11,3,dom-inspection,,https://txparts.com/shop/galaxy-s24-plus,False,False,2026-09-07T04:48:31+00:00,,,,,
TXParts,https://txparts.com/,Samsung,https://txparts.com/shop/s-series,2,dom-inspection,S Series,https://txparts.com/shop/s-series,1,dom-inspection,Galaxy S24,https://txparts.com/shop/galaxy-s24,12,0,12,3,dom-inspection,,https://txparts.com/shop/galaxy-s24,False,False,2026-09-07T04:48:31+00:00,,,,,
TXParts,https://txparts.com/,Samsung,https://txparts.com/shop/s-series,2,dom-inspection,S Series,https://txparts.com/shop/s-series,1,dom-inspection,Galaxy S23 FE,https://txparts.com/shop/galaxy-s23-fe,13,0,13,3,dom-inspection,,https://txparts.com/shop/galaxy-s23-fe,False,False,2026-09-07T04:48:31+00:00,,,,,
TXParts,https://txparts.com/,Samsung,https://txparts.com/shop/s-series,2,dom-inspection,S Series,https://txparts.com/shop/s-series,1,dom-inspection,Galaxy S23 Ultra,https://txparts.com/shop/galaxy-s23-ultra,14,0,14,3,dom-inspection,,https://txparts.com/shop/galaxy-s23-ultra,False,False,2026-09-07T04:48:31+00:00,,,,,
TXParts,https://txparts.com/,Samsung,https://txparts.com/shop/s-series,2,dom-inspection,S Series,https://txparts.com/shop/s-series,1,dom-inspection,Galaxy S23 Plus,https://txparts.com/shop/galaxy-s23-plus,15,0,15,3,dom-inspection,,https://txparts.com/shop/galaxy-s23-plus,False,False,2026-09-07T04:48:31+00:00,,,,,
TXParts,https://txparts.com/,Samsung,https://txparts.com/shop/s-series,2,dom-inspection,S Series,https://txparts.com/shop/s-series,1,dom-inspection,Galaxy S23 5G,https://txparts.com/shop/galaxy-s23-5g,16,0,16,3,dom-inspection,,https://txparts.com/shop/galaxy-s23-5g,False,False,2026-09-07T04:48:31+00:00,,,,,
TXParts,https://txparts.com/,Samsung,https://txparts.com/shop/s-series,2,dom-inspection,S Series,https://txparts.com/shop/s-series,1,dom-inspection,Galaxy S22 Ultra,https://txparts.com/shop/galaxy-s22-ultra,17,0,17,3,dom-inspection,,https://txparts.com/shop/galaxy-s22-ultra,False,False,2026-09-07T04:48:31+00:00,,,,,
TXParts,https://txparts.com/,Samsung,https://txparts.com/shop/s-series,2,dom-inspection,S Series,https://txparts.com/shop/s-series,1,dom-inspection,Galaxy S22 Plus,https://txparts.com/shop/galaxy-s22-plus,18,0,18,3,dom-inspection,,https://txparts.com/shop/galaxy-s22-plus,False,False,2026-09-07T04:48:31+00:00,,,,,
TXParts,https://txparts.com/,Samsung,https://txparts.com/shop/s-series,2,dom-inspection,S Series,https://txparts.com/shop/s-series,1,dom-inspection,Galaxy S22,https://txparts.com/shop/galaxy-s22,19,0,19,3,dom-inspection,,https://txparts.com/shop/galaxy-s22,False,False,2026-09-07T04:48:31+00:00,,,,,
TXParts,https://txparts.com/,Samsung,https://txparts.com/shop/s-series,2,dom-inspection,S Series,https://txparts.com/shop/s-series,1,dom-inspection,Galaxy S21 Ultra,https://txparts.com/shop/galaxy-s21-ultra,20,0,20,3,dom-inspection,,https://txparts.com/shop/galaxy-s21-ultra,False,False,2026-09-07T04:48:31+00:00,,,,,
TXParts,https://txparts.com/,Samsung,https://txparts.com/shop/s-series,2,dom-inspection,S Series,https://txparts.com/shop/s-series,1,dom-inspection,Galaxy S21 Plus,https://txparts.com/shop/galaxy-s21-plus,21,0,21,3,dom-inspection,,https://txparts.com/shop/galaxy-s21-plus,False,False,2026-09-07T04:48:31+00:00,,,,,
TXParts,https://txparts.com/,Samsung,https://txparts.com/shop/s-series,2,dom-inspection,S Series,https://txparts.com/shop/s-series,1,dom-inspection,Galaxy S21,https://txparts.com/shop/galaxy-s21,22,0,22,3,dom-inspection,,https://txparts.com/shop/galaxy-s21,False,False,2026-09-07T04:48:31+00:00,,,,,
TXParts,https://txparts.com/,Samsung,https://txparts.com/shop/s-series,2,dom-inspection,S Series,https://txparts.com/shop/s-series,1,dom-inspection,Galaxy S21FE,https://txparts.com/shop/galaxy-s21fe,23,0,23,3,dom-inspection,,https://txparts.com/shop/galaxy-s21fe,False,False,2026-09-07T04:48:31+00:00,,,,,
TXParts,https://txparts.com/,Samsung,https://txparts.com/shop/s-series,2,dom-inspection,S Series,https://txparts.com/shop/s-series,1,dom-inspection,Galaxy S20 Ultra,https://txparts.com/shop/galaxy-s20-ultra,24,0,24,3,dom-inspection,,https://txparts.com/shop/galaxy-s20-ultra,False,False,2026-09-07T04:48:31+00:00,,,,,
TXParts,https://txparts.com/,Samsung,https://txparts.com/shop/s-series,2,dom-inspection,S Series,https://txparts.com/shop/s-series,1,dom-inspection,Galaxy S20 Plus,https://txparts.com/shop/galaxy-s20-plus,25,0,25,3,dom-inspection,,https://txparts.com/shop/galaxy-s20-plus,False,False,2026-09-07T04:48:31+00:00,,,,,
TXParts,https://txparts.com/,Samsung,https://txparts.com/shop/s-series,2,dom-inspection,S Series,https://txparts.com/shop/s-series,1,dom-inspection,Galaxy S20 FE,https://txparts.com/shop/galaxy-s20-fe,26,0,26,3,dom-inspection,,https://txparts.com/shop/galaxy-s20-fe,False,False,2026-09-07T04:48:31+00:00,,,,,
TXParts,https://txparts.com/,Samsung,https://txparts.com/shop/s-series,2,dom-inspection,S Series,https://txparts.com/shop/s-series,1,dom-inspection,Galaxy S20 5G,https://txparts.com/shop/galaxy-s20-5g,27,0,27,3,dom-inspection,,https://txparts.com/shop/galaxy-s20-5g,False,False,2026-09-07T04:48:31+00:00,,,,,
TXParts,https://txparts.com/,Samsung,https://txparts.com/shop/s-series,2,dom-inspection,S Series,https://txparts.com/shop/s-series,1,dom-inspection,Galaxy S10 Lite,https://txparts.com/shop/galaxy-s10-lite,28,0,28,3,dom-inspection,,https://txparts.com/shop/galaxy-s10-lite,False,False,2026-09-07T04:48:31+00:00,,,,,
TXParts,https://txparts.com/,Samsung,https://txparts.com/shop/s-series,2,dom-inspection,S Series,https://txparts.com/shop/s-series,1,dom-inspection,Galaxy S10 5G,https://txparts.com/shop/galaxy-s10-5g,29,0,29,3,dom-inspection,,https://txparts.com/shop/galaxy-s10-5g,False,False,2026-09-07T04:48:31+00:00,,,,,
TXParts,https://txparts.com/,Samsung,https://txparts.com/shop/s-series,2,dom-inspection,S Series,https://txparts.com/shop/s-series,1,dom-inspection,Galaxy S10+,https://txparts.com/shop/galaxy-s10,30,0,30,3,dom-inspection,,https://txparts.com/shop/galaxy-s10,False,False,2026-09-07T04:48:31+00:00,,,,,
TXParts,https://txparts.com/,Samsung,https://txparts.com/shop/s-series,2,dom-inspection,S Series,https://txparts.com/shop/s-series,1,dom-inspection,Galaxy S10,https://txparts.com/shop/galaxy-s10-1,31,0,31,3,dom-inspection,,https://txparts.com/shop/galaxy-s10-1,False,False,2026-09-07T04:48:31+00:00,,,,,
TXParts,https://txparts.com/,Samsung,https://txparts.com/shop/s-series,2,dom-inspection,S Series,https://txparts.com/shop/s-series,1,dom-inspection,Galaxy S10e,https://txparts.com/shop/galaxy-s10e,32,0,32,3,dom-inspection,,https://txparts.com/shop/galaxy-s10e,False,False,2026-09-07T04:48:31+00:00,,,,,
TXParts,https://txparts.com/,Samsung,https://txparts.com/shop/s-series,2,dom-inspection,S Series,https://txparts.com/shop/s-series,1,dom-inspection,Galaxy S9 Plus,https://txparts.com/shop/galaxy-s9-plus,33,0,33,3,dom-inspection,,https://txparts.com/shop/galaxy-s9-plus,False,False,2026-09-07T04:48:31+00:00,,,,,
TXParts,https://txparts.com/,Samsung,https://txparts.com/shop/s-series,2,dom-inspection,S Series,https://txparts.com/shop/s-series,1,dom-inspection,Galaxy S9,https://txparts.com/shop/galaxy-s9,34,0,34,3,dom-inspection,,https://txparts.com/shop/galaxy-s9,False,False,2026-09-07T04:48:31+00:00,,,,,
TXParts,https://txparts.com/,Samsung,https://txparts.com/shop/s-series,2,dom-inspection,S Series,https://txparts.com/shop/s-series,1,dom-inspection,Galaxy S8 Plus,https://txparts.com/shop/galaxy-s8-plus,35,0,35,3,dom-inspection,,https://txparts.com/shop/galaxy-s8-plus,False,False,2026-09-07T04:48:31+00:00,,,,,
TXParts,https://txparts.com/,Samsung,https://txparts.com/shop/s-series,2,dom-inspection,S Series,https://txparts.com/shop/s-series,1,dom-inspection,Galaxy S8,https://txparts.com/shop/galaxy-s8,36,0,36,3,dom-inspection,,https://txparts.com/shop/galaxy-s8,False,False,2026-09-07T04:48:31+00:00,,,,,
TXParts,https://txparts.com/,Samsung,https://txparts.com/shop/s-series,2,dom-inspection,S Series,https://txparts.com/shop/s-series,1,dom-inspection,Galaxy S7 Edge,https://txparts.com/shop/galaxy-s7-edge,37,0,37,3,dom-inspection,,https://txparts.com/shop/galaxy-s7-edge,False,False,2026-09-07T04:48:31+00:00,,,,,
TXParts,https://txparts.com/,Samsung,https://txparts.com/shop/s-series,2,dom-inspection,S Series,https://txparts.com/shop/s-series,1,dom-inspection,Galaxy S7,https://txparts.com/shop/galaxy-s7,38,0,38,3,dom-inspection,,https://txparts.com/shop/galaxy-s7,False,False,2026-09-07T04:48:31+00:00,,,,,
TXParts,https://txparts.com/,Samsung,https://txparts.com/shop/s-series,2,dom-inspection,S Series,https://txparts.com/shop/s-series,1,dom-inspection,Galaxy S6 Edge Plus,https://txparts.com/shop/galaxy-s6-edge-plus,39,0,39,3,dom-inspection,,https://txparts.com/shop/galaxy-s6-edge-plus,False,False,2026-09-07T04:48:31+00:00,,,,,
TXParts,https://txparts.com/,Samsung,https://txparts.com/shop/s-series,2,dom-inspection,S Series,https://txparts.com/shop/s-series,1,dom-inspection,Galaxy S6 Edge,https://txparts.com/shop/galaxy-s6-edge,40,0,40,3,dom-inspection,,https://txparts.com/shop/galaxy-s6-edge,False,False,2026-09-07T04:48:31+00:00,,,,,
TXParts,https://txparts.com/,Samsung,https://txparts.com/shop/s-series,2,dom-inspection,S Series,https://txparts.com/shop/s-series,1,dom-inspection,Galaxy S6,https://txparts.com/shop/galaxy-s6,41,0,41,3,dom-inspection,,https://txparts.com/shop/galaxy-s6,False,False,2026-09-07T04:48:31+00:00,,,,,
TXParts,https://txparts.com/,Samsung,https://txparts.com/shop/s-series,2,dom-inspection,S Series,https://txparts.com/shop/s-series,1,dom-inspection,Galaxy S5 Mini,https://txparts.com/shop/galaxy-s5-mini,42,0,42,3,dom-inspection,,https://txparts.com/shop/galaxy-s5-mini,False,False,2026-09-07T04:48:31+00:00,,,,,
TXParts,https://txparts.com/,Samsung,https://txparts.com/shop/s-series,2,dom-inspection,S Series,https://txparts.com/shop/s-series,1,dom-inspection,Galaxy S5,https://txparts.com/shop/galaxy-s5,43,0,43,3,dom-inspection,,https://txparts.com/shop/galaxy-s5,False,False,2026-09-07T04:48:31+00:00,,,,,
TXParts,https://txparts.com/,Samsung,https://txparts.com/shop/s-series,2,dom-inspection,S Series,https://txparts.com/shop/s-series,1,dom-inspection,Galaxy S5 Sports,https://txparts.com/shop/galaxy-s5-sports,44,0,44,3,dom-inspection,,https://txparts.com/shop/galaxy-s5-sports,False,False,2026-09-07T04:48:31+00:00,,,,,
TXParts,https://txparts.com/,Samsung,https://txparts.com/shop/s-series,2,dom-inspection,S Series,https://txparts.com/shop/s-series,1,dom-inspection,Galaxy S4,https://txparts.com/shop/galaxy-s4,45,0,45,3,dom-inspection,,https://txparts.com/shop/galaxy-s4,False,False,2026-09-07T04:48:31+00:00,,,,,
TXParts,https://txparts.com/,Samsung,https://txparts.com/shop/s-series,2,dom-inspection,S Series,https://txparts.com/shop/s-series,1,dom-inspection,Galaxy S3,https://txparts.com/shop/galaxy-s3,46,0,46,3,dom-inspection,,https://txparts.com/shop/galaxy-s3,False,False,2026-09-07T04:48:31+00:00,,,,,
TXParts,https://txparts.com/,Samsung,https://txparts.com/shop/s-series,2,dom-inspection,Note Series,https://txparts.com/shop/note-series,2,dom-inspection,Galaxy Note 20 Ultra,https://txparts.com/shop/galaxy-note-20-ultra,1,0,1,3,dom-inspection,,https://txparts.com/shop/galaxy-note-20-ultra,False,False,2026-09-07T04:48:31+00:00,,,,,
TXParts,https://txparts.com/,Samsung,https://txparts.com/shop/s-series,2,dom-inspection,Note Series,https://txparts.com/shop/note-series,2,dom-inspection,Galaxy Note 20,https://txparts.com/shop/galaxy-note-20,2,0,2,3,dom-inspection,,https://txparts.com/shop/galaxy-note-20,False,False,2026-09-07T04:48:31+00:00,,,,,
TXParts,https://txparts.com/,Samsung,https://txparts.com/shop/s-series,2,dom-inspection,Note Series,https://txparts.com/shop/note-series,2,dom-inspection,Galaxy Note 10 Plus,https://txparts.com/shop/galaxy-note-10-plus,3,0,3,3,dom-inspection,,https://txparts.com/shop/galaxy-note-10-plus,False,False,2026-09-07T04:48:31+00:00,,,,,
TXParts,https://txparts.com/,Samsung,https://txparts.com/shop/s-series,2,dom-inspection,Note Series,https://txparts.com/shop/note-series,2,dom-inspection,Galaxy Note 10,https://txparts.com/shop/galaxy-note-10,4,0,4,3,dom-inspection,,https://txparts.com/shop/galaxy-note-10,False,False,2026-09-07T04:48:31+00:00,,,,,
TXParts,https://txparts.com/,Samsung,https://txparts.com/shop/s-series,2,dom-inspection,Note Series,https://txparts.com/shop/note-series,2,dom-inspection,Galaxy Note 10 Lite,https://txparts.com/shop/galaxy-note-10-lite,5,0,5,3,dom-inspection,,https://txparts.com/shop/galaxy-note-10-lite,False,False,2026-09-07T04:48:31+00:00,,,,,
TXParts,https://txparts.com/,Samsung,https://txparts.com/shop/s-series,2,dom-inspection,Note Series,https://txparts.com/shop/note-series,2,dom-inspection,Galaxy Note 9,https://txparts.com/shop/galaxy-note-9,6,0,6,3,dom-inspection,,https://txparts.com/shop/galaxy-note-9,False,False,2026-09-07T04:48:31+00:00,,,,,
TXParts,https://txparts.com/,Samsung,https://txparts.com/shop/s-series,2,dom-inspection,Note Series,https://txparts.com/shop/note-series,2,dom-inspection,Galaxy Note 8,https://txparts.com/shop/galaxy-note-8,7,0,7,3,dom-inspection,,https://txparts.com/shop/galaxy-note-8,False,False,2026-09-07T04:48:31+00:00,,,,,
TXParts,https://txparts.com/,Samsung,https://txparts.com/shop/s-series,2,dom-inspection,Note Series,https://txparts.com/shop/note-series,2,dom-inspection,Galaxy Note 5,https://txparts.com/shop/galaxy-note-5,8,0,8,3,dom-inspection,,https://txparts.com/shop/galaxy-note-5,False,False,2026-09-07T04:48:31+00:00,,,,,
TXParts,https://txparts.com/,Samsung,https://txparts.com/shop/s-series,2,dom-inspection,Note Series,https://txparts.com/shop/note-series,2,dom-inspection,Galaxy Note 4,https://txparts.com/shop/galaxy-note-4,9,0,9,3,dom-inspection,,https://txparts.com/shop/galaxy-note-4,False,False,2026-09-07T04:48:31+00:00,,,,,
TXParts,https://txparts.com/,Samsung,https://txparts.com/shop/s-series,2,dom-inspection,Note Series,https://txparts.com/shop/note-series,2,dom-inspection,Galaxy Note 3,https://txparts.com/shop/galaxy-note-3,10,0,10,3,dom-inspection,,https://txparts.com/shop/galaxy-note-3,False,False,2026-09-07T04:48:31+00:00,,,,,
TXParts,https://txparts.com/,Samsung,https://txparts.com/shop/s-series,2,dom-inspection,Note Series,https://txparts.com/shop/note-series,2,dom-inspection,Galaxy Note 2,https://txparts.com/shop/galaxy-note-2,11,0,11,3,dom-inspection,,https://txparts.com/shop/galaxy-note-2,False,False,2026-09-07T04:48:31+00:00,,,,,
TXParts,https://txparts.com/,Samsung,https://txparts.com/shop/s-series,2,dom-inspection,Note Series,https://txparts.com/shop/note-series,2,dom-inspection,Galaxy Note Edge,https://txparts.com/shop/galaxy-note-edge,12,0,12,3,dom-inspection,,https://txparts.com/shop/galaxy-note-edge,False,False,2026-09-07T04:48:31+00:00,,,,,
TXParts,https://txparts.com/,Samsung,https://txparts.com/shop/s-series,2,dom-inspection,A Series,https://txparts.com/shop/a-series,3,dom-inspection,A37 5G (A376 / 2026),https://txparts.com/shop/a37-5g-a376-2026,1,0,1,3,dom-inspection,,https://txparts.com/shop/a37-5g-a376-2026,False,False,2026-09-07T04:48:31+00:00,,,,,
TXParts,https://txparts.com/,Samsung,https://txparts.com/shop/s-series,2,dom-inspection,A Series,https://txparts.com/shop/a-series,3,dom-inspection,A57 5G (A576 / 2026),https://txparts.com/shop/a57-5g-a576-2026,2,0,2,3,dom-inspection,,https://txparts.com/shop/a57-5g-a576-2026,False,False,2026-09-07T04:48:31+00:00,,,,,
TXParts,https://txparts.com/,Samsung,https://txparts.com/shop/s-series,2,dom-inspection,A Series,https://txparts.com/shop/a-series,3,dom-inspection,A07 5G (A076 / 2026),https://txparts.com/shop/a07-5g-a076-2026,3,0,3,3,dom-inspection,,https://txparts.com/shop/a07-5g-a076-2026,False,False,2026-09-07T04:48:31+00:00,,,,,
TXParts,https://txparts.com/,Samsung,https://txparts.com/shop/s-series,2,dom-inspection,A Series,https://txparts.com/shop/a-series,3,dom-inspection,A07 4G (A075 / 2025),https://txparts.com/shop/a07-4g-a075-2025,4,0,4,3,dom-inspection,,https://txparts.com/shop/a07-4g-a075-2025,False,False,2026-09-07T04:48:31+00:00,,,,,
TXParts,https://txparts.com/,Samsung,https://txparts.com/shop/s-series,2,dom-inspection,A Series,https://txparts.com/shop/a-series,3,dom-inspection,A17 4G (A175 / 2025),https://txparts.com/shop/a17-4g-a175-2025,5,0,5,3,dom-inspection,,https://txparts.com/shop/a17-4g-a175-2025,False,False,2026-09-07T04:48:31+00:00,,,,,
TXParts,https://txparts.com/,Samsung,https://txparts.com/shop/s-series,2,dom-inspection,A Series,https://txparts.com/shop/a-series,3,dom-inspection,A17 5G (A176 / 2025),https://txparts.com/shop/a17-5g-a176-2025,6,0,6,3,dom-inspection,,https://txparts.com/shop/a17-5g-a176-2025,False,False,2026-09-07T04:48:31+00:00,,,,,
TXParts,https://txparts.com/,Samsung,https://txparts.com/shop/s-series,2,dom-inspection,A Series,https://txparts.com/shop/a-series,3,dom-inspection,A90 5G (A908 / 2019),https://txparts.com/shop/a90-5g-a908-2019,7,0,7,3,dom-inspection,,https://txparts.com/shop/a90-5g-a908-2019,False,False,2026-09-07T04:48:31+00:00,,,,,
TXParts,https://txparts.com/,Samsung,https://txparts.com/shop/s-series,2,dom-inspection,A Series,https://txparts.com/shop/a-series,3,dom-inspection,A9 PRO (A910 / 2016),https://txparts.com/shop/a9-pro-a910-2016,8,0,8,3,dom-inspection,,https://txparts.com/shop/a9-pro-a910-2016,False,False,2026-09-07T04:48:31+00:00,,,,,
TXParts,https://txparts.com/,Samsung,https://txparts.com/shop/s-series,2,dom-inspection,A Series,https://txparts.com/shop/a-series,3,dom-inspection,A9 (A920 / 2018),https://txparts.com/shop/a9-a920-2018,9,0,9,3,dom-inspection,,https://txparts.com/shop/a9-a920-2018,False,False,2026-09-07T04:48:31+00:00,,,,,
TXParts,https://txparts.com/,Samsung,https://txparts.com/shop/s-series,2,dom-inspection,A Series,https://txparts.com/shop/a-series,3,dom-inspection,A9 (A900 / 2015),https://txparts.com/shop/a9-a900-2015,10,0,10,3,dom-inspection,,https://txparts.com/shop/a9-a900-2015,False,False,2026-09-07T04:48:31+00:00,,,,,
TXParts,https://txparts.com/,Samsung,https://txparts.com/shop/s-series,2,dom-inspection,A Series,https://txparts.com/shop/a-series,3,dom-inspection,A80 (A805 / 2019),https://txparts.com/shop/a80-a805-2019,11,0,11,3,dom-inspection,,https://txparts.com/shop/a80-a805-2019,False,False,2026-09-07T04:48:31+00:00,,,,,
TXParts,https://txparts.com/,Samsung,https://txparts.com/shop/s-series,2,dom-inspection,A Series,https://txparts.com/shop/a-series,3,dom-inspection,A8 Plus(A730 / 2018),https://txparts.com/shop/a8-plusa730-2018,12,0,12,3,dom-inspection,,https://txparts.com/shop/a8-plusa730-2018,False,False,2026-09-07T04:48:31+00:00,,,,,
TXParts,https://txparts.com/,Samsung,https://txparts.com/shop/s-series,2,dom-inspection,A Series,https://txparts.com/shop/a-series,3,dom-inspection,A8S (G887 / 2018),https://txparts.com/shop/a8s-g887-2018,13,0,13,3,dom-inspection,,https://txparts.com/shop/a8s-g887-2018,False,False,2026-09-07T04:48:31+00:00,,,,,
TXParts,https://txparts.com/,Samsung,https://txparts.com/shop/s-series,2,dom-inspection,A Series,https://txparts.com/shop/a-series,3,dom-inspection,A8 (A530 / 2018),https://txparts.com/shop/a8-a530-2018,14,0,14,3,dom-inspection,,https://txparts.com/shop/a8-a530-2018,False,False,2026-09-07T04:48:31+00:00,,,,,
TXParts,https://txparts.com/,Samsung,https://txparts.com/shop/s-series,2,dom-inspection,A Series,https://txparts.com/shop/a-series,3,dom-inspection,A8 (A810 / 2016),https://txparts.com/shop/a8-a810-2016,15,0,15,3,dom-inspection,,https://txparts.com/shop/a8-a810-2016,False,False,2026-09-07T04:48:31+00:00,,,,,
TXParts,https://txparts.com/,Samsung,https://txparts.com/shop/s-series,2,dom-inspection,A Series,https://txparts.com/shop/a-series,3,dom-inspection,A73 5g (A736 / 2022),https://txparts.com/shop/a73-5g-a736-2022,16,0,16,3,dom-inspection,,https://txparts.com/shop/a73-5g-a736-2022,False,False,2026-09-07T04:48:31+00:00,,,,,
TXParts,https://txparts.com/,Samsung,https://txparts.com/shop/s-series,2,dom-inspection,A Series,https://txparts.com/shop/a-series,3,dom-inspection,A73 (A735 / 2022),https://txparts.com/shop/a73-a735-2022,17,0,17,3,dom-inspection,,https://txparts.com/shop/a73-a735-2022,False,False,2026-09-07T04:48:31+00:00,,,,,
TXParts,https://txparts.com/,Samsung,https://txparts.com/shop/s-series,2,dom-inspection,A Series,https://txparts.com/shop/a-series,3,dom-inspection,A72 (A725 / 2021),https://txparts.com/shop/a72-a725-2021,18,0,18,3,dom-inspection,,https://txparts.com/shop/a72-a725-2021,False,False,2026-09-07T04:48:31+00:00,,,,,
TXParts,https://txparts.com/,Samsung,https://txparts.com/shop/s-series,2,dom-inspection,A Series,https://txparts.com/shop/a-series,3,dom-inspection,A71 5G (A716 / 2020),https://txparts.com/shop/a71-5g-a716-2020,19,0,19,3,dom-inspection,,https://txparts.com/shop/a71-5g-a716-2020,False,False,2026-09-07T04:48:31+00:00,,,,,
TXParts,https://txparts.com/,Samsung,https://txparts.com/shop/s-series,2,dom-inspection,A Series,https://txparts.com/shop/a-series,3,dom-inspection,A71 (A715 / 2020),https://txparts.com/shop/a71-a715-2020,20,0,20,3,dom-inspection,,https://txparts.com/shop/a71-a715-2020,False,False,2026-09-07T04:48:31+00:00,,,,,
TXParts,https://txparts.com/,Samsung,https://txparts.com/shop/s-series,2,dom-inspection,A Series,https://txparts.com/shop/a-series,3,dom-inspection,A70 (A705 / 2019),https://txparts.com/shop/a70-a705-2019,21,0,21,3,dom-inspection,,https://txparts.com/shop/a70-a705-2019,False,False,2026-09-07T04:48:31+00:00,,,,,
TXParts,https://txparts.com/,Samsung,https://txparts.com/shop/s-series,2,dom-inspection,A Series,https://txparts.com/shop/a-series,3,dom-inspection,A7 (A750 / 2018),https://txparts.com/shop/a7-a750-2018,22,0,22,3,dom-inspection,,https://txparts.com/shop/a7-a750-2018,False,False,2026-09-07T04:48:31+00:00,,,,,
TXParts,https://txparts.com/,Samsung,https://txparts.com/shop/s-series,2,dom-inspection,A Series,https://txparts.com/shop/a-series,3,dom-inspection,A7 (A720 / 2017),https://txparts.com/shop/a7-a720-2017,23,0,23,3,dom-inspection,,https://txparts.com/shop/a7-a720-2017,False,False,2026-09-07T04:48:31+00:00,,,,,
TXParts,https://txparts.com/,Samsung,https://txparts.com/shop/s-series,2,dom-inspection,A Series,https://txparts.com/shop/a-series,3,dom-inspection,A7 (A710 / 2016),https://txparts.com/shop/a7-a710-2016,24,0,24,3,dom-inspection,,https://txparts.com/shop/a7-a710-2016,False,False,2026-09-07T04:48:31+00:00,,,,,
TXParts,https://txparts.com/,Samsung,https://txparts.com/shop/s-series,2,dom-inspection,A Series,https://txparts.com/shop/a-series,3,dom-inspection,A7 (A700 / 2015),https://txparts.com/shop/a7-a700-2015,25,0,25,3,dom-inspection,,https://txparts.com/shop/a7-a700-2015,False,False,2026-09-07T04:48:31+00:00,,,,,
TXParts,https://txparts.com/,Samsung,https://txparts.com/shop/s-series,2,dom-inspection,A Series,https://txparts.com/shop/a-series,3,dom-inspection,A60 (A606 / 2019),https://txparts.com/shop/a60-a606-2019,26,0,26,3,dom-inspection,,https://txparts.com/shop/a60-a606-2019,False,False,2026-09-07T04:48:31+00:00,,,,,
TXParts,https://txparts.com/,Samsung,https://txparts.com/shop/s-series,2,dom-inspection,A Series,https://txparts.com/shop/a-series,3,dom-inspection,A6 Plus (A605 / 2018),https://txparts.com/shop/a6-plus-a605-2018,27,0,27,3,dom-inspection,,https://txparts.com/shop/a6-plus-a605-2018,False,False,2026-09-07T04:48:31+00:00,,,,,
TXParts,https://txparts.com/,Samsung,https://txparts.com/shop/s-series,2,dom-inspection,A Series,https://txparts.com/shop/a-series,3,dom-inspection,A6 (A600 / 2018),https://txparts.com/shop/a6-a600-2018,28,0,28,3,dom-inspection,,https://txparts.com/shop/a6-a600-2018,False,False,2026-09-07T04:48:31+00:00,,,,,
TXParts,https://txparts.com/,Samsung,https://txparts.com/shop/s-series,2,dom-inspection,A Series,https://txparts.com/shop/a-series,3,dom-inspection,A56 5G (A566 / 2025),https://txparts.com/shop/a56-5g-a566-2025,29,0,29,3,dom-inspection,,https://txparts.com/shop/a56-5g-a566-2025,False,False,2026-09-07T04:48:31+00:00,,,,,
TXParts,https://txparts.com/,Samsung,https://txparts.com/shop/s-series,2,dom-inspection,A Series,https://txparts.com/shop/a-series,3,dom-inspection,A55 (A556 / 2024),https://txparts.com/shop/a55-a556-2024,30,0,30,3,dom-inspection,,https://txparts.com/shop/a55-a556-2024,False,False,2026-09-07T04:48:31+00:00,,,,,
TXParts,https://txparts.com/,Samsung,https://txparts.com/shop/s-series,2,dom-inspection,A Series,https://txparts.com/shop/a-series,3,dom-inspection,A54 5G (A546 / 2023),https://txparts.com/shop/a54-5g-a546-2023,31,0,31,3,dom-inspection,,https://txparts.com/shop/a54-5g-a546-2023,False,False,2026-09-07T04:48:31+00:00,,,,,
TXParts,https://txparts.com/,Samsung,https://txparts.com/shop/s-series,2,dom-inspection,A Series,https://txparts.com/shop/a-series,3,dom-inspection,A53 5G (A536B / 2022),https://txparts.com/shop/a53-5g-a536b-2022,32,0,32,3,dom-inspection,,https://txparts.com/shop/a53-5g-a536b-2022,False,False,2026-09-07T04:48:31+00:00,,,,,
TXParts,https://txparts.com/,Samsung,https://txparts.com/shop/s-series,2,dom-inspection,A Series,https://txparts.com/shop/a-series,3,dom-inspection,A52s (A528 / 2021),https://txparts.com/shop/a52s-a528-2021,33,0,33,3,dom-inspection,,https://txparts.com/shop/a52s-a528-2021,False,False,2026-09-07T04:48:31+00:00,,,,,
TXParts,https://txparts.com/,Samsung,https://txparts.com/shop/s-series,2,dom-inspection,A Series,https://txparts.com/shop/a-series,3,dom-inspection,A52 5G (A526 / 2021),https://txparts.com/shop/a52-5g-a526-2021,34,0,34,3,dom-inspection,,https://txparts.com/shop/a52-5g-a526-2021,False,False,2026-09-07T04:48:31+00:00,,,,,
TXParts,https://txparts.com/,Samsung,https://txparts.com/shop/s-series,2,dom-inspection,A Series,https://txparts.com/shop/a-series,3,dom-inspection,A52 4G (A525 / 2021),https://txparts.com/shop/a52-4g-a525-2021,35,0,35,3,dom-inspection,,https://txparts.com/shop/a52-4g-a525-2021,False,False,2026-09-07T04:48:31+00:00,,,,,
TXParts,https://txparts.com/,Samsung,https://txparts.com/shop/s-series,2,dom-inspection,A Series,https://txparts.com/shop/a-series,3,dom-inspection,A51 5G (A516 / 2020),https://txparts.com/shop/a51-5g-a516-2020,36,0,36,3,dom-inspection,,https://txparts.com/shop/a51-5g-a516-2020,False,False,2026-09-07T04:48:31+00:00,,,,,
TXParts,https://txparts.com/,Samsung,https://txparts.com/shop/s-series,2,dom-inspection,A Series,https://txparts.com/shop/a-series,3,dom-inspection,A51 4G (A515 / 2019),https://txparts.com/shop/a51-4g-a515-2019,37,0,37,3,dom-inspection,,https://txparts.com/shop/a51-4g-a515-2019,False,False,2026-09-07T04:48:31+00:00,,,,,
TXParts,https://txparts.com/,Samsung,https://txparts.com/shop/s-series,2,dom-inspection,A Series,https://txparts.com/shop/a-series,3,dom-inspection,A50S (A507 / 2019),https://txparts.com/shop/a50s-a507-2019,38,0,38,3,dom-inspection,,https://txparts.com/shop/a50s-a507-2019,False,False,2026-09-07T04:48:31+00:00,,,,,
TXParts,https://txparts.com/,Samsung,https://txparts.com/shop/s-series,2,dom-inspection,A Series,https://txparts.com/shop/a-series,3,dom-inspection,A50 (A505 / 2019),https://txparts.com/shop/a50-a505-2019,39,0,39,3,dom-inspection,,https://txparts.com/shop/a50-a505-2019,False,False,2026-09-07T04:48:31+00:00,,,,,
TXParts,https://txparts.com/,Samsung,https://txparts.com/shop/s-series,2,dom-inspection,A Series,https://txparts.com/shop/a-series,3,dom-inspection,A5 (A520 / 2017),https://txparts.com/shop/a5-a520-2017,40,0,40,3,dom-inspection,,https://txparts.com/shop/a5-a520-2017,False,False,2026-09-07T04:48:31+00:00,,,,,
TXParts,https://txparts.com/,Samsung,https://txparts.com/shop/s-series,2,dom-inspection,A Series,https://txparts.com/shop/a-series,3,dom-inspection,A5 (A510 / 2016),https://txparts.com/shop/a5-a510-2016,41,0,41,3,dom-inspection,,https://txparts.com/shop/a5-a510-2016,False,False,2026-09-07T04:48:31+00:00,,,,,
TXParts,https://txparts.com/,Samsung,https://txparts.com/shop/s-series,2,dom-inspection,A Series,https://txparts.com/shop/a-series,3,dom-inspection,A5 (A500 / 2015),https://txparts.com/shop/a5-a500-2015,42,0,42,3,dom-inspection,,https://txparts.com/shop/a5-a500-2015,False,False,2026-09-07T04:48:31+00:00,,,,,
TXParts,https://txparts.com/,Samsung,https://txparts.com/shop/s-series,2,dom-inspection,A Series,https://txparts.com/shop/a-series,3,dom-inspection,A42 5G (A426 / 2020),https://txparts.com/shop/a42-5g-a426-2020,43,0,43,3,dom-inspection,,https://txparts.com/shop/a42-5g-a426-2020,False,False,2026-09-07T04:48:31+00:00,,,,,
TXParts,https://txparts.com/,Samsung,https://txparts.com/shop/s-series,2,dom-inspection,A Series,https://txparts.com/shop/a-series,3,dom-inspection,A41 (A415 / 2020),https://txparts.com/shop/a41-a415-2020,44,0,44,3,dom-inspection,,https://txparts.com/shop/a41-a415-2020,False,False,2026-09-07T04:48:31+00:00,,,,,
TXParts,https://txparts.com/,Samsung,https://txparts.com/shop/s-series,2,dom-inspection,A Series,https://txparts.com/shop/a-series,3,dom-inspection,A40S (A407 / 2019),https://txparts.com/shop/a40s-a407-2019,45,0,45,3,dom-inspection,,https://txparts.com/shop/a40s-a407-2019,False,False,2026-09-07T04:48:31+00:00,,,,,
TXParts,https://txparts.com/,Samsung,https://txparts.com/shop/s-series,2,dom-inspection,A Series,https://txparts.com/shop/a-series,3,dom-inspection,A40 (A405 / 2019),https://txparts.com/shop/a40-a405-2019,46,0,46,3,dom-inspection,,https://txparts.com/shop/a40-a405-2019,False,False,2026-09-07T04:48:31+00:00,,,,,
TXParts,https://txparts.com/,Samsung,https://txparts.com/shop/s-series,2,dom-inspection,A Series,https://txparts.com/shop/a-series,3,dom-inspection,A36 5G (A366 / 2025),https://txparts.com/shop/a36-5g-a366-2025,47,0,47,3,dom-inspection,,https://txparts.com/shop/a36-5g-a366-2025,False,False,2026-09-07T04:48:31+00:00,,,,,
TXParts,https://txparts.com/,Samsung,https://txparts.com/shop/s-series,2,dom-inspection,A Series,https://txparts.com/shop/a-series,3,dom-inspection,A35 5G (A356 / 2024),https://txparts.com/shop/a35-5g-a356-2024,48,0,48,3,dom-inspection,,https://txparts.com/shop/a35-5g-a356-2024,False,False,2026-09-07T04:48:31+00:00,,,,,
TXParts,https://txparts.com/,Samsung,https://txparts.com/shop/s-series,2,dom-inspection,A Series,https://txparts.com/shop/a-series,3,dom-inspection,A34 5G (A346 / 2023),https://txparts.com/shop/a34-5g-a346-2023,49,0,49,3,dom-inspection,,https://txparts.com/shop/a34-5g-a346-2023,False,False,2026-09-07T04:48:31+00:00,,,,,
TXParts,https://txparts.com/,Samsung,https://txparts.com/shop/s-series,2,dom-inspection,A Series,https://txparts.com/shop/a-series,3,dom-inspection,A33 5G (A336 / 2022),https://txparts.com/shop/a33-5g-a336-2022,50,0,50,3,dom-inspection,,https://txparts.com/shop/a33-5g-a336-2022,False,False,2026-09-07T04:48:31+00:00,,,,,
TXParts,https://txparts.com/,Samsung,https://txparts.com/shop/s-series,2,dom-inspection,A Series,https://txparts.com/shop/a-series,3,dom-inspection,A32 5G (A326 / 2021),https://txparts.com/shop/a32-5g-a326-2021,51,0,51,3,dom-inspection,,https://txparts.com/shop/a32-5g-a326-2021,False,False,2026-09-07T04:48:31+00:00,,,,,
TXParts,https://txparts.com/,Samsung,https://txparts.com/shop/s-series,2,dom-inspection,A Series,https://txparts.com/shop/a-series,3,dom-inspection,A32 (A325 / 2021),https://txparts.com/shop/a32-a325-2021,52,0,52,3,dom-inspection,,https://txparts.com/shop/a32-a325-2021,False,False,2026-09-07T04:48:31+00:00,,,,,
TXParts,https://txparts.com/,Samsung,https://txparts.com/shop/s-series,2,dom-inspection,A Series,https://txparts.com/shop/a-series,3,dom-inspection,A31 (A315 / 2020),https://txparts.com/shop/a31-a315-2020,53,0,53,3,dom-inspection,,https://txparts.com/shop/a31-a315-2020,False,False,2026-09-07T04:48:31+00:00,,,,,
TXParts,https://txparts.com/,Samsung,https://txparts.com/shop/s-series,2,dom-inspection,A Series,https://txparts.com/shop/a-series,3,dom-inspection,A30S (A307 / 2019),https://txparts.com/shop/a30s-a307-2019,54,0,54,3,dom-inspection,,https://txparts.com/shop/a30s-a307-2019,False,False,2026-09-07T04:48:31+00:00,,,,,
TXParts,https://txparts.com/,Samsung,https://txparts.com/shop/s-series,2,dom-inspection,A Series,https://txparts.com/shop/a-series,3,dom-inspection,A30 (A305 / 2019),https://txparts.com/shop/a30-a305-2019,55,0,55,3,dom-inspection,,https://txparts.com/shop/a30-a305-2019,False,False,2026-09-07T04:48:31+00:00,,,,,
TXParts,https://txparts.com/,Samsung,https://txparts.com/shop/s-series,2,dom-inspection,A Series,https://txparts.com/shop/a-series,3,dom-inspection,A3 (A320 / 2017),https://txparts.com/shop/a3-a320-2017,56,0,56,3,dom-inspection,,https://txparts.com/shop/a3-a320-2017,False,False,2026-09-07T04:48:31+00:00,,,,,
TXParts,https://txparts.com/,Samsung,https://txparts.com/shop/s-series,2,dom-inspection,A Series,https://txparts.com/shop/a-series,3,dom-inspection,A3 (A310 / 2016),https://txparts.com/shop/a3-a310-2016,57,0,57,3,dom-inspection,,https://txparts.com/shop/a3-a310-2016,False,False,2026-09-07T04:48:31+00:00,,,,,
TXParts,https://txparts.com/,Samsung,https://txparts.com/shop/s-series,2,dom-inspection,A Series,https://txparts.com/shop/a-series,3,dom-inspection,A3 (A300 / 2015),https://txparts.com/shop/a3-a300-2015,58,0,58,3,dom-inspection,,https://txparts.com/shop/a3-a300-2015,False,False,2026-09-07T04:48:31+00:00,,,,,
TXParts,https://txparts.com/,Samsung,https://txparts.com/shop/s-series,2,dom-inspection,A Series,https://txparts.com/shop/a-series,3,dom-inspection,A26 5G (A266 / 2025),https://txparts.com/shop/a26-5g-a266-2025,59,0,59,3,dom-inspection,,https://txparts.com/shop/a26-5g-a266-2025,False,False,2026-09-07T04:48:31+00:00,,,,,
TXParts,https://txparts.com/,Samsung,https://txparts.com/shop/s-series,2,dom-inspection,A Series,https://txparts.com/shop/a-series,3,dom-inspection,A25 5G (A256 / 2023),https://txparts.com/shop/a25-5g-a256-2023,60,0,60,3,dom-inspection,,https://txparts.com/shop/a25-5g-a256-2023,False,False,2026-09-07T04:48:31+00:00,,,,,
TXParts,https://txparts.com/,Samsung,https://txparts.com/shop/s-series,2,dom-inspection,A Series,https://txparts.com/shop/a-series,3,dom-inspection,A24 (A245 / 2023),https://txparts.com/shop/a24-a245-2023,61,0,61,3,dom-inspection,,https://txparts.com/shop/a24-a245-2023,False,False,2026-09-07T04:48:31+00:00,,,,,
TXParts,https://txparts.com/,Samsung,https://txparts.com/shop/s-series,2,dom-inspection,A Series,https://txparts.com/shop/a-series,3,dom-inspection,A23 5G (A236 / 2022),https://txparts.com/shop/a23-5g-a236-2022,62,0,62,3,dom-inspection,,https://txparts.com/shop/a23-5g-a236-2022,False,False,2026-09-07T04:48:31+00:00,,,,,
TXParts,https://txparts.com/,Samsung,https://txparts.com/shop/s-series,2,dom-inspection,A Series,https://txparts.com/shop/a-series,3,dom-inspection,A23 (A235 / 2022),https://txparts.com/shop/a23-a235-2022,63,0,63,3,dom-inspection,,https://txparts.com/shop/a23-a235-2022,False,False,2026-09-07T04:48:31+00:00,,,,,
TXParts,https://txparts.com/,Samsung,https://txparts.com/shop/s-series,2,dom-inspection,A Series,https://txparts.com/shop/a-series,3,dom-inspection,A22 5G (A226 / 2021),https://txparts.com/shop/a22-5g-a226-2021,64,0,64,3,dom-inspection,,https://txparts.com/shop/a22-5g-a226-2021,False,False,2026-09-07T04:48:31+00:00,,,,,
TXParts,https://txparts.com/,Samsung,https://txparts.com/shop/s-series,2,dom-inspection,A Series,https://txparts.com/shop/a-series,3,dom-inspection,A22 4G (A225 / 2021),https://txparts.com/shop/a22-4g-a225-2021,65,0,65,3,dom-inspection,,https://txparts.com/shop/a22-4g-a225-2021,False,False,2026-09-07T04:48:31+00:00,,,,,
TXParts,https://txparts.com/,Samsung,https://txparts.com/shop/s-series,2,dom-inspection,A Series,https://txparts.com/shop/a-series,3,dom-inspection,A21s (A217 / 2020),https://txparts.com/shop/a21s-a217-2020,66,0,66,3,dom-inspection,,https://txparts.com/shop/a21s-a217-2020,False,False,2026-09-07T04:48:31+00:00,,,,,
TXParts,https://txparts.com/,Samsung,https://txparts.com/shop/s-series,2,dom-inspection,A Series,https://txparts.com/shop/a-series,3,dom-inspection,A21 (A215 / 2020),https://txparts.com/shop/a21-a215-2020,67,0,67,3,dom-inspection,,https://txparts.com/shop/a21-a215-2020,False,False,2026-09-07T04:48:31+00:00,,,,,
TXParts,https://txparts.com/,Samsung,https://txparts.com/shop/s-series,2,dom-inspection,A Series,https://txparts.com/shop/a-series,3,dom-inspection,A20S (A207 / 2019),https://txparts.com/shop/a20s-a207-2019,68,0,68,3,dom-inspection,,https://txparts.com/shop/a20s-a207-2019,False,False,2026-09-07T04:48:31+00:00,,,,,
TXParts,https://txparts.com/,Samsung,https://txparts.com/shop/s-series,2,dom-inspection,A Series,https://txparts.com/shop/a-series,3,dom-inspection,A20e (A202 / 2019),https://txparts.com/shop/a20e-a202-2019,69,0,69,3,dom-inspection,,https://txparts.com/shop/a20e-a202-2019,False,False,2026-09-07T04:48:31+00:00,,,,,
TXParts,https://txparts.com/,Samsung,https://txparts.com/shop/s-series,2,dom-inspection,A Series,https://txparts.com/shop/a-series,3,dom-inspection,A20 (A205 / 2019),https://txparts.com/shop/a20-a205-2019,70,0,70,3,dom-inspection,,https://txparts.com/shop/a20-a205-2019,False,False,2026-09-07T04:48:31+00:00,,,,,
TXParts,https://txparts.com/,Samsung,https://txparts.com/shop/s-series,2,dom-inspection,A Series,https://txparts.com/shop/a-series,3,dom-inspection,A2 Core (A260 / 2019),https://txparts.com/shop/a2-core-a260-2019,71,0,71,3,dom-inspection,,https://txparts.com/shop/a2-core-a260-2019,False,False,2026-09-07T04:48:31+00:00,,,,,
TXParts,https://txparts.com/,Samsung,https://txparts.com/shop/s-series,2,dom-inspection,A Series,https://txparts.com/shop/a-series,3,dom-inspection,A16 5G (A166 / 2024),https://txparts.com/shop/a16-5g-a166-2024,72,0,72,3,dom-inspection,,https://txparts.com/shop/a16-5g-a166-2024,False,False,2026-09-07T04:48:31+00:00,,,,,
TXParts,https://txparts.com/,Samsung,https://txparts.com/shop/s-series,2,dom-inspection,A Series,https://txparts.com/shop/a-series,3,dom-inspection,A16 4G (A165 / 2024),https://txparts.com/shop/a16-4g-a165-2024,73,0,73,3,dom-inspection,,https://txparts.com/shop/a16-4g-a165-2024,False,False,2026-09-07T04:48:31+00:00,,,,,
TXParts,https://txparts.com/,Samsung,https://txparts.com/shop/s-series,2,dom-inspection,A Series,https://txparts.com/shop/a-series,3,dom-inspection,A15 5G (A156 / 2023),https://txparts.com/shop/a15-5g-a156-2023,74,0,74,3,dom-inspection,,https://txparts.com/shop/a15-5g-a156-2023,False,False,2026-09-07T04:48:31+00:00,,,,,
TXParts,https://txparts.com/,Samsung,https://txparts.com/shop/s-series,2,dom-inspection,A Series,https://txparts.com/shop/a-series,3,dom-inspection,A15 (A155 / 2023),https://txparts.com/shop/a15-a155-2023,75,0,75,3,dom-inspection,,https://txparts.com/shop/a15-a155-2023,False,False,2026-09-07T04:48:31+00:00,,,,,
TXParts,https://txparts.com/,Samsung,https://txparts.com/shop/s-series,2,dom-inspection,A Series,https://txparts.com/shop/a-series,3,dom-inspection,A14 5G (A146 / 2023),https://txparts.com/shop/a14-5g-a146-2023,76,0,76,3,dom-inspection,,https://txparts.com/shop/a14-5g-a146-2023,False,False,2026-09-07T04:48:31+00:00,,,,,
TXParts,https://txparts.com/,Samsung,https://txparts.com/shop/s-series,2,dom-inspection,A Series,https://txparts.com/shop/a-series,3,dom-inspection,A14 (A145 / 2023),https://txparts.com/shop/a14-a145-2023,77,0,77,3,dom-inspection,,https://txparts.com/shop/a14-a145-2023,False,False,2026-09-07T04:48:31+00:00,,,,,
TXParts,https://txparts.com/,Samsung,https://txparts.com/shop/s-series,2,dom-inspection,A Series,https://txparts.com/shop/a-series,3,dom-inspection,A13S (A137 / 2022),https://txparts.com/shop/a13s-a137-2022,78,0,78,3,dom-inspection,,https://txparts.com/shop/a13s-a137-2022,False,False,2026-09-07T04:48:31+00:00,,,,,
TXParts,https://txparts.com/,Samsung,https://txparts.com/shop/s-series,2,dom-inspection,A Series,https://txparts.com/shop/a-series,3,dom-inspection,A13 5g (A136 / 2021),https://txparts.com/shop/a13-5g-a136-2021,79,0,79,3,dom-inspection,,https://txparts.com/shop/a13-5g-a136-2021,False,False,2026-09-07T04:48:31+00:00,,,,,
TXParts,https://txparts.com/,Samsung,https://txparts.com/shop/s-series,2,dom-inspection,A Series,https://txparts.com/shop/a-series,3,dom-inspection,A13 4g (A135 / 2022),https://txparts.com/shop/a13-4g-a135-2022,80,0,80,3,dom-inspection,,https://txparts.com/shop/a13-4g-a135-2022,False,False,2026-09-07T04:48:31+00:00,,,,,
TXParts,https://txparts.com/,Samsung,https://txparts.com/shop/s-series,2,dom-inspection,A Series,https://txparts.com/shop/a-series,3,dom-inspection,A12 Nacho (A127 / 2021),https://txparts.com/shop/a12-nacho-a127-2021,81,0,81,3,dom-inspection,,https://txparts.com/shop/a12-nacho-a127-2021,False,False,2026-09-07T04:48:31+00:00,,,,,
TXParts,https://txparts.com/,Samsung,https://txparts.com/shop/s-series,2,dom-inspection,A Series,https://txparts.com/shop/a-series,3,dom-inspection,A12 (A125 / 2020),https://txparts.com/shop/a12-a125-2020,82,0,82,3,dom-inspection,,https://txparts.com/shop/a12-a125-2020,False,False,2026-09-07T04:48:31+00:00,,,,,
TXParts,https://txparts.com/,Samsung,https://txparts.com/shop/s-series,2,dom-inspection,A Series,https://txparts.com/shop/a-series,3,dom-inspection,A11 (A115 / 2020),https://txparts.com/shop/a11-a115-2020,83,0,83,3,dom-inspection,,https://txparts.com/shop/a11-a115-2020,False,False,2026-09-07T04:48:31+00:00,,,,,
TXParts,https://txparts.com/,Samsung,https://txparts.com/shop/s-series,2,dom-inspection,A Series,https://txparts.com/shop/a-series,3,dom-inspection,A10S (A107 / 2019),https://txparts.com/shop/a10s-a107-2019,84,0,84,3,dom-inspection,,https://txparts.com/shop/a10s-a107-2019,False,False,2026-09-07T04:48:31+00:00,,,,,
TXParts,https://txparts.com/,Samsung,https://txparts.com/shop/s-series,2,dom-inspection,A Series,https://txparts.com/shop/a-series,3,dom-inspection,A10e (A102 / 2019),https://txparts.com/shop/a10e-a102-2019,85,0,85,3,dom-inspection,,https://txparts.com/shop/a10e-a102-2019,False,False,2026-09-07T04:48:31+00:00,,,,,
TXParts,https://txparts.com/,Samsung,https://txparts.com/shop/s-series,2,dom-inspection,A Series,https://txparts.com/shop/a-series,3,dom-inspection,A10 (A105 / 2019),https://txparts.com/shop/a10-a105-2019,86,0,86,3,dom-inspection,,https://txparts.com/shop/a10-a105-2019,False,False,2026-09-07T04:48:31+00:00,,,,,
TXParts,https://txparts.com/,Samsung,https://txparts.com/shop/s-series,2,dom-inspection,A Series,https://txparts.com/shop/a-series,3,dom-inspection,A06 5G (A066 / 2025),https://txparts.com/shop/a06-5g-a066-2025,87,0,87,3,dom-inspection,,https://txparts.com/shop/a06-5g-a066-2025,False,False,2026-09-07T04:48:31+00:00,,,,,
TXParts,https://txparts.com/,Samsung,https://txparts.com/shop/s-series,2,dom-inspection,A Series,https://txparts.com/shop/a-series,3,dom-inspection,A06 (A065 /2024),https://txparts.com/shop/a06-a065-2024,88,0,88,3,dom-inspection,,https://txparts.com/shop/a06-a065-2024,False,False,2026-09-07T04:48:31+00:00,,,,,
TXParts,https://txparts.com/,Samsung,https://txparts.com/shop/s-series,2,dom-inspection,A Series,https://txparts.com/shop/a-series,3,dom-inspection,A05S (A057 / 2023),https://txparts.com/shop/a05s-a057-2023,89,0,89,3,dom-inspection,,https://txparts.com/shop/a05s-a057-2023,False,False,2026-09-07T04:48:31+00:00,,,,,
TXParts,https://txparts.com/,Samsung,https://txparts.com/shop/s-series,2,dom-inspection,A Series,https://txparts.com/shop/a-series,3,dom-inspection,A05 (A055 / 2023),https://txparts.com/shop/a05-a055-2023,90,0,90,3,dom-inspection,,https://txparts.com/shop/a05-a055-2023,False,False,2026-09-07T04:48:31+00:00,,,,,
TXParts,https://txparts.com/,Samsung,https://txparts.com/shop/s-series,2,dom-inspection,A Series,https://txparts.com/shop/a-series,3,dom-inspection,A04S (A047 / 2022),https://txparts.com/shop/a04s-a047-2022,91,0,91,3,dom-inspection,,https://txparts.com/shop/a04s-a047-2022,False,False,2026-09-07T04:48:31+00:00,,,,,
TXParts,https://txparts.com/,Samsung,https://txparts.com/shop/s-series,2,dom-inspection,A Series,https://txparts.com/shop/a-series,3,dom-inspection,A04 (A045 / 2022),https://txparts.com/shop/a04-a045-2022,92,0,92,3,dom-inspection,,https://txparts.com/shop/a04-a045-2022,False,False,2026-09-07T04:48:31+00:00,,,,,
TXParts,https://txparts.com/,Samsung,https://txparts.com/shop/s-series,2,dom-inspection,A Series,https://txparts.com/shop/a-series,3,dom-inspection,A04E (A042 / 2022),https://txparts.com/shop/a04e-a042-2022,93,0,93,3,dom-inspection,,https://txparts.com/shop/a04e-a042-2022,False,False,2026-09-07T04:48:31+00:00,,,,,
TXParts,https://txparts.com/,Samsung,https://txparts.com/shop/s-series,2,dom-inspection,A Series,https://txparts.com/shop/a-series,3,dom-inspection,A03s (A037 / 2021),https://txparts.com/shop/a03s-a037-2021,94,0,94,3,dom-inspection,,https://txparts.com/shop/a03s-a037-2021,False,False,2026-09-07T04:48:31+00:00,,,,,
TXParts,https://txparts.com/,Samsung,https://txparts.com/shop/s-series,2,dom-inspection,A Series,https://txparts.com/shop/a-series,3,dom-inspection,A03 (A035 / 2021),https://txparts.com/shop/a03-a035-2021,95,0,95,3,dom-inspection,,https://txparts.com/shop/a03-a035-2021,False,False,2026-09-07T04:48:31+00:00,,,,,
TXParts,https://txparts.com/,Samsung,https://txparts.com/shop/s-series,2,dom-inspection,A Series,https://txparts.com/shop/a-series,3,dom-inspection,A03 Core (A032 / 2021),https://txparts.com/shop/a03-core-a032-2021,96,0,96,3,dom-inspection,,https://txparts.com/shop/a03-core-a032-2021,False,False,2026-09-07T04:48:31+00:00,,,,,
TXParts,https://txparts.com/,Samsung,https://txparts.com/shop/s-series,2,dom-inspection,A Series,https://txparts.com/shop/a-series,3,dom-inspection,A02s (A025 / 2020),https://txparts.com/shop/a02s-a025-2020,97,0,97,3,dom-inspection,,https://txparts.com/shop/a02s-a025-2020,False,False,2026-09-07T04:48:31+00:00,,,,,
TXParts,https://txparts.com/,Samsung,https://txparts.com/shop/s-series,2,dom-inspection,A Series,https://txparts.com/shop/a-series,3,dom-inspection,A02 (A022 / 2020),https://txparts.com/shop/a02-a022-2020,98,0,98,3,dom-inspection,,https://txparts.com/shop/a02-a022-2020,False,False,2026-09-07T04:48:31+00:00,,,,,
TXParts,https://txparts.com/,Samsung,https://txparts.com/shop/s-series,2,dom-inspection,A Series,https://txparts.com/shop/a-series,3,dom-inspection,A01 Core (A013 / 2020),https://txparts.com/shop/a01-core-a013-2020,99,0,99,3,dom-inspection,,https://txparts.com/shop/a01-core-a013-2020,False,False,2026-09-07T04:48:31+00:00,,,,,
TXParts,https://txparts.com/,Samsung,https://txparts.com/shop/s-series,2,dom-inspection,A Series,https://txparts.com/shop/a-series,3,dom-inspection,A01 (A015 / 2020),https://txparts.com/shop/a01-a015-2020,100,0,100,3,dom-inspection,,https://txparts.com/shop/a01-a015-2020,False,False,2026-09-07T04:48:31+00:00,,,,,
TXParts,https://txparts.com/,Samsung,https://txparts.com/shop/s-series,2,dom-inspection,Fold Series,https://txparts.com/shop/fold-series,4,dom-inspection,Galaxy Z Fold 7 5G,https://txparts.com/shop/galaxy-z-fold-7-5g,1,0,1,3,dom-inspection,,https://txparts.com/shop/galaxy-z-fold-7-5g,False,False,2026-09-07T04:48:31+00:00,,,,,
TXParts,https://txparts.com/,Samsung,https://txparts.com/shop/s-series,2,dom-inspection,Fold Series,https://txparts.com/shop/fold-series,4,dom-inspection,Galaxy Z Fold 6 5G,https://txparts.com/shop/galaxy-z-fold-6-5g,2,0,2,3,dom-inspection,,https://txparts.com/shop/galaxy-z-fold-6-5g,False,False,2026-09-07T04:48:31+00:00,,,,,
TXParts,https://txparts.com/,Samsung,https://txparts.com/shop/s-series,2,dom-inspection,Fold Series,https://txparts.com/shop/fold-series,4,dom-inspection,Galaxy Z Fold 5 5G,https://txparts.com/shop/galaxy-z-fold-5-5g,3,0,3,3,dom-inspection,,https://txparts.com/shop/galaxy-z-fold-5-5g,False,False,2026-09-07T04:48:31+00:00,,,,,
TXParts,https://txparts.com/,Samsung,https://txparts.com/shop/s-series,2,dom-inspection,Fold Series,https://txparts.com/shop/fold-series,4,dom-inspection,Galaxy Z Fold 4 5G,https://txparts.com/shop/galaxy-z-fold-4-5g,4,0,4,3,dom-inspection,,https://txparts.com/shop/galaxy-z-fold-4-5g,False,False,2026-09-07T04:48:31+00:00,,,,,
TXParts,https://txparts.com/,Samsung,https://txparts.com/shop/s-series,2,dom-inspection,Fold Series,https://txparts.com/shop/fold-series,4,dom-inspection,Galaxy Z Fold 3 5G,https://txparts.com/shop/galaxy-z-fold-3-5g,5,0,5,3,dom-inspection,,https://txparts.com/shop/galaxy-z-fold-3-5g,False,False,2026-09-07T04:48:31+00:00,,,,,
TXParts,https://txparts.com/,Samsung,https://txparts.com/shop/s-series,2,dom-inspection,Fold Series,https://txparts.com/shop/fold-series,4,dom-inspection,Galaxy Z Fold 2 5G,https://txparts.com/shop/galaxy-z-fold-2-5g,6,0,6,3,dom-inspection,,https://txparts.com/shop/galaxy-z-fold-2-5g,False,False,2026-09-07T04:48:31+00:00,,,,,
TXParts,https://txparts.com/,Samsung,https://txparts.com/shop/s-series,2,dom-inspection,Fold Series,https://txparts.com/shop/fold-series,4,dom-inspection,Galaxy Fold 1 5G,https://txparts.com/shop/galaxy-fold-1-5g,7,0,7,3,dom-inspection,,https://txparts.com/shop/galaxy-fold-1-5g,False,False,2026-09-07T04:48:31+00:00,,,,,
TXParts,https://txparts.com/,Samsung,https://txparts.com/shop/s-series,2,dom-inspection,Fold Series,https://txparts.com/shop/fold-series,4,dom-inspection,Galaxy Fold 1 4G,https://txparts.com/shop/galaxy-fold-1-4g,8,0,8,3,dom-inspection,,https://txparts.com/shop/galaxy-fold-1-4g,False,False,2026-09-07T04:48:31+00:00,,,,,
TXParts,https://txparts.com/,Samsung,https://txparts.com/shop/s-series,2,dom-inspection,Flip Series,https://txparts.com/shop/flip-series,5,dom-inspection,Galaxy Z Flip 7 FE 5G,https://txparts.com/shop/galaxy-z-flip-7-fe-5g,1,0,1,3,dom-inspection,,https://txparts.com/shop/galaxy-z-flip-7-fe-5g,False,False,2026-09-07T04:48:31+00:00,,,,,
TXParts,https://txparts.com/,Samsung,https://txparts.com/shop/s-series,2,dom-inspection,Flip Series,https://txparts.com/shop/flip-series,5,dom-inspection,Galaxy Z Flip 7 5G,https://txparts.com/shop/galaxy-z-flip-7-5g,2,0,2,3,dom-inspection,,https://txparts.com/shop/galaxy-z-flip-7-5g,False,False,2026-09-07T04:48:31+00:00,,,,,
TXParts,https://txparts.com/,Samsung,https://txparts.com/shop/s-series,2,dom-inspection,Flip Series,https://txparts.com/shop/flip-series,5,dom-inspection,Galaxy Z Flip 6 5G,https://txparts.com/shop/galaxy-z-flip-6-5g,3,0,3,3,dom-inspection,,https://txparts.com/shop/galaxy-z-flip-6-5g,False,False,2026-09-07T04:48:31+00:00,,,,,
TXParts,https://txparts.com/,Samsung,https://txparts.com/shop/s-series,2,dom-inspection,Flip Series,https://txparts.com/shop/flip-series,5,dom-inspection,Galaxy Z Flip5 5G,https://txparts.com/shop/galaxy-z-flip5-5g,4,0,4,3,dom-inspection,,https://txparts.com/shop/galaxy-z-flip5-5g,False,False,2026-09-07T04:48:31+00:00,,,,,
TXParts,https://txparts.com/,Samsung,https://txparts.com/shop/s-series,2,dom-inspection,Flip Series,https://txparts.com/shop/flip-series,5,dom-inspection,Galaxy Z Flip4 5G,https://txparts.com/shop/galaxy-z-flip4-5g,5,0,5,3,dom-inspection,,https://txparts.com/shop/galaxy-z-flip4-5g,False,False,2026-09-07T04:48:31+00:00,,,,,
TXParts,https://txparts.com/,Samsung,https://txparts.com/shop/s-series,2,dom-inspection,Flip Series,https://txparts.com/shop/flip-series,5,dom-inspection,Galaxy Z Flip3 5G,https://txparts.com/shop/galaxy-z-flip3-5g,6,0,6,3,dom-inspection,,https://txparts.com/shop/galaxy-z-flip3-5g,False,False,2026-09-07T04:48:31+00:00,,,,,
TXParts,https://txparts.com/,Samsung,https://txparts.com/shop/s-series,2,dom-inspection,Flip Series,https://txparts.com/shop/flip-series,5,dom-inspection,Galaxy Z Flip 2 5G,https://txparts.com/shop/galaxy-z-flip-2-5g,7,0,7,3,dom-inspection,,https://txparts.com/shop/galaxy-z-flip-2-5g,False,False,2026-09-07T04:48:31+00:00,,,,,
TXParts,https://txparts.com/,Samsung,https://txparts.com/shop/s-series,2,dom-inspection,Flip Series,https://txparts.com/shop/flip-series,5,dom-inspection,Galaxy Z Flip 5G,https://txparts.com/shop/galaxy-z-flip-5g,8,0,8,3,dom-inspection,,https://txparts.com/shop/galaxy-z-flip-5g,False,False,2026-09-07T04:48:31+00:00,,,,,
TXParts,https://txparts.com/,Samsung,https://txparts.com/shop/s-series,2,dom-inspection,Flip Series,https://txparts.com/shop/flip-series,5,dom-inspection,Galaxy Z Flip 4G,https://txparts.com/shop/galaxy-z-flip-4g,9,0,9,3,dom-inspection,,https://txparts.com/shop/galaxy-z-flip-4g,False,False,2026-09-07T04:48:31+00:00,,,,,
TXParts,https://txparts.com/,Samsung,https://txparts.com/shop/s-series,2,dom-inspection,J Series,https://txparts.com/shop/j-series,6,dom-inspection,J8 (J810),https://txparts.com/shop/j8-j810,1,0,1,3,dom-inspection,,https://txparts.com/shop/j8-j810,False,False,2026-09-07T04:48:31+00:00,,,,,
TXParts,https://txparts.com/,Samsung,https://txparts.com/shop/s-series,2,dom-inspection,J Series,https://txparts.com/shop/j-series,6,dom-inspection,J8 (J800),https://txparts.com/shop/j8-j800,2,0,2,3,dom-inspection,,https://txparts.com/shop/j8-j800,False,False,2026-09-07T04:48:31+00:00,,,,,
TXParts,https://txparts.com/,Samsung,https://txparts.com/shop/s-series,2,dom-inspection,J Series,https://txparts.com/shop/j-series,6,dom-inspection,J7 Refine (J737),https://txparts.com/shop/j7-refine-j737,3,0,3,3,dom-inspection,,https://txparts.com/shop/j7-refine-j737,False,False,2026-09-07T04:48:31+00:00,,,,,
TXParts,https://txparts.com/,Samsung,https://txparts.com/shop/s-series,2,dom-inspection,J Series,https://txparts.com/shop/j-series,6,dom-inspection,J7 Pro (J730),https://txparts.com/shop/j7-pro-j730,4,0,4,3,dom-inspection,,https://txparts.com/shop/j7-pro-j730,False,False,2026-09-07T04:48:31+00:00,,,,,
TXParts,https://txparts.com/,Samsung,https://txparts.com/shop/s-series,2,dom-inspection,J Series,https://txparts.com/shop/j-series,6,dom-inspection,J7 Prime 2,https://txparts.com/shop/j7-prime-2,5,0,5,3,dom-inspection,,https://txparts.com/shop/j7-prime-2,False,False,2026-09-07T04:48:31+00:00,,,,,
TXParts,https://txparts.com/,Samsung,https://txparts.com/shop/s-series,2,dom-inspection,J Series,https://txparts.com/shop/j-series,6,dom-inspection,J7 Max (G615),https://txparts.com/shop/j7-max-g615,6,0,6,3,dom-inspection,,https://txparts.com/shop/j7-max-g615,False,False,2026-09-07T04:48:31+00:00,,,,,
TXParts,https://txparts.com/,Samsung,https://txparts.com/shop/s-series,2,dom-inspection,J Series,https://txparts.com/shop/j-series,6,dom-inspection,J7 Prime (G610),https://txparts.com/shop/j7-prime-g610,7,0,7,3,dom-inspection,,https://txparts.com/shop/j7-prime-g610,False,False,2026-09-07T04:48:31+00:00,,,,,
TXParts,https://txparts.com/,Samsung,https://txparts.com/shop/s-series,2,dom-inspection,J Series,https://txparts.com/shop/j-series,6,dom-inspection,J7 Perx (J727),https://txparts.com/shop/j7-perx-j727,8,0,8,3,dom-inspection,,https://txparts.com/shop/j7-perx-j727,False,False,2026-09-07T04:48:31+00:00,,,,,
TXParts,https://txparts.com/,Samsung,https://txparts.com/shop/s-series,2,dom-inspection,J Series,https://txparts.com/shop/j-series,6,dom-inspection,J7 (J710),https://txparts.com/shop/j7-j710,9,0,9,3,dom-inspection,,https://txparts.com/shop/j7-j710,False,False,2026-09-07T04:48:31+00:00,,,,,
TXParts,https://txparts.com/,Samsung,https://txparts.com/shop/s-series,2,dom-inspection,J Series,https://txparts.com/shop/j-series,6,dom-inspection,J7 Neo (J701),https://txparts.com/shop/j7-neo-j701,10,0,10,3,dom-inspection,,https://txparts.com/shop/j7-neo-j701,False,False,2026-09-07T04:48:31+00:00,,,,,
TXParts,https://txparts.com/,Samsung,https://txparts.com/shop/s-series,2,dom-inspection,J Series,https://txparts.com/shop/j-series,6,dom-inspection,J7 (J700),https://txparts.com/shop/j7-j700,11,0,11,3,dom-inspection,,https://txparts.com/shop/j7-j700,False,False,2026-09-07T04:48:31+00:00,,,,,
TXParts,https://txparts.com/,Samsung,https://txparts.com/shop/s-series,2,dom-inspection,J Series,https://txparts.com/shop/j-series,6,dom-inspection,J6 Plus (J610),https://txparts.com/shop/j6-plus-j610,12,0,12,3,dom-inspection,,https://txparts.com/shop/j6-plus-j610,False,False,2026-09-07T04:48:31+00:00,,,,,
TXParts,https://txparts.com/,Samsung,https://txparts.com/shop/s-series,2,dom-inspection,J Series,https://txparts.com/shop/j-series,6,dom-inspection,J6 (J600),https://txparts.com/shop/j6-j600,13,0,13,3,dom-inspection,,https://txparts.com/shop/j6-j600,False,False,2026-09-07T04:48:31+00:00,,,,,
TXParts,https://txparts.com/,Samsung,https://txparts.com/shop/s-series,2,dom-inspection,J Series,https://txparts.com/shop/j-series,6,dom-inspection,J5 Prime (G570),https://txparts.com/shop/j5-prime-g570,14,0,14,3,dom-inspection,,https://txparts.com/shop/j5-prime-g570,False,False,2026-09-07T04:48:31+00:00,,,,,
TXParts,https://txparts.com/,Samsung,https://txparts.com/shop/s-series,2,dom-inspection,J Series,https://txparts.com/shop/j-series,6,dom-inspection,J5 (J530),https://txparts.com/shop/j5-j530,15,0,15,3,dom-inspection,,https://txparts.com/shop/j5-j530,False,False,2026-09-07T04:48:31+00:00,,,,,
TXParts,https://txparts.com/,Samsung,https://txparts.com/shop/s-series,2,dom-inspection,J Series,https://txparts.com/shop/j-series,6,dom-inspection,J5 (J510),https://txparts.com/shop/j5-j510,16,0,16,3,dom-inspection,,https://txparts.com/shop/j5-j510,False,False,2026-09-07T04:48:31+00:00,,,,,
TXParts,https://txparts.com/,Samsung,https://txparts.com/shop/s-series,2,dom-inspection,J Series,https://txparts.com/shop/j-series,6,dom-inspection,J5 (J500),https://txparts.com/shop/j5-j500,17,0,17,3,dom-inspection,,https://txparts.com/shop/j5-j500,False,False,2026-09-07T04:48:31+00:00,,,,,
TXParts,https://txparts.com/,Samsung,https://txparts.com/shop/s-series,2,dom-inspection,J Series,https://txparts.com/shop/j-series,6,dom-inspection,J4 Plus (J415),https://txparts.com/shop/j4-plus-j415,18,0,18,3,dom-inspection,,https://txparts.com/shop/j4-plus-j415,False,False,2026-09-07T04:48:31+00:00,,,,,
TXParts,https://txparts.com/,Samsung,https://txparts.com/shop/s-series,2,dom-inspection,J Series,https://txparts.com/shop/j-series,6,dom-inspection,J4 (J400),https://txparts.com/shop/j4-j400,19,0,19,3,dom-inspection,,https://txparts.com/shop/j4-j400,False,False,2026-09-07T04:48:31+00:00,,,,,
TXParts,https://txparts.com/,Samsung,https://txparts.com/shop/s-series,2,dom-inspection,J Series,https://txparts.com/shop/j-series,6,dom-inspection,J3 (J337),https://txparts.com/shop/j3-j337,20,0,20,3,dom-inspection,,https://txparts.com/shop/j3-j337,False,False,2026-09-07T04:48:31+00:00,,,,,
TXParts,https://txparts.com/,Samsung,https://txparts.com/shop/s-series,2,dom-inspection,J Series,https://txparts.com/shop/j-series,6,dom-inspection,J3 (J330),https://txparts.com/shop/j3-j330,21,0,21,3,dom-inspection,,https://txparts.com/shop/j3-j330,False,False,2026-09-07T04:48:31+00:00,,,,,
TXParts,https://txparts.com/,Samsung,https://txparts.com/shop/s-series,2,dom-inspection,J Series,https://txparts.com/shop/j-series,6,dom-inspection,J3 (J327),https://txparts.com/shop/j3-j327,22,0,22,3,dom-inspection,,https://txparts.com/shop/j3-j327,False,False,2026-09-07T04:48:31+00:00,,,,,
TXParts,https://txparts.com/,Samsung,https://txparts.com/shop/s-series,2,dom-inspection,J Series,https://txparts.com/shop/j-series,6,dom-inspection,J3 (J300),https://txparts.com/shop/j3-j300,23,0,23,3,dom-inspection,,https://txparts.com/shop/j3-j300,False,False,2026-09-07T04:48:31+00:00,,,,,
TXParts,https://txparts.com/,Samsung,https://txparts.com/shop/s-series,2,dom-inspection,J Series,https://txparts.com/shop/j-series,6,dom-inspection,J2 Pro (J250),https://txparts.com/shop/j2-pro-j250,24,0,24,3,dom-inspection,,https://txparts.com/shop/j2-pro-j250,False,False,2026-09-07T04:48:31+00:00,,,,,
TXParts,https://txparts.com/,Samsung,https://txparts.com/shop/s-series,2,dom-inspection,J Series,https://txparts.com/shop/j-series,6,dom-inspection,J2 (J260),https://txparts.com/shop/j2-j260,25,0,25,3,dom-inspection,,https://txparts.com/shop/j2-j260,False,False,2026-09-07T04:48:31+00:00,,,,,
TXParts,https://txparts.com/,Samsung,https://txparts.com/shop/s-series,2,dom-inspection,J Series,https://txparts.com/shop/j-series,6,dom-inspection,J2 (J200),https://txparts.com/shop/j2-j200,26,0,26,3,dom-inspection,,https://txparts.com/shop/j2-j200,False,False,2026-09-07T04:48:31+00:00,,,,,
TXParts,https://txparts.com/,Samsung,https://txparts.com/shop/s-series,2,dom-inspection,J Series,https://txparts.com/shop/j-series,6,dom-inspection,J1 (J110),https://txparts.com/shop/j1-j110,27,0,27,3,dom-inspection,,https://txparts.com/shop/j1-j110,False,False,2026-09-07T04:48:31+00:00,,,,,
TXParts,https://txparts.com/,Samsung,https://txparts.com/shop/s-series,2,dom-inspection,J Series,https://txparts.com/shop/j-series,6,dom-inspection,J1 (J120),https://txparts.com/shop/j1-j120,28,0,28,3,dom-inspection,,https://txparts.com/shop/j1-j120,False,False,2026-09-07T04:48:31+00:00,,,,,
TXParts,https://txparts.com/,Samsung,https://txparts.com/shop/s-series,2,dom-inspection,M Series,https://txparts.com/shop/m-series,7,dom-inspection,M35 (M356 / 2024),https://txparts.com/shop/m35-m356-2024,1,0,1,3,dom-inspection,,https://txparts.com/shop/m35-m356-2024,False,False,2026-09-07T04:48:31+00:00,,,,,
TXParts,https://txparts.com/,Samsung,https://txparts.com/shop/s-series,2,dom-inspection,M Series,https://txparts.com/shop/m-series,7,dom-inspection,M21 (M215 / 2023),https://txparts.com/shop/m21-m215-2023,2,0,2,3,dom-inspection,,https://txparts.com/shop/m21-m215-2023,False,False,2026-09-07T04:48:31+00:00,,,,,
TXParts,https://txparts.com/,Samsung,https://txparts.com/shop/s-series,2,dom-inspection,M Series,https://txparts.com/shop/m-series,7,dom-inspection,M14 (M146 / 2023),https://txparts.com/shop/m14-m146-2023,3,0,3,3,dom-inspection,,https://txparts.com/shop/m14-m146-2023,False,False,2026-09-07T04:48:31+00:00,,,,,
TXParts,https://txparts.com/,Samsung,https://txparts.com/shop/s-series,2,dom-inspection,M Series,https://txparts.com/shop/m-series,7,dom-inspection,M54 (M546 / 2023),https://txparts.com/shop/m54-m546-2023,4,0,4,3,dom-inspection,,https://txparts.com/shop/m54-m546-2023,False,False,2026-09-07T04:48:31+00:00,,,,,
TXParts,https://txparts.com/,Samsung,https://txparts.com/shop/s-series,2,dom-inspection,M Series,https://txparts.com/shop/m-series,7,dom-inspection,M23 (M236 / 2022),https://txparts.com/shop/m23-m236-2022,5,0,5,3,dom-inspection,,https://txparts.com/shop/m23-m236-2022,False,False,2026-09-07T04:48:31+00:00,,,,,
TXParts,https://txparts.com/,Samsung,https://txparts.com/shop/s-series,2,dom-inspection,M Series,https://txparts.com/shop/m-series,7,dom-inspection,M33 (M336 / 2022),https://txparts.com/shop/m33-m336-2022,6,0,6,3,dom-inspection,,https://txparts.com/shop/m33-m336-2022,False,False,2026-09-07T04:48:31+00:00,,,,,
TXParts,https://txparts.com/,Samsung,https://txparts.com/shop/s-series,2,dom-inspection,M Series,https://txparts.com/shop/m-series,7,dom-inspection,M13 5G (M136 / 2022),https://txparts.com/shop/m13-5g-m136-2022,7,0,7,3,dom-inspection,,https://txparts.com/shop/m13-5g-m136-2022,False,False,2026-09-07T04:48:31+00:00,,,,,
TXParts,https://txparts.com/,Samsung,https://txparts.com/shop/s-series,2,dom-inspection,M Series,https://txparts.com/shop/m-series,7,dom-inspection,M13 (M135 / 2022),https://txparts.com/shop/m13-m135-2022,8,0,8,3,dom-inspection,,https://txparts.com/shop/m13-m135-2022,False,False,2026-09-07T04:48:31+00:00,,,,,
TXParts,https://txparts.com/,Samsung,https://txparts.com/shop/s-series,2,dom-inspection,M Series,https://txparts.com/shop/m-series,7,dom-inspection,M53 5G (M536 / 2022),https://txparts.com/shop/m53-5g-m536-2022,9,0,9,3,dom-inspection,,https://txparts.com/shop/m53-5g-m536-2022,False,False,2026-09-07T04:48:31+00:00,,,,,
TXParts,https://txparts.com/,Samsung,https://txparts.com/shop/s-series,2,dom-inspection,M Series,https://txparts.com/shop/m-series,7,dom-inspection,M62 (M625 / 2021),https://txparts.com/shop/m62-m625-2021,10,0,10,3,dom-inspection,,https://txparts.com/shop/m62-m625-2021,False,False,2026-09-07T04:48:31+00:00,,,,,
TXParts,https://txparts.com/,Samsung,https://txparts.com/shop/s-series,2,dom-inspection,M Series,https://txparts.com/shop/m-series,7,dom-inspection,M52 5G (M526 / 2021),https://txparts.com/shop/m52-5g-m526-2021,11,0,11,3,dom-inspection,,https://txparts.com/shop/m52-5g-m526-2021,False,False,2026-09-07T04:48:31+00:00,,,,,
TXParts,https://txparts.com/,Samsung,https://txparts.com/shop/s-series,2,dom-inspection,M Series,https://txparts.com/shop/m-series,7,dom-inspection,M32 (M325 / 2021),https://txparts.com/shop/m32-m325-2021,12,0,12,3,dom-inspection,,https://txparts.com/shop/m32-m325-2021,False,False,2026-09-07T04:48:31+00:00,,,,,
TXParts,https://txparts.com/,Samsung,https://txparts.com/shop/s-series,2,dom-inspection,M Series,https://txparts.com/shop/m-series,7,dom-inspection,M22 (M225 / 2021),https://txparts.com/shop/m22-m225-2021,13,0,13,3,dom-inspection,,https://txparts.com/shop/m22-m225-2021,False,False,2026-09-07T04:48:31+00:00,,,,,
TXParts,https://txparts.com/,Samsung,https://txparts.com/shop/s-series,2,dom-inspection,M Series,https://txparts.com/shop/m-series,7,dom-inspection,M12 (M127 / 2021),https://txparts.com/shop/m12-m127-2021,14,0,14,3,dom-inspection,,https://txparts.com/shop/m12-m127-2021,False,False,2026-09-07T04:48:31+00:00,,,,,
TXParts,https://txparts.com/,Samsung,https://txparts.com/shop/s-series,2,dom-inspection,M Series,https://txparts.com/shop/m-series,7,dom-inspection,M31S (M317 / 2020),https://txparts.com/shop/m31s-m317-2020,15,0,15,3,dom-inspection,,https://txparts.com/shop/m31s-m317-2020,False,False,2026-09-07T04:48:31+00:00,,,,,
TXParts,https://txparts.com/,Samsung,https://txparts.com/shop/s-series,2,dom-inspection,M Series,https://txparts.com/shop/m-series,7,dom-inspection,M31 (M315 / 2020),https://txparts.com/shop/m31-m315-2020,16,0,16,3,dom-inspection,,https://txparts.com/shop/m31-m315-2020,False,False,2026-09-07T04:48:31+00:00,,,,,
TXParts,https://txparts.com/,Samsung,https://txparts.com/shop/s-series,2,dom-inspection,M Series,https://txparts.com/shop/m-series,7,dom-inspection,M51 (M515 / 2020),https://txparts.com/shop/m51-m515-2020,17,0,17,3,dom-inspection,,https://txparts.com/shop/m51-m515-2020,False,False,2026-09-07T04:48:31+00:00,,,,,
TXParts,https://txparts.com/,Samsung,https://txparts.com/shop/s-series,2,dom-inspection,M Series,https://txparts.com/shop/m-series,7,dom-inspection,M11 (M115 / 2020),https://txparts.com/shop/m11-m115-2020,18,0,18,3,dom-inspection,,https://txparts.com/shop/m11-m115-2020,False,False,2026-09-07T04:48:31+00:00,,,,,
TXParts,https://txparts.com/,Samsung,https://txparts.com/shop/s-series,2,dom-inspection,M Series,https://txparts.com/shop/m-series,7,dom-inspection,M40 (M405 / 2019),https://txparts.com/shop/m40-m405-2019,19,0,19,3,dom-inspection,,https://txparts.com/shop/m40-m405-2019,False,False,2026-09-07T04:48:31+00:00,,,,,
TXParts,https://txparts.com/,Samsung,https://txparts.com/shop/s-series,2,dom-inspection,M Series,https://txparts.com/shop/m-series,7,dom-inspection,M30S (M307 / 2019),https://txparts.com/shop/m30s-m307-2019,20,0,20,3,dom-inspection,,https://txparts.com/shop/m30s-m307-2019,False,False,2026-09-07T04:48:31+00:00,,,,,
TXParts,https://txparts.com/,Samsung,https://txparts.com/shop/s-series,2,dom-inspection,M Series,https://txparts.com/shop/m-series,7,dom-inspection,M30 (M305 / 2019),https://txparts.com/shop/m30-m305-2019,21,0,21,3,dom-inspection,,https://txparts.com/shop/m30-m305-2019,False,False,2026-09-07T04:48:31+00:00,,,,,
TXParts,https://txparts.com/,Samsung,https://txparts.com/shop/s-series,2,dom-inspection,M Series,https://txparts.com/shop/m-series,7,dom-inspection,M20 (M205 / 2019),https://txparts.com/shop/m20-m205-2019,22,0,22,3,dom-inspection,,https://txparts.com/shop/m20-m205-2019,False,False,2026-09-07T04:48:31+00:00,,,,,
TXParts,https://txparts.com/,Samsung,https://txparts.com/shop/s-series,2,dom-inspection,M Series,https://txparts.com/shop/m-series,7,dom-inspection,M10 (M105 / 2019),https://txparts.com/shop/m10-m105-2019,23,0,23,3,dom-inspection,,https://txparts.com/shop/m10-m105-2019,False,False,2026-09-07T04:48:31+00:00,,,,,
TXParts,https://txparts.com/,Samsung,https://txparts.com/shop/s-series,2,dom-inspection,X Cover Series,https://txparts.com/shop/x-cover-series,8,dom-inspection,Galaxy Xcover 7 Pro,https://txparts.com/shop/galaxy-xcover-7-pro,1,0,1,3,dom-inspection,,https://txparts.com/shop/galaxy-xcover-7-pro,False,False,2026-09-07T04:48:31+00:00,,,,,
TXParts,https://txparts.com/,Samsung,https://txparts.com/shop/s-series,2,dom-inspection,X Cover Series,https://txparts.com/shop/x-cover-series,8,dom-inspection,Galaxy Xcover 7,https://txparts.com/shop/galaxy-xcover-7,2,0,2,3,dom-inspection,,https://txparts.com/shop/galaxy-xcover-7,False,False,2026-09-07T04:48:31+00:00,,,,,
TXParts,https://txparts.com/,Samsung,https://txparts.com/shop/s-series,2,dom-inspection,X Cover Series,https://txparts.com/shop/x-cover-series,8,dom-inspection,Galaxy Xcover 6 Pro,https://txparts.com/shop/galaxy-xcover-6-pro,3,0,3,3,dom-inspection,,https://txparts.com/shop/galaxy-xcover-6-pro,False,False,2026-09-07T04:48:31+00:00,,,,,
TXParts,https://txparts.com/,Samsung,https://txparts.com/shop/s-series,2,dom-inspection,X Cover Series,https://txparts.com/shop/x-cover-series,8,dom-inspection,Galaxy Xcover 5,https://txparts.com/shop/galaxy-xcover-5,4,0,4,3,dom-inspection,,https://txparts.com/shop/galaxy-xcover-5,False,False,2026-09-07T04:48:31+00:00,,,,,
TXParts,https://txparts.com/,Samsung,https://txparts.com/shop/s-series,2,dom-inspection,X Cover Series,https://txparts.com/shop/x-cover-series,8,dom-inspection,Galaxy Xcover 4S,https://txparts.com/shop/galaxy-xcover-4s,5,0,5,3,dom-inspection,,https://txparts.com/shop/galaxy-xcover-4s,False,False,2026-09-07T04:48:31+00:00,,,,,
TXParts,https://txparts.com/,Samsung,https://txparts.com/shop/s-series,2,dom-inspection,X Cover Series,https://txparts.com/shop/x-cover-series,8,dom-inspection,Galaxy Xcover 4,https://txparts.com/shop/galaxy-xcover-4,6,0,6,3,dom-inspection,,https://txparts.com/shop/galaxy-xcover-4,False,False,2026-09-07T04:48:31+00:00,,,,,
TXParts,https://txparts.com/,Samsung,https://txparts.com/shop/s-series,2,dom-inspection,X Cover Series,https://txparts.com/shop/x-cover-series,8,dom-inspection,Galaxy Xcover Pro,https://txparts.com/shop/galaxy-xcover-pro,7,0,7,3,dom-inspection,,https://txparts.com/shop/galaxy-xcover-pro,False,False,2026-09-07T04:48:31+00:00,,,,,
TXParts,https://txparts.com/,Samsung,https://txparts.com/shop/s-series,2,dom-inspection,Active Series,https://txparts.com/shop/active-series,9,dom-inspection,Galaxy S8 Active,https://txparts.com/shop/galaxy-s8-active,1,0,1,3,dom-inspection,,https://txparts.com/shop/galaxy-s8-active,False,False,2026-09-07T04:48:31+00:00,,,,,
TXParts,https://txparts.com/,Samsung,https://txparts.com/shop/s-series,2,dom-inspection,Active Series,https://txparts.com/shop/active-series,9,dom-inspection,Galaxy S7 Active,https://txparts.com/shop/galaxy-s7-active,2,0,2,3,dom-inspection,,https://txparts.com/shop/galaxy-s7-active,False,False,2026-09-07T04:48:31+00:00,,,,,
TXParts,https://txparts.com/,Samsung,https://txparts.com/shop/s-series,2,dom-inspection,Active Series,https://txparts.com/shop/active-series,9,dom-inspection,Galaxy S6 Active,https://txparts.com/shop/galaxy-s6-active,3,0,3,3,dom-inspection,,https://txparts.com/shop/galaxy-s6-active,False,False,2026-09-07T04:48:31+00:00,,,,,
TXParts,https://txparts.com/,Samsung,https://txparts.com/shop/s-series,2,dom-inspection,Active Series,https://txparts.com/shop/active-series,9,dom-inspection,Galaxy S5 Active,https://txparts.com/shop/galaxy-s5-active,4,0,4,3,dom-inspection,,https://txparts.com/shop/galaxy-s5-active,False,False,2026-09-07T04:48:31+00:00,,,,,
TXParts,https://txparts.com/,Samsung,https://txparts.com/shop/s-series,2,dom-inspection,Active Series,https://txparts.com/shop/active-series,9,dom-inspection,Galaxy S4 Active,https://txparts.com/shop/galaxy-s4-active,5,0,5,3,dom-inspection,,https://txparts.com/shop/galaxy-s4-active,False,False,2026-09-07T04:48:31+00:00,,,,,
TXParts,https://txparts.com/,Samsung,https://txparts.com/shop/s-series,2,dom-inspection,Mega Series,https://txparts.com/shop/mega-series,10,dom-inspection,Galaxy Mega 6.3,https://txparts.com/shop/galaxy-mega-63,1,0,1,3,dom-inspection,,https://txparts.com/shop/galaxy-mega-63,False,False,2026-09-07T04:48:31+00:00,,,,,
TXParts,https://txparts.com/,Samsung,https://txparts.com/shop/s-series,2,dom-inspection,Mega Series,https://txparts.com/shop/mega-series,10,dom-inspection,Galaxy Mega 5.8,https://txparts.com/shop/galaxy-mega-58,2,0,2,3,dom-inspection,,https://txparts.com/shop/galaxy-mega-58,False,False,2026-09-07T04:48:31+00:00,,,,,
TXParts,https://txparts.com/,Samsung,https://txparts.com/shop/s-series,2,dom-inspection,Mega Series,https://txparts.com/shop/mega-series,10,dom-inspection,Galaxy Mega 2,https://txparts.com/shop/galaxy-mega-2,3,0,3,3,dom-inspection,,https://txparts.com/shop/galaxy-mega-2,False,False,2026-09-07T04:48:31+00:00,,,,,
TXParts,https://txparts.com/,Samsung,https://txparts.com/shop/s-series,2,dom-inspection,F Series,https://txparts.com/shop/f-series,11,dom-inspection,F52 5G (E526 / 2021),https://txparts.com/shop/f52-5g-e526-2021,1,0,1,3,dom-inspection,,https://txparts.com/shop/f52-5g-e526-2021,False,False,2026-09-07T04:48:31+00:00,,,,,
TXParts,https://txparts.com/,Samsung,https://txparts.com/shop/s-series,2,dom-inspection,F Series,https://txparts.com/shop/f-series,11,dom-inspection,F42 5G (E426 / 2021),https://txparts.com/shop/f42-5g-e426-2021,2,0,2,3,dom-inspection,,https://txparts.com/shop/f42-5g-e426-2021,False,False,2026-09-07T04:48:31+00:00,,,,,
TXParts,https://txparts.com/,Samsung,https://txparts.com/shop/s-series,2,dom-inspection,Other Series,https://txparts.com/shop/other-series,12,dom-inspection,Galaxy ON5,https://txparts.com/shop/galaxy-on5,1,0,1,3,dom-inspection,,https://txparts.com/shop/galaxy-on5,False,False,2026-09-07T04:48:31+00:00,,,,,
TXParts,https://txparts.com/,Samsung,https://txparts.com/shop/s-series,2,dom-inspection,Other Series,https://txparts.com/shop/other-series,12,dom-inspection,Galaxy Avant,https://txparts.com/shop/galaxy-avant,2,0,2,3,dom-inspection,,https://txparts.com/shop/galaxy-avant,False,False,2026-09-07T04:48:31+00:00,,,,,
TXParts,https://txparts.com/,Samsung,https://txparts.com/shop/s-series,2,dom-inspection,Other Series,https://txparts.com/shop/other-series,12,dom-inspection,Galaxy Alpha,https://txparts.com/shop/galaxy-alpha,3,0,3,3,dom-inspection,,https://txparts.com/shop/galaxy-alpha,False,False,2026-09-07T04:48:31+00:00,,,,,
TXParts,https://txparts.com/,Samsung,https://txparts.com/shop/s-series,2,dom-inspection,Grand Series,https://txparts.com/shop/grand-series,13,dom-inspection,Galaxy Grand Prime (2014),https://txparts.com/shop/galaxy-grand-prime-2014,1,0,1,3,dom-inspection,,https://txparts.com/shop/galaxy-grand-prime-2014,False,False,2026-09-07T04:48:31+00:00,,,,,
TXParts,https://txparts.com/,Samsung,https://txparts.com/shop/s-series,2,dom-inspection,Core Series,https://txparts.com/shop/core-series,14,dom-inspection,Galaxy Core Prime,https://txparts.com/shop/galaxy-core-prime,1,0,1,3,dom-inspection,,https://txparts.com/shop/galaxy-core-prime,False,False,2026-09-07T04:48:31+00:00,,,,,
TXParts,https://txparts.com/,Tablet,https://txparts.com/shop/tab-series,3,dom-inspection,Tab Series,https://txparts.com/shop/tab-series,1,dom-inspection,"Tab 4 10.1"" (T530 / 2014)",https://txparts.com/shop/tab-4-101-t530-2014,1,0,1,3,dom-inspection,,https://txparts.com/shop/tab-4-101-t530-2014,False,False,2026-09-07T04:48:31+00:00,,,,,
TXParts,https://txparts.com/,Tablet,https://txparts.com/shop/tab-series,3,dom-inspection,Tab Series,https://txparts.com/shop/tab-series,1,dom-inspection,"Tab 4 8.0"" (T310 / 2014)",https://txparts.com/shop/tab-4-80-t310-2014,2,0,2,3,dom-inspection,,https://txparts.com/shop/tab-4-80-t310-2014,False,False,2026-09-07T04:48:31+00:00,,,,,
TXParts,https://txparts.com/,Tablet,https://txparts.com/shop/tab-series,3,dom-inspection,Tab Series,https://txparts.com/shop/tab-series,1,dom-inspection,"Tab 4 8.0"" (T330 / 2014)",https://txparts.com/shop/tab-4-80-t330-2014,3,0,3,3,dom-inspection,,https://txparts.com/shop/tab-4-80-t330-2014,False,False,2026-09-07T04:48:31+00:00,,,,,
TXParts,https://txparts.com/,Tablet,https://txparts.com/shop/tab-series,3,dom-inspection,Tab Series,https://txparts.com/shop/tab-series,1,dom-inspection,"Tab 4 7.0"" (T230 / 2014)",https://txparts.com/shop/tab-4-70-t230-2014,4,0,4,3,dom-inspection,,https://txparts.com/shop/tab-4-70-t230-2014,False,False,2026-09-07T04:48:31+00:00,,,,,
TXParts,https://txparts.com/,Tablet,https://txparts.com/shop/tab-series,3,dom-inspection,Tab Series,https://txparts.com/shop/tab-series,1,dom-inspection,"Tab 3 LITE"" (T110 / 2014)",https://txparts.com/shop/tab-3-lite-t110-2014,5,0,5,3,dom-inspection,,https://txparts.com/shop/tab-3-lite-t110-2014,False,False,2026-09-07T04:48:31+00:00,,,,,
TXParts,https://txparts.com/,Tablet,https://txparts.com/shop/tab-series,3,dom-inspection,Tab Series,https://txparts.com/shop/tab-series,1,dom-inspection,"Tab 3 10.1"" (P5200 / 2013)",https://txparts.com/shop/tab-3-101-p5200-2013,6,0,6,3,dom-inspection,,https://txparts.com/shop/tab-3-101-p5200-2013,False,False,2026-09-07T04:48:31+00:00,,,,,
TXParts,https://txparts.com/,Tablet,https://txparts.com/shop/tab-series,3,dom-inspection,Tab Series,https://txparts.com/shop/tab-series,1,dom-inspection,"Tab 3 7.0"" (T210 / 2013)",https://txparts.com/shop/tab-3-70-t210-2013,7,0,7,3,dom-inspection,,https://txparts.com/shop/tab-3-70-t210-2013,False,False,2026-09-07T04:48:31+00:00,,,,,
TXParts,https://txparts.com/,Tablet,https://txparts.com/shop/tab-series,3,dom-inspection,Tab Series,https://txparts.com/shop/tab-series,1,dom-inspection,"Tab 2 10.1"" (P5100 / 2012)",https://txparts.com/shop/tab-2-101-p5100-2012,8,0,8,3,dom-inspection,,https://txparts.com/shop/tab-2-101-p5100-2012,False,False,2026-09-07T04:48:31+00:00,,,,,
TXParts,https://txparts.com/,Tablet,https://txparts.com/shop/tab-series,3,dom-inspection,Tab Series,https://txparts.com/shop/tab-series,1,dom-inspection,"Tab 2 7.0"" (P3100 / 2012)",https://txparts.com/shop/tab-2-70-p3100-2012,9,0,9,3,dom-inspection,,https://txparts.com/shop/tab-2-70-p3100-2012,False,False,2026-09-07T04:48:31+00:00,,,,,
TXParts,https://txparts.com/,Tablet,https://txparts.com/shop/tab-series,3,dom-inspection,Tab Series,https://txparts.com/shop/tab-series,1,dom-inspection,"Tab 10.1"" (P7500 / 2011)",https://txparts.com/shop/tab-101-p7500-2011,10,0,10,3,dom-inspection,,https://txparts.com/shop/tab-101-p7500-2011,False,False,2026-09-07T04:48:31+00:00,,,,,
TXParts,https://txparts.com/,Tablet,https://txparts.com/shop/tab-series,3,dom-inspection,Tab Series,https://txparts.com/shop/tab-series,1,dom-inspection,"Tab 8.9"" (P7300 / 2011)",https://txparts.com/shop/tab-89-p7300-2011,11,0,11,3,dom-inspection,,https://txparts.com/shop/tab-89-p7300-2011,False,False,2026-09-07T04:48:31+00:00,,,,,
TXParts,https://txparts.com/,Tablet,https://txparts.com/shop/tab-series,3,dom-inspection,Tab Series,https://txparts.com/shop/tab-series,1,dom-inspection,Tab 7.0 PLUS (P6200 / 2011),https://txparts.com/shop/tab-70-plus-p6200-2011,12,0,12,3,dom-inspection,,https://txparts.com/shop/tab-70-plus-p6200-2011,False,False,2026-09-07T04:48:31+00:00,,,,,
TXParts,https://txparts.com/,Tablet,https://txparts.com/shop/tab-series,3,dom-inspection,Tab A series,https://txparts.com/shop/tab-a-series,2,dom-inspection,Tab A11 Plus (2025),https://txparts.com/shop/tab-a11-plus-2025,1,0,1,3,dom-inspection,,https://txparts.com/shop/tab-a11-plus-2025,False,False,2026-09-07T04:48:31+00:00,,,,,
TXParts,https://txparts.com/,Tablet,https://txparts.com/shop/tab-series,3,dom-inspection,Tab A series,https://txparts.com/shop/tab-a-series,2,dom-inspection,Tab A11 (2025),https://txparts.com/shop/tab-a11-2025,2,0,2,3,dom-inspection,,https://txparts.com/shop/tab-a11-2025,False,False,2026-09-07T04:48:31+00:00,,,,,
TXParts,https://txparts.com/,Tablet,https://txparts.com/shop/tab-series,3,dom-inspection,Tab A series,https://txparts.com/shop/tab-a-series,2,dom-inspection,Tab A9 Plus (2023),https://txparts.com/shop/tab-a9-plus-2023,3,0,3,3,dom-inspection,,https://txparts.com/shop/tab-a9-plus-2023,False,False,2026-09-07T04:48:31+00:00,,,,,
TXParts,https://txparts.com/,Tablet,https://txparts.com/shop/tab-series,3,dom-inspection,Tab A series,https://txparts.com/shop/tab-a-series,2,dom-inspection,Tab A9 (2023),https://txparts.com/shop/tab-a9-2023,4,0,4,3,dom-inspection,,https://txparts.com/shop/tab-a9-2023,False,False,2026-09-07T04:48:31+00:00,,,,,
TXParts,https://txparts.com/,Tablet,https://txparts.com/shop/tab-series,3,dom-inspection,Tab A series,https://txparts.com/shop/tab-a-series,2,dom-inspection,"Tab A8 10.5"" (2021)",https://txparts.com/shop/tab-a8-105-2021,5,0,5,3,dom-inspection,,https://txparts.com/shop/tab-a8-105-2021,False,False,2026-09-07T04:48:31+00:00,,,,,
TXParts,https://txparts.com/,Tablet,https://txparts.com/shop/tab-series,3,dom-inspection,Tab A series,https://txparts.com/shop/tab-a-series,2,dom-inspection,"Tab A7 Lite 8.7"" (2021)",https://txparts.com/shop/tab-a7-lite-87-2021,6,0,6,3,dom-inspection,,https://txparts.com/shop/tab-a7-lite-87-2021,False,False,2026-09-07T04:48:31+00:00,,,,,
TXParts,https://txparts.com/,Tablet,https://txparts.com/shop/tab-series,3,dom-inspection,Tab A series,https://txparts.com/shop/tab-a-series,2,dom-inspection,"Tab A7 10.4"" (2020)",https://txparts.com/shop/tab-a7-104-2020,7,0,7,3,dom-inspection,,https://txparts.com/shop/tab-a7-104-2020,False,False,2026-09-07T04:48:31+00:00,,,,,
TXParts,https://txparts.com/,Tablet,https://txparts.com/shop/tab-series,3,dom-inspection,Tab A series,https://txparts.com/shop/tab-a-series,2,dom-inspection,"Tab A 8.4"" (2020)",https://txparts.com/shop/tab-a-84-2020,8,0,8,3,dom-inspection,,https://txparts.com/shop/tab-a-84-2020,False,False,2026-09-07T04:48:31+00:00,,,,,
TXParts,https://txparts.com/,Tablet,https://txparts.com/shop/tab-series,3,dom-inspection,Tab A series,https://txparts.com/shop/tab-a-series,2,dom-inspection,"Tab A 10.1"" (2019)",https://txparts.com/shop/tab-a-101-2019,9,0,9,3,dom-inspection,,https://txparts.com/shop/tab-a-101-2019,False,False,2026-09-07T04:48:31+00:00,,,,,
TXParts,https://txparts.com/,Tablet,https://txparts.com/shop/tab-series,3,dom-inspection,Tab A series,https://txparts.com/shop/tab-a-series,2,dom-inspection,"Tab A 8.0"" (2019)",https://txparts.com/shop/tab-a-80-2019,10,0,10,3,dom-inspection,,https://txparts.com/shop/tab-a-80-2019,False,False,2026-09-07T04:48:31+00:00,,,,,
TXParts,https://txparts.com/,Tablet,https://txparts.com/shop/tab-series,3,dom-inspection,Tab A series,https://txparts.com/shop/tab-a-series,2,dom-inspection,"Tab A 10.5"" (2018)",https://txparts.com/shop/tab-a-105-2018,11,0,11,3,dom-inspection,,https://txparts.com/shop/tab-a-105-2018,False,False,2026-09-07T04:48:31+00:00,,,,,
TXParts,https://txparts.com/,Tablet,https://txparts.com/shop/tab-series,3,dom-inspection,Tab A series,https://txparts.com/shop/tab-a-series,2,dom-inspection,"Tab A 8.0"" (2018)",https://txparts.com/shop/tab-a-80-2018,12,0,12,3,dom-inspection,,https://txparts.com/shop/tab-a-80-2018,False,False,2026-09-07T04:48:31+00:00,,,,,
TXParts,https://txparts.com/,Tablet,https://txparts.com/shop/tab-series,3,dom-inspection,Tab A series,https://txparts.com/shop/tab-a-series,2,dom-inspection,"Tab A 8.0"" (2017)",https://txparts.com/shop/tab-a-80-2017,13,0,13,3,dom-inspection,,https://txparts.com/shop/tab-a-80-2017,False,False,2026-09-07T04:48:31+00:00,,,,,
TXParts,https://txparts.com/,Tablet,https://txparts.com/shop/tab-series,3,dom-inspection,Tab A series,https://txparts.com/shop/tab-a-series,2,dom-inspection,"Tab A 10.1"" (2016)",https://txparts.com/shop/tab-a-101-2016,14,0,14,3,dom-inspection,,https://txparts.com/shop/tab-a-101-2016,False,False,2026-09-07T04:48:31+00:00,,,,,
TXParts,https://txparts.com/,Tablet,https://txparts.com/shop/tab-series,3,dom-inspection,Tab A series,https://txparts.com/shop/tab-a-series,2,dom-inspection,"Tab A 7.0"" (2016)",https://txparts.com/shop/tab-a-70-2016,15,0,15,3,dom-inspection,,https://txparts.com/shop/tab-a-70-2016,False,False,2026-09-07T04:48:31+00:00,,,,,
TXParts,https://txparts.com/,Tablet,https://txparts.com/shop/tab-series,3,dom-inspection,Tab A series,https://txparts.com/shop/tab-a-series,2,dom-inspection,"Tab A 9.7"" (2015)",https://txparts.com/shop/tab-a-97-2015,16,0,16,3,dom-inspection,,https://txparts.com/shop/tab-a-97-2015,False,False,2026-09-07T04:48:31+00:00,,,,,
TXParts,https://txparts.com/,Tablet,https://txparts.com/shop/tab-series,3,dom-inspection,Tab A series,https://txparts.com/shop/tab-a-series,2,dom-inspection,"Tab A 8.0"" (2015)",https://txparts.com/shop/tab-a-80-2015,17,0,17,3,dom-inspection,,https://txparts.com/shop/tab-a-80-2015,False,False,2026-09-07T04:48:31+00:00,,,,,
TXParts,https://txparts.com/,Tablet,https://txparts.com/shop/tab-series,3,dom-inspection,Tab S Series,https://txparts.com/shop/tab-s-series,3,dom-inspection,"Tab S11 Ulta 14.6"" (2025)",https://txparts.com/shop/tab-s11-ulta-146-2025,1,0,1,3,dom-inspection,,https://txparts.com/shop/tab-s11-ulta-146-2025,False,False,2026-09-07T04:48:31+00:00,,,,,
TXParts,https://txparts.com/,Tablet,https://txparts.com/shop/tab-series,3,dom-inspection,Tab S Series,https://txparts.com/shop/tab-s-series,3,dom-inspection,"Tab S10 FE PLUS 13.1"" (2025)",https://txparts.com/shop/tab-s10-fe-plus-131-2025,2,0,2,3,dom-inspection,,https://txparts.com/shop/tab-s10-fe-plus-131-2025,False,False,2026-09-07T04:48:31+00:00,,,,,
TXParts,https://txparts.com/,Tablet,https://txparts.com/shop/tab-series,3,dom-inspection,Tab S Series,https://txparts.com/shop/tab-s-series,3,dom-inspection,"Tab S10 LITE 10.9"" (2025)",https://txparts.com/shop/tab-s10-lite-109-2025,3,0,3,3,dom-inspection,,https://txparts.com/shop/tab-s10-lite-109-2025,False,False,2026-09-07T04:48:31+00:00,,,,,
TXParts,https://txparts.com/,Tablet,https://txparts.com/shop/tab-series,3,dom-inspection,Tab S Series,https://txparts.com/shop/tab-s-series,3,dom-inspection,"Tab S10 FE 10.9"" (2025)",https://txparts.com/shop/tab-s10-fe-109-2025,4,0,4,3,dom-inspection,,https://txparts.com/shop/tab-s10-fe-109-2025,False,False,2026-09-07T04:48:31+00:00,,,,,
TXParts,https://txparts.com/,Tablet,https://txparts.com/shop/tab-series,3,dom-inspection,Tab S Series,https://txparts.com/shop/tab-s-series,3,dom-inspection,"Tab S10 ULTRA 14.6"" (2024)",https://txparts.com/shop/tab-s10-ultra-146-2024,5,0,5,3,dom-inspection,,https://txparts.com/shop/tab-s10-ultra-146-2024,False,False,2026-09-07T04:48:31+00:00,,,,,
TXParts,https://txparts.com/,Tablet,https://txparts.com/shop/tab-series,3,dom-inspection,Tab S Series,https://txparts.com/shop/tab-s-series,3,dom-inspection,"Tab S10 PLUS 12.4"" (2024)",https://txparts.com/shop/tab-s10-plus-124-2024,6,0,6,3,dom-inspection,,https://txparts.com/shop/tab-s10-plus-124-2024,False,False,2026-09-07T04:48:31+00:00,,,,,
TXParts,https://txparts.com/,Tablet,https://txparts.com/shop/tab-series,3,dom-inspection,Tab S Series,https://txparts.com/shop/tab-s-series,3,dom-inspection,Tab S9 FE Plus (2023),https://txparts.com/shop/tab-s9-fe-plus-2023,7,0,7,3,dom-inspection,,https://txparts.com/shop/tab-s9-fe-plus-2023,False,False,2026-09-07T04:48:31+00:00,,,,,
TXParts,https://txparts.com/,Tablet,https://txparts.com/shop/tab-series,3,dom-inspection,Tab S Series,https://txparts.com/shop/tab-s-series,3,dom-inspection,Tab S9 FE (2023),https://txparts.com/shop/tab-s9-fe-2023,8,0,8,3,dom-inspection,,https://txparts.com/shop/tab-s9-fe-2023,False,False,2026-09-07T04:48:31+00:00,,,,,
TXParts,https://txparts.com/,Tablet,https://txparts.com/shop/tab-series,3,dom-inspection,Tab S Series,https://txparts.com/shop/tab-s-series,3,dom-inspection,"Tab S9 Ultra 14.6"" (2023)",https://txparts.com/shop/tab-s9-ultra-146-2023,9,0,9,3,dom-inspection,,https://txparts.com/shop/tab-s9-ultra-146-2023,False,False,2026-09-07T04:48:31+00:00,,,,,
TXParts,https://txparts.com/,Tablet,https://txparts.com/shop/tab-series,3,dom-inspection,Tab S Series,https://txparts.com/shop/tab-s-series,3,dom-inspection,"Tab S9 Plus 12.4"" (2023)",https://txparts.com/shop/tab-s9-plus-124-2023,10,0,10,3,dom-inspection,,https://txparts.com/shop/tab-s9-plus-124-2023,False,False,2026-09-07T04:48:31+00:00,,,,,
TXParts,https://txparts.com/,Tablet,https://txparts.com/shop/tab-series,3,dom-inspection,Tab S Series,https://txparts.com/shop/tab-s-series,3,dom-inspection,"Tab S9 11"" (2023)",https://txparts.com/shop/tab-s9-11-2023,11,0,11,3,dom-inspection,,https://txparts.com/shop/tab-s9-11-2023,False,False,2026-09-07T04:48:31+00:00,,,,,
TXParts,https://txparts.com/,Tablet,https://txparts.com/shop/tab-series,3,dom-inspection,Tab S Series,https://txparts.com/shop/tab-s-series,3,dom-inspection,Tab S8 Ultra (2022),https://txparts.com/shop/tab-s8-ultra-2022,12,0,12,3,dom-inspection,,https://txparts.com/shop/tab-s8-ultra-2022,False,False,2026-09-07T04:48:31+00:00,,,,,
TXParts,https://txparts.com/,Tablet,https://txparts.com/shop/tab-series,3,dom-inspection,Tab S Series,https://txparts.com/shop/tab-s-series,3,dom-inspection,Tab S8 Plus (2022),https://txparts.com/shop/tab-s8-plus-2022,13,0,13,3,dom-inspection,,https://txparts.com/shop/tab-s8-plus-2022,False,False,2026-09-07T04:48:31+00:00,,,,,
TXParts,https://txparts.com/,Tablet,https://txparts.com/shop/tab-series,3,dom-inspection,Tab S Series,https://txparts.com/shop/tab-s-series,3,dom-inspection,Tab S8 (2022),https://txparts.com/shop/tab-s8-2022,14,0,14,3,dom-inspection,,https://txparts.com/shop/tab-s8-2022,False,False,2026-09-07T04:48:31+00:00,,,,,
TXParts,https://txparts.com/,Tablet,https://txparts.com/shop/tab-series,3,dom-inspection,Tab S Series,https://txparts.com/shop/tab-s-series,3,dom-inspection,Tab S7 FE (2021),https://txparts.com/shop/tab-s7-fe-2021,15,0,15,3,dom-inspection,,https://txparts.com/shop/tab-s7-fe-2021,False,False,2026-09-07T04:48:31+00:00,,,,,
TXParts,https://txparts.com/,Tablet,https://txparts.com/shop/tab-series,3,dom-inspection,Tab S Series,https://txparts.com/shop/tab-s-series,3,dom-inspection,"Tab S7 Plus 12.4"" (2020)",https://txparts.com/shop/tab-s7-plus-124-2020,16,0,16,3,dom-inspection,,https://txparts.com/shop/tab-s7-plus-124-2020,False,False,2026-09-07T04:48:31+00:00,,,,,
TXParts,https://txparts.com/,Tablet,https://txparts.com/shop/tab-series,3,dom-inspection,Tab S Series,https://txparts.com/shop/tab-s-series,3,dom-inspection,"Tab S7 11"" (2020)",https://txparts.com/shop/tab-s7-11-2020,17,0,17,3,dom-inspection,,https://txparts.com/shop/tab-s7-11-2020,False,False,2026-09-07T04:48:31+00:00,,,,,
TXParts,https://txparts.com/,Tablet,https://txparts.com/shop/tab-series,3,dom-inspection,Tab S Series,https://txparts.com/shop/tab-s-series,3,dom-inspection,"Tab S6 Lite 10.4"" (2020)",https://txparts.com/shop/tab-s6-lite-104-2020,18,0,18,3,dom-inspection,,https://txparts.com/shop/tab-s6-lite-104-2020,False,False,2026-09-07T04:48:31+00:00,,,,,
TXParts,https://txparts.com/,Tablet,https://txparts.com/shop/tab-series,3,dom-inspection,Tab S Series,https://txparts.com/shop/tab-s-series,3,dom-inspection,"Tab S6 10.5"" (2019)",https://txparts.com/shop/tab-s6-105-2019,19,0,19,3,dom-inspection,,https://txparts.com/shop/tab-s6-105-2019,False,False,2026-09-07T04:48:31+00:00,,,,,
TXParts,https://txparts.com/,Tablet,https://txparts.com/shop/tab-series,3,dom-inspection,Tab S Series,https://txparts.com/shop/tab-s-series,3,dom-inspection,"Tab S5e 10.5"" (2019)",https://txparts.com/shop/tab-s5e-105-2019,20,0,20,3,dom-inspection,,https://txparts.com/shop/tab-s5e-105-2019,False,False,2026-09-07T04:48:31+00:00,,,,,
TXParts,https://txparts.com/,Tablet,https://txparts.com/shop/tab-series,3,dom-inspection,Tab S Series,https://txparts.com/shop/tab-s-series,3,dom-inspection,"Tab S4 10.5"" (2018)",https://txparts.com/shop/tab-s4-105-2018,21,0,21,3,dom-inspection,,https://txparts.com/shop/tab-s4-105-2018,False,False,2026-09-07T04:48:31+00:00,,,,,
TXParts,https://txparts.com/,Tablet,https://txparts.com/shop/tab-series,3,dom-inspection,Tab S Series,https://txparts.com/shop/tab-s-series,3,dom-inspection,"Tab S3 9.7"" (2017)",https://txparts.com/shop/tab-s3-97-2017,22,0,22,3,dom-inspection,,https://txparts.com/shop/tab-s3-97-2017,False,False,2026-09-07T04:48:31+00:00,,,,,
TXParts,https://txparts.com/,Tablet,https://txparts.com/shop/tab-series,3,dom-inspection,Tab S Series,https://txparts.com/shop/tab-s-series,3,dom-inspection,"Tab S2 9.7"" (2015)",https://txparts.com/shop/tab-s2-97-2015,23,0,23,3,dom-inspection,,https://txparts.com/shop/tab-s2-97-2015,False,False,2026-09-07T04:48:31+00:00,,,,,
TXParts,https://txparts.com/,Tablet,https://txparts.com/shop/tab-series,3,dom-inspection,Tab S Series,https://txparts.com/shop/tab-s-series,3,dom-inspection,"Tab S2 8.0"" (2015)",https://txparts.com/shop/tab-s2-80-2015,24,0,24,3,dom-inspection,,https://txparts.com/shop/tab-s2-80-2015,False,False,2026-09-07T04:48:31+00:00,,,,,
TXParts,https://txparts.com/,Tablet,https://txparts.com/shop/tab-series,3,dom-inspection,Tab S Series,https://txparts.com/shop/tab-s-series,3,dom-inspection,"Tab S 10.5"" (2014)",https://txparts.com/shop/tab-s-105-2014,25,0,25,3,dom-inspection,,https://txparts.com/shop/tab-s-105-2014,False,False,2026-09-07T04:48:31+00:00,,,,,
TXParts,https://txparts.com/,Tablet,https://txparts.com/shop/tab-series,3,dom-inspection,Tab S Series,https://txparts.com/shop/tab-s-series,3,dom-inspection,"Tab S 8.4"" (2014)",https://txparts.com/shop/tab-s-84-2014,26,0,26,3,dom-inspection,,https://txparts.com/shop/tab-s-84-2014,False,False,2026-09-07T04:48:31+00:00,,,,,
TXParts,https://txparts.com/,Tablet,https://txparts.com/shop/tab-series,3,dom-inspection,Tab Active Series,https://txparts.com/shop/tab-active-series,4,dom-inspection,"Tab Active 5 Pro 10.1"" (X350/2025)",https://txparts.com/shop/tab-active-5-pro-101-x3502025,1,0,1,3,dom-inspection,,https://txparts.com/shop/tab-active-5-pro-101-x3502025,False,False,2026-09-07T04:48:31+00:00,,,,,
TXParts,https://txparts.com/,Tablet,https://txparts.com/shop/tab-series,3,dom-inspection,Tab Active Series,https://txparts.com/shop/tab-active-series,4,dom-inspection,"Tab Active 5 8.0"" (X306 / 2024)",https://txparts.com/shop/tab-active-5-80-x306-2024,2,0,2,3,dom-inspection,,https://txparts.com/shop/tab-active-5-80-x306-2024,False,False,2026-09-07T04:48:31+00:00,,,,,
TXParts,https://txparts.com/,Tablet,https://txparts.com/shop/tab-series,3,dom-inspection,Tab Active Series,https://txparts.com/shop/tab-active-series,4,dom-inspection,"Tab Active 3 8.0"" (T570 / 2020)",https://txparts.com/shop/tab-active-3-80-t570-2020,3,0,3,3,dom-inspection,,https://txparts.com/shop/tab-active-3-80-t570-2020,False,False,2026-09-07T04:48:31+00:00,,,,,
TXParts,https://txparts.com/,Tablet,https://txparts.com/shop/tab-series,3,dom-inspection,Tab Active Series,https://txparts.com/shop/tab-active-series,4,dom-inspection,"Tab Active Pro 10.1"" (T540 / 2019)",https://txparts.com/shop/tab-active-pro-101-t540-2019,4,0,4,3,dom-inspection,,https://txparts.com/shop/tab-active-pro-101-t540-2019,False,False,2026-09-07T04:48:31+00:00,,,,,
TXParts,https://txparts.com/,Tablet,https://txparts.com/shop/tab-series,3,dom-inspection,Tab Active Series,https://txparts.com/shop/tab-active-series,4,dom-inspection,"Tab Active 2 8.0"" (T395 / 2017)",https://txparts.com/shop/tab-active-2-80-t395-2017,5,0,5,3,dom-inspection,,https://txparts.com/shop/tab-active-2-80-t395-2017,False,False,2026-09-07T04:48:31+00:00,,,,,
TXParts,https://txparts.com/,Tablet,https://txparts.com/shop/tab-series,3,dom-inspection,Tab Active Series,https://txparts.com/shop/tab-active-series,4,dom-inspection,"Tab Active LIite 8.0"" (T365 / 2014)",https://txparts.com/shop/tab-active-liite-80-t365-2014,6,0,6,3,dom-inspection,,https://txparts.com/shop/tab-active-liite-80-t365-2014,False,False,2026-09-07T04:48:31+00:00,,,,,
TXParts,https://txparts.com/,Tablet,https://txparts.com/shop/tab-series,3,dom-inspection,Tab Active Series,https://txparts.com/shop/tab-active-series,4,dom-inspection,"Tab Active 8.0"" (T360 / 2014)",https://txparts.com/shop/tab-active-80-t360-2014,7,0,7,3,dom-inspection,,https://txparts.com/shop/tab-active-80-t360-2014,False,False,2026-09-07T04:48:31+00:00,,,,,
TXParts,https://txparts.com/,Tablet,https://txparts.com/shop/tab-series,3,dom-inspection,Tab Note Series,https://txparts.com/shop/tab-note-series,5,dom-inspection,"Note Pro 12.2"" (P900 / 2014)",https://txparts.com/shop/note-pro-122-p900-2014,1,0,1,3,dom-inspection,,https://txparts.com/shop/note-pro-122-p900-2014,False,False,2026-09-07T04:48:31+00:00,,,,,
TXParts,https://txparts.com/,Tablet,https://txparts.com/shop/tab-series,3,dom-inspection,Tab Note Series,https://txparts.com/shop/tab-note-series,5,dom-inspection,"Note 10.1"" (P600 / 2014)",https://txparts.com/shop/note-101-p600-2014,2,0,2,3,dom-inspection,,https://txparts.com/shop/note-101-p600-2014,False,False,2026-09-07T04:48:31+00:00,,,,,
TXParts,https://txparts.com/,Tablet,https://txparts.com/shop/tab-series,3,dom-inspection,Tab Note Series,https://txparts.com/shop/tab-note-series,5,dom-inspection,"Note 8.0"" (N5100 / 2013)",https://txparts.com/shop/note-80-n5100-2013,3,0,3,3,dom-inspection,,https://txparts.com/shop/note-80-n5100-2013,False,False,2026-09-07T04:48:31+00:00,,,,,
TXParts,https://txparts.com/,Tablet,https://txparts.com/shop/tab-series,3,dom-inspection,Tab Note Series,https://txparts.com/shop/tab-note-series,5,dom-inspection,"Note 10.1"" (N8000 / 2012)",https://txparts.com/shop/note-101-n8000-2012,4,0,4,3,dom-inspection,,https://txparts.com/shop/note-101-n8000-2012,False,False,2026-09-07T04:48:31+00:00,,,,,
TXParts,https://txparts.com/,Tablet,https://txparts.com/shop/tab-series,3,dom-inspection,Tab E Series,https://txparts.com/shop/tab-e-series,6,dom-inspection,"Tab e 8.0"" (T377 / 2016)",https://txparts.com/shop/tab-e-80-t377-2016,1,0,1,3,dom-inspection,,https://txparts.com/shop/tab-e-80-t377-2016,False,False,2026-09-07T04:48:31+00:00,,,,,
TXParts,https://txparts.com/,Tablet,https://txparts.com/shop/tab-series,3,dom-inspection,Tab E Series,https://txparts.com/shop/tab-e-series,6,dom-inspection,"Tab e 9.6""(T560 / 2015)",https://txparts.com/shop/tab-e-96t560-2015,2,0,2,3,dom-inspection,,https://txparts.com/shop/tab-e-96t560-2015,False,False,2026-09-07T04:48:31+00:00,,,,,
TXParts,https://txparts.com/,Tablet,https://txparts.com/shop/tab-series,3,dom-inspection,Tab Pro Series,https://txparts.com/shop/tab-pro-series,7,dom-inspection,"Tab Pro 12.2"" (T900 / 2014)",https://txparts.com/shop/tab-pro-122-t900-2014,1,0,1,3,dom-inspection,,https://txparts.com/shop/tab-pro-122-t900-2014,False,False,2026-09-07T04:48:31+00:00,,,,,
TXParts,https://txparts.com/,Tablet,https://txparts.com/shop/tab-series,3,dom-inspection,Tab Pro Series,https://txparts.com/shop/tab-pro-series,7,dom-inspection,"Tab Pro 10.1"" (T520 / 2014)",https://txparts.com/shop/tab-pro-101-t520-2014,2,0,2,3,dom-inspection,,https://txparts.com/shop/tab-pro-101-t520-2014,False,False,2026-09-07T04:48:31+00:00,,,,,
TXParts,https://txparts.com/,Tablet,https://txparts.com/shop/tab-series,3,dom-inspection,Tab Pro Series,https://txparts.com/shop/tab-pro-series,7,dom-inspection,"Tab pro 8.4""(T320 / 2014)",https://txparts.com/shop/tab-pro-84t320-2014,3,0,3,3,dom-inspection,,https://txparts.com/shop/tab-pro-84t320-2014,False,False,2026-09-07T04:48:31+00:00,,,,,
TXParts,https://txparts.com/,Motorola,https://txparts.com/shop/moto-g-series,4,dom-inspection,Moto G Series,https://txparts.com/shop/moto-g-series,1,dom-inspection,G Stylus 5G (XT2619 / 2026),https://txparts.com/shop/g-stylus-5g-xt2619-2026,1,0,1,3,dom-inspection,,https://txparts.com/shop/g-stylus-5g-xt2619-2026,False,False,2026-09-07T04:48:31+00:00,,,,,
TXParts,https://txparts.com/,Motorola,https://txparts.com/shop/moto-g-series,4,dom-inspection,Moto G Series,https://txparts.com/shop/moto-g-series,1,dom-inspection,G17 (XT2623-2 / 2026),https://txparts.com/shop/g17-xt2623-2-2026,2,0,2,3,dom-inspection,,https://txparts.com/shop/g17-xt2623-2-2026,False,False,2026-09-07T04:48:31+00:00,,,,,
TXParts,https://txparts.com/,Motorola,https://txparts.com/shop/moto-g-series,4,dom-inspection,Moto G Series,https://txparts.com/shop/moto-g-series,1,dom-inspection,G17 POWER 5G (XT2623-4 / 2026),https://txparts.com/shop/g17-power-5g-xt2623-4-2026,3,0,3,3,dom-inspection,,https://txparts.com/shop/g17-power-5g-xt2623-4-2026,False,False,2026-09-07T04:48:31+00:00,,,,,
TXParts,https://txparts.com/,Motorola,https://txparts.com/shop/moto-g-series,4,dom-inspection,Moto G Series,https://txparts.com/shop/moto-g-series,1,dom-inspection,G67 (XT2621-2 / 2026),https://txparts.com/shop/g67-xt2621-2-2026,4,0,4,3,dom-inspection,,https://txparts.com/shop/g67-xt2621-2-2026,False,False,2026-09-07T04:48:31+00:00,,,,,
TXParts,https://txparts.com/,Motorola,https://txparts.com/shop/moto-g-series,4,dom-inspection,Moto G Series,https://txparts.com/shop/moto-g-series,1,dom-inspection,G77 (XT2621-4 / 2026),https://txparts.com/shop/g77-xt2621-4-2026,5,0,5,3,dom-inspection,,https://txparts.com/shop/g77-xt2621-4-2026,False,False,2026-09-07T04:48:31+00:00,,,,,
TXParts,https://txparts.com/,Motorola,https://txparts.com/shop/moto-g-series,4,dom-inspection,Moto G Series,https://txparts.com/shop/moto-g-series,1,dom-inspection,G Power 5G (XT2617-1 / 2026),https://txparts.com/shop/g-power-5g-xt2617-1-2026,6,0,6,3,dom-inspection,,https://txparts.com/shop/g-power-5g-xt2617-1-2026,False,False,2026-09-07T04:48:31+00:00,,,,,
TXParts,https://txparts.com/,Motorola,https://txparts.com/shop/moto-g-series,4,dom-inspection,Moto G Series,https://txparts.com/shop/moto-g-series,1,dom-inspection,G Play (XT2615 / 2026),https://txparts.com/shop/g-play-xt2615-2026,7,0,7,3,dom-inspection,,https://txparts.com/shop/g-play-xt2615-2026,False,False,2026-09-07T04:48:31+00:00,,,,,
TXParts,https://txparts.com/,Motorola,https://txparts.com/shop/moto-g-series,4,dom-inspection,Moto G Series,https://txparts.com/shop/moto-g-series,1,dom-inspection,G 5G (XT2613 / 2026),https://txparts.com/shop/g-5g-xt2613-2026,8,0,8,3,dom-inspection,,https://txparts.com/shop/g-5g-xt2613-2026,False,False,2026-09-07T04:48:31+00:00,,,,,
TXParts,https://txparts.com/,Motorola,https://txparts.com/shop/moto-g-series,4,dom-inspection,Moto G Series,https://txparts.com/shop/moto-g-series,1,dom-inspection,G06 (XT2535 / 2025),https://txparts.com/shop/g06-xt2535-2025,9,0,9,3,dom-inspection,,https://txparts.com/shop/g06-xt2535-2025,False,False,2026-09-07T04:48:31+00:00,,,,,
TXParts,https://txparts.com/,Motorola,https://txparts.com/shop/moto-g-series,4,dom-inspection,Moto G Series,https://txparts.com/shop/moto-g-series,1,dom-inspection,G06 POWER (XT2535-13 / 2025),https://txparts.com/shop/g06-power-xt2535-13-2025,10,0,10,3,dom-inspection,,https://txparts.com/shop/g06-power-xt2535-13-2025,False,False,2026-09-07T04:48:31+00:00,,,,,
TXParts,https://txparts.com/,Motorola,https://txparts.com/shop/moto-g-series,4,dom-inspection,Moto G Series,https://txparts.com/shop/moto-g-series,1,dom-inspection,G96 (XT2531 / 2025),https://txparts.com/shop/g96-xt2531-2025,11,0,11,3,dom-inspection,,https://txparts.com/shop/g96-xt2531-2025,False,False,2026-09-07T04:48:31+00:00,,,,,
TXParts,https://txparts.com/,Motorola,https://txparts.com/shop/moto-g-series,4,dom-inspection,Moto G Series,https://txparts.com/shop/moto-g-series,1,dom-inspection,G66 5G (XT2529 / 2025),https://txparts.com/shop/g66-5g-xt2529-2025,12,0,12,3,dom-inspection,,https://txparts.com/shop/g66-5g-xt2529-2025,False,False,2026-09-07T04:48:31+00:00,,,,,
TXParts,https://txparts.com/,Motorola,https://txparts.com/shop/moto-g-series,4,dom-inspection,Moto G Series,https://txparts.com/shop/moto-g-series,1,dom-inspection,G Stylus 5G (XT2517 / 2025),https://txparts.com/shop/g-stylus-5g-xt2517-2025,13,0,13,3,dom-inspection,,https://txparts.com/shop/g-stylus-5g-xt2517-2025,False,False,2026-09-07T04:48:31+00:00,,,,,
TXParts,https://txparts.com/,Motorola,https://txparts.com/shop/moto-g-series,4,dom-inspection,Moto G Series,https://txparts.com/shop/moto-g-series,1,dom-inspection,G Power (XT2515 / 2025),https://txparts.com/shop/g-power-xt2515-2025,14,0,14,3,dom-inspection,,https://txparts.com/shop/g-power-xt2515-2025,False,False,2026-09-07T04:48:31+00:00,,,,,
TXParts,https://txparts.com/,Motorola,https://txparts.com/shop/moto-g-series,4,dom-inspection,Moto G Series,https://txparts.com/shop/moto-g-series,1,dom-inspection,G86 (XT2527 / 2025),https://txparts.com/shop/g86-xt2527-2025,15,0,15,3,dom-inspection,,https://txparts.com/shop/g86-xt2527-2025,False,False,2026-09-07T04:48:31+00:00,,,,,
TXParts,https://txparts.com/,Motorola,https://txparts.com/shop/moto-g-series,4,dom-inspection,Moto G Series,https://txparts.com/shop/moto-g-series,1,dom-inspection,G (XT1032 / 2013),https://txparts.com/shop/g-xt1032-2013,16,0,16,3,dom-inspection,,https://txparts.com/shop/g-xt1032-2013,False,False,2026-09-07T04:48:31+00:00,,,,,
TXParts,https://txparts.com/,Motorola,https://txparts.com/shop/moto-g-series,4,dom-inspection,Moto G Series,https://txparts.com/shop/moto-g-series,1,dom-inspection,G56 5G (XT2529 / 2025),https://txparts.com/shop/g56-5g-xt2529-2025,17,0,17,3,dom-inspection,,https://txparts.com/shop/g56-5g-xt2529-2025,False,False,2026-09-07T04:48:31+00:00,,,,,
TXParts,https://txparts.com/,Motorola,https://txparts.com/shop/moto-g-series,4,dom-inspection,Moto G Series,https://txparts.com/shop/moto-g-series,1,dom-inspection,G15 Power (XT2521-5 / 2025),https://txparts.com/shop/g15-power-xt2521-5-2025,18,0,18,3,dom-inspection,,https://txparts.com/shop/g15-power-xt2521-5-2025,False,False,2026-09-07T04:48:31+00:00,,,,,
TXParts,https://txparts.com/,Motorola,https://txparts.com/shop/moto-g-series,4,dom-inspection,Moto G Series,https://txparts.com/shop/moto-g-series,1,dom-inspection,G15 (XT2521 / 2025),https://txparts.com/shop/g15-xt2521-2025,19,0,19,3,dom-inspection,,https://txparts.com/shop/g15-xt2521-2025,False,False,2026-09-07T04:48:31+00:00,,,,,
TXParts,https://txparts.com/,Motorola,https://txparts.com/shop/moto-g-series,4,dom-inspection,Moto G Series,https://txparts.com/shop/moto-g-series,1,dom-inspection,G05 (XT2523 / 2025),https://txparts.com/shop/g05-xt2523-2025,20,0,20,3,dom-inspection,,https://txparts.com/shop/g05-xt2523-2025,False,False,2026-09-07T04:48:31+00:00,,,,,
TXParts,https://txparts.com/,Motorola,https://txparts.com/shop/moto-g-series,4,dom-inspection,Moto G Series,https://txparts.com/shop/moto-g-series,1,dom-inspection,G 5G (XT2513 / 2025),https://txparts.com/shop/g-5g-xt2513-2025,21,0,21,3,dom-inspection,,https://txparts.com/shop/g-5g-xt2513-2025,False,False,2026-09-07T04:48:31+00:00,,,,,
TXParts,https://txparts.com/,Motorola,https://txparts.com/shop/moto-g-series,4,dom-inspection,Moto G Series,https://txparts.com/shop/moto-g-series,1,dom-inspection,G Stylus 5G (XT2419 / 2024),https://txparts.com/shop/g-stylus-5g-xt2419-2024,22,0,22,3,dom-inspection,,https://txparts.com/shop/g-stylus-5g-xt2419-2024,False,False,2026-09-07T04:48:31+00:00,,,,,
TXParts,https://txparts.com/,Motorola,https://txparts.com/shop/moto-g-series,4,dom-inspection,Moto G Series,https://txparts.com/shop/moto-g-series,1,dom-inspection,G 5G (XT2417 / 2024),https://txparts.com/shop/g-5g-xt2417-2024,23,0,23,3,dom-inspection,,https://txparts.com/shop/g-5g-xt2417-2024,False,False,2026-09-07T04:48:31+00:00,,,,,
TXParts,https://txparts.com/,Motorola,https://txparts.com/shop/moto-g-series,4,dom-inspection,Moto G Series,https://txparts.com/shop/moto-g-series,1,dom-inspection,G POWER 5G (XT2415 / 2024),https://txparts.com/shop/g-power-5g-xt2415-2024,24,0,24,3,dom-inspection,,https://txparts.com/shop/g-power-5g-xt2415-2024,False,False,2026-09-07T04:48:31+00:00,,,,,
TXParts,https://txparts.com/,Motorola,https://txparts.com/shop/moto-g-series,4,dom-inspection,Moto G Series,https://txparts.com/shop/moto-g-series,1,dom-inspection,G Play (XT2413 / 2024),https://txparts.com/shop/g-play-xt2413-2024,25,0,25,3,dom-inspection,,https://txparts.com/shop/g-play-xt2413-2024,False,False,2026-09-07T04:48:31+00:00,,,,,
TXParts,https://txparts.com/,Motorola,https://txparts.com/shop/moto-g-series,4,dom-inspection,Moto G Series,https://txparts.com/shop/moto-g-series,1,dom-inspection,G85 (XT2427 / 2024),https://txparts.com/shop/g85-xt2427-2024,26,0,26,3,dom-inspection,,https://txparts.com/shop/g85-xt2427-2024,False,False,2026-09-07T04:48:31+00:00,,,,,
TXParts,https://txparts.com/,Motorola,https://txparts.com/shop/moto-g-series,4,dom-inspection,Moto G Series,https://txparts.com/shop/moto-g-series,1,dom-inspection,G75 5G (XT2437 / 2024),https://txparts.com/shop/g75-5g-xt2437-2024,27,0,27,3,dom-inspection,,https://txparts.com/shop/g75-5g-xt2437-2024,False,False,2026-09-07T04:48:31+00:00,,,,,
TXParts,https://txparts.com/,Motorola,https://txparts.com/shop/moto-g-series,4,dom-inspection,Moto G Series,https://txparts.com/shop/moto-g-series,1,dom-inspection,G55 5G (XT2435 / 2024),https://txparts.com/shop/g55-5g-xt2435-2024,28,0,28,3,dom-inspection,,https://txparts.com/shop/g55-5g-xt2435-2024,False,False,2026-09-07T04:48:31+00:00,,,,,
TXParts,https://txparts.com/,Motorola,https://txparts.com/shop/moto-g-series,4,dom-inspection,Moto G Series,https://txparts.com/shop/moto-g-series,1,dom-inspection,G35 (XT2433 / 2024),https://txparts.com/shop/g35-xt2433-2024,29,0,29,3,dom-inspection,,https://txparts.com/shop/g35-xt2433-2024,False,False,2026-09-07T04:48:31+00:00,,,,,
TXParts,https://txparts.com/,Motorola,https://txparts.com/shop/moto-g-series,4,dom-inspection,Moto G Series,https://txparts.com/shop/moto-g-series,1,dom-inspection,G24 Power (XT2425 / 2024),https://txparts.com/shop/g24-power-xt2425-2024,30,0,30,3,dom-inspection,,https://txparts.com/shop/g24-power-xt2425-2024,False,False,2026-09-07T04:48:31+00:00,,,,,
TXParts,https://txparts.com/,Motorola,https://txparts.com/shop/moto-g-series,4,dom-inspection,Moto G Series,https://txparts.com/shop/moto-g-series,1,dom-inspection,G24 (XT2423-1 / 2024),https://txparts.com/shop/g24-xt2423-1-2024,31,0,31,3,dom-inspection,,https://txparts.com/shop/g24-xt2423-1-2024,False,False,2026-09-07T04:48:31+00:00,,,,,
TXParts,https://txparts.com/,Motorola,https://txparts.com/shop/moto-g-series,4,dom-inspection,Moto G Series,https://txparts.com/shop/moto-g-series,1,dom-inspection,G04 (XT2421-2 / 2024),https://txparts.com/shop/g04-xt2421-2-2024,32,0,32,3,dom-inspection,,https://txparts.com/shop/g04-xt2421-2-2024,False,False,2026-09-07T04:48:31+00:00,,,,,
TXParts,https://txparts.com/,Motorola,https://txparts.com/shop/moto-g-series,4,dom-inspection,Moto G Series,https://txparts.com/shop/moto-g-series,1,dom-inspection,G84 (XT2347 / 2023),https://txparts.com/shop/g84-xt2347-2023,33,0,33,3,dom-inspection,,https://txparts.com/shop/g84-xt2347-2023,False,False,2026-09-07T04:48:31+00:00,,,,,
TXParts,https://txparts.com/,Motorola,https://txparts.com/shop/moto-g-series,4,dom-inspection,Moto G Series,https://txparts.com/shop/moto-g-series,1,dom-inspection,G34 (XT2363 / 2023),https://txparts.com/shop/g34-xt2363-2023,34,0,34,3,dom-inspection,,https://txparts.com/shop/g34-xt2363-2023,False,False,2026-09-07T04:48:31+00:00,,,,,
TXParts,https://txparts.com/,Motorola,https://txparts.com/shop/moto-g-series,4,dom-inspection,Moto G Series,https://txparts.com/shop/moto-g-series,1,dom-inspection,G14 5G (XT2341 / 2023),https://txparts.com/shop/g14-5g-xt2341-2023,35,0,35,3,dom-inspection,,https://txparts.com/shop/g14-5g-xt2341-2023,False,False,2026-09-07T04:48:31+00:00,,,,,
TXParts,https://txparts.com/,Motorola,https://txparts.com/shop/moto-g-series,4,dom-inspection,Moto G Series,https://txparts.com/shop/moto-g-series,1,dom-inspection,G54 (XT2343 / 2023),https://txparts.com/shop/g54-xt2343-2023,36,0,36,3,dom-inspection,,https://txparts.com/shop/g54-xt2343-2023,False,False,2026-09-07T04:48:31+00:00,,,,,
TXParts,https://txparts.com/,Motorola,https://txparts.com/shop/moto-g-series,4,dom-inspection,Moto G Series,https://txparts.com/shop/moto-g-series,1,dom-inspection,G23 (XT2333-3 / 2023),https://txparts.com/shop/g23-xt2333-3-2023,37,0,37,3,dom-inspection,,https://txparts.com/shop/g23-xt2333-3-2023,False,False,2026-09-07T04:48:31+00:00,,,,,
TXParts,https://txparts.com/,Motorola,https://txparts.com/shop/moto-g-series,4,dom-inspection,Moto G Series,https://txparts.com/shop/moto-g-series,1,dom-inspection,G13 (XT2331-2 / 2023),https://txparts.com/shop/g13-xt2331-2-2023,38,0,38,3,dom-inspection,,https://txparts.com/shop/g13-xt2331-2-2023,False,False,2026-09-07T04:48:31+00:00,,,,,
TXParts,https://txparts.com/,Motorola,https://txparts.com/shop/moto-g-series,4,dom-inspection,Moto G Series,https://txparts.com/shop/moto-g-series,1,dom-inspection,G STYLUS 5G (XT2315 / 2023),https://txparts.com/shop/g-stylus-5g-xt2315-2023,39,0,39,3,dom-inspection,,https://txparts.com/shop/g-stylus-5g-xt2315-2023,False,False,2026-09-07T04:48:31+00:00,,,,,
TXParts,https://txparts.com/,Motorola,https://txparts.com/shop/moto-g-series,4,dom-inspection,Moto G Series,https://txparts.com/shop/moto-g-series,1,dom-inspection,G STYLUS 4G (XT2317 / 2023),https://txparts.com/shop/g-stylus-4g-xt2317-2023,40,0,40,3,dom-inspection,,https://txparts.com/shop/g-stylus-4g-xt2317-2023,False,False,2026-09-07T04:48:31+00:00,,,,,
TXParts,https://txparts.com/,Motorola,https://txparts.com/shop/moto-g-series,4,dom-inspection,Moto G Series,https://txparts.com/shop/moto-g-series,1,dom-inspection,G 5G (XT2313 / 2023),https://txparts.com/shop/g-5g-xt2313-2023,41,0,41,3,dom-inspection,,https://txparts.com/shop/g-5g-xt2313-2023,False,False,2026-09-07T04:48:31+00:00,,,,,
TXParts,https://txparts.com/,Motorola,https://txparts.com/shop/moto-g-series,4,dom-inspection,Moto G Series,https://txparts.com/shop/moto-g-series,1,dom-inspection,G POWER 5G (XT2311-3 / 2023),https://txparts.com/shop/g-power-5g-xt2311-3-2023,42,0,42,3,dom-inspection,,https://txparts.com/shop/g-power-5g-xt2311-3-2023,False,False,2026-09-07T04:48:31+00:00,,,,,
TXParts,https://txparts.com/,Motorola,https://txparts.com/shop/moto-g-series,4,dom-inspection,Moto G Series,https://txparts.com/shop/moto-g-series,1,dom-inspection,G PLAY (XT2271-5 / 2023),https://txparts.com/shop/g-play-xt2271-5-2023,43,0,43,3,dom-inspection,,https://txparts.com/shop/g-play-xt2271-5-2023,False,False,2026-09-07T04:48:31+00:00,,,,,
TXParts,https://txparts.com/,Motorola,https://txparts.com/shop/moto-g-series,4,dom-inspection,Moto G Series,https://txparts.com/shop/moto-g-series,1,dom-inspection,G82 5G (XT2225-1 / 2022),https://txparts.com/shop/g82-5g-xt2225-1-2022,44,0,44,3,dom-inspection,,https://txparts.com/shop/g82-5g-xt2225-1-2022,False,False,2026-09-07T04:48:31+00:00,,,,,
TXParts,https://txparts.com/,Motorola,https://txparts.com/shop/moto-g-series,4,dom-inspection,Moto G Series,https://txparts.com/shop/moto-g-series,1,dom-inspection,G73 (XT2237 / 2022),https://txparts.com/shop/g73-xt2237-2022,45,0,45,3,dom-inspection,,https://txparts.com/shop/g73-xt2237-2022,False,False,2026-09-07T04:48:31+00:00,,,,,
TXParts,https://txparts.com/,Motorola,https://txparts.com/shop/moto-g-series,4,dom-inspection,Moto G Series,https://txparts.com/shop/moto-g-series,1,dom-inspection,G72 (XT2255 / 2022),https://txparts.com/shop/g72-xt2255-2022,46,0,46,3,dom-inspection,,https://txparts.com/shop/g72-xt2255-2022,False,False,2026-09-07T04:48:31+00:00,,,,,
TXParts,https://txparts.com/,Motorola,https://txparts.com/shop/moto-g-series,4,dom-inspection,Moto G Series,https://txparts.com/shop/moto-g-series,1,dom-inspection,G71S (XT2225-2 / 2022),https://txparts.com/shop/g71s-xt2225-2-2022,47,0,47,3,dom-inspection,,https://txparts.com/shop/g71s-xt2225-2-2022,False,False,2026-09-07T04:48:31+00:00,,,,,
TXParts,https://txparts.com/,Motorola,https://txparts.com/shop/moto-g-series,4,dom-inspection,Moto G Series,https://txparts.com/shop/moto-g-series,1,dom-inspection,G71 5G (XT2169-1 / 2022),https://txparts.com/shop/g71-5g-xt2169-1-2022,48,0,48,3,dom-inspection,,https://txparts.com/shop/g71-5g-xt2169-1-2022,False,False,2026-09-07T04:48:31+00:00,,,,,
TXParts,https://txparts.com/,Motorola,https://txparts.com/shop/moto-g-series,4,dom-inspection,Moto G Series,https://txparts.com/shop/moto-g-series,1,dom-inspection,G62 5G (XT2223-1 / 2022),https://txparts.com/shop/g62-5g-xt2223-1-2022,49,0,49,3,dom-inspection,,https://txparts.com/shop/g62-5g-xt2223-1-2022,False,False,2026-09-07T04:48:31+00:00,,,,,
TXParts,https://txparts.com/,Motorola,https://txparts.com/shop/moto-g-series,4,dom-inspection,Moto G Series,https://txparts.com/shop/moto-g-series,1,dom-inspection,G53 (XT2335-2 / 2022),https://txparts.com/shop/g53-xt2335-2-2022,50,0,50,3,dom-inspection,,https://txparts.com/shop/g53-xt2335-2-2022,False,False,2026-09-07T04:48:31+00:00,,,,,
TXParts,https://txparts.com/,Motorola,https://txparts.com/shop/moto-g-series,4,dom-inspection,Moto G Series,https://txparts.com/shop/moto-g-series,1,dom-inspection,G52 (XT2221-1 / 2022),https://txparts.com/shop/g52-xt2221-1-2022,51,0,51,3,dom-inspection,,https://txparts.com/shop/g52-xt2221-1-2022,False,False,2026-09-07T04:48:31+00:00,,,,,
TXParts,https://txparts.com/,Motorola,https://txparts.com/shop/moto-g-series,4,dom-inspection,Moto G Series,https://txparts.com/shop/moto-g-series,1,dom-inspection,G41 (XT2167 / 2022),https://txparts.com/shop/g41-xt2167-2022,52,0,52,3,dom-inspection,,https://txparts.com/shop/g41-xt2167-2022,False,False,2026-09-07T04:48:31+00:00,,,,,
TXParts,https://txparts.com/,Motorola,https://txparts.com/shop/moto-g-series,4,dom-inspection,Moto G Series,https://txparts.com/shop/moto-g-series,1,dom-inspection,G32 (XT2235 / 2022),https://txparts.com/shop/g32-xt2235-2022,53,0,53,3,dom-inspection,,https://txparts.com/shop/g32-xt2235-2022,False,False,2026-09-07T04:48:31+00:00,,,,,
TXParts,https://txparts.com/,Motorola,https://txparts.com/shop/moto-g-series,4,dom-inspection,Moto G Series,https://txparts.com/shop/moto-g-series,1,dom-inspection,G22 (XT2231 / 2022),https://txparts.com/shop/g22-xt2231-2022,54,0,54,3,dom-inspection,,https://txparts.com/shop/g22-xt2231-2022,False,False,2026-09-07T04:48:31+00:00,,,,,
TXParts,https://txparts.com/,Motorola,https://txparts.com/shop/moto-g-series,4,dom-inspection,Moto G Series,https://txparts.com/shop/moto-g-series,1,dom-inspection,G200 5G (XT2175 / 2022),https://txparts.com/shop/g200-5g-xt2175-2022,55,0,55,3,dom-inspection,,https://txparts.com/shop/g200-5g-xt2175-2022,False,False,2026-09-07T04:48:31+00:00,,,,,
TXParts,https://txparts.com/,Motorola,https://txparts.com/shop/moto-g-series,4,dom-inspection,Moto G Series,https://txparts.com/shop/moto-g-series,1,dom-inspection,G Power (XT2165 / 2022),https://txparts.com/shop/g-power-xt2165-2022,56,0,56,3,dom-inspection,,https://txparts.com/shop/g-power-xt2165-2022,False,False,2026-09-07T04:48:31+00:00,,,,,
TXParts,https://txparts.com/,Motorola,https://txparts.com/shop/moto-g-series,4,dom-inspection,Moto G Series,https://txparts.com/shop/moto-g-series,1,dom-inspection,G 5G (XT2213 / 2022),https://txparts.com/shop/g-5g-xt2213-2022,57,0,57,3,dom-inspection,,https://txparts.com/shop/g-5g-xt2213-2022,False,False,2026-09-07T04:48:31+00:00,,,,,
TXParts,https://txparts.com/,Motorola,https://txparts.com/shop/moto-g-series,4,dom-inspection,Moto G Series,https://txparts.com/shop/moto-g-series,1,dom-inspection,G Stylus 5G (XT2215 / 2022),https://txparts.com/shop/g-stylus-5g-xt2215-2022,58,0,58,3,dom-inspection,,https://txparts.com/shop/g-stylus-5g-xt2215-2022,False,False,2026-09-07T04:48:31+00:00,,,,,
TXParts,https://txparts.com/,Motorola,https://txparts.com/shop/moto-g-series,4,dom-inspection,Moto G Series,https://txparts.com/shop/moto-g-series,1,dom-inspection,G Stylus 4G (XT2211 / 2022),https://txparts.com/shop/g-stylus-4g-xt2211-2022,59,0,59,3,dom-inspection,,https://txparts.com/shop/g-stylus-4g-xt2211-2022,False,False,2026-09-07T04:48:31+00:00,,,,,
TXParts,https://txparts.com/,Motorola,https://txparts.com/shop/moto-g-series,4,dom-inspection,Moto G Series,https://txparts.com/shop/moto-g-series,1,dom-inspection,G Pure (XT2163/2021),https://txparts.com/shop/g-pure-xt21632021,60,0,60,3,dom-inspection,,https://txparts.com/shop/g-pure-xt21632021,False,False,2026-09-07T04:48:31+00:00,,,,,
TXParts,https://txparts.com/,Motorola,https://txparts.com/shop/moto-g-series,4,dom-inspection,Moto G Series,https://txparts.com/shop/moto-g-series,1,dom-inspection,G Stylus 5G (XT2131/2021),https://txparts.com/shop/g-stylus-5g-xt21312021,61,0,61,3,dom-inspection,,https://txparts.com/shop/g-stylus-5g-xt21312021,False,False,2026-09-07T04:48:31+00:00,,,,,
TXParts,https://txparts.com/,Motorola,https://txparts.com/shop/moto-g-series,4,dom-inspection,Moto G Series,https://txparts.com/shop/moto-g-series,1,dom-inspection,G60 (XT2135-1/2021),https://txparts.com/shop/g60-xt2135-12021,62,0,62,3,dom-inspection,,https://txparts.com/shop/g60-xt2135-12021,False,False,2026-09-07T04:48:31+00:00,,,,,
TXParts,https://txparts.com/,Motorola,https://txparts.com/shop/moto-g-series,4,dom-inspection,Moto G Series,https://txparts.com/shop/moto-g-series,1,dom-inspection,G60S (XT2133/2021),https://txparts.com/shop/g60s-xt21332021,63,0,63,3,dom-inspection,,https://txparts.com/shop/g60s-xt21332021,False,False,2026-09-07T04:48:31+00:00,,,,,
TXParts,https://txparts.com/,Motorola,https://txparts.com/shop/moto-g-series,4,dom-inspection,Moto G Series,https://txparts.com/shop/moto-g-series,1,dom-inspection,G51 5g (XT2171/2021),https://txparts.com/shop/g51-5g-xt21712021,64,0,64,3,dom-inspection,,https://txparts.com/shop/g51-5g-xt21712021,False,False,2026-09-07T04:48:31+00:00,,,,,
TXParts,https://txparts.com/,Motorola,https://txparts.com/shop/moto-g-series,4,dom-inspection,Moto G Series,https://txparts.com/shop/moto-g-series,1,dom-inspection,G50 5G (XT2149-1 / 2021),https://txparts.com/shop/g50-5g-xt2149-1-2021,65,0,65,3,dom-inspection,,https://txparts.com/shop/g50-5g-xt2149-1-2021,False,False,2026-09-07T04:48:31+00:00,,,,,
TXParts,https://txparts.com/,Motorola,https://txparts.com/shop/moto-g-series,4,dom-inspection,Moto G Series,https://txparts.com/shop/moto-g-series,1,dom-inspection,G50 (XT2137/2021),https://txparts.com/shop/g50-xt21372021,66,0,66,3,dom-inspection,,https://txparts.com/shop/g50-xt21372021,False,False,2026-09-07T04:48:31+00:00,,,,,
TXParts,https://txparts.com/,Motorola,https://txparts.com/shop/moto-g-series,4,dom-inspection,Moto G Series,https://txparts.com/shop/moto-g-series,1,dom-inspection,G40 FUSION (XT2147-1 / 2021),https://txparts.com/shop/g40-fusion-xt2147-1-2021,67,0,67,3,dom-inspection,,https://txparts.com/shop/g40-fusion-xt2147-1-2021,False,False,2026-09-07T04:48:31+00:00,,,,,
TXParts,https://txparts.com/,Motorola,https://txparts.com/shop/moto-g-series,4,dom-inspection,Moto G Series,https://txparts.com/shop/moto-g-series,1,dom-inspection,G31 (XT2173/2021),https://txparts.com/shop/g31-xt21732021,68,0,68,3,dom-inspection,,https://txparts.com/shop/g31-xt21732021,False,False,2026-09-07T04:48:31+00:00,,,,,
TXParts,https://txparts.com/,Motorola,https://txparts.com/shop/moto-g-series,4,dom-inspection,Moto G Series,https://txparts.com/shop/moto-g-series,1,dom-inspection,G30 (XT2129/2021),https://txparts.com/shop/g30-xt21292021,69,0,69,3,dom-inspection,,https://txparts.com/shop/g30-xt21292021,False,False,2026-09-07T04:48:31+00:00,,,,,
TXParts,https://txparts.com/,Motorola,https://txparts.com/shop/moto-g-series,4,dom-inspection,Moto G Series,https://txparts.com/shop/moto-g-series,1,dom-inspection,G20 (XT2128/2021),https://txparts.com/shop/g20-xt21282021,70,0,70,3,dom-inspection,,https://txparts.com/shop/g20-xt21282021,False,False,2026-09-07T04:48:31+00:00,,,,,
TXParts,https://txparts.com/,Motorola,https://txparts.com/shop/moto-g-series,4,dom-inspection,Moto G Series,https://txparts.com/shop/moto-g-series,1,dom-inspection,G10 Power (XT2127-4/2021),https://txparts.com/shop/g10-power-xt2127-42021,71,0,71,3,dom-inspection,,https://txparts.com/shop/g10-power-xt2127-42021,False,False,2026-09-07T04:48:31+00:00,,,,,
TXParts,https://txparts.com/,Motorola,https://txparts.com/shop/moto-g-series,4,dom-inspection,Moto G Series,https://txparts.com/shop/moto-g-series,1,dom-inspection,G10 (XT2127-2/2021),https://txparts.com/shop/g10-xt2127-22021,72,0,72,3,dom-inspection,,https://txparts.com/shop/g10-xt2127-22021,False,False,2026-09-07T04:48:31+00:00,,,,,
TXParts,https://txparts.com/,Motorola,https://txparts.com/shop/moto-g-series,4,dom-inspection,Moto G Series,https://txparts.com/shop/moto-g-series,1,dom-inspection,Moto G100 (XT2125-4/2021),https://txparts.com/shop/moto-g100-xt2125-42021,73,0,73,3,dom-inspection,,https://txparts.com/shop/moto-g100-xt2125-42021,False,False,2026-09-07T04:48:31+00:00,,,,,
TXParts,https://txparts.com/,Motorola,https://txparts.com/shop/moto-g-series,4,dom-inspection,Moto G Series,https://txparts.com/shop/moto-g-series,1,dom-inspection,G POWER (XT2117/ 2021),https://txparts.com/shop/g-power-xt2117-2021,74,0,74,3,dom-inspection,,https://txparts.com/shop/g-power-xt2117-2021,False,False,2026-09-07T04:48:31+00:00,,,,,
TXParts,https://txparts.com/,Motorola,https://txparts.com/shop/moto-g-series,4,dom-inspection,Moto G Series,https://txparts.com/shop/moto-g-series,1,dom-inspection,"G STYLUS 6.8"" (XT2115 / 2021)",https://txparts.com/shop/g-stylus-68-xt2115-2021,75,0,75,3,dom-inspection,,https://txparts.com/shop/g-stylus-68-xt2115-2021,False,False,2026-09-07T04:48:31+00:00,,,,,
TXParts,https://txparts.com/,Motorola,https://txparts.com/shop/moto-g-series,4,dom-inspection,Moto G Series,https://txparts.com/shop/moto-g-series,1,dom-inspection,G PLAY (XT2093/ 2021),https://txparts.com/shop/g-play-xt2093-2021,76,0,76,3,dom-inspection,,https://txparts.com/shop/g-play-xt2093-2021,False,False,2026-09-07T04:48:31+00:00,,,,,
TXParts,https://txparts.com/,Motorola,https://txparts.com/shop/moto-g-series,4,dom-inspection,Moto G Series,https://txparts.com/shop/moto-g-series,1,dom-inspection,G 5G (XT2113-3 / 2020),https://txparts.com/shop/g-5g-xt2113-3-2020,77,0,77,3,dom-inspection,,https://txparts.com/shop/g-5g-xt2113-3-2020,False,False,2026-09-07T04:48:31+00:00,,,,,
TXParts,https://txparts.com/,Motorola,https://txparts.com/shop/moto-g-series,4,dom-inspection,Moto G Series,https://txparts.com/shop/moto-g-series,1,dom-inspection,G9 POWER (XT2091 / 2020),https://txparts.com/shop/g9-power-xt2091-2020,78,0,78,3,dom-inspection,,https://txparts.com/shop/g9-power-xt2091-2020,False,False,2026-09-07T04:48:31+00:00,,,,,
TXParts,https://txparts.com/,Motorola,https://txparts.com/shop/moto-g-series,4,dom-inspection,Moto G Series,https://txparts.com/shop/moto-g-series,1,dom-inspection,G9 PLUS (XT2087 / 2020),https://txparts.com/shop/g9-plus-xt2087-2020,79,0,79,3,dom-inspection,,https://txparts.com/shop/g9-plus-xt2087-2020,False,False,2026-09-07T04:48:31+00:00,,,,,
TXParts,https://txparts.com/,Motorola,https://txparts.com/shop/moto-g-series,4,dom-inspection,Moto G Series,https://txparts.com/shop/moto-g-series,1,dom-inspection,G9 PLAY (XT2083 / 2020),https://txparts.com/shop/g9-play-xt2083-2020,80,0,80,3,dom-inspection,,https://txparts.com/shop/g9-play-xt2083-2020,False,False,2026-09-07T04:48:31+00:00,,,,,
TXParts,https://txparts.com/,Motorola,https://txparts.com/shop/moto-g-series,4,dom-inspection,Moto G Series,https://txparts.com/shop/moto-g-series,1,dom-inspection,G 5G PLUS (XT2075 / 2020),https://txparts.com/shop/g-5g-plus-xt2075-2020,81,0,81,3,dom-inspection,,https://txparts.com/shop/g-5g-plus-xt2075-2020,False,False,2026-09-07T04:48:31+00:00,,,,,
TXParts,https://txparts.com/,Motorola,https://txparts.com/shop/moto-g-series,4,dom-inspection,Moto G Series,https://txparts.com/shop/moto-g-series,1,dom-inspection,G FAST (XT2045-3 / 2020),https://txparts.com/shop/g-fast-xt2045-3-2020,82,0,82,3,dom-inspection,,https://txparts.com/shop/g-fast-xt2045-3-2020,False,False,2026-09-07T04:48:31+00:00,,,,,
TXParts,https://txparts.com/,Motorola,https://txparts.com/shop/moto-g-series,4,dom-inspection,Moto G Series,https://txparts.com/shop/moto-g-series,1,dom-inspection,"G STYLUS 6.4"" (XT2043 / 2020)",https://txparts.com/shop/g-stylus-64-xt2043-2020,83,0,83,3,dom-inspection,,https://txparts.com/shop/g-stylus-64-xt2043-2020,False,False,2026-09-07T04:48:31+00:00,,,,,
TXParts,https://txparts.com/,Motorola,https://txparts.com/shop/moto-g-series,4,dom-inspection,Moto G Series,https://txparts.com/shop/moto-g-series,1,dom-inspection,G POWER (XT2041-4 / 2020),https://txparts.com/shop/g-power-xt2041-4-2020,84,0,84,3,dom-inspection,,https://txparts.com/shop/g-power-xt2041-4-2020,False,False,2026-09-07T04:48:31+00:00,,,,,
TXParts,https://txparts.com/,Motorola,https://txparts.com/shop/moto-g-series,4,dom-inspection,Moto G Series,https://txparts.com/shop/moto-g-series,1,dom-inspection,G8 POWER LITE (XT2055 / 2020),https://txparts.com/shop/g8-power-lite-xt2055-2020,85,0,85,3,dom-inspection,,https://txparts.com/shop/g8-power-lite-xt2055-2020,False,False,2026-09-07T04:48:31+00:00,,,,,
TXParts,https://txparts.com/,Motorola,https://txparts.com/shop/moto-g-series,4,dom-inspection,Moto G Series,https://txparts.com/shop/moto-g-series,1,dom-inspection,G8 (XT2045-1 / 2020),https://txparts.com/shop/g8-xt2045-1-2020,86,0,86,3,dom-inspection,,https://txparts.com/shop/g8-xt2045-1-2020,False,False,2026-09-07T04:48:31+00:00,,,,,
TXParts,https://txparts.com/,Motorola,https://txparts.com/shop/moto-g-series,4,dom-inspection,Moto G Series,https://txparts.com/shop/moto-g-series,1,dom-inspection,G8 POWER (XT2041 / 2020),https://txparts.com/shop/g8-power-xt2041-2020,87,0,87,3,dom-inspection,,https://txparts.com/shop/g8-power-xt2041-2020,False,False,2026-09-07T04:48:31+00:00,,,,,
TXParts,https://txparts.com/,Motorola,https://txparts.com/shop/moto-g-series,4,dom-inspection,Moto G Series,https://txparts.com/shop/moto-g-series,1,dom-inspection,G8 PLUS (XT2019 / 2019),https://txparts.com/shop/g8-plus-xt2019-2019,88,0,88,3,dom-inspection,,https://txparts.com/shop/g8-plus-xt2019-2019,False,False,2026-09-07T04:48:31+00:00,,,,,
TXParts,https://txparts.com/,Motorola,https://txparts.com/shop/moto-g-series,4,dom-inspection,Moto G Series,https://txparts.com/shop/moto-g-series,1,dom-inspection,G8 PLAY (XT2015 / 2019),https://txparts.com/shop/g8-play-xt2015-2019,89,0,89,3,dom-inspection,,https://txparts.com/shop/g8-play-xt2015-2019,False,False,2026-09-07T04:48:31+00:00,,,,,
TXParts,https://txparts.com/,Motorola,https://txparts.com/shop/moto-g-series,4,dom-inspection,Moto G Series,https://txparts.com/shop/moto-g-series,1,dom-inspection,G7 PLUS (XT1965 / 2019),https://txparts.com/shop/g7-plus-xt1965-2019,90,0,90,3,dom-inspection,,https://txparts.com/shop/g7-plus-xt1965-2019,False,False,2026-09-07T04:48:31+00:00,,,,,
TXParts,https://txparts.com/,Motorola,https://txparts.com/shop/moto-g-series,4,dom-inspection,Moto G Series,https://txparts.com/shop/moto-g-series,1,dom-inspection,G7 (XT1962 / 2019),https://txparts.com/shop/g7-xt1962-2019,91,0,91,3,dom-inspection,,https://txparts.com/shop/g7-xt1962-2019,False,False,2026-09-07T04:48:31+00:00,,,,,
TXParts,https://txparts.com/,Motorola,https://txparts.com/shop/moto-g-series,4,dom-inspection,Moto G Series,https://txparts.com/shop/moto-g-series,1,dom-inspection,G7 POWER (XT1955 / 2019),https://txparts.com/shop/g7-power-xt1955-2019,92,0,92,3,dom-inspection,,https://txparts.com/shop/g7-power-xt1955-2019,False,False,2026-09-07T04:48:31+00:00,,,,,
TXParts,https://txparts.com/,Motorola,https://txparts.com/shop/moto-g-series,4,dom-inspection,Moto G Series,https://txparts.com/shop/moto-g-series,1,dom-inspection,G7 PLAY (XT1952 / 2019),https://txparts.com/shop/g7-play-xt1952-2019,93,0,93,3,dom-inspection,,https://txparts.com/shop/g7-play-xt1952-2019,False,False,2026-09-07T04:48:31+00:00,,,,,
TXParts,https://txparts.com/,Motorola,https://txparts.com/shop/moto-g-series,4,dom-inspection,Moto G Series,https://txparts.com/shop/moto-g-series,1,dom-inspection,G6 PLUS (XT1926 / 2018),https://txparts.com/shop/g6-plus-xt1926-2018,94,0,94,3,dom-inspection,,https://txparts.com/shop/g6-plus-xt1926-2018,False,False,2026-09-07T04:48:31+00:00,,,,,
TXParts,https://txparts.com/,Motorola,https://txparts.com/shop/moto-g-series,4,dom-inspection,Moto G Series,https://txparts.com/shop/moto-g-series,1,dom-inspection,G6 (XT1925 / 2018),https://txparts.com/shop/g6-xt1925-2018,95,0,95,3,dom-inspection,,https://txparts.com/shop/g6-xt1925-2018,False,False,2026-09-07T04:48:31+00:00,,,,,
TXParts,https://txparts.com/,Motorola,https://txparts.com/shop/moto-g-series,4,dom-inspection,Moto G Series,https://txparts.com/shop/moto-g-series,1,dom-inspection,G6 PLAY (XT1922 / 2018),https://txparts.com/shop/g6-play-xt1922-2018,96,0,96,3,dom-inspection,,https://txparts.com/shop/g6-play-xt1922-2018,False,False,2026-09-07T04:48:31+00:00,,,,,
TXParts,https://txparts.com/,Motorola,https://txparts.com/shop/moto-g-series,4,dom-inspection,Moto G Series,https://txparts.com/shop/moto-g-series,1,dom-inspection,G5S PLUS (XT1806 / 2017),https://txparts.com/shop/g5s-plus-xt1806-2017,97,0,97,3,dom-inspection,,https://txparts.com/shop/g5s-plus-xt1806-2017,False,False,2026-09-07T04:48:31+00:00,,,,,
TXParts,https://txparts.com/,Motorola,https://txparts.com/shop/moto-g-series,4,dom-inspection,Moto G Series,https://txparts.com/shop/moto-g-series,1,dom-inspection,G5S (XT1793 / 2017),https://txparts.com/shop/g5s-xt1793-2017,98,0,98,3,dom-inspection,,https://txparts.com/shop/g5s-xt1793-2017,False,False,2026-09-07T04:48:31+00:00,,,,,
TXParts,https://txparts.com/,Motorola,https://txparts.com/shop/moto-g-series,4,dom-inspection,Moto G Series,https://txparts.com/shop/moto-g-series,1,dom-inspection,G5 PLUS (XT1687 / 2017),https://txparts.com/shop/g5-plus-xt1687-2017,99,0,99,3,dom-inspection,,https://txparts.com/shop/g5-plus-xt1687-2017,False,False,2026-09-07T04:48:31+00:00,,,,,
TXParts,https://txparts.com/,Motorola,https://txparts.com/shop/moto-g-series,4,dom-inspection,Moto G Series,https://txparts.com/shop/moto-g-series,1,dom-inspection,G4 PLUS (XT1644 / 2016),https://txparts.com/shop/g4-plus-xt1644-2016,100,0,100,3,dom-inspection,,https://txparts.com/shop/g4-plus-xt1644-2016,False,False,2026-09-07T04:48:31+00:00,,,,,
TXParts,https://txparts.com/,Motorola,https://txparts.com/shop/moto-g-series,4,dom-inspection,Moto G Series,https://txparts.com/shop/moto-g-series,1,dom-inspection,G4 (XT1625 / 2016),https://txparts.com/shop/g4-xt1625-2016,101,0,101,3,dom-inspection,,https://txparts.com/shop/g4-xt1625-2016,False,False,2026-09-07T04:48:31+00:00,,,,,
TXParts,https://txparts.com/,Motorola,https://txparts.com/shop/moto-g-series,4,dom-inspection,Moto G Series,https://txparts.com/shop/moto-g-series,1,dom-inspection,G4 PLAY (XT1607 / 2016),https://txparts.com/shop/g4-play-xt1607-2016,102,0,102,3,dom-inspection,,https://txparts.com/shop/g4-play-xt1607-2016,False,False,2026-09-07T04:48:31+00:00,,,,,
TXParts,https://txparts.com/,Motorola,https://txparts.com/shop/moto-g-series,4,dom-inspection,Moto G Series,https://txparts.com/shop/moto-g-series,1,dom-inspection,G3 (XT1540 / 2015),https://txparts.com/shop/g3-xt1540-2015,103,0,103,3,dom-inspection,,https://txparts.com/shop/g3-xt1540-2015,False,False,2026-09-07T04:48:31+00:00,,,,,
TXParts,https://txparts.com/,Motorola,https://txparts.com/shop/moto-g-series,4,dom-inspection,Moto G Series,https://txparts.com/shop/moto-g-series,1,dom-inspection,G2 (XT1068 / 2014),https://txparts.com/shop/g2-xt1068-2014,104,0,104,3,dom-inspection,,https://txparts.com/shop/g2-xt1068-2014,False,False,2026-09-07T04:48:31+00:00,,,,,
TXParts,https://txparts.com/,Motorola,https://txparts.com/shop/moto-g-series,4,dom-inspection,Moto E SERIES,https://txparts.com/shop/moto-e-series,2,dom-inspection,E15 (XT2523-6 / 2025),https://txparts.com/shop/e15-xt2523-6-2025,1,0,1,3,dom-inspection,,https://txparts.com/shop/e15-xt2523-6-2025,False,False,2026-09-07T04:48:31+00:00,,,,,
TXParts,https://txparts.com/,Motorola,https://txparts.com/shop/moto-g-series,4,dom-inspection,Moto E SERIES,https://txparts.com/shop/moto-e-series,2,dom-inspection,E13 (XT2345 / 2023),https://txparts.com/shop/e13-xt2345-2023,2,0,2,3,dom-inspection,,https://txparts.com/shop/e13-xt2345-2023,False,False,2026-09-07T04:48:31+00:00,,,,,
TXParts,https://txparts.com/,Motorola,https://txparts.com/shop/moto-g-series,4,dom-inspection,Moto E SERIES,https://txparts.com/shop/moto-e-series,2,dom-inspection,E40 (XT2159 / 2021),https://txparts.com/shop/e40-xt2159-2021,3,0,3,3,dom-inspection,,https://txparts.com/shop/e40-xt2159-2021,False,False,2026-09-07T04:48:31+00:00,,,,,
TXParts,https://txparts.com/,Motorola,https://txparts.com/shop/moto-g-series,4,dom-inspection,Moto E SERIES,https://txparts.com/shop/moto-e-series,2,dom-inspection,E32S (XT2229 / 2022),https://txparts.com/shop/e32s-xt2229-2022,4,0,4,3,dom-inspection,,https://txparts.com/shop/e32s-xt2229-2022,False,False,2026-09-07T04:48:31+00:00,,,,,
TXParts,https://txparts.com/,Motorola,https://txparts.com/shop/moto-g-series,4,dom-inspection,Moto E SERIES,https://txparts.com/shop/moto-e-series,2,dom-inspection,E32 (XT2227 / 2022),https://txparts.com/shop/e32-xt2227-2022,5,0,5,3,dom-inspection,,https://txparts.com/shop/e32-xt2227-2022,False,False,2026-09-07T04:48:31+00:00,,,,,
TXParts,https://txparts.com/,Motorola,https://txparts.com/shop/moto-g-series,4,dom-inspection,Moto E SERIES,https://txparts.com/shop/moto-e-series,2,dom-inspection,E7i Power (XT2097-12 / 2021),https://txparts.com/shop/e7i-power-xt2097-12-2021,6,0,6,3,dom-inspection,,https://txparts.com/shop/e7i-power-xt2097-12-2021,False,False,2026-09-07T04:48:31+00:00,,,,,
TXParts,https://txparts.com/,Motorola,https://txparts.com/shop/moto-g-series,4,dom-inspection,Moto E SERIES,https://txparts.com/shop/moto-e-series,2,dom-inspection,E30 (XT2158-6/2021),https://txparts.com/shop/e30-xt2158-62021,7,0,7,3,dom-inspection,,https://txparts.com/shop/e30-xt2158-62021,False,False,2026-09-07T04:48:31+00:00,,,,,
TXParts,https://txparts.com/,Motorola,https://txparts.com/shop/moto-g-series,4,dom-inspection,Moto E SERIES,https://txparts.com/shop/moto-e-series,2,dom-inspection,E20 (XT2155/2021),https://txparts.com/shop/e20-xt21552021,8,0,8,3,dom-inspection,,https://txparts.com/shop/e20-xt21552021,False,False,2026-09-07T04:48:31+00:00,,,,,
TXParts,https://txparts.com/,Motorola,https://txparts.com/shop/moto-g-series,4,dom-inspection,Moto E SERIES,https://txparts.com/shop/moto-e-series,2,dom-inspection,E (XT2052/2020),https://txparts.com/shop/e-xt20522020,9,0,9,3,dom-inspection,,https://txparts.com/shop/e-xt20522020,False,False,2026-09-07T04:48:31+00:00,,,,,
TXParts,https://txparts.com/,Motorola,https://txparts.com/shop/moto-g-series,4,dom-inspection,Moto E SERIES,https://txparts.com/shop/moto-e-series,2,dom-inspection,E7 Plus (XT2081/2020),https://txparts.com/shop/e7-plus-xt20812020,10,0,10,3,dom-inspection,,https://txparts.com/shop/e7-plus-xt20812020,False,False,2026-09-07T04:48:31+00:00,,,,,
TXParts,https://txparts.com/,Motorola,https://txparts.com/shop/moto-g-series,4,dom-inspection,Moto E SERIES,https://txparts.com/shop/moto-e-series,2,dom-inspection,E7 Power (XT2097/2021),https://txparts.com/shop/e7-power-xt20972021,11,0,11,3,dom-inspection,,https://txparts.com/shop/e7-power-xt20972021,False,False,2026-09-07T04:48:31+00:00,,,,,
TXParts,https://txparts.com/,Motorola,https://txparts.com/shop/moto-g-series,4,dom-inspection,Moto E SERIES,https://txparts.com/shop/moto-e-series,2,dom-inspection,E7 (XT2095/2020),https://txparts.com/shop/e7-xt20952020,12,0,12,3,dom-inspection,,https://txparts.com/shop/e7-xt20952020,False,False,2026-09-07T04:48:31+00:00,,,,,
TXParts,https://txparts.com/,Motorola,https://txparts.com/shop/moto-g-series,4,dom-inspection,Moto E SERIES,https://txparts.com/shop/moto-e-series,2,dom-inspection,E6i (XT2053-5/2021),https://txparts.com/shop/e6i-xt2053-52021,13,0,13,3,dom-inspection,,https://txparts.com/shop/e6i-xt2053-52021,False,False,2026-09-07T04:48:31+00:00,,,,,
TXParts,https://txparts.com/,Motorola,https://txparts.com/shop/moto-g-series,4,dom-inspection,Moto E SERIES,https://txparts.com/shop/moto-e-series,2,dom-inspection,E6S (XT2053-1/2020),https://txparts.com/shop/e6s-xt2053-12020,14,0,14,3,dom-inspection,,https://txparts.com/shop/e6s-xt2053-12020,False,False,2026-09-07T04:48:31+00:00,,,,,
TXParts,https://txparts.com/,Motorola,https://txparts.com/shop/moto-g-series,4,dom-inspection,Moto E SERIES,https://txparts.com/shop/moto-e-series,2,dom-inspection,E6 Play (XT2029/2019),https://txparts.com/shop/e6-play-xt20292019,15,0,15,3,dom-inspection,,https://txparts.com/shop/e6-play-xt20292019,False,False,2026-09-07T04:48:31+00:00,,,,,
TXParts,https://txparts.com/,Motorola,https://txparts.com/shop/moto-g-series,4,dom-inspection,Moto E SERIES,https://txparts.com/shop/moto-e-series,2,dom-inspection,E6 Plus (XT2025/2019),https://txparts.com/shop/e6-plus-xt20252019,16,0,16,3,dom-inspection,,https://txparts.com/shop/e6-plus-xt20252019,False,False,2026-09-07T04:48:31+00:00,,,,,
TXParts,https://txparts.com/,Motorola,https://txparts.com/shop/moto-g-series,4,dom-inspection,Moto E SERIES,https://txparts.com/shop/moto-e-series,2,dom-inspection,E6(XT2005/2019),https://txparts.com/shop/e6xt20052019,17,0,17,3,dom-inspection,,https://txparts.com/shop/e6xt20052019,False,False,2026-09-07T04:48:31+00:00,,,,,
TXParts,https://txparts.com/,Motorola,https://txparts.com/shop/moto-g-series,4,dom-inspection,Moto E SERIES,https://txparts.com/shop/moto-e-series,2,dom-inspection,E5 Play Go (XT1921/2018),https://txparts.com/shop/e5-play-go-xt19212018,18,0,18,3,dom-inspection,,https://txparts.com/shop/e5-play-go-xt19212018,False,False,2026-09-07T04:48:31+00:00,,,,,
TXParts,https://txparts.com/,Motorola,https://txparts.com/shop/moto-g-series,4,dom-inspection,Moto E SERIES,https://txparts.com/shop/moto-e-series,2,dom-inspection,E5 (XT1944/2018),https://txparts.com/shop/e5-xt19442018,19,0,19,3,dom-inspection,,https://txparts.com/shop/e5-xt19442018,False,False,2026-09-07T04:48:31+00:00,,,,,
TXParts,https://txparts.com/,Motorola,https://txparts.com/shop/moto-g-series,4,dom-inspection,Moto E SERIES,https://txparts.com/shop/moto-e-series,2,dom-inspection,E5 Plus(XT1924/2018),https://txparts.com/shop/e5-plusxt19242018,20,0,20,3,dom-inspection,,https://txparts.com/shop/e5-plusxt19242018,False,False,2026-09-07T04:48:31+00:00,,,,,
TXParts,https://txparts.com/,Motorola,https://txparts.com/shop/moto-g-series,4,dom-inspection,Moto E SERIES,https://txparts.com/shop/moto-e-series,2,dom-inspection,E5 Play / E5 Cruise (XT1921/2018),https://txparts.com/shop/e5-play-e5-cruise-xt19212018,21,0,21,3,dom-inspection,,https://txparts.com/shop/e5-play-e5-cruise-xt19212018,False,False,2026-09-07T04:48:31+00:00,,,,,
TXParts,https://txparts.com/,Motorola,https://txparts.com/shop/moto-g-series,4,dom-inspection,Moto E SERIES,https://txparts.com/shop/moto-e-series,2,dom-inspection,E4 Plus (XT1774/2017),https://txparts.com/shop/e4-plus-xt17742017,22,0,22,3,dom-inspection,,https://txparts.com/shop/e4-plus-xt17742017,False,False,2026-09-07T04:48:31+00:00,,,,,
TXParts,https://txparts.com/,Motorola,https://txparts.com/shop/moto-g-series,4,dom-inspection,Moto E SERIES,https://txparts.com/shop/moto-e-series,2,dom-inspection,E4 (XT1763/2017),https://txparts.com/shop/e4-xt17632017,23,0,23,3,dom-inspection,,https://txparts.com/shop/e4-xt17632017,False,False,2026-09-07T04:48:31+00:00,,,,,
TXParts,https://txparts.com/,Motorola,https://txparts.com/shop/moto-g-series,4,dom-inspection,Moto E SERIES,https://txparts.com/shop/moto-e-series,2,dom-inspection,E (XT1022/2014),https://txparts.com/shop/e-xt10222014,24,0,24,3,dom-inspection,,https://txparts.com/shop/e-xt10222014,False,False,2026-09-07T04:48:31+00:00,,,,,
TXParts,https://txparts.com/,Motorola,https://txparts.com/shop/moto-g-series,4,dom-inspection,Moto One Series,https://txparts.com/shop/moto-one-series,3,dom-inspection,One 5G Ace (XT2113-1/2/2021),https://txparts.com/shop/one-5g-ace-xt2113-122021,1,0,1,3,dom-inspection,,https://txparts.com/shop/one-5g-ace-xt2113-122021,False,False,2026-09-07T04:48:31+00:00,,,,,
TXParts,https://txparts.com/,Motorola,https://txparts.com/shop/moto-g-series,4,dom-inspection,Moto One Series,https://txparts.com/shop/moto-one-series,3,dom-inspection,One 5g (XT2075-1/2020),https://txparts.com/shop/one-5g-xt2075-12020,2,0,2,3,dom-inspection,,https://txparts.com/shop/one-5g-xt2075-12020,False,False,2026-09-07T04:48:31+00:00,,,,,
TXParts,https://txparts.com/,Motorola,https://txparts.com/shop/moto-g-series,4,dom-inspection,Moto One Series,https://txparts.com/shop/moto-one-series,3,dom-inspection,One Fusion (XT2073/2020),https://txparts.com/shop/one-fusion-xt20732020,3,0,3,3,dom-inspection,,https://txparts.com/shop/one-fusion-xt20732020,False,False,2026-09-07T04:48:31+00:00,,,,,
TXParts,https://txparts.com/,Motorola,https://txparts.com/shop/moto-g-series,4,dom-inspection,Moto One Series,https://txparts.com/shop/moto-one-series,3,dom-inspection,One Fusion Plus (XT2067/2020),https://txparts.com/shop/one-fusion-plus-xt20672020,4,0,4,3,dom-inspection,,https://txparts.com/shop/one-fusion-plus-xt20672020,False,False,2026-09-07T04:48:31+00:00,,,,,
TXParts,https://txparts.com/,Motorola,https://txparts.com/shop/moto-g-series,4,dom-inspection,Moto One Series,https://txparts.com/shop/moto-one-series,3,dom-inspection,One Hyper (XT2027/2019),https://txparts.com/shop/one-hyper-xt20272019,5,0,5,3,dom-inspection,,https://txparts.com/shop/one-hyper-xt20272019,False,False,2026-09-07T04:48:31+00:00,,,,,
TXParts,https://txparts.com/,Motorola,https://txparts.com/shop/moto-g-series,4,dom-inspection,Moto One Series,https://txparts.com/shop/moto-one-series,3,dom-inspection,One Zoom (XT2010/2019),https://txparts.com/shop/one-zoom-xt20102019,6,0,6,3,dom-inspection,,https://txparts.com/shop/one-zoom-xt20102019,False,False,2026-09-07T04:48:31+00:00,,,,,
TXParts,https://txparts.com/,Motorola,https://txparts.com/shop/moto-g-series,4,dom-inspection,Moto One Series,https://txparts.com/shop/moto-one-series,3,dom-inspection,One Macro (XT2016/2019),https://txparts.com/shop/one-macro-xt20162019,7,0,7,3,dom-inspection,,https://txparts.com/shop/one-macro-xt20162019,False,False,2026-09-07T04:48:31+00:00,,,,,
TXParts,https://txparts.com/,Motorola,https://txparts.com/shop/moto-g-series,4,dom-inspection,Moto One Series,https://txparts.com/shop/moto-one-series,3,dom-inspection,One Action (XT2013/2019),https://txparts.com/shop/one-action-xt20132019,8,0,8,3,dom-inspection,,https://txparts.com/shop/one-action-xt20132019,False,False,2026-09-07T04:48:31+00:00,,,,,
TXParts,https://txparts.com/,Motorola,https://txparts.com/shop/moto-g-series,4,dom-inspection,Moto One Series,https://txparts.com/shop/moto-one-series,3,dom-inspection,One Vision Plus (2020),https://txparts.com/shop/one-vision-plus-2020,9,0,9,3,dom-inspection,,https://txparts.com/shop/one-vision-plus-2020,False,False,2026-09-07T04:48:31+00:00,,,,,
TXParts,https://txparts.com/,Motorola,https://txparts.com/shop/moto-g-series,4,dom-inspection,Moto One Series,https://txparts.com/shop/moto-one-series,3,dom-inspection,One Vision / P50(XT1970/2019),https://txparts.com/shop/one-vision-p50xt19702019,10,0,10,3,dom-inspection,,https://txparts.com/shop/one-vision-p50xt19702019,False,False,2026-09-07T04:48:31+00:00,,,,,
TXParts,https://txparts.com/,Motorola,https://txparts.com/shop/moto-g-series,4,dom-inspection,Moto One Series,https://txparts.com/shop/moto-one-series,3,dom-inspection,One Power / P30 Note (XT1942/2018),https://txparts.com/shop/one-power-p30-note-xt19422018,11,0,11,3,dom-inspection,,https://txparts.com/shop/one-power-p30-note-xt19422018,False,False,2026-09-07T04:48:31+00:00,,,,,
TXParts,https://txparts.com/,Motorola,https://txparts.com/shop/moto-g-series,4,dom-inspection,Moto One Series,https://txparts.com/shop/moto-one-series,3,dom-inspection,One / P30 Play (XT1941/2018),https://txparts.com/shop/one-p30-play-xt19412018,12,0,12,3,dom-inspection,,https://txparts.com/shop/one-p30-play-xt19412018,False,False,2026-09-07T04:48:31+00:00,,,,,
TXParts,https://txparts.com/,Motorola,https://txparts.com/shop/moto-g-series,4,dom-inspection,Moto Edge Series,https://txparts.com/shop/moto-edge-series,4,dom-inspection,Edge 70 (XT2601 / 2025),https://txparts.com/shop/edge-70-xt2601-2025,1,0,1,3,dom-inspection,,https://txparts.com/shop/edge-70-xt2601-2025,False,False,2026-09-07T04:48:31+00:00,,,,,
TXParts,https://txparts.com/,Motorola,https://txparts.com/shop/moto-g-series,4,dom-inspection,Moto Edge Series,https://txparts.com/shop/moto-edge-series,4,dom-inspection,Edge 60 Fusion (XT2503 / 2025),https://txparts.com/shop/edge-60-fusion-xt2503-2025,2,0,2,3,dom-inspection,,https://txparts.com/shop/edge-60-fusion-xt2503-2025,False,False,2026-09-07T04:48:31+00:00,,,,,
TXParts,https://txparts.com/,Motorola,https://txparts.com/shop/moto-g-series,4,dom-inspection,Moto Edge Series,https://txparts.com/shop/moto-edge-series,4,dom-inspection,Edge (XT2519 / 2025),https://txparts.com/shop/edge-xt2519-2025,3,0,3,3,dom-inspection,,https://txparts.com/shop/edge-xt2519-2025,False,False,2026-09-07T04:48:31+00:00,,,,,
TXParts,https://txparts.com/,Motorola,https://txparts.com/shop/moto-g-series,4,dom-inspection,Moto Edge Series,https://txparts.com/shop/moto-edge-series,4,dom-inspection,Edge 60 Stylus (XT2517-4 / 2025),https://txparts.com/shop/edge-60-stylus-xt2517-4-2025,4,0,4,3,dom-inspection,,https://txparts.com/shop/edge-60-stylus-xt2517-4-2025,False,False,2026-09-07T04:48:31+00:00,,,,,
TXParts,https://txparts.com/,Motorola,https://txparts.com/shop/moto-g-series,4,dom-inspection,Moto Edge Series,https://txparts.com/shop/moto-edge-series,4,dom-inspection,Edge 60 (XT2505 / 2025),https://txparts.com/shop/edge-60-xt2505-2025,5,0,5,3,dom-inspection,,https://txparts.com/shop/edge-60-xt2505-2025,False,False,2026-09-07T04:48:31+00:00,,,,,
TXParts,https://txparts.com/,Motorola,https://txparts.com/shop/moto-g-series,4,dom-inspection,Moto Edge Series,https://txparts.com/shop/moto-edge-series,4,dom-inspection,Edge 60 Pro (XT2507 / 2025),https://txparts.com/shop/edge-60-pro-xt2507-2025,6,0,6,3,dom-inspection,,https://txparts.com/shop/edge-60-pro-xt2507-2025,False,False,2026-09-07T04:48:31+00:00,,,,,
TXParts,https://txparts.com/,Motorola,https://txparts.com/shop/moto-g-series,4,dom-inspection,Moto Edge Series,https://txparts.com/shop/moto-edge-series,4,dom-inspection,Edge (XT2405 / 2024),https://txparts.com/shop/edge-xt2405-2024,7,0,7,3,dom-inspection,,https://txparts.com/shop/edge-xt2405-2024,False,False,2026-09-07T04:48:31+00:00,,,,,
TXParts,https://txparts.com/,Motorola,https://txparts.com/shop/moto-g-series,4,dom-inspection,Moto Edge Series,https://txparts.com/shop/moto-edge-series,4,dom-inspection,Edge 50 Pro (XT2403 / 2024),https://txparts.com/shop/edge-50-pro-xt2403-2024,8,0,8,3,dom-inspection,,https://txparts.com/shop/edge-50-pro-xt2403-2024,False,False,2026-09-07T04:48:31+00:00,,,,,
TXParts,https://txparts.com/,Motorola,https://txparts.com/shop/moto-g-series,4,dom-inspection,Moto Edge Series,https://txparts.com/shop/moto-edge-series,4,dom-inspection,Edge 50 (XT2407-3 / 2024),https://txparts.com/shop/edge-50-xt2407-3-2024,9,0,9,3,dom-inspection,,https://txparts.com/shop/edge-50-xt2407-3-2024,False,False,2026-09-07T04:48:31+00:00,,,,,
TXParts,https://txparts.com/,Motorola,https://txparts.com/shop/moto-g-series,4,dom-inspection,Moto Edge Series,https://txparts.com/shop/moto-edge-series,4,dom-inspection,Edge 50 ultra (XT2401-2 / 2024),https://txparts.com/shop/edge-50-ultra-xt2401-2-2024,10,0,10,3,dom-inspection,,https://txparts.com/shop/edge-50-ultra-xt2401-2-2024,False,False,2026-09-07T04:48:31+00:00,,,,,
TXParts,https://txparts.com/,Motorola,https://txparts.com/shop/moto-g-series,4,dom-inspection,Moto Edge Series,https://txparts.com/shop/moto-edge-series,4,dom-inspection,Edge 50 Fusion 5G (XT2429 / 2024),https://txparts.com/shop/edge-50-fusion-5g-xt2429-2024,11,0,11,3,dom-inspection,,https://txparts.com/shop/edge-50-fusion-5g-xt2429-2024,False,False,2026-09-07T04:48:31+00:00,,,,,
TXParts,https://txparts.com/,Motorola,https://txparts.com/shop/moto-g-series,4,dom-inspection,Moto Edge Series,https://txparts.com/shop/moto-edge-series,4,dom-inspection,Edge 50 Neo (XT2409 / 2024),https://txparts.com/shop/edge-50-neo-xt2409-2024,12,0,12,3,dom-inspection,,https://txparts.com/shop/edge-50-neo-xt2409-2024,False,False,2026-09-07T04:48:31+00:00,,,,,
TXParts,https://txparts.com/,Motorola,https://txparts.com/shop/moto-g-series,4,dom-inspection,Moto Edge Series,https://txparts.com/shop/moto-edge-series,4,dom-inspection,Edge 40 Neo (XT2307-1 / 2023),https://txparts.com/shop/edge-40-neo-xt2307-1-2023,13,0,13,3,dom-inspection,,https://txparts.com/shop/edge-40-neo-xt2307-1-2023,False,False,2026-09-07T04:48:31+00:00,,,,,
TXParts,https://txparts.com/,Motorola,https://txparts.com/shop/moto-g-series,4,dom-inspection,Moto Edge Series,https://txparts.com/shop/moto-edge-series,4,dom-inspection,Edge (XT2305 / 2023),https://txparts.com/shop/edge-xt2305-2023,14,0,14,3,dom-inspection,,https://txparts.com/shop/edge-xt2305-2023,False,False,2026-09-07T04:48:31+00:00,,,,,
TXParts,https://txparts.com/,Motorola,https://txparts.com/shop/moto-g-series,4,dom-inspection,Moto Edge Series,https://txparts.com/shop/moto-edge-series,4,dom-inspection,Edge X40 5G (XT2301-5 / 2023),https://txparts.com/shop/edge-x40-5g-xt2301-5-2023,15,0,15,3,dom-inspection,,https://txparts.com/shop/edge-x40-5g-xt2301-5-2023,False,False,2026-09-07T04:48:31+00:00,,,,,
TXParts,https://txparts.com/,Motorola,https://txparts.com/shop/moto-g-series,4,dom-inspection,Moto Edge Series,https://txparts.com/shop/moto-edge-series,4,dom-inspection,Edge 40 Pro (XT2301-4 / 2023)',https://txparts.com/shop/edge-40-pro-xt2301-4-2023,16,0,16,3,dom-inspection,,https://txparts.com/shop/edge-40-pro-xt2301-4-2023,False,False,2026-09-07T04:48:31+00:00,,,,,
TXParts,https://txparts.com/,Motorola,https://txparts.com/shop/moto-g-series,4,dom-inspection,Moto Edge Series,https://txparts.com/shop/moto-edge-series,4,dom-inspection,Edge 40 (XT2303-2 / 2023)',https://txparts.com/shop/edge-40-xt2303-2-2023,17,0,17,3,dom-inspection,,https://txparts.com/shop/edge-40-xt2303-2-2023,False,False,2026-09-07T04:48:31+00:00,,,,,
TXParts,https://txparts.com/,Motorola,https://txparts.com/shop/moto-g-series,4,dom-inspection,Moto Edge Series,https://txparts.com/shop/moto-edge-series,4,dom-inspection,Edge Plus (XT2301-1 / 2023),https://txparts.com/shop/edge-plus-xt2301-1-2023,18,0,18,3,dom-inspection,,https://txparts.com/shop/edge-plus-xt2301-1-2023,False,False,2026-09-07T04:48:31+00:00,,,,,
TXParts,https://txparts.com/,Motorola,https://txparts.com/shop/moto-g-series,4,dom-inspection,Moto Edge Series,https://txparts.com/shop/moto-edge-series,4,dom-inspection,Edge (XT2205-1 / 2022),https://txparts.com/shop/edge-xt2205-1-2022,19,0,19,3,dom-inspection,,https://txparts.com/shop/edge-xt2205-1-2022,False,False,2026-09-07T04:48:31+00:00,,,,,
TXParts,https://txparts.com/,Motorola,https://txparts.com/shop/moto-g-series,4,dom-inspection,Moto Edge Series,https://txparts.com/shop/moto-edge-series,4,dom-inspection,Edge Plus (XT2201-4 / 2022),https://txparts.com/shop/edge-plus-xt2201-4-2022,20,0,20,3,dom-inspection,,https://txparts.com/shop/edge-plus-xt2201-4-2022,False,False,2026-09-07T04:48:31+00:00,,,,,
TXParts,https://txparts.com/,Motorola,https://txparts.com/shop/moto-g-series,4,dom-inspection,Moto Edge Series,https://txparts.com/shop/moto-edge-series,4,dom-inspection,Edge 30 Neo (XT2245-1 / 2022),https://txparts.com/shop/edge-30-neo-xt2245-1-2022,21,0,21,3,dom-inspection,,https://txparts.com/shop/edge-30-neo-xt2245-1-2022,False,False,2026-09-07T04:48:31+00:00,,,,,
TXParts,https://txparts.com/,Motorola,https://txparts.com/shop/moto-g-series,4,dom-inspection,Moto Edge Series,https://txparts.com/shop/moto-edge-series,4,dom-inspection,Edge 30 Ultra (XT2201 / 2022),https://txparts.com/shop/edge-30-ultra-xt2201-2022,22,0,22,3,dom-inspection,,https://txparts.com/shop/edge-30-ultra-xt2201-2022,False,False,2026-09-07T04:48:31+00:00,,,,,
TXParts,https://txparts.com/,Motorola,https://txparts.com/shop/moto-g-series,4,dom-inspection,Moto Edge Series,https://txparts.com/shop/moto-edge-series,4,dom-inspection,Edge 30 Fusion (XT2243 / 2022),https://txparts.com/shop/edge-30-fusion-xt2243-2022,23,0,23,3,dom-inspection,,https://txparts.com/shop/edge-30-fusion-xt2243-2022,False,False,2026-09-07T04:48:31+00:00,,,,,
TXParts,https://txparts.com/,Motorola,https://txparts.com/shop/moto-g-series,4,dom-inspection,Moto Edge Series,https://txparts.com/shop/moto-edge-series,4,dom-inspection,Edge 30 Pro (XT2201-1 / 2022),https://txparts.com/shop/edge-30-pro-xt2201-1-2022,24,0,24,3,dom-inspection,,https://txparts.com/shop/edge-30-pro-xt2201-1-2022,False,False,2026-09-07T04:48:31+00:00,,,,,
TXParts,https://txparts.com/,Motorola,https://txparts.com/shop/moto-g-series,4,dom-inspection,Moto Edge Series,https://txparts.com/shop/moto-edge-series,4,dom-inspection,Edge 30 (XT2203 / 2022),https://txparts.com/shop/edge-30-xt2203-2022,25,0,25,3,dom-inspection,,https://txparts.com/shop/edge-30-xt2203-2022,False,False,2026-09-07T04:48:31+00:00,,,,,
TXParts,https://txparts.com/,Motorola,https://txparts.com/shop/moto-g-series,4,dom-inspection,Moto Edge Series,https://txparts.com/shop/moto-edge-series,4,dom-inspection,Edge S30 (XT2175 / 2021),https://txparts.com/shop/edge-s30-xt2175-2021,26,0,26,3,dom-inspection,,https://txparts.com/shop/edge-s30-xt2175-2021,False,False,2026-09-07T04:48:31+00:00,,,,,
TXParts,https://txparts.com/,Motorola,https://txparts.com/shop/moto-g-series,4,dom-inspection,Moto Edge Series,https://txparts.com/shop/moto-edge-series,4,dom-inspection,Edge X30 5G (XT2201-2/6 / 2021),https://txparts.com/shop/edge-x30-5g-xt2201-26-2021,27,0,27,3,dom-inspection,,https://txparts.com/shop/edge-x30-5g-xt2201-26-2021,False,False,2026-09-07T04:48:31+00:00,,,,,
TXParts,https://txparts.com/,Motorola,https://txparts.com/shop/moto-g-series,4,dom-inspection,Moto Edge Series,https://txparts.com/shop/moto-edge-series,4,dom-inspection,Edge 5G (XT2141 / 2021),https://txparts.com/shop/edge-5g-xt2141-2021,28,0,28,3,dom-inspection,,https://txparts.com/shop/edge-5g-xt2141-2021,False,False,2026-09-07T04:48:31+00:00,,,,,
TXParts,https://txparts.com/,Motorola,https://txparts.com/shop/moto-g-series,4,dom-inspection,Moto Edge Series,https://txparts.com/shop/moto-edge-series,4,dom-inspection,Edge 20 Fusion (XT2139-2 / 2021),https://txparts.com/shop/edge-20-fusion-xt2139-2-2021,29,0,29,3,dom-inspection,,https://txparts.com/shop/edge-20-fusion-xt2139-2-2021,False,False,2026-09-07T04:48:31+00:00,,,,,
TXParts,https://txparts.com/,Motorola,https://txparts.com/shop/moto-g-series,4,dom-inspection,Moto Edge Series,https://txparts.com/shop/moto-edge-series,4,dom-inspection,Edge 20 Pro (XT2153-1 / 2021),https://txparts.com/shop/edge-20-pro-xt2153-1-2021,30,0,30,3,dom-inspection,,https://txparts.com/shop/edge-20-pro-xt2153-1-2021,False,False,2026-09-07T04:48:31+00:00,,,,,
TXParts,https://txparts.com/,Motorola,https://txparts.com/shop/moto-g-series,4,dom-inspection,Moto Edge Series,https://txparts.com/shop/moto-edge-series,4,dom-inspection,Edge 20 Lite (XT2139-1 / 2021),https://txparts.com/shop/edge-20-lite-xt2139-1-2021,31,0,31,3,dom-inspection,,https://txparts.com/shop/edge-20-lite-xt2139-1-2021,False,False,2026-09-07T04:48:31+00:00,,,,,
TXParts,https://txparts.com/,Motorola,https://txparts.com/shop/moto-g-series,4,dom-inspection,Moto Edge Series,https://txparts.com/shop/moto-edge-series,4,dom-inspection,Edge 20 (XT2143 / 2021),https://txparts.com/shop/edge-20-xt2143-2021,32,0,32,3,dom-inspection,,https://txparts.com/shop/edge-20-xt2143-2021,False,False,2026-09-07T04:48:31+00:00,,,,,
TXParts,https://txparts.com/,Motorola,https://txparts.com/shop/moto-g-series,4,dom-inspection,Moto Edge Series,https://txparts.com/shop/moto-edge-series,4,dom-inspection,Edge Plus (XT2061 / 2020),https://txparts.com/shop/edge-plus-xt2061-2020,33,0,33,3,dom-inspection,,https://txparts.com/shop/edge-plus-xt2061-2020,False,False,2026-09-07T04:48:31+00:00,,,,,
TXParts,https://txparts.com/,Motorola,https://txparts.com/shop/moto-g-series,4,dom-inspection,Moto Edge Series,https://txparts.com/shop/moto-edge-series,4,dom-inspection,Edge 5G (XT2063 / 2020),https://txparts.com/shop/edge-5g-xt2063-2020,34,0,34,3,dom-inspection,,https://txparts.com/shop/edge-5g-xt2063-2020,False,False,2026-09-07T04:48:31+00:00,,,,,
TXParts,https://txparts.com/,Motorola,https://txparts.com/shop/moto-g-series,4,dom-inspection,Moto Z Series,https://txparts.com/shop/moto-z-series,5,dom-inspection,Moto Z4 (XT1980/2019),https://txparts.com/shop/moto-z4-xt19802019,1,0,1,3,dom-inspection,,https://txparts.com/shop/moto-z4-xt19802019,False,False,2026-09-07T04:48:31+00:00,,,,,
TXParts,https://txparts.com/,Motorola,https://txparts.com/shop/moto-g-series,4,dom-inspection,Moto Z Series,https://txparts.com/shop/moto-z-series,5,dom-inspection,Moto Z3 Play (XT1929/2018),https://txparts.com/shop/moto-z3-play-xt19292018,2,0,2,3,dom-inspection,,https://txparts.com/shop/moto-z3-play-xt19292018,False,False,2026-09-07T04:48:31+00:00,,,,,
TXParts,https://txparts.com/,Motorola,https://txparts.com/shop/moto-g-series,4,dom-inspection,Moto Z Series,https://txparts.com/shop/moto-z-series,5,dom-inspection,Moto Z2 Force (XT1789/2017),https://txparts.com/shop/moto-z2-force-xt17892017,3,0,3,3,dom-inspection,,https://txparts.com/shop/moto-z2-force-xt17892017,False,False,2026-09-07T04:48:31+00:00,,,,,
TXParts,https://txparts.com/,Motorola,https://txparts.com/shop/moto-g-series,4,dom-inspection,Moto Z Series,https://txparts.com/shop/moto-z-series,5,dom-inspection,Moto Z2 Play (XT1710/2017),https://txparts.com/shop/moto-z2-play-xt17102017,4,0,4,3,dom-inspection,,https://txparts.com/shop/moto-z2-play-xt17102017,False,False,2026-09-07T04:48:31+00:00,,,,,
TXParts,https://txparts.com/,Motorola,https://txparts.com/shop/moto-g-series,4,dom-inspection,Moto Z Series,https://txparts.com/shop/moto-z-series,5,dom-inspection,Moto Z Force Droid (XT1650-02/2016),https://txparts.com/shop/moto-z-force-droid-xt1650-022016,5,0,5,3,dom-inspection,,https://txparts.com/shop/moto-z-force-droid-xt1650-022016,False,False,2026-09-07T04:48:31+00:00,,,,,
TXParts,https://txparts.com/,Motorola,https://txparts.com/shop/moto-g-series,4,dom-inspection,Moto Z Series,https://txparts.com/shop/moto-z-series,5,dom-inspection,Moto Z Droid (XT1650-01/2016),https://txparts.com/shop/moto-z-droid-xt1650-012016,6,0,6,3,dom-inspection,,https://txparts.com/shop/moto-z-droid-xt1650-012016,False,False,2026-09-07T04:48:31+00:00,,,,,
TXParts,https://txparts.com/,Motorola,https://txparts.com/shop/moto-g-series,4,dom-inspection,Moto Z Series,https://txparts.com/shop/moto-z-series,5,dom-inspection,Moto Z Play Droid (XT1635-01/2016),https://txparts.com/shop/moto-z-play-droid-xt1635-012016,7,0,7,3,dom-inspection,,https://txparts.com/shop/moto-z-play-droid-xt1635-012016,False,False,2026-09-07T04:48:31+00:00,,,,,
TXParts,https://txparts.com/,Motorola,https://txparts.com/shop/moto-g-series,4,dom-inspection,Moto X Series,https://txparts.com/shop/moto-x-series,6,dom-inspection,Moto X30 Pro (2022),https://txparts.com/shop/moto-x30-pro-2022,1,0,1,3,dom-inspection,,https://txparts.com/shop/moto-x30-pro-2022,False,False,2026-09-07T04:48:31+00:00,,,,,
TXParts,https://txparts.com/,Motorola,https://txparts.com/shop/moto-g-series,4,dom-inspection,Moto X Series,https://txparts.com/shop/moto-x-series,6,dom-inspection,Moto X4 (XT1900/2017),https://txparts.com/shop/moto-x4-xt19002017,2,0,2,3,dom-inspection,,https://txparts.com/shop/moto-x4-xt19002017,False,False,2026-09-07T04:48:31+00:00,,,,,
TXParts,https://txparts.com/,Motorola,https://txparts.com/shop/moto-g-series,4,dom-inspection,Moto X Series,https://txparts.com/shop/moto-x-series,6,dom-inspection,Moto X2 (XT1096/2014),https://txparts.com/shop/moto-x2-xt10962014,3,0,3,3,dom-inspection,,https://txparts.com/shop/moto-x2-xt10962014,False,False,2026-09-07T04:48:31+00:00,,,,,
TXParts,https://txparts.com/,Motorola,https://txparts.com/shop/moto-g-series,4,dom-inspection,Moto X Series,https://txparts.com/shop/moto-x-series,6,dom-inspection,Moto X (XT1060/2013),https://txparts.com/shop/moto-x-xt10602013,4,0,4,3,dom-inspection,,https://txparts.com/shop/moto-x-xt10602013,False,False,2026-09-07T04:48:31+00:00,,,,,
TXParts,https://txparts.com/,Motorola,https://txparts.com/shop/moto-g-series,4,dom-inspection,Moto X Series,https://txparts.com/shop/moto-x-series,6,dom-inspection,Moto X Pure (XT1575/2015),https://txparts.com/shop/moto-x-pure-xt15752015,5,0,5,3,dom-inspection,,https://txparts.com/shop/moto-x-pure-xt15752015,False,False,2026-09-07T04:48:31+00:00,,,,,
TXParts,https://txparts.com/,Motorola,https://txparts.com/shop/moto-g-series,4,dom-inspection,Moto Droid Series,https://txparts.com/shop/moto-droid-series,7,dom-inspection,Droid Turbo 2 (XT1585/2015),https://txparts.com/shop/droid-turbo-2-xt15852015,1,0,1,3,dom-inspection,,https://txparts.com/shop/droid-turbo-2-xt15852015,False,False,2026-09-07T04:48:31+00:00,,,,,
TXParts,https://txparts.com/,Motorola,https://txparts.com/shop/moto-g-series,4,dom-inspection,Moto Droid Series,https://txparts.com/shop/moto-droid-series,7,dom-inspection,Droid Maxx 2 (XT1565/2015),https://txparts.com/shop/droid-maxx-2-xt15652015,2,0,2,3,dom-inspection,,https://txparts.com/shop/droid-maxx-2-xt15652015,False,False,2026-09-07T04:48:31+00:00,,,,,
TXParts,https://txparts.com/,Motorola,https://txparts.com/shop/moto-g-series,4,dom-inspection,Moto Droid Series,https://txparts.com/shop/moto-droid-series,7,dom-inspection,Droid Turbo (XT1254/2014),https://txparts.com/shop/droid-turbo-xt12542014,3,0,3,3,dom-inspection,,https://txparts.com/shop/droid-turbo-xt12542014,False,False,2026-09-07T04:48:31+00:00,,,,,
TXParts,https://txparts.com/,Motorola,https://txparts.com/shop/moto-g-series,4,dom-inspection,Moto Droid Series,https://txparts.com/shop/moto-droid-series,7,dom-inspection,Droid Ultra Maxx (XT1080/2013),https://txparts.com/shop/droid-ultra-maxx-xt10802013,4,0,4,3,dom-inspection,,https://txparts.com/shop/droid-ultra-maxx-xt10802013,False,False,2026-09-07T04:48:31+00:00,,,,,
TXParts,https://txparts.com/,Motorola,https://txparts.com/shop/moto-g-series,4,dom-inspection,Moto Droid Series,https://txparts.com/shop/moto-droid-series,7,dom-inspection,Droid Mini (XT1030/2013),https://txparts.com/shop/droid-mini-xt10302013,5,0,5,3,dom-inspection,,https://txparts.com/shop/droid-mini-xt10302013,False,False,2026-09-07T04:48:31+00:00,,,,,
TXParts,https://txparts.com/,Motorola,https://txparts.com/shop/moto-g-series,4,dom-inspection,Moto Razr Series,https://txparts.com/shop/moto-razr-series,8,dom-inspection,Razr Plus / Razr 60 Ultra (XT2551 / 2025),https://txparts.com/shop/razr-plus-razr-60-ultra-xt2551-2025,1,0,1,3,dom-inspection,,https://txparts.com/shop/razr-plus-razr-60-ultra-xt2551-2025,False,False,2026-09-07T04:48:31+00:00,,,,,
TXParts,https://txparts.com/,Motorola,https://txparts.com/shop/moto-g-series,4,dom-inspection,Moto Razr Series,https://txparts.com/shop/moto-razr-series,8,dom-inspection,Razr / Razr 60 (XT2553 / 2025),https://txparts.com/shop/razr-razr-60-xt2553-2025,2,0,2,3,dom-inspection,,https://txparts.com/shop/razr-razr-60-xt2553-2025,False,False,2026-09-07T04:48:31+00:00,,,,,
TXParts,https://txparts.com/,Motorola,https://txparts.com/shop/moto-g-series,4,dom-inspection,Moto Razr Series,https://txparts.com/shop/moto-razr-series,8,dom-inspection,Razr Plus / Razr 50 Ultra (XT2451 / 2024),https://txparts.com/shop/razr-plus-razr-50-ultra-xt2451-2024,3,0,3,3,dom-inspection,,https://txparts.com/shop/razr-plus-razr-50-ultra-xt2451-2024,False,False,2026-09-07T04:48:31+00:00,,,,,
TXParts,https://txparts.com/,Motorola,https://txparts.com/shop/moto-g-series,4,dom-inspection,Moto Razr Series,https://txparts.com/shop/moto-razr-series,8,dom-inspection,Razr / Razr 50 (XT2453 / 2024),https://txparts.com/shop/razr-razr-50-xt2453-2024,4,0,4,3,dom-inspection,,https://txparts.com/shop/razr-razr-50-xt2453-2024,False,False,2026-09-07T04:48:31+00:00,,,,,
TXParts,https://txparts.com/,Motorola,https://txparts.com/shop/moto-g-series,4,dom-inspection,Moto Razr Series,https://txparts.com/shop/moto-razr-series,8,dom-inspection,Razr Plus / Razr 40 Ultra (XT2321 / 2023),https://txparts.com/shop/razr-plus-razr-40-ultra-xt2321-2023,5,0,5,3,dom-inspection,,https://txparts.com/shop/razr-plus-razr-40-ultra-xt2321-2023,False,False,2026-09-07T04:48:31+00:00,,,,,
TXParts,https://txparts.com/,Motorola,https://txparts.com/shop/moto-g-series,4,dom-inspection,Moto Razr Series,https://txparts.com/shop/moto-razr-series,8,dom-inspection,Razr / Razr 40 (XT2323 / 2023),https://txparts.com/shop/razr-razr-40-xt2323-2023,6,0,6,3,dom-inspection,,https://txparts.com/shop/razr-razr-40-xt2323-2023,False,False,2026-09-07T04:48:31+00:00,,,,,
TXParts,https://txparts.com/,Motorola,https://txparts.com/shop/moto-g-series,4,dom-inspection,Moto Razr Series,https://txparts.com/shop/moto-razr-series,8,dom-inspection,Razr 5G (XT2251 / 2022),https://txparts.com/shop/razr-5g-xt2251-2022,7,0,7,3,dom-inspection,,https://txparts.com/shop/razr-5g-xt2251-2022,False,False,2026-09-07T04:48:31+00:00,,,,,
TXParts,https://txparts.com/,Motorola,https://txparts.com/shop/moto-g-series,4,dom-inspection,Moto Razr Series,https://txparts.com/shop/moto-razr-series,8,dom-inspection,Razr 5G (XT2071 / 2020),https://txparts.com/shop/razr-5g-xt2071-2020,8,0,8,3,dom-inspection,,https://txparts.com/shop/razr-5g-xt2071-2020,False,False,2026-09-07T04:48:31+00:00,,,,,
TXParts,https://txparts.com/,Motorola,https://txparts.com/shop/moto-g-series,4,dom-inspection,Moto Razr Series,https://txparts.com/shop/moto-razr-series,8,dom-inspection,Razr (XT2000 / 2019),https://txparts.com/shop/razr-xt2000-2019,9,0,9,3,dom-inspection,,https://txparts.com/shop/razr-xt2000-2019,False,False,2026-09-07T04:48:31+00:00,,,,,
TXParts,https://txparts.com/,Motorola,https://txparts.com/shop/moto-g-series,4,dom-inspection,Moto Other series,https://txparts.com/shop/moto-other-series,9,dom-inspection,Thinkphone,https://txparts.com/shop/thinkphone,1,0,1,3,dom-inspection,,https://txparts.com/shop/thinkphone,False,False,2026-09-07T04:48:31+00:00,,,,,
TXParts,https://txparts.com/,Motorola,https://txparts.com/shop/moto-g-series,4,dom-inspection,Moto Other series,https://txparts.com/shop/moto-other-series,9,dom-inspection,Defy (XT2083/2021),https://txparts.com/shop/defy-xt20832021,2,0,2,3,dom-inspection,,https://txparts.com/shop/defy-xt20832021,False,False,2026-09-07T04:48:31+00:00,,,,,
TXParts,https://txparts.com/,Motorola,https://txparts.com/shop/moto-g-series,4,dom-inspection,Moto Other series,https://txparts.com/shop/moto-other-series,9,dom-inspection,Moto C (XT 1755),https://txparts.com/shop/moto-c-xt-1755,3,0,3,3,dom-inspection,,https://txparts.com/shop/moto-c-xt-1755,False,False,2026-09-07T04:48:31+00:00,,,,,
TXParts,https://txparts.com/,Motorola,https://txparts.com/shop/moto-g-series,4,dom-inspection,Moto Other series,https://txparts.com/shop/moto-other-series,9,dom-inspection,Moto Nexus 6 (XT1100),https://txparts.com/shop/moto-nexus-6-xt1100,4,0,4,3,dom-inspection,,https://txparts.com/shop/moto-nexus-6-xt1100,False,False,2026-09-07T04:48:31+00:00,,,,,
TXParts,https://txparts.com/,Motorola,https://txparts.com/shop/moto-g-series,4,dom-inspection,Moto M series,https://txparts.com/shop/moto-m-series,10,dom-inspection,M (XT1662/2016),https://txparts.com/shop/m-xt16622016,1,0,1,3,dom-inspection,,https://txparts.com/shop/m-xt16622016,False,False,2026-09-07T04:48:31+00:00,,,,,
TXParts,https://txparts.com/,Google,https://txparts.com/shop/10-series,5,dom-inspection,10 Series,https://txparts.com/shop/10-series,1,dom-inspection,Pixel 10 Pro Fold,https://txparts.com/shop/pixel-10-pro-fold,1,0,1,3,dom-inspection,,https://txparts.com/shop/pixel-10-pro-fold,False,False,2026-09-07T04:48:31+00:00,,,,,
TXParts,https://txparts.com/,Google,https://txparts.com/shop/10-series,5,dom-inspection,10 Series,https://txparts.com/shop/10-series,1,dom-inspection,Pixel 10A,https://txparts.com/shop/pixel-10a,2,0,2,3,dom-inspection,,https://txparts.com/shop/pixel-10a,False,False,2026-09-07T04:48:31+00:00,,,,,
TXParts,https://txparts.com/,Google,https://txparts.com/shop/10-series,5,dom-inspection,10 Series,https://txparts.com/shop/10-series,1,dom-inspection,Pixel 10 pro XL,https://txparts.com/shop/pixel-10-pro-xl,3,0,3,3,dom-inspection,,https://txparts.com/shop/pixel-10-pro-xl,False,False,2026-09-07T04:48:31+00:00,,,,,
TXParts,https://txparts.com/,Google,https://txparts.com/shop/10-series,5,dom-inspection,10 Series,https://txparts.com/shop/10-series,1,dom-inspection,Pixel 10 pro,https://txparts.com/shop/pixel-10-pro,4,0,4,3,dom-inspection,,https://txparts.com/shop/pixel-10-pro,False,False,2026-09-07T04:48:31+00:00,,,,,
TXParts,https://txparts.com/,Google,https://txparts.com/shop/10-series,5,dom-inspection,10 Series,https://txparts.com/shop/10-series,1,dom-inspection,Pixel 10,https://txparts.com/shop/pixel-10,5,0,5,3,dom-inspection,,https://txparts.com/shop/pixel-10,False,False,2026-09-07T04:48:31+00:00,,,,,
TXParts,https://txparts.com/,Google,https://txparts.com/shop/10-series,5,dom-inspection,9 Series,https://txparts.com/shop/9-series,2,dom-inspection,Pixel 9A,https://txparts.com/shop/pixel-9a,1,0,1,3,dom-inspection,,https://txparts.com/shop/pixel-9a,False,False,2026-09-07T04:48:31+00:00,,,,,
TXParts,https://txparts.com/,Google,https://txparts.com/shop/10-series,5,dom-inspection,9 Series,https://txparts.com/shop/9-series,2,dom-inspection,Pixel 9 Pro XL,https://txparts.com/shop/pixel-9-pro-xl,2,0,2,3,dom-inspection,,https://txparts.com/shop/pixel-9-pro-xl,False,False,2026-09-07T04:48:31+00:00,,,,,
TXParts,https://txparts.com/,Google,https://txparts.com/shop/10-series,5,dom-inspection,9 Series,https://txparts.com/shop/9-series,2,dom-inspection,Pixel 9 Pro Fold,https://txparts.com/shop/pixel-9-pro-fold,3,0,3,3,dom-inspection,,https://txparts.com/shop/pixel-9-pro-fold,False,False,2026-09-07T04:48:31+00:00,,,,,
TXParts,https://txparts.com/,Google,https://txparts.com/shop/10-series,5,dom-inspection,9 Series,https://txparts.com/shop/9-series,2,dom-inspection,Pixel 9 Pro,https://txparts.com/shop/pixel-9-pro,4,0,4,3,dom-inspection,,https://txparts.com/shop/pixel-9-pro,False,False,2026-09-07T04:48:31+00:00,,,,,
TXParts,https://txparts.com/,Google,https://txparts.com/shop/10-series,5,dom-inspection,9 Series,https://txparts.com/shop/9-series,2,dom-inspection,Pixel 9,https://txparts.com/shop/pixel-9,5,0,5,3,dom-inspection,,https://txparts.com/shop/pixel-9,False,False,2026-09-07T04:48:31+00:00,,,,,
TXParts,https://txparts.com/,Google,https://txparts.com/shop/10-series,5,dom-inspection,8 Series,https://txparts.com/shop/8-series,3,dom-inspection,Pixel 8A,https://txparts.com/shop/pixel-8a,1,0,1,3,dom-inspection,,https://txparts.com/shop/pixel-8a,False,False,2026-09-07T04:48:31+00:00,,,,,
TXParts,https://txparts.com/,Google,https://txparts.com/shop/10-series,5,dom-inspection,8 Series,https://txparts.com/shop/8-series,3,dom-inspection,Pixel 8 Pro,https://txparts.com/shop/pixel-8-pro,2,0,2,3,dom-inspection,,https://txparts.com/shop/pixel-8-pro,False,False,2026-09-07T04:48:31+00:00,,,,,
TXParts,https://txparts.com/,Google,https://txparts.com/shop/10-series,5,dom-inspection,8 Series,https://txparts.com/shop/8-series,3,dom-inspection,Pixel 8,https://txparts.com/shop/pixel-8,3,0,3,3,dom-inspection,,https://txparts.com/shop/pixel-8,False,False,2026-09-07T04:48:31+00:00,,,,,
TXParts,https://txparts.com/,Google,https://txparts.com/shop/10-series,5,dom-inspection,7 Series,https://txparts.com/shop/7-series,4,dom-inspection,Pixel 7A,https://txparts.com/shop/pixel-7a,1,0,1,3,dom-inspection,,https://txparts.com/shop/pixel-7a,False,False,2026-09-07T04:48:31+00:00,,,,,
TXParts,https://txparts.com/,Google,https://txparts.com/shop/10-series,5,dom-inspection,7 Series,https://txparts.com/shop/7-series,4,dom-inspection,Pixel 7 Pro,https://txparts.com/shop/pixel-7-pro,2,0,2,3,dom-inspection,,https://txparts.com/shop/pixel-7-pro,False,False,2026-09-07T04:48:31+00:00,,,,,
TXParts,https://txparts.com/,Google,https://txparts.com/shop/10-series,5,dom-inspection,7 Series,https://txparts.com/shop/7-series,4,dom-inspection,Pixel 7,https://txparts.com/shop/pixel-7,3,0,3,3,dom-inspection,,https://txparts.com/shop/pixel-7,False,False,2026-09-07T04:48:31+00:00,,,,,
TXParts,https://txparts.com/,Google,https://txparts.com/shop/10-series,5,dom-inspection,6 Series,https://txparts.com/shop/6-series,5,dom-inspection,Pixel 6A,https://txparts.com/shop/pixel-6a,1,0,1,3,dom-inspection,,https://txparts.com/shop/pixel-6a,False,False,2026-09-07T04:48:31+00:00,,,,,
TXParts,https://txparts.com/,Google,https://txparts.com/shop/10-series,5,dom-inspection,6 Series,https://txparts.com/shop/6-series,5,dom-inspection,Pixel 6 pro,https://txparts.com/shop/pixel-6-pro,2,0,2,3,dom-inspection,,https://txparts.com/shop/pixel-6-pro,False,False,2026-09-07T04:48:31+00:00,,,,,
TXParts,https://txparts.com/,Google,https://txparts.com/shop/10-series,5,dom-inspection,6 Series,https://txparts.com/shop/6-series,5,dom-inspection,Pixel 6,https://txparts.com/shop/pixel-6,3,0,3,3,dom-inspection,,https://txparts.com/shop/pixel-6,False,False,2026-09-07T04:48:31+00:00,,,,,
TXParts,https://txparts.com/,Google,https://txparts.com/shop/10-series,5,dom-inspection,5 Series,https://txparts.com/shop/5-series,6,dom-inspection,Pixel 5a 5G,https://txparts.com/shop/pixel-5a-5g,1,0,1,3,dom-inspection,,https://txparts.com/shop/pixel-5a-5g,False,False,2026-09-07T04:48:31+00:00,,,,,
TXParts,https://txparts.com/,Google,https://txparts.com/shop/10-series,5,dom-inspection,5 Series,https://txparts.com/shop/5-series,6,dom-inspection,Pixel 5,https://txparts.com/shop/pixel-5,2,0,2,3,dom-inspection,,https://txparts.com/shop/pixel-5,False,False,2026-09-07T04:48:31+00:00,,,,,
TXParts,https://txparts.com/,Google,https://txparts.com/shop/10-series,5,dom-inspection,4 Series,https://txparts.com/shop/4-series,7,dom-inspection,Pixel 4A 5G,https://txparts.com/shop/pixel-4a-5g,1,0,1,3,dom-inspection,,https://txparts.com/shop/pixel-4a-5g,False,False,2026-09-07T04:48:31+00:00,,,,,
TXParts,https://txparts.com/,Google,https://txparts.com/shop/10-series,5,dom-inspection,4 Series,https://txparts.com/shop/4-series,7,dom-inspection,Pixel 4A,https://txparts.com/shop/pixel-4a,2,0,2,3,dom-inspection,,https://txparts.com/shop/pixel-4a,False,False,2026-09-07T04:48:31+00:00,,,,,
TXParts,https://txparts.com/,Google,https://txparts.com/shop/10-series,5,dom-inspection,4 Series,https://txparts.com/shop/4-series,7,dom-inspection,Pixel 4 XL,https://txparts.com/shop/pixel-4-xl,3,0,3,3,dom-inspection,,https://txparts.com/shop/pixel-4-xl,False,False,2026-09-07T04:48:31+00:00,,,,,
TXParts,https://txparts.com/,Google,https://txparts.com/shop/10-series,5,dom-inspection,4 Series,https://txparts.com/shop/4-series,7,dom-inspection,Pixel 4,https://txparts.com/shop/pixel-4,4,0,4,3,dom-inspection,,https://txparts.com/shop/pixel-4,False,False,2026-09-07T04:48:31+00:00,,,,,
TXParts,https://txparts.com/,Google,https://txparts.com/shop/10-series,5,dom-inspection,3 Series,https://txparts.com/shop/3-series,8,dom-inspection,Pixel 3A XL,https://txparts.com/shop/pixel-3a-xl,1,0,1,3,dom-inspection,,https://txparts.com/shop/pixel-3a-xl,False,False,2026-09-07T04:48:31+00:00,,,,,
TXParts,https://txparts.com/,Google,https://txparts.com/shop/10-series,5,dom-inspection,3 Series,https://txparts.com/shop/3-series,8,dom-inspection,Pixel 3A,https://txparts.com/shop/pixel-3a,2,0,2,3,dom-inspection,,https://txparts.com/shop/pixel-3a,False,False,2026-09-07T04:48:31+00:00,,,,,
TXParts,https://txparts.com/,Google,https://txparts.com/shop/10-series,5,dom-inspection,3 Series,https://txparts.com/shop/3-series,8,dom-inspection,Pixel 3XL,https://txparts.com/shop/pixel-3xl,3,0,3,3,dom-inspection,,https://txparts.com/shop/pixel-3xl,False,False,2026-09-07T04:48:31+00:00,,,,,
TXParts,https://txparts.com/,Google,https://txparts.com/shop/10-series,5,dom-inspection,3 Series,https://txparts.com/shop/3-series,8,dom-inspection,Pixel 3,https://txparts.com/shop/pixel-3,4,0,4,3,dom-inspection,,https://txparts.com/shop/pixel-3,False,False,2026-09-07T04:48:31+00:00,,,,,
TXParts,https://txparts.com/,Google,https://txparts.com/shop/10-series,5,dom-inspection,2 Series,https://txparts.com/shop/2-series,9,dom-inspection,Pixel 2XL,https://txparts.com/shop/pixel-2xl,1,0,1,3,dom-inspection,,https://txparts.com/shop/pixel-2xl,False,False,2026-09-07T04:48:31+00:00,,,,,
TXParts,https://txparts.com/,Google,https://txparts.com/shop/10-series,5,dom-inspection,2 Series,https://txparts.com/shop/2-series,9,dom-inspection,Pixel 2,https://txparts.com/shop/pixel-2,2,0,2,3,dom-inspection,,https://txparts.com/shop/pixel-2,False,False,2026-09-07T04:48:31+00:00,,,,,
TXParts,https://txparts.com/,Google,https://txparts.com/shop/10-series,5,dom-inspection,Pixel XL / Pixel,https://txparts.com/shop/pixel-xl-pixel,10,dom-inspection,Google Pixel,https://txparts.com/shop/google-pixel,1,0,1,3,dom-inspection,,https://txparts.com/shop/google-pixel,False,False,2026-09-07T04:48:31+00:00,,,,,
TXParts,https://txparts.com/,Google,https://txparts.com/shop/10-series,5,dom-inspection,Pixel XL / Pixel,https://txparts.com/shop/pixel-xl-pixel,10,dom-inspection,Google Pixel XL,https://txparts.com/shop/google-pixel-xl,2,0,2,3,dom-inspection,,https://txparts.com/shop/google-pixel-xl,False,False,2026-09-07T04:48:31+00:00,,,,,
TXParts,https://txparts.com/,Google,https://txparts.com/shop/10-series,5,dom-inspection,Pixel Watch Series,https://txparts.com/shop/pixel-watch-series,11,dom-inspection,Series 1 (41MM),https://txparts.com/shop/series-1-41mm,1,0,1,3,dom-inspection,,https://txparts.com/shop/series-1-41mm,False,False,2026-09-07T04:48:31+00:00,,,,,
TXParts,https://txparts.com/,Google,https://txparts.com/shop/10-series,5,dom-inspection,Pixel Tablet Series,https://txparts.com/shop/pixel-tablet-series,12,dom-inspection,Pixel Tablet (GTU8P / 2023),https://txparts.com/shop/pixel-tablet-gtu8p-2023,1,0,1,3,dom-inspection,,https://txparts.com/shop/pixel-tablet-gtu8p-2023,False,False,2026-09-07T04:48:31+00:00,,,,,
TXParts,https://txparts.com/,Google,https://txparts.com/shop/10-series,5,dom-inspection,Pixel Book Series,https://txparts.com/shop/pixel-book-series,13,dom-inspection,PixelBook,https://txparts.com/shop/pixelbook,1,0,1,3,dom-inspection,,https://txparts.com/shop/pixelbook,False,False,2026-09-07T04:48:31+00:00,,,,,
TXParts,https://txparts.com/,Google,https://txparts.com/shop/10-series,5,dom-inspection,Pixel Book Series,https://txparts.com/shop/pixel-book-series,13,dom-inspection,PixelBook Go,https://txparts.com/shop/pixelbook-go,2,0,2,3,dom-inspection,,https://txparts.com/shop/pixelbook-go,False,False,2026-09-07T04:48:31+00:00,,,,,
TXParts,https://txparts.com/,OnePlus,https://txparts.com/shop/15-series,6,dom-inspection,15 Series,https://txparts.com/shop/15-series,1,dom-inspection,One Plus 15,https://txparts.com/shop/one-plus-15,1,0,1,3,dom-inspection,,https://txparts.com/shop/one-plus-15,False,False,2026-09-07T04:48:31+00:00,,,,,
TXParts,https://txparts.com/,OnePlus,https://txparts.com/shop/15-series,6,dom-inspection,13 Series,https://txparts.com/shop/13-series,2,dom-inspection,One Plus 13R,https://txparts.com/shop/one-plus-13r,1,0,1,3,dom-inspection,,https://txparts.com/shop/one-plus-13r,False,False,2026-09-07T04:48:31+00:00,,,,,
TXParts,https://txparts.com/,OnePlus,https://txparts.com/shop/15-series,6,dom-inspection,13 Series,https://txparts.com/shop/13-series,2,dom-inspection,One Plus 13 5G,https://txparts.com/shop/one-plus-13-5g,2,0,2,3,dom-inspection,,https://txparts.com/shop/one-plus-13-5g,False,False,2026-09-07T04:48:31+00:00,,,,,
TXParts,https://txparts.com/,OnePlus,https://txparts.com/shop/15-series,6,dom-inspection,12 Series,https://txparts.com/shop/12-series,3,dom-inspection,One Plus 12R,https://txparts.com/shop/one-plus-12r,1,0,1,3,dom-inspection,,https://txparts.com/shop/one-plus-12r,False,False,2026-09-07T04:48:31+00:00,,,,,
TXParts,https://txparts.com/,OnePlus,https://txparts.com/shop/15-series,6,dom-inspection,12 Series,https://txparts.com/shop/12-series,3,dom-inspection,One Plus 12,https://txparts.com/shop/one-plus-12,2,0,2,3,dom-inspection,,https://txparts.com/shop/one-plus-12,False,False,2026-09-07T04:48:31+00:00,,,,,
TXParts,https://txparts.com/,OnePlus,https://txparts.com/shop/15-series,6,dom-inspection,11 Series,https://txparts.com/shop/11-series,4,dom-inspection,One Plus 11,https://txparts.com/shop/one-plus-11,1,0,1,3,dom-inspection,,https://txparts.com/shop/one-plus-11,False,False,2026-09-07T04:48:31+00:00,,,,,
TXParts,https://txparts.com/,OnePlus,https://txparts.com/shop/15-series,6,dom-inspection,10 Series,https://txparts.com/shop/10-series-1,5,dom-inspection,One Plus 10T 5G,https://txparts.com/shop/one-plus-10t-5g,1,0,1,3,dom-inspection,,https://txparts.com/shop/one-plus-10t-5g,False,False,2026-09-07T04:48:31+00:00,,,,,
TXParts,https://txparts.com/,OnePlus,https://txparts.com/shop/15-series,6,dom-inspection,10 Series,https://txparts.com/shop/10-series-1,5,dom-inspection,One Plus 10R 150W,https://txparts.com/shop/one-plus-10r-150w,2,0,2,3,dom-inspection,,https://txparts.com/shop/one-plus-10r-150w,False,False,2026-09-07T04:48:31+00:00,,,,,
TXParts,https://txparts.com/,OnePlus,https://txparts.com/shop/15-series,6,dom-inspection,10 Series,https://txparts.com/shop/10-series-1,5,dom-inspection,One Plus 10R,https://txparts.com/shop/one-plus-10r,3,0,3,3,dom-inspection,,https://txparts.com/shop/one-plus-10r,False,False,2026-09-07T04:48:31+00:00,,,,,
TXParts,https://txparts.com/,OnePlus,https://txparts.com/shop/15-series,6,dom-inspection,10 Series,https://txparts.com/shop/10-series-1,5,dom-inspection,One Plus 10 Pro,https://txparts.com/shop/one-plus-10-pro,4,0,4,3,dom-inspection,,https://txparts.com/shop/one-plus-10-pro,False,False,2026-09-07T04:48:31+00:00,,,,,
TXParts,https://txparts.com/,OnePlus,https://txparts.com/shop/15-series,6,dom-inspection,9 Series,https://txparts.com/shop/9-series-1,6,dom-inspection,One Plus 9 Pro,https://txparts.com/shop/one-plus-9-pro,1,0,1,3,dom-inspection,,https://txparts.com/shop/one-plus-9-pro,False,False,2026-09-07T04:48:31+00:00,,,,,
TXParts,https://txparts.com/,OnePlus,https://txparts.com/shop/15-series,6,dom-inspection,9 Series,https://txparts.com/shop/9-series-1,6,dom-inspection,One Plus 9RT 5G,https://txparts.com/shop/one-plus-9rt-5g,2,0,2,3,dom-inspection,,https://txparts.com/shop/one-plus-9rt-5g,False,False,2026-09-07T04:48:31+00:00,,,,,
TXParts,https://txparts.com/,OnePlus,https://txparts.com/shop/15-series,6,dom-inspection,9 Series,https://txparts.com/shop/9-series-1,6,dom-inspection,One Plus 9R,https://txparts.com/shop/one-plus-9r,3,0,3,3,dom-inspection,,https://txparts.com/shop/one-plus-9r,False,False,2026-09-07T04:48:31+00:00,,,,,
TXParts,https://txparts.com/,OnePlus,https://txparts.com/shop/15-series,6,dom-inspection,9 Series,https://txparts.com/shop/9-series-1,6,dom-inspection,One Plus 9,https://txparts.com/shop/one-plus-9,4,0,4,3,dom-inspection,,https://txparts.com/shop/one-plus-9,False,False,2026-09-07T04:48:31+00:00,,,,,
TXParts,https://txparts.com/,OnePlus,https://txparts.com/shop/15-series,6,dom-inspection,8 Series,https://txparts.com/shop/8-series-1,7,dom-inspection,One Plus 8T,https://txparts.com/shop/one-plus-8t,1,0,1,3,dom-inspection,,https://txparts.com/shop/one-plus-8t,False,False,2026-09-07T04:48:31+00:00,,,,,
TXParts,https://txparts.com/,OnePlus,https://txparts.com/shop/15-series,6,dom-inspection,8 Series,https://txparts.com/shop/8-series-1,7,dom-inspection,One Plus 8 Pro,https://txparts.com/shop/one-plus-8-pro,2,0,2,3,dom-inspection,,https://txparts.com/shop/one-plus-8-pro,False,False,2026-09-07T04:48:31+00:00,,,,,
TXParts,https://txparts.com/,OnePlus,https://txparts.com/shop/15-series,6,dom-inspection,8 Series,https://txparts.com/shop/8-series-1,7,dom-inspection,One Plus 8,https://txparts.com/shop/one-plus-8,3,0,3,3,dom-inspection,,https://txparts.com/shop/one-plus-8,False,False,2026-09-07T04:48:31+00:00,,,,,
TXParts,https://txparts.com/,OnePlus,https://txparts.com/shop/15-series,6,dom-inspection,7 Series,https://txparts.com/shop/7-series-1,8,dom-inspection,One Plus 7T Pro,https://txparts.com/shop/one-plus-7t-pro,1,0,1,3,dom-inspection,,https://txparts.com/shop/one-plus-7t-pro,False,False,2026-09-07T04:48:31+00:00,,,,,
TXParts,https://txparts.com/,OnePlus,https://txparts.com/shop/15-series,6,dom-inspection,7 Series,https://txparts.com/shop/7-series-1,8,dom-inspection,One Plus 7T,https://txparts.com/shop/one-plus-7t,2,0,2,3,dom-inspection,,https://txparts.com/shop/one-plus-7t,False,False,2026-09-07T04:48:31+00:00,,,,,
TXParts,https://txparts.com/,OnePlus,https://txparts.com/shop/15-series,6,dom-inspection,7 Series,https://txparts.com/shop/7-series-1,8,dom-inspection,One Plus 7 Pro,https://txparts.com/shop/one-plus-7-pro,3,0,3,3,dom-inspection,,https://txparts.com/shop/one-plus-7-pro,False,False,2026-09-07T04:48:31+00:00,,,,,
TXParts,https://txparts.com/,OnePlus,https://txparts.com/shop/15-series,6,dom-inspection,7 Series,https://txparts.com/shop/7-series-1,8,dom-inspection,One Plus 7,https://txparts.com/shop/one-plus-7,4,0,4,3,dom-inspection,,https://txparts.com/shop/one-plus-7,False,False,2026-09-07T04:48:31+00:00,,,,,
TXParts,https://txparts.com/,OnePlus,https://txparts.com/shop/15-series,6,dom-inspection,6 Series,https://txparts.com/shop/6-series-1,9,dom-inspection,One Plus 6T,https://txparts.com/shop/one-plus-6t,1,0,1,3,dom-inspection,,https://txparts.com/shop/one-plus-6t,False,False,2026-09-07T04:48:31+00:00,,,,,
TXParts,https://txparts.com/,OnePlus,https://txparts.com/shop/15-series,6,dom-inspection,6 Series,https://txparts.com/shop/6-series-1,9,dom-inspection,One Plus 6,https://txparts.com/shop/one-plus-6,2,0,2,3,dom-inspection,,https://txparts.com/shop/one-plus-6,False,False,2026-09-07T04:48:31+00:00,,,,,
TXParts,https://txparts.com/,OnePlus,https://txparts.com/shop/15-series,6,dom-inspection,5 Series,https://txparts.com/shop/5-series-1,10,dom-inspection,One Plus 5T,https://txparts.com/shop/one-plus-5t,1,0,1,3,dom-inspection,,https://txparts.com/shop/one-plus-5t,False,False,2026-09-07T04:48:31+00:00,,,,,
TXParts,https://txparts.com/,OnePlus,https://txparts.com/shop/15-series,6,dom-inspection,5 Series,https://txparts.com/shop/5-series-1,10,dom-inspection,One Plus 5,https://txparts.com/shop/one-plus-5,2,0,2,3,dom-inspection,,https://txparts.com/shop/one-plus-5,False,False,2026-09-07T04:48:31+00:00,,,,,
TXParts,https://txparts.com/,OnePlus,https://txparts.com/shop/15-series,6,dom-inspection,3 Series,https://txparts.com/shop/3-series-1,11,dom-inspection,One Plus 3,https://txparts.com/shop/one-plus-3,1,0,1,3,dom-inspection,,https://txparts.com/shop/one-plus-3,False,False,2026-09-07T04:48:31+00:00,,,,,
TXParts,https://txparts.com/,OnePlus,https://txparts.com/shop/15-series,6,dom-inspection,One plus Ace Series,https://txparts.com/shop/one-plus-ace-series,12,dom-inspection,One plus Ace 5 Pro,https://txparts.com/shop/one-plus-ace-5-pro,1,0,1,3,dom-inspection,,https://txparts.com/shop/one-plus-ace-5-pro,False,False,2026-09-07T04:48:31+00:00,,,,,
TXParts,https://txparts.com/,OnePlus,https://txparts.com/shop/15-series,6,dom-inspection,One plus Ace Series,https://txparts.com/shop/one-plus-ace-series,12,dom-inspection,One plus Ace 5 5G,https://txparts.com/shop/one-plus-ace-5-5g,2,0,2,3,dom-inspection,,https://txparts.com/shop/one-plus-ace-5-5g,False,False,2026-09-07T04:48:31+00:00,,,,,
TXParts,https://txparts.com/,OnePlus,https://txparts.com/shop/15-series,6,dom-inspection,One plus Ace Series,https://txparts.com/shop/one-plus-ace-series,12,dom-inspection,One Plus ACE,https://txparts.com/shop/one-plus-ace,3,0,3,3,dom-inspection,,https://txparts.com/shop/one-plus-ace,False,False,2026-09-07T04:48:31+00:00,,,,,
TXParts,https://txparts.com/,OnePlus,https://txparts.com/shop/15-series,6,dom-inspection,One Plus Series,https://txparts.com/shop/one-plus-series,13,dom-inspection,One Plus 2,https://txparts.com/shop/one-plus-2,1,0,1,3,dom-inspection,,https://txparts.com/shop/one-plus-2,False,False,2026-09-07T04:48:31+00:00,,,,,
TXParts,https://txparts.com/,OnePlus,https://txparts.com/shop/15-series,6,dom-inspection,One Plus Series,https://txparts.com/shop/one-plus-series,13,dom-inspection,One Plus 1,https://txparts.com/shop/one-plus-1,2,0,2,3,dom-inspection,,https://txparts.com/shop/one-plus-1,False,False,2026-09-07T04:48:31+00:00,,,,,
TXParts,https://txparts.com/,OnePlus,https://txparts.com/shop/15-series,6,dom-inspection,One Plus Series,https://txparts.com/shop/one-plus-series,13,dom-inspection,One Plus X,https://txparts.com/shop/one-plus-x,3,0,3,3,dom-inspection,,https://txparts.com/shop/one-plus-x,False,False,2026-09-07T04:48:31+00:00,,,,,
TXParts,https://txparts.com/,OnePlus,https://txparts.com/shop/15-series,6,dom-inspection,One plus N Series,https://txparts.com/shop/one-plus-n-series,14,dom-inspection,Nord N300 5g,https://txparts.com/shop/nord-n300-5g,1,0,1,3,dom-inspection,,https://txparts.com/shop/nord-n300-5g,False,False,2026-09-07T04:48:31+00:00,,,,,
TXParts,https://txparts.com/,OnePlus,https://txparts.com/shop/15-series,6,dom-inspection,One plus N Series,https://txparts.com/shop/one-plus-n-series,14,dom-inspection,Nord N30,https://txparts.com/shop/nord-n30,2,0,2,3,dom-inspection,,https://txparts.com/shop/nord-n30,False,False,2026-09-07T04:48:31+00:00,,,,,
TXParts,https://txparts.com/,OnePlus,https://txparts.com/shop/15-series,6,dom-inspection,One plus N Series,https://txparts.com/shop/one-plus-n-series,14,dom-inspection,Nord CE 2 Lite 5G,https://txparts.com/shop/nord-ce-2-lite-5g,3,0,3,3,dom-inspection,,https://txparts.com/shop/nord-ce-2-lite-5g,False,False,2026-09-07T04:48:31+00:00,,,,,
TXParts,https://txparts.com/,OnePlus,https://txparts.com/shop/15-series,6,dom-inspection,One plus N Series,https://txparts.com/shop/one-plus-n-series,14,dom-inspection,Nord CE 2 5G,https://txparts.com/shop/nord-ce-2-5g,4,0,4,3,dom-inspection,,https://txparts.com/shop/nord-ce-2-5g,False,False,2026-09-07T04:48:31+00:00,,,,,
TXParts,https://txparts.com/,OnePlus,https://txparts.com/shop/15-series,6,dom-inspection,One plus N Series,https://txparts.com/shop/one-plus-n-series,14,dom-inspection,Nord CE 5G,https://txparts.com/shop/nord-ce-5g,5,0,5,3,dom-inspection,,https://txparts.com/shop/nord-ce-5g,False,False,2026-09-07T04:48:31+00:00,,,,,
TXParts,https://txparts.com/,OnePlus,https://txparts.com/shop/15-series,6,dom-inspection,One plus N Series,https://txparts.com/shop/one-plus-n-series,14,dom-inspection,Nord N20 5g,https://txparts.com/shop/nord-n20-5g,6,0,6,3,dom-inspection,,https://txparts.com/shop/nord-n20-5g,False,False,2026-09-07T04:48:31+00:00,,,,,
TXParts,https://txparts.com/,OnePlus,https://txparts.com/shop/15-series,6,dom-inspection,One plus N Series,https://txparts.com/shop/one-plus-n-series,14,dom-inspection,Nord N20 SE,https://txparts.com/shop/nord-n20-se,7,0,7,3,dom-inspection,,https://txparts.com/shop/nord-n20-se,False,False,2026-09-07T04:48:31+00:00,,,,,
TXParts,https://txparts.com/,OnePlus,https://txparts.com/shop/15-series,6,dom-inspection,One plus N Series,https://txparts.com/shop/one-plus-n-series,14,dom-inspection,Nord N200 5g,https://txparts.com/shop/nord-n200-5g,8,0,8,3,dom-inspection,,https://txparts.com/shop/nord-n200-5g,False,False,2026-09-07T04:48:31+00:00,,,,,
TXParts,https://txparts.com/,OnePlus,https://txparts.com/shop/15-series,6,dom-inspection,One plus N Series,https://txparts.com/shop/one-plus-n-series,14,dom-inspection,Nord 2T,https://txparts.com/shop/nord-2t,9,0,9,3,dom-inspection,,https://txparts.com/shop/nord-2t,False,False,2026-09-07T04:48:31+00:00,,,,,
TXParts,https://txparts.com/,OnePlus,https://txparts.com/shop/15-series,6,dom-inspection,One plus N Series,https://txparts.com/shop/one-plus-n-series,14,dom-inspection,Nord 2 5G,https://txparts.com/shop/nord-2-5g,10,0,10,3,dom-inspection,,https://txparts.com/shop/nord-2-5g,False,False,2026-09-07T04:48:31+00:00,,,,,
TXParts,https://txparts.com/,OnePlus,https://txparts.com/shop/15-series,6,dom-inspection,One plus N Series,https://txparts.com/shop/one-plus-n-series,14,dom-inspection,Nord N100,https://txparts.com/shop/nord-n100,11,0,11,3,dom-inspection,,https://txparts.com/shop/nord-n100,False,False,2026-09-07T04:48:31+00:00,,,,,
TXParts,https://txparts.com/,OnePlus,https://txparts.com/shop/15-series,6,dom-inspection,One plus N Series,https://txparts.com/shop/one-plus-n-series,14,dom-inspection,Nord N10 5g,https://txparts.com/shop/nord-n10-5g,12,0,12,3,dom-inspection,,https://txparts.com/shop/nord-n10-5g,False,False,2026-09-07T04:48:31+00:00,,,,,
TXParts,https://txparts.com/,OnePlus,https://txparts.com/shop/15-series,6,dom-inspection,One plus N Series,https://txparts.com/shop/one-plus-n-series,14,dom-inspection,Nord 5G,https://txparts.com/shop/nord-5g,13,0,13,3,dom-inspection,,https://txparts.com/shop/nord-5g,False,False,2026-09-07T04:48:31+00:00,,,,,
TXParts,https://txparts.com/,OnePlus,https://txparts.com/shop/15-series,6,dom-inspection,One Plus Pad Series,https://txparts.com/shop/one-plus-pad-series,15,dom-inspection,One Plus Pad Pro,https://txparts.com/shop/one-plus-pad-pro,1,0,1,3,dom-inspection,,https://txparts.com/shop/one-plus-pad-pro,False,False,2026-09-07T04:48:31+00:00,,,,,
TXParts,https://txparts.com/,OnePlus,https://txparts.com/shop/15-series,6,dom-inspection,Open series,https://txparts.com/shop/open-series,16,dom-inspection,One plus open 5G,https://txparts.com/shop/one-plus-open-5g,1,0,1,3,dom-inspection,,https://txparts.com/shop/one-plus-open-5g,False,False,2026-09-07T04:48:31+00:00,,,,,
TXParts,https://txparts.com/,Other Brands,https://txparts.com/shop/alcatel,7,dom-inspection,Alcatel,https://txparts.com/shop/alcatel,1,dom-inspection,Alcatel 1 Series,https://txparts.com/shop/alcatel-1-series,1,0,1,3,dom-inspection,,https://txparts.com/shop/alcatel-1-series,False,False,2026-09-07T04:48:31+00:00,,,,,
TXParts,https://txparts.com/,Other Brands,https://txparts.com/shop/alcatel,7,dom-inspection,Alcatel,https://txparts.com/shop/alcatel,1,dom-inspection,1S (6025 / 2021),https://txparts.com/shop/1s-6025-2021,2,0,2,3,dom-inspection,,https://txparts.com/shop/1s-6025-2021,False,False,2026-09-07T04:48:31+00:00,,,,,
TXParts,https://txparts.com/,Other Brands,https://txparts.com/shop/alcatel,7,dom-inspection,Alcatel,https://txparts.com/shop/alcatel,1,dom-inspection,1v (5007 / 2020),https://txparts.com/shop/1v-5007-2020,3,0,3,3,dom-inspection,,https://txparts.com/shop/1v-5007-2020,False,False,2026-09-07T04:48:31+00:00,,,,,
TXParts,https://txparts.com/,Other Brands,https://txparts.com/shop/alcatel,7,dom-inspection,Alcatel,https://txparts.com/shop/alcatel,1,dom-inspection,1se (5030 / 2020),https://txparts.com/shop/1se-5030-2020,4,0,4,3,dom-inspection,,https://txparts.com/shop/1se-5030-2020,False,False,2026-09-07T04:48:31+00:00,,,,,
TXParts,https://txparts.com/,Other Brands,https://txparts.com/shop/alcatel,7,dom-inspection,Alcatel,https://txparts.com/shop/alcatel,1,dom-inspection,1s (5028 / 2020),https://txparts.com/shop/1s-5028-2020,5,0,5,3,dom-inspection,,https://txparts.com/shop/1s-5028-2020,False,False,2026-09-07T04:48:31+00:00,,,,,
TXParts,https://txparts.com/,Other Brands,https://txparts.com/shop/alcatel,7,dom-inspection,Alcatel,https://txparts.com/shop/alcatel,1,dom-inspection,1b (5002 / 2020),https://txparts.com/shop/1b-5002-2020,6,0,6,3,dom-inspection,,https://txparts.com/shop/1b-5002-2020,False,False,2026-09-07T04:48:31+00:00,,,,,
TXParts,https://txparts.com/,Other Brands,https://txparts.com/shop/alcatel,7,dom-inspection,Alcatel,https://txparts.com/shop/alcatel,1,dom-inspection,1x (5008 / 2019),https://txparts.com/shop/1x-5008-2019,7,0,7,3,dom-inspection,,https://txparts.com/shop/1x-5008-2019,False,False,2026-09-07T04:48:31+00:00,,,,,
TXParts,https://txparts.com/,Other Brands,https://txparts.com/shop/alcatel,7,dom-inspection,Alcatel,https://txparts.com/shop/alcatel,1,dom-inspection,1s (5024 / 2019),https://txparts.com/shop/1s-5024-2019,8,0,8,3,dom-inspection,,https://txparts.com/shop/1s-5024-2019,False,False,2026-09-07T04:48:31+00:00,,,,,
TXParts,https://txparts.com/,Other Brands,https://txparts.com/shop/alcatel,7,dom-inspection,Alcatel,https://txparts.com/shop/alcatel,1,dom-inspection,1x (5059 / 2018),https://txparts.com/shop/1x-5059-2018,9,0,9,3,dom-inspection,,https://txparts.com/shop/1x-5059-2018,False,False,2026-09-07T04:48:31+00:00,,,,,
TXParts,https://txparts.com/,Other Brands,https://txparts.com/shop/alcatel,7,dom-inspection,Alcatel,https://txparts.com/shop/alcatel,1,dom-inspection,1 (5033 / 2018),https://txparts.com/shop/1-5033-2018,10,0,10,3,dom-inspection,,https://txparts.com/shop/1-5033-2018,False,False,2026-09-07T04:48:31+00:00,,,,,
TXParts,https://txparts.com/,Other Brands,https://txparts.com/shop/alcatel,7,dom-inspection,Alcatel,https://txparts.com/shop/alcatel,1,dom-inspection,Alcatel 3 Series,https://txparts.com/shop/alcatel-3-series,11,0,11,3,dom-inspection,,https://txparts.com/shop/alcatel-3-series,False,False,2026-09-07T04:48:31+00:00,,,,,
TXParts,https://txparts.com/,Other Brands,https://txparts.com/shop/alcatel,7,dom-inspection,Alcatel,https://txparts.com/shop/alcatel,1,dom-inspection,3x (5048 / 2019),https://txparts.com/shop/3x-5048-2019,12,0,12,3,dom-inspection,,https://txparts.com/shop/3x-5048-2019,False,False,2026-09-07T04:48:31+00:00,,,,,
TXParts,https://txparts.com/,Other Brands,https://txparts.com/shop/alcatel,7,dom-inspection,Alcatel,https://txparts.com/shop/alcatel,1,dom-inspection,3v (5032 / 2019),https://txparts.com/shop/3v-5032-2019,13,0,13,3,dom-inspection,,https://txparts.com/shop/3v-5032-2019,False,False,2026-09-07T04:48:31+00:00,,,,,
TXParts,https://txparts.com/,Other Brands,https://txparts.com/shop/alcatel,7,dom-inspection,Alcatel,https://txparts.com/shop/alcatel,1,dom-inspection,3x (5058 / 2018),https://txparts.com/shop/3x-5058-2018,14,0,14,3,dom-inspection,,https://txparts.com/shop/3x-5058-2018,False,False,2026-09-07T04:48:31+00:00,,,,,
TXParts,https://txparts.com/,Other Brands,https://txparts.com/shop/alcatel,7,dom-inspection,Alcatel,https://txparts.com/shop/alcatel,1,dom-inspection,3v (5099 / 2018),https://txparts.com/shop/3v-5099-2018,15,0,15,3,dom-inspection,,https://txparts.com/shop/3v-5099-2018,False,False,2026-09-07T04:48:31+00:00,,,,,
TXParts,https://txparts.com/,Other Brands,https://txparts.com/shop/alcatel,7,dom-inspection,Alcatel,https://txparts.com/shop/alcatel,1,dom-inspection,3c (5006 / 2019),https://txparts.com/shop/3c-5006-2019,16,0,16,3,dom-inspection,,https://txparts.com/shop/3c-5006-2019,False,False,2026-09-07T04:48:31+00:00,,,,,
TXParts,https://txparts.com/,Other Brands,https://txparts.com/shop/alcatel,7,dom-inspection,Alcatel,https://txparts.com/shop/alcatel,1,dom-inspection,3t (9024 / 2018),https://txparts.com/shop/3t-9024-2018,17,0,17,3,dom-inspection,,https://txparts.com/shop/3t-9024-2018,False,False,2026-09-07T04:48:31+00:00,,,,,
TXParts,https://txparts.com/,Other Brands,https://txparts.com/shop/alcatel,7,dom-inspection,Alcatel,https://txparts.com/shop/alcatel,1,dom-inspection,3 (5052 / 2018),https://txparts.com/shop/3-5052-2018,18,0,18,3,dom-inspection,,https://txparts.com/shop/3-5052-2018,False,False,2026-09-07T04:48:31+00:00,,,,,
TXParts,https://txparts.com/,Other Brands,https://txparts.com/shop/alcatel,7,dom-inspection,Alcatel,https://txparts.com/shop/alcatel,1,dom-inspection,3L (5029 / 2020),https://txparts.com/shop/3l-5029-2020,19,0,19,3,dom-inspection,,https://txparts.com/shop/3l-5029-2020,False,False,2026-09-07T04:48:31+00:00,,,,,
TXParts,https://txparts.com/,Other Brands,https://txparts.com/shop/alcatel,7,dom-inspection,Alcatel,https://txparts.com/shop/alcatel,1,dom-inspection,Alcatel Others Series,https://txparts.com/shop/alcatel-others-series,20,0,20,3,dom-inspection,,https://txparts.com/shop/alcatel-others-series,False,False,2026-09-07T04:48:31+00:00,,,,,
TXParts,https://txparts.com/,Other Brands,https://txparts.com/shop/alcatel,7,dom-inspection,Alcatel,https://txparts.com/shop/alcatel,1,dom-inspection,7 (6062 / 2018),https://txparts.com/shop/7-6062-2018,21,0,21,3,dom-inspection,,https://txparts.com/shop/7-6062-2018,False,False,2026-09-07T04:48:31+00:00,,,,,
TXParts,https://txparts.com/,Other Brands,https://txparts.com/shop/alcatel,7,dom-inspection,Alcatel,https://txparts.com/shop/alcatel,1,dom-inspection,Revvl 2 (2018),https://txparts.com/shop/revvl-2-2018,22,0,22,3,dom-inspection,,https://txparts.com/shop/revvl-2-2018,False,False,2026-09-07T04:48:31+00:00,,,,,
TXParts,https://txparts.com/,Other Brands,https://txparts.com/shop/alcatel,7,dom-inspection,Alcatel,https://txparts.com/shop/alcatel,1,dom-inspection,Tetra (5041c / 2018),https://txparts.com/shop/tetra-5041c-2018,23,0,23,3,dom-inspection,,https://txparts.com/shop/tetra-5041c-2018,False,False,2026-09-07T04:48:31+00:00,,,,,
TXParts,https://txparts.com/,Other Brands,https://txparts.com/shop/alcatel,7,dom-inspection,Alcatel,https://txparts.com/shop/alcatel,1,dom-inspection,A30 fierce (5049 / 2017),https://txparts.com/shop/a30-fierce-5049-2017,24,0,24,3,dom-inspection,,https://txparts.com/shop/a30-fierce-5049-2017,False,False,2026-09-07T04:48:31+00:00,,,,,
TXParts,https://txparts.com/,Other Brands,https://txparts.com/shop/alcatel,7,dom-inspection,Alcatel,https://txparts.com/shop/alcatel,1,dom-inspection,A3 (5046 / 2017),https://txparts.com/shop/a3-5046-2017,25,0,25,3,dom-inspection,,https://txparts.com/shop/a3-5046-2017,False,False,2026-09-07T04:48:31+00:00,,,,,
TXParts,https://txparts.com/,Other Brands,https://txparts.com/shop/alcatel,7,dom-inspection,Alcatel,https://txparts.com/shop/alcatel,1,dom-inspection,Idol 5 (2017),https://txparts.com/shop/idol-5-2017,26,0,26,3,dom-inspection,,https://txparts.com/shop/idol-5-2017,False,False,2026-09-07T04:48:31+00:00,,,,,
TXParts,https://txparts.com/,Other Brands,https://txparts.com/shop/alcatel,7,dom-inspection,Alcatel,https://txparts.com/shop/alcatel,1,dom-inspection,Idol 4s (6070 / 2016),https://txparts.com/shop/idol-4s-6070-2016,27,0,27,3,dom-inspection,,https://txparts.com/shop/idol-4s-6070-2016,False,False,2026-09-07T04:48:31+00:00,,,,,
TXParts,https://txparts.com/,Other Brands,https://txparts.com/shop/alcatel,7,dom-inspection,Alcatel,https://txparts.com/shop/alcatel,1,dom-inspection,Idol 4 (6055 / 2016),https://txparts.com/shop/idol-4-6055-2016,28,0,28,3,dom-inspection,,https://txparts.com/shop/idol-4-6055-2016,False,False,2026-09-07T04:48:31+00:00,,,,,
TXParts,https://txparts.com/,Other Brands,https://txparts.com/shop/alcatel,7,dom-inspection,Alcatel,https://txparts.com/shop/alcatel,1,dom-inspection,Fierce xl (5054 / 2016),https://txparts.com/shop/fierce-xl-5054-2016,29,0,29,3,dom-inspection,,https://txparts.com/shop/fierce-xl-5054-2016,False,False,2026-09-07T04:48:31+00:00,,,,,
TXParts,https://txparts.com/,Other Brands,https://txparts.com/shop/alcatel,7,dom-inspection,Alcatel,https://txparts.com/shop/alcatel,1,dom-inspection,Idol 3 (6045 / 2015),https://txparts.com/shop/idol-3-6045-2015,30,0,30,3,dom-inspection,,https://txparts.com/shop/idol-3-6045-2015,False,False,2026-09-07T04:48:31+00:00,,,,,
TXParts,https://txparts.com/,Other Brands,https://txparts.com/shop/alcatel,7,dom-inspection,Alcatel,https://txparts.com/shop/alcatel,1,dom-inspection,Pop 2 (5042 / 2014),https://txparts.com/shop/pop-2-5042-2014,31,0,31,3,dom-inspection,,https://txparts.com/shop/pop-2-5042-2014,False,False,2026-09-07T04:48:31+00:00,,,,,
TXParts,https://txparts.com/,Other Brands,https://txparts.com/shop/alcatel,7,dom-inspection,Alcatel,https://txparts.com/shop/alcatel,1,dom-inspection,Alcatel Tab Series,https://txparts.com/shop/alcatel-tab-series,32,0,32,3,dom-inspection,,https://txparts.com/shop/alcatel-tab-series,False,False,2026-09-07T04:48:31+00:00,,,,,
TXParts,https://txparts.com/,Other Brands,https://txparts.com/shop/alcatel,7,dom-inspection,Alcatel,https://txparts.com/shop/alcatel,1,dom-inspection,Joy tab 2 (9032 / 2020),https://txparts.com/shop/joy-tab-2-9032-2020,33,0,33,3,dom-inspection,,https://txparts.com/shop/joy-tab-2-9032-2020,False,False,2026-09-07T04:48:31+00:00,,,,,
TXParts,https://txparts.com/,Other Brands,https://txparts.com/shop/alcatel,7,dom-inspection,Alcatel,https://txparts.com/shop/alcatel,1,dom-inspection,Joy tab (9029 / 2019),https://txparts.com/shop/joy-tab-9029-2019,34,0,34,3,dom-inspection,,https://txparts.com/shop/joy-tab-9029-2019,False,False,2026-09-07T04:48:31+00:00,,,,,
TXParts,https://txparts.com/,Other Brands,https://txparts.com/shop/alcatel,7,dom-inspection,Alcatel,https://txparts.com/shop/alcatel,1,dom-inspection,Joy tab 3t 8.0 (9027 / 2018),https://txparts.com/shop/joy-tab-3t-80-9027-2018,35,0,35,3,dom-inspection,,https://txparts.com/shop/joy-tab-3t-80-9027-2018,False,False,2026-09-07T04:48:31+00:00,,,,,
TXParts,https://txparts.com/,Other Brands,https://txparts.com/shop/alcatel,7,dom-inspection,Alcatel,https://txparts.com/shop/alcatel,1,dom-inspection,Trek hd tab (9020 / 2015),https://txparts.com/shop/trek-hd-tab-9020-2015,36,0,36,3,dom-inspection,,https://txparts.com/shop/trek-hd-tab-9020-2015,False,False,2026-09-07T04:48:31+00:00,,,,,
TXParts,https://txparts.com/,Other Brands,https://txparts.com/shop/alcatel,7,dom-inspection,Alcatel,https://txparts.com/shop/alcatel,1,dom-inspection,Tab pixi 7 (9006 / 2014),https://txparts.com/shop/tab-pixi-7-9006-2014,37,0,37,3,dom-inspection,,https://txparts.com/shop/tab-pixi-7-9006-2014,False,False,2026-09-07T04:48:31+00:00,,,,,
TXParts,https://txparts.com/,Other Brands,https://txparts.com/shop/alcatel,7,dom-inspection,Amazon,https://txparts.com/shop/amazon,2,dom-inspection,HD FIRE MAX 11 2023,https://txparts.com/shop/hd-fire-max-11-2023,1,0,1,3,dom-inspection,,https://txparts.com/shop/hd-fire-max-11-2023,False,False,2026-09-07T04:48:31+00:00,,,,,
TXParts,https://txparts.com/,Other Brands,https://txparts.com/shop/alcatel,7,dom-inspection,Amazon,https://txparts.com/shop/amazon,2,dom-inspection,HD 10 2023,https://txparts.com/shop/hd-10-2023,2,0,2,3,dom-inspection,,https://txparts.com/shop/hd-10-2023,False,False,2026-09-07T04:48:31+00:00,,,,,
TXParts,https://txparts.com/,Other Brands,https://txparts.com/shop/alcatel,7,dom-inspection,Amazon,https://txparts.com/shop/amazon,2,dom-inspection,HD 10 2021,https://txparts.com/shop/hd-10-2021,3,0,3,3,dom-inspection,,https://txparts.com/shop/hd-10-2021,False,False,2026-09-07T04:48:31+00:00,,,,,
TXParts,https://txparts.com/,Other Brands,https://txparts.com/shop/alcatel,7,dom-inspection,Amazon,https://txparts.com/shop/amazon,2,dom-inspection,HD 10 2019,https://txparts.com/shop/hd-10-2019,4,0,4,3,dom-inspection,,https://txparts.com/shop/hd-10-2019,False,False,2026-09-07T04:48:31+00:00,,,,,
TXParts,https://txparts.com/,Other Brands,https://txparts.com/shop/alcatel,7,dom-inspection,Amazon,https://txparts.com/shop/amazon,2,dom-inspection,HD 10 2017,https://txparts.com/shop/hd-10-2017,5,0,5,3,dom-inspection,,https://txparts.com/shop/hd-10-2017,False,False,2026-09-07T04:48:31+00:00,,,,,
TXParts,https://txparts.com/,Other Brands,https://txparts.com/shop/alcatel,7,dom-inspection,Amazon,https://txparts.com/shop/amazon,2,dom-inspection,HD 10 2015,https://txparts.com/shop/hd-10-2015,6,0,6,3,dom-inspection,,https://txparts.com/shop/hd-10-2015,False,False,2026-09-07T04:48:31+00:00,,,,,
TXParts,https://txparts.com/,Other Brands,https://txparts.com/shop/alcatel,7,dom-inspection,Amazon,https://txparts.com/shop/amazon,2,dom-inspection,HD 8 2022,https://txparts.com/shop/hd-8-2022,7,0,7,3,dom-inspection,,https://txparts.com/shop/hd-8-2022,False,False,2026-09-07T04:48:31+00:00,,,,,
TXParts,https://txparts.com/,Other Brands,https://txparts.com/shop/alcatel,7,dom-inspection,Amazon,https://txparts.com/shop/amazon,2,dom-inspection,HD 8 2020,https://txparts.com/shop/hd-8-2020,8,0,8,3,dom-inspection,,https://txparts.com/shop/hd-8-2020,False,False,2026-09-07T04:48:31+00:00,,,,,
TXParts,https://txparts.com/,Other Brands,https://txparts.com/shop/alcatel,7,dom-inspection,Amazon,https://txparts.com/shop/amazon,2,dom-inspection,HD 8 2018,https://txparts.com/shop/hd-8-2018,9,0,9,3,dom-inspection,,https://txparts.com/shop/hd-8-2018,False,False,2026-09-07T04:48:31+00:00,,,,,
TXParts,https://txparts.com/,Other Brands,https://txparts.com/shop/alcatel,7,dom-inspection,Amazon,https://txparts.com/shop/amazon,2,dom-inspection,HD 8 2017,https://txparts.com/shop/hd-8-2017,10,0,10,3,dom-inspection,,https://txparts.com/shop/hd-8-2017,False,False,2026-09-07T04:48:31+00:00,,,,,
TXParts,https://txparts.com/,Other Brands,https://txparts.com/shop/alcatel,7,dom-inspection,Amazon,https://txparts.com/shop/amazon,2,dom-inspection,HD 8 2016,https://txparts.com/shop/hd-8-2016,11,0,11,3,dom-inspection,,https://txparts.com/shop/hd-8-2016,False,False,2026-09-07T04:48:31+00:00,,,,,
TXParts,https://txparts.com/,Other Brands,https://txparts.com/shop/alcatel,7,dom-inspection,Amazon,https://txparts.com/shop/amazon,2,dom-inspection,HD 8 2015,https://txparts.com/shop/hd-8-2015,12,0,12,3,dom-inspection,,https://txparts.com/shop/hd-8-2015,False,False,2026-09-07T04:48:31+00:00,,,,,
TXParts,https://txparts.com/,Other Brands,https://txparts.com/shop/alcatel,7,dom-inspection,Amazon,https://txparts.com/shop/amazon,2,dom-inspection,HD 7 2019,https://txparts.com/shop/hd-7-2019,13,0,13,3,dom-inspection,,https://txparts.com/shop/hd-7-2019,False,False,2026-09-07T04:48:31+00:00,,,,,
TXParts,https://txparts.com/,Other Brands,https://txparts.com/shop/alcatel,7,dom-inspection,Amazon,https://txparts.com/shop/amazon,2,dom-inspection,HD 7 2017,https://txparts.com/shop/hd-7-2017,14,0,14,3,dom-inspection,,https://txparts.com/shop/hd-7-2017,False,False,2026-09-07T04:48:31+00:00,,,,,
TXParts,https://txparts.com/,Other Brands,https://txparts.com/shop/alcatel,7,dom-inspection,Amazon,https://txparts.com/shop/amazon,2,dom-inspection,HD 7 2015,https://txparts.com/shop/hd-7-2015,15,0,15,3,dom-inspection,,https://txparts.com/shop/hd-7-2015,False,False,2026-09-07T04:48:31+00:00,,,,,
TXParts,https://txparts.com/,Other Brands,https://txparts.com/shop/alcatel,7,dom-inspection,Amazon,https://txparts.com/shop/amazon,2,dom-inspection,HD 7 2013,https://txparts.com/shop/hd-7-2013,16,0,16,3,dom-inspection,,https://txparts.com/shop/hd-7-2013,False,False,2026-09-07T04:48:31+00:00,,,,,
TXParts,https://txparts.com/,Other Brands,https://txparts.com/shop/alcatel,7,dom-inspection,Amazon,https://txparts.com/shop/amazon,2,dom-inspection,HDX 8.9 2013,https://txparts.com/shop/hdx-89-2013,17,0,17,3,dom-inspection,,https://txparts.com/shop/hdx-89-2013,False,False,2026-09-07T04:48:31+00:00,,,,,
TXParts,https://txparts.com/,Other Brands,https://txparts.com/shop/alcatel,7,dom-inspection,Amazon,https://txparts.com/shop/amazon,2,dom-inspection,HDX 7 2013,https://txparts.com/shop/hdx-7-2013,18,0,18,3,dom-inspection,,https://txparts.com/shop/hdx-7-2013,False,False,2026-09-07T04:48:31+00:00,,,,,
TXParts,https://txparts.com/,Other Brands,https://txparts.com/shop/alcatel,7,dom-inspection,Asus,https://txparts.com/shop/asus,3,dom-inspection,Asus Nexus,https://txparts.com/shop/asus-nexus,1,0,1,3,dom-inspection,,https://txparts.com/shop/asus-nexus,False,False,2026-09-07T04:48:31+00:00,,,,,
TXParts,https://txparts.com/,Other Brands,https://txparts.com/shop/alcatel,7,dom-inspection,Asus,https://txparts.com/shop/asus,3,dom-inspection,Asus Nexus 7 2,https://txparts.com/shop/asus-nexus-7-2,2,0,2,3,dom-inspection,,https://txparts.com/shop/asus-nexus-7-2,False,False,2026-09-07T04:48:31+00:00,,,,,
TXParts,https://txparts.com/,Other Brands,https://txparts.com/shop/alcatel,7,dom-inspection,Asus,https://txparts.com/shop/asus,3,dom-inspection,Asus Nexus 7 1,https://txparts.com/shop/asus-nexus-7-1,3,0,3,3,dom-inspection,,https://txparts.com/shop/asus-nexus-7-1,False,False,2026-09-07T04:48:31+00:00,,,,,
TXParts,https://txparts.com/,Other Brands,https://txparts.com/shop/alcatel,7,dom-inspection,Asus,https://txparts.com/shop/asus,3,dom-inspection,Asus ZenFone Series,https://txparts.com/shop/asus-zenfone-series,4,0,4,3,dom-inspection,,https://txparts.com/shop/asus-zenfone-series,False,False,2026-09-07T04:48:31+00:00,,,,,
TXParts,https://txparts.com/,Other Brands,https://txparts.com/shop/alcatel,7,dom-inspection,Asus,https://txparts.com/shop/asus,3,dom-inspection,ZenFone V,https://txparts.com/shop/zenfone-v,5,0,5,3,dom-inspection,,https://txparts.com/shop/zenfone-v,False,False,2026-09-07T04:48:31+00:00,,,,,
TXParts,https://txparts.com/,Other Brands,https://txparts.com/shop/alcatel,7,dom-inspection,Asus,https://txparts.com/shop/asus,3,dom-inspection,Asus ZenPad Series,https://txparts.com/shop/asus-zenpad-series,6,0,6,3,dom-inspection,,https://txparts.com/shop/asus-zenpad-series,False,False,2026-09-07T04:48:31+00:00,,,,,
TXParts,https://txparts.com/,Other Brands,https://txparts.com/shop/alcatel,7,dom-inspection,Asus,https://txparts.com/shop/asus,3,dom-inspection,ZenPad 3S 10 Wifi,https://txparts.com/shop/zenpad-3s-10-wifi,7,0,7,3,dom-inspection,,https://txparts.com/shop/zenpad-3s-10-wifi,False,False,2026-09-07T04:48:31+00:00,,,,,
TXParts,https://txparts.com/,Other Brands,https://txparts.com/shop/alcatel,7,dom-inspection,Asus,https://txparts.com/shop/asus,3,dom-inspection,ZenPad Z10,https://txparts.com/shop/zenpad-z10,8,0,8,3,dom-inspection,,https://txparts.com/shop/zenpad-z10,False,False,2026-09-07T04:48:31+00:00,,,,,
TXParts,https://txparts.com/,Other Brands,https://txparts.com/shop/alcatel,7,dom-inspection,Asus,https://txparts.com/shop/asus,3,dom-inspection,Zenpad Z10 LTE,https://txparts.com/shop/zenpad-z10-lte,9,0,9,3,dom-inspection,,https://txparts.com/shop/zenpad-z10-lte,False,False,2026-09-07T04:48:31+00:00,,,,,
TXParts,https://txparts.com/,Other Brands,https://txparts.com/shop/alcatel,7,dom-inspection,Asus,https://txparts.com/shop/asus,3,dom-inspection,ZenPad Z8,https://txparts.com/shop/zenpad-z8,10,0,10,3,dom-inspection,,https://txparts.com/shop/zenpad-z8,False,False,2026-09-07T04:48:31+00:00,,,,,
TXParts,https://txparts.com/,Other Brands,https://txparts.com/shop/alcatel,7,dom-inspection,Asus,https://txparts.com/shop/asus,3,dom-inspection,ZenPad Z8S,https://txparts.com/shop/zenpad-z8s,11,0,11,3,dom-inspection,,https://txparts.com/shop/zenpad-z8s,False,False,2026-09-07T04:48:31+00:00,,,,,
TXParts,https://txparts.com/,Other Brands,https://txparts.com/shop/alcatel,7,dom-inspection,AT&T,https://txparts.com/shop/att,4,dom-inspection,AT&T Motivate Pro 2 5G,https://txparts.com/shop/att-motivate-pro-2-5g,1,0,1,3,dom-inspection,,https://txparts.com/shop/att-motivate-pro-2-5g,False,False,2026-09-07T04:48:31+00:00,,,,,
TXParts,https://txparts.com/,Other Brands,https://txparts.com/shop/alcatel,7,dom-inspection,AT&T,https://txparts.com/shop/att,4,dom-inspection,AT&T Motivate Max,https://txparts.com/shop/att-motivate-max,2,0,2,3,dom-inspection,,https://txparts.com/shop/att-motivate-max,False,False,2026-09-07T04:48:31+00:00,,,,,
TXParts,https://txparts.com/,Other Brands,https://txparts.com/shop/alcatel,7,dom-inspection,AT&T,https://txparts.com/shop/att,4,dom-inspection,AT&T Insight,https://txparts.com/shop/att-insight,3,0,3,3,dom-inspection,,https://txparts.com/shop/att-insight,False,False,2026-09-07T04:48:31+00:00,,,,,
TXParts,https://txparts.com/,Other Brands,https://txparts.com/shop/alcatel,7,dom-inspection,AT&T,https://txparts.com/shop/att,4,dom-inspection,AT&T Maestro Plus,https://txparts.com/shop/att-maestro-plus,4,0,4,3,dom-inspection,,https://txparts.com/shop/att-maestro-plus,False,False,2026-09-07T04:48:31+00:00,,,,,
TXParts,https://txparts.com/,Other Brands,https://txparts.com/shop/alcatel,7,dom-inspection,AT&T,https://txparts.com/shop/att,4,dom-inspection,AT&T Radiant Max,https://txparts.com/shop/att-radiant-max,5,0,5,3,dom-inspection,,https://txparts.com/shop/att-radiant-max,False,False,2026-09-07T04:48:31+00:00,,,,,
TXParts,https://txparts.com/,Other Brands,https://txparts.com/shop/alcatel,7,dom-inspection,AT&T,https://txparts.com/shop/att,4,dom-inspection,AT&T Motivate 3,https://txparts.com/shop/att-motivate-3,6,0,6,3,dom-inspection,,https://txparts.com/shop/att-motivate-3,False,False,2026-09-07T04:48:31+00:00,,,,,
TXParts,https://txparts.com/,Other Brands,https://txparts.com/shop/alcatel,7,dom-inspection,AT&T,https://txparts.com/shop/att,4,dom-inspection,AT&T Maestro 3,https://txparts.com/shop/att-maestro-3,7,0,7,3,dom-inspection,,https://txparts.com/shop/att-maestro-3,False,False,2026-09-07T04:48:31+00:00,,,,,
TXParts,https://txparts.com/,Other Brands,https://txparts.com/shop/alcatel,7,dom-inspection,Blackberry,https://txparts.com/shop/blackberry,5,dom-inspection,BB Key 2,https://txparts.com/shop/bb-key-2,1,0,1,3,dom-inspection,,https://txparts.com/shop/bb-key-2,False,False,2026-09-07T04:48:31+00:00,,,,,
TXParts,https://txparts.com/,Other Brands,https://txparts.com/shop/alcatel,7,dom-inspection,Blackberry,https://txparts.com/shop/blackberry,5,dom-inspection,BB Key 2 Le,https://txparts.com/shop/bb-key-2-le,2,0,2,3,dom-inspection,,https://txparts.com/shop/bb-key-2-le,False,False,2026-09-07T04:48:31+00:00,,,,,
TXParts,https://txparts.com/,Other Brands,https://txparts.com/shop/alcatel,7,dom-inspection,Blackberry,https://txparts.com/shop/blackberry,5,dom-inspection,BB Key One,https://txparts.com/shop/bb-key-one,3,0,3,3,dom-inspection,,https://txparts.com/shop/bb-key-one,False,False,2026-09-07T04:48:31+00:00,,,,,
TXParts,https://txparts.com/,Other Brands,https://txparts.com/shop/alcatel,7,dom-inspection,Boost Mobile,https://txparts.com/shop/boost-mobile,6,dom-inspection,Celero 5G SC 2024,https://txparts.com/shop/celero-5g-sc-2024,1,0,1,3,dom-inspection,,https://txparts.com/shop/celero-5g-sc-2024,False,False,2026-09-07T04:48:31+00:00,,,,,
TXParts,https://txparts.com/,Other Brands,https://txparts.com/shop/alcatel,7,dom-inspection,Boost Mobile,https://txparts.com/shop/boost-mobile,6,dom-inspection,Celero 5G Plus 2024,https://txparts.com/shop/celero-5g-plus-2024,2,0,2,3,dom-inspection,,https://txparts.com/shop/celero-5g-plus-2024,False,False,2026-09-07T04:48:31+00:00,,,,,
TXParts,https://txparts.com/,Other Brands,https://txparts.com/shop/alcatel,7,dom-inspection,Boost Mobile,https://txparts.com/shop/boost-mobile,6,dom-inspection,Celero 5G 2024,https://txparts.com/shop/celero-5g-2024,3,0,3,3,dom-inspection,,https://txparts.com/shop/celero-5g-2024,False,False,2026-09-07T04:48:31+00:00,,,,,
TXParts,https://txparts.com/,Other Brands,https://txparts.com/shop/alcatel,7,dom-inspection,Boost Mobile,https://txparts.com/shop/boost-mobile,6,dom-inspection,Celero 5G Plus 2023,https://txparts.com/shop/celero-5g-plus-2023,4,0,4,3,dom-inspection,,https://txparts.com/shop/celero-5g-plus-2023,False,False,2026-09-07T04:48:31+00:00,,,,,
TXParts,https://txparts.com/,Other Brands,https://txparts.com/shop/alcatel,7,dom-inspection,Boost Mobile,https://txparts.com/shop/boost-mobile,6,dom-inspection,Celero 5G 2023,https://txparts.com/shop/celero-5g-2023,5,0,5,3,dom-inspection,,https://txparts.com/shop/celero-5g-2023,False,False,2026-09-07T04:48:31+00:00,,,,,
TXParts,https://txparts.com/,Other Brands,https://txparts.com/shop/alcatel,7,dom-inspection,Boost Mobile,https://txparts.com/shop/boost-mobile,6,dom-inspection,Celero 5G 2021,https://txparts.com/shop/celero-5g-2021,6,0,6,3,dom-inspection,,https://txparts.com/shop/celero-5g-2021,False,False,2026-09-07T04:48:31+00:00,,,,,
TXParts,https://txparts.com/,Other Brands,https://txparts.com/shop/alcatel,7,dom-inspection,CAT,https://txparts.com/shop/cat,7,dom-inspection,CAT S75,https://txparts.com/shop/cat-s75,1,0,1,3,dom-inspection,,https://txparts.com/shop/cat-s75,False,False,2026-09-07T04:48:31+00:00,,,,,
TXParts,https://txparts.com/,Other Brands,https://txparts.com/shop/alcatel,7,dom-inspection,CAT,https://txparts.com/shop/cat,7,dom-inspection,CAT S62 PRO,https://txparts.com/shop/cat-s62-pro,2,0,2,3,dom-inspection,,https://txparts.com/shop/cat-s62-pro,False,False,2026-09-07T04:48:31+00:00,,,,,
TXParts,https://txparts.com/,Other Brands,https://txparts.com/shop/alcatel,7,dom-inspection,CAT,https://txparts.com/shop/cat,7,dom-inspection,CAT S62,https://txparts.com/shop/cat-s62,3,0,3,3,dom-inspection,,https://txparts.com/shop/cat-s62,False,False,2026-09-07T04:48:31+00:00,,,,,
TXParts,https://txparts.com/,Other Brands,https://txparts.com/shop/alcatel,7,dom-inspection,CAT,https://txparts.com/shop/cat,7,dom-inspection,CAT S61,https://txparts.com/shop/cat-s61,4,0,4,3,dom-inspection,,https://txparts.com/shop/cat-s61,False,False,2026-09-07T04:48:31+00:00,,,,,
TXParts,https://txparts.com/,Other Brands,https://txparts.com/shop/alcatel,7,dom-inspection,CAT,https://txparts.com/shop/cat,7,dom-inspection,CAT S60,https://txparts.com/shop/cat-s60,5,0,5,3,dom-inspection,,https://txparts.com/shop/cat-s60,False,False,2026-09-07T04:48:31+00:00,,,,,
TXParts,https://txparts.com/,Other Brands,https://txparts.com/shop/alcatel,7,dom-inspection,CAT,https://txparts.com/shop/cat,7,dom-inspection,CAT S53,https://txparts.com/shop/cat-s53,6,0,6,3,dom-inspection,,https://txparts.com/shop/cat-s53,False,False,2026-09-07T04:48:31+00:00,,,,,
TXParts,https://txparts.com/,Other Brands,https://txparts.com/shop/alcatel,7,dom-inspection,CAT,https://txparts.com/shop/cat,7,dom-inspection,CAT S52,https://txparts.com/shop/cat-s52,7,0,7,3,dom-inspection,,https://txparts.com/shop/cat-s52,False,False,2026-09-07T04:48:31+00:00,,,,,
TXParts,https://txparts.com/,Other Brands,https://txparts.com/shop/alcatel,7,dom-inspection,CAT,https://txparts.com/shop/cat,7,dom-inspection,CAT S48C,https://txparts.com/shop/cat-s48c,8,0,8,3,dom-inspection,,https://txparts.com/shop/cat-s48c,False,False,2026-09-07T04:48:31+00:00,,,,,
TXParts,https://txparts.com/,Other Brands,https://txparts.com/shop/alcatel,7,dom-inspection,CAT,https://txparts.com/shop/cat,7,dom-inspection,CAT S41,https://txparts.com/shop/cat-s41,9,0,9,3,dom-inspection,,https://txparts.com/shop/cat-s41,False,False,2026-09-07T04:48:31+00:00,,,,,
TXParts,https://txparts.com/,Other Brands,https://txparts.com/shop/alcatel,7,dom-inspection,CAT,https://txparts.com/shop/cat,7,dom-inspection,CAT S32,https://txparts.com/shop/cat-s32,10,0,10,3,dom-inspection,,https://txparts.com/shop/cat-s32,False,False,2026-09-07T04:48:31+00:00,,,,,
TXParts,https://txparts.com/,Other Brands,https://txparts.com/shop/alcatel,7,dom-inspection,CAT,https://txparts.com/shop/cat,7,dom-inspection,CAT S31,https://txparts.com/shop/cat-s31,11,0,11,3,dom-inspection,,https://txparts.com/shop/cat-s31,False,False,2026-09-07T04:48:31+00:00,,,,,
TXParts,https://txparts.com/,Other Brands,https://txparts.com/shop/alcatel,7,dom-inspection,CoolPad Legacy,https://txparts.com/shop/coolpad-legacy,8,dom-inspection,Legacy Series,https://txparts.com/shop/legacy-series,1,0,1,3,dom-inspection,,https://txparts.com/shop/legacy-series,False,False,2026-09-07T04:48:31+00:00,,,,,
TXParts,https://txparts.com/,Other Brands,https://txparts.com/shop/alcatel,7,dom-inspection,CoolPad Legacy,https://txparts.com/shop/coolpad-legacy,8,dom-inspection,"Coolpad Legacy 6.36"" 3705",https://txparts.com/shop/coolpad-legacy-636-3705,2,0,2,3,dom-inspection,,https://txparts.com/shop/coolpad-legacy-636-3705,False,False,2026-09-07T04:48:31+00:00,,,,,
TXParts,https://txparts.com/,Other Brands,https://txparts.com/shop/alcatel,7,dom-inspection,CoolPad Legacy,https://txparts.com/shop/coolpad-legacy,8,dom-inspection,Coolpad Legacy S 3648A,https://txparts.com/shop/coolpad-legacy-s-3648a,3,0,3,3,dom-inspection,,https://txparts.com/shop/coolpad-legacy-s-3648a,False,False,2026-09-07T04:48:31+00:00,,,,,
TXParts,https://txparts.com/,Other Brands,https://txparts.com/shop/alcatel,7,dom-inspection,Cricket,https://txparts.com/shop/cricket,9,dom-inspection,Ovation Series,https://txparts.com/shop/ovation-series,1,0,1,3,dom-inspection,,https://txparts.com/shop/ovation-series,False,False,2026-09-07T04:48:31+00:00,,,,,
TXParts,https://txparts.com/,Other Brands,https://txparts.com/shop/alcatel,7,dom-inspection,Cricket,https://txparts.com/shop/cricket,9,dom-inspection,Ovation 3,https://txparts.com/shop/ovation-3,2,0,2,3,dom-inspection,,https://txparts.com/shop/ovation-3,False,False,2026-09-07T04:48:31+00:00,,,,,
TXParts,https://txparts.com/,Other Brands,https://txparts.com/shop/alcatel,7,dom-inspection,Cricket,https://txparts.com/shop/cricket,9,dom-inspection,Ovation 2,https://txparts.com/shop/ovation-2,3,0,3,3,dom-inspection,,https://txparts.com/shop/ovation-2,False,False,2026-09-07T04:48:31+00:00,,,,,
TXParts,https://txparts.com/,Other Brands,https://txparts.com/shop/alcatel,7,dom-inspection,Cricket,https://txparts.com/shop/cricket,9,dom-inspection,Innovate Series,https://txparts.com/shop/innovate-series,4,0,4,3,dom-inspection,,https://txparts.com/shop/innovate-series,False,False,2026-09-07T04:48:31+00:00,,,,,
TXParts,https://txparts.com/,Other Brands,https://txparts.com/shop/alcatel,7,dom-inspection,Cricket,https://txparts.com/shop/cricket,9,dom-inspection,Innovate E 5G,https://txparts.com/shop/innovate-e-5g,5,0,5,3,dom-inspection,,https://txparts.com/shop/innovate-e-5g,False,False,2026-09-07T04:48:31+00:00,,,,,
TXParts,https://txparts.com/,Other Brands,https://txparts.com/shop/alcatel,7,dom-inspection,Cricket,https://txparts.com/shop/cricket,9,dom-inspection,Icon Series,https://txparts.com/shop/icon-series,6,0,6,3,dom-inspection,,https://txparts.com/shop/icon-series,False,False,2026-09-07T04:48:31+00:00,,,,,
TXParts,https://txparts.com/,Other Brands,https://txparts.com/shop/alcatel,7,dom-inspection,Cricket,https://txparts.com/shop/cricket,9,dom-inspection,Icon Plus (2026),https://txparts.com/shop/icon-plus-2026,7,0,7,3,dom-inspection,,https://txparts.com/shop/icon-plus-2026,False,False,2026-09-07T04:48:31+00:00,,,,,
TXParts,https://txparts.com/,Other Brands,https://txparts.com/shop/alcatel,7,dom-inspection,Cricket,https://txparts.com/shop/cricket,9,dom-inspection,Icon 6,https://txparts.com/shop/icon-6,8,0,8,3,dom-inspection,,https://txparts.com/shop/icon-6,False,False,2026-09-07T04:48:31+00:00,,,,,
TXParts,https://txparts.com/,Other Brands,https://txparts.com/shop/alcatel,7,dom-inspection,Cricket,https://txparts.com/shop/cricket,9,dom-inspection,Icon 5,https://txparts.com/shop/icon-5,9,0,9,3,dom-inspection,,https://txparts.com/shop/icon-5,False,False,2026-09-07T04:48:31+00:00,,,,,
TXParts,https://txparts.com/,Other Brands,https://txparts.com/shop/alcatel,7,dom-inspection,Cricket,https://txparts.com/shop/cricket,9,dom-inspection,Icon 4,https://txparts.com/shop/icon-4,10,0,10,3,dom-inspection,,https://txparts.com/shop/icon-4,False,False,2026-09-07T04:48:31+00:00,,,,,
TXParts,https://txparts.com/,Other Brands,https://txparts.com/shop/alcatel,7,dom-inspection,Cricket,https://txparts.com/shop/cricket,9,dom-inspection,Icon 3,https://txparts.com/shop/icon-3,11,0,11,3,dom-inspection,,https://txparts.com/shop/icon-3,False,False,2026-09-07T04:48:31+00:00,,,,,
TXParts,https://txparts.com/,Other Brands,https://txparts.com/shop/alcatel,7,dom-inspection,Cricket,https://txparts.com/shop/cricket,9,dom-inspection,Icon 2,https://txparts.com/shop/icon-2,12,0,12,3,dom-inspection,,https://txparts.com/shop/icon-2,False,False,2026-09-07T04:48:31+00:00,,,,,
TXParts,https://txparts.com/,Other Brands,https://txparts.com/shop/alcatel,7,dom-inspection,Cricket,https://txparts.com/shop/cricket,9,dom-inspection,Magic Series,https://txparts.com/shop/magic-series-1,13,0,13,3,dom-inspection,,https://txparts.com/shop/magic-series-1,False,False,2026-09-07T04:48:31+00:00,,,,,
TXParts,https://txparts.com/,Other Brands,https://txparts.com/shop/alcatel,7,dom-inspection,Cricket,https://txparts.com/shop/cricket,9,dom-inspection,Cricket Magic 2 5G,https://txparts.com/shop/cricket-magic-2-5g,14,0,14,3,dom-inspection,,https://txparts.com/shop/cricket-magic-2-5g,False,False,2026-09-07T04:48:31+00:00,,,,,
TXParts,https://txparts.com/,Other Brands,https://txparts.com/shop/alcatel,7,dom-inspection,Cricket,https://txparts.com/shop/cricket,9,dom-inspection,Cricket Magic 5G,https://txparts.com/shop/cricket-magic-5g,15,0,15,3,dom-inspection,,https://txparts.com/shop/cricket-magic-5g,False,False,2026-09-07T04:48:31+00:00,,,,,
TXParts,https://txparts.com/,Other Brands,https://txparts.com/shop/alcatel,7,dom-inspection,Cricket,https://txparts.com/shop/cricket,9,dom-inspection,Debut Series,https://txparts.com/shop/debut-series,16,0,16,3,dom-inspection,,https://txparts.com/shop/debut-series,False,False,2026-09-07T04:48:31+00:00,,,,,
TXParts,https://txparts.com/,Other Brands,https://txparts.com/shop/alcatel,7,dom-inspection,Cricket,https://txparts.com/shop/cricket,9,dom-inspection,Debut Smart,https://txparts.com/shop/debut-smart,17,0,17,3,dom-inspection,,https://txparts.com/shop/debut-smart,False,False,2026-09-07T04:48:31+00:00,,,,,
TXParts,https://txparts.com/,Other Brands,https://txparts.com/shop/alcatel,7,dom-inspection,Cricket,https://txparts.com/shop/cricket,9,dom-inspection,Debut Smart 2,https://txparts.com/shop/debut-smart-2,18,0,18,3,dom-inspection,,https://txparts.com/shop/debut-smart-2,False,False,2026-09-07T04:48:31+00:00,,,,,
TXParts,https://txparts.com/,Other Brands,https://txparts.com/shop/alcatel,7,dom-inspection,Cricket,https://txparts.com/shop/cricket,9,dom-inspection,Debut S3,https://txparts.com/shop/debut-s3,19,0,19,3,dom-inspection,,https://txparts.com/shop/debut-s3,False,False,2026-09-07T04:48:31+00:00,,,,,
TXParts,https://txparts.com/,Other Brands,https://txparts.com/shop/alcatel,7,dom-inspection,Cricket,https://txparts.com/shop/cricket,9,dom-inspection,OUTLAST SERIES,https://txparts.com/shop/outlast-series,20,0,20,3,dom-inspection,,https://txparts.com/shop/outlast-series,False,False,2026-09-07T04:48:31+00:00,,,,,
TXParts,https://txparts.com/,Other Brands,https://txparts.com/shop/alcatel,7,dom-inspection,Cricket,https://txparts.com/shop/cricket,9,dom-inspection,OUTLAST 5G,https://txparts.com/shop/outlast-5g,21,0,21,3,dom-inspection,,https://txparts.com/shop/outlast-5g,False,False,2026-09-07T04:48:31+00:00,,,,,
TXParts,https://txparts.com/,Other Brands,https://txparts.com/shop/alcatel,7,dom-inspection,Dell,https://txparts.com/shop/dell,10,dom-inspection,Dell 11 3100,https://txparts.com/shop/dell-11-3100,1,0,1,3,dom-inspection,,https://txparts.com/shop/dell-11-3100,False,False,2026-09-07T04:48:31+00:00,,,,,
TXParts,https://txparts.com/,Other Brands,https://txparts.com/shop/alcatel,7,dom-inspection,Essential,https://txparts.com/shop/essential,11,dom-inspection,Phone (PH-1),https://txparts.com/shop/phone-ph-1,1,0,1,3,dom-inspection,,https://txparts.com/shop/phone-ph-1,False,False,2026-09-07T04:48:31+00:00,,,,,
TXParts,https://txparts.com/,Other Brands,https://txparts.com/shop/alcatel,7,dom-inspection,Honor,https://txparts.com/shop/honor,12,dom-inspection,Magic Series,https://txparts.com/shop/magic-series,1,0,1,3,dom-inspection,,https://txparts.com/shop/magic-series,False,False,2026-09-07T04:48:31+00:00,,,,,
TXParts,https://txparts.com/,Other Brands,https://txparts.com/shop/alcatel,7,dom-inspection,Honor,https://txparts.com/shop/honor,12,dom-inspection,Honor Magic 5 Lite (2023),https://txparts.com/shop/honor-magic-5-lite-2023,2,0,2,3,dom-inspection,,https://txparts.com/shop/honor-magic-5-lite-2023,False,False,2026-09-07T04:48:31+00:00,,,,,
TXParts,https://txparts.com/,Other Brands,https://txparts.com/shop/alcatel,7,dom-inspection,Honor,https://txparts.com/shop/honor,12,dom-inspection,V Series,https://txparts.com/shop/v-series,3,0,3,3,dom-inspection,,https://txparts.com/shop/v-series,False,False,2026-09-07T04:48:31+00:00,,,,,
TXParts,https://txparts.com/,Other Brands,https://txparts.com/shop/alcatel,7,dom-inspection,Honor,https://txparts.com/shop/honor,12,dom-inspection,Honor V30 Pro (2019),https://txparts.com/shop/honor-v30-pro-2019,4,0,4,3,dom-inspection,,https://txparts.com/shop/honor-v30-pro-2019,False,False,2026-09-07T04:48:31+00:00,,,,,
TXParts,https://txparts.com/,Other Brands,https://txparts.com/shop/alcatel,7,dom-inspection,Honor,https://txparts.com/shop/honor,12,dom-inspection,Honor V8 (2016),https://txparts.com/shop/honor-v8-2016,5,0,5,3,dom-inspection,,https://txparts.com/shop/honor-v8-2016,False,False,2026-09-07T04:48:31+00:00,,,,,
TXParts,https://txparts.com/,Other Brands,https://txparts.com/shop/alcatel,7,dom-inspection,Honor,https://txparts.com/shop/honor,12,dom-inspection,Honor Series,https://txparts.com/shop/honor-series,6,0,6,3,dom-inspection,,https://txparts.com/shop/honor-series,False,False,2026-09-07T04:48:31+00:00,,,,,
TXParts,https://txparts.com/,Other Brands,https://txparts.com/shop/alcatel,7,dom-inspection,Honor,https://txparts.com/shop/honor,12,dom-inspection,Honor 200 (2024),https://txparts.com/shop/honor-200-2024,7,0,7,3,dom-inspection,,https://txparts.com/shop/honor-200-2024,False,False,2026-09-07T04:48:31+00:00,,,,,
TXParts,https://txparts.com/,Other Brands,https://txparts.com/shop/alcatel,7,dom-inspection,Honor,https://txparts.com/shop/honor,12,dom-inspection,Honor 100 Pro (2023),https://txparts.com/shop/honor-100-pro-2023,8,0,8,3,dom-inspection,,https://txparts.com/shop/honor-100-pro-2023,False,False,2026-09-07T04:48:31+00:00,,,,,
TXParts,https://txparts.com/,Other Brands,https://txparts.com/shop/alcatel,7,dom-inspection,Honor,https://txparts.com/shop/honor,12,dom-inspection,Honor 100 (2023),https://txparts.com/shop/honor-100-2023,9,0,9,3,dom-inspection,,https://txparts.com/shop/honor-100-2023,False,False,2026-09-07T04:48:31+00:00,,,,,
TXParts,https://txparts.com/,Other Brands,https://txparts.com/shop/alcatel,7,dom-inspection,Honor,https://txparts.com/shop/honor,12,dom-inspection,Honor 90 Pro (2023),https://txparts.com/shop/honor-90-pro-2023,10,0,10,3,dom-inspection,,https://txparts.com/shop/honor-90-pro-2023,False,False,2026-09-07T04:48:31+00:00,,,,,
TXParts,https://txparts.com/,Other Brands,https://txparts.com/shop/alcatel,7,dom-inspection,Honor,https://txparts.com/shop/honor,12,dom-inspection,Honor 90 (2023),https://txparts.com/shop/honor-90-2023,11,0,11,3,dom-inspection,,https://txparts.com/shop/honor-90-2023,False,False,2026-09-07T04:48:31+00:00,,,,,
TXParts,https://txparts.com/,Other Brands,https://txparts.com/shop/alcatel,7,dom-inspection,Honor,https://txparts.com/shop/honor,12,dom-inspection,Honor 80 Pro (2022),https://txparts.com/shop/honor-80-pro-2022,12,0,12,3,dom-inspection,,https://txparts.com/shop/honor-80-pro-2022,False,False,2026-09-07T04:48:31+00:00,,,,,
TXParts,https://txparts.com/,Other Brands,https://txparts.com/shop/alcatel,7,dom-inspection,Honor,https://txparts.com/shop/honor,12,dom-inspection,Honor 80 GT (2023),https://txparts.com/shop/honor-80-gt-2023,13,0,13,3,dom-inspection,,https://txparts.com/shop/honor-80-gt-2023,False,False,2026-09-07T04:48:31+00:00,,,,,
TXParts,https://txparts.com/,Other Brands,https://txparts.com/shop/alcatel,7,dom-inspection,Honor,https://txparts.com/shop/honor,12,dom-inspection,Honor 80 SE (2022),https://txparts.com/shop/honor-80-se-2022,14,0,14,3,dom-inspection,,https://txparts.com/shop/honor-80-se-2022,False,False,2026-09-07T04:48:31+00:00,,,,,
TXParts,https://txparts.com/,Other Brands,https://txparts.com/shop/alcatel,7,dom-inspection,Honor,https://txparts.com/shop/honor,12,dom-inspection,Honor 70 (2022),https://txparts.com/shop/honor-70-2022,15,0,15,3,dom-inspection,,https://txparts.com/shop/honor-70-2022,False,False,2026-09-07T04:48:31+00:00,,,,,
TXParts,https://txparts.com/,Other Brands,https://txparts.com/shop/alcatel,7,dom-inspection,Honor,https://txparts.com/shop/honor,12,dom-inspection,Honor 60 (2021),https://txparts.com/shop/honor-60-2021,16,0,16,3,dom-inspection,,https://txparts.com/shop/honor-60-2021,False,False,2026-09-07T04:48:31+00:00,,,,,
TXParts,https://txparts.com/,Other Brands,https://txparts.com/shop/alcatel,7,dom-inspection,Honor,https://txparts.com/shop/honor,12,dom-inspection,Honor 50 Pro (2021),https://txparts.com/shop/honor-50-pro-2021,17,0,17,3,dom-inspection,,https://txparts.com/shop/honor-50-pro-2021,False,False,2026-09-07T04:48:31+00:00,,,,,
TXParts,https://txparts.com/,Other Brands,https://txparts.com/shop/alcatel,7,dom-inspection,Honor,https://txparts.com/shop/honor,12,dom-inspection,Honor 50 (2021),https://txparts.com/shop/honor-50-2021,18,0,18,3,dom-inspection,,https://txparts.com/shop/honor-50-2021,False,False,2026-09-07T04:48:31+00:00,,,,,
TXParts,https://txparts.com/,Other Brands,https://txparts.com/shop/alcatel,7,dom-inspection,Honor,https://txparts.com/shop/honor,12,dom-inspection,Honor 30 Youth (2020),https://txparts.com/shop/honor-30-youth-2020,19,0,19,3,dom-inspection,,https://txparts.com/shop/honor-30-youth-2020,False,False,2026-09-07T04:48:31+00:00,,,,,
TXParts,https://txparts.com/,Other Brands,https://txparts.com/shop/alcatel,7,dom-inspection,Honor,https://txparts.com/shop/honor,12,dom-inspection,Honor 30 Pro (2020),https://txparts.com/shop/honor-30-pro-2020,20,0,20,3,dom-inspection,,https://txparts.com/shop/honor-30-pro-2020,False,False,2026-09-07T04:48:31+00:00,,,,,
TXParts,https://txparts.com/,Other Brands,https://txparts.com/shop/alcatel,7,dom-inspection,Honor,https://txparts.com/shop/honor,12,dom-inspection,Honor 30 (2020),https://txparts.com/shop/honor-30-2020,21,0,21,3,dom-inspection,,https://txparts.com/shop/honor-30-2020,False,False,2026-09-07T04:48:31+00:00,,,,,
TXParts,https://txparts.com/,Other Brands,https://txparts.com/shop/alcatel,7,dom-inspection,Honor,https://txparts.com/shop/honor,12,dom-inspection,Honor 20 Lite (2019),https://txparts.com/shop/honor-20-lite-2019,22,0,22,3,dom-inspection,,https://txparts.com/shop/honor-20-lite-2019,False,False,2026-09-07T04:48:31+00:00,,,,,
TXParts,https://txparts.com/,Other Brands,https://txparts.com/shop/alcatel,7,dom-inspection,Honor,https://txparts.com/shop/honor,12,dom-inspection,Honor 20 Pro (2019),https://txparts.com/shop/honor-20-pro-2019,23,0,23,3,dom-inspection,,https://txparts.com/shop/honor-20-pro-2019,False,False,2026-09-07T04:48:31+00:00,,,,,
TXParts,https://txparts.com/,Other Brands,https://txparts.com/shop/alcatel,7,dom-inspection,Honor,https://txparts.com/shop/honor,12,dom-inspection,Honor 20 (2019),https://txparts.com/shop/honor-20-2019,24,0,24,3,dom-inspection,,https://txparts.com/shop/honor-20-2019,False,False,2026-09-07T04:48:31+00:00,,,,,
TXParts,https://txparts.com/,Other Brands,https://txparts.com/shop/alcatel,7,dom-inspection,Honor,https://txparts.com/shop/honor,12,dom-inspection,Honor 10 Lite (2018),https://txparts.com/shop/honor-10-lite-2018,25,0,25,3,dom-inspection,,https://txparts.com/shop/honor-10-lite-2018,False,False,2026-09-07T04:48:31+00:00,,,,,
TXParts,https://txparts.com/,Other Brands,https://txparts.com/shop/alcatel,7,dom-inspection,Honor,https://txparts.com/shop/honor,12,dom-inspection,Honor 10 (2018),https://txparts.com/shop/honor-10-2018,26,0,26,3,dom-inspection,,https://txparts.com/shop/honor-10-2018,False,False,2026-09-07T04:48:31+00:00,,,,,
TXParts,https://txparts.com/,Other Brands,https://txparts.com/shop/alcatel,7,dom-inspection,Honor,https://txparts.com/shop/honor,12,dom-inspection,Honor 9x (2019),https://txparts.com/shop/honor-9x-2019,27,0,27,3,dom-inspection,,https://txparts.com/shop/honor-9x-2019,False,False,2026-09-07T04:48:31+00:00,,,,,
TXParts,https://txparts.com/,Other Brands,https://txparts.com/shop/alcatel,7,dom-inspection,Honor,https://txparts.com/shop/honor,12,dom-inspection,Honor 9n / 9i (2018),https://txparts.com/shop/honor-9n-9i-2018,28,0,28,3,dom-inspection,,https://txparts.com/shop/honor-9n-9i-2018,False,False,2026-09-07T04:48:31+00:00,,,,,
TXParts,https://txparts.com/,Other Brands,https://txparts.com/shop/alcatel,7,dom-inspection,Honor,https://txparts.com/shop/honor,12,dom-inspection,Honor 9 (2017),https://txparts.com/shop/honor-9-2017,29,0,29,3,dom-inspection,,https://txparts.com/shop/honor-9-2017,False,False,2026-09-07T04:48:31+00:00,,,,,
TXParts,https://txparts.com/,Other Brands,https://txparts.com/shop/alcatel,7,dom-inspection,Honor,https://txparts.com/shop/honor,12,dom-inspection,Honor 8x (2018),https://txparts.com/shop/honor-8x-2018,30,0,30,3,dom-inspection,,https://txparts.com/shop/honor-8x-2018,False,False,2026-09-07T04:48:31+00:00,,,,,
TXParts,https://txparts.com/,Other Brands,https://txparts.com/shop/alcatel,7,dom-inspection,Honor,https://txparts.com/shop/honor,12,dom-inspection,Honor 8 (2016),https://txparts.com/shop/honor-8-2016,31,0,31,3,dom-inspection,,https://txparts.com/shop/honor-8-2016,False,False,2026-09-07T04:48:31+00:00,,,,,
TXParts,https://txparts.com/,Other Brands,https://txparts.com/shop/alcatel,7,dom-inspection,Honor,https://txparts.com/shop/honor,12,dom-inspection,Honor 7x (2017),https://txparts.com/shop/honor-7x-2017,32,0,32,3,dom-inspection,,https://txparts.com/shop/honor-7x-2017,False,False,2026-09-07T04:48:31+00:00,,,,,
TXParts,https://txparts.com/,Other Brands,https://txparts.com/shop/alcatel,7,dom-inspection,Honor,https://txparts.com/shop/honor,12,dom-inspection,Honor 7 (2015),https://txparts.com/shop/honor-7-2015,33,0,33,3,dom-inspection,,https://txparts.com/shop/honor-7-2015,False,False,2026-09-07T04:48:31+00:00,,,,,
TXParts,https://txparts.com/,Other Brands,https://txparts.com/shop/alcatel,7,dom-inspection,Honor,https://txparts.com/shop/honor,12,dom-inspection,Honor 6x (2016),https://txparts.com/shop/honor-6x-2016,34,0,34,3,dom-inspection,,https://txparts.com/shop/honor-6x-2016,False,False,2026-09-07T04:48:31+00:00,,,,,
TXParts,https://txparts.com/,Other Brands,https://txparts.com/shop/alcatel,7,dom-inspection,Honor,https://txparts.com/shop/honor,12,dom-inspection,Honor 5x / X5 (2015),https://txparts.com/shop/honor-5x-x5-2015,35,0,35,3,dom-inspection,,https://txparts.com/shop/honor-5x-x5-2015,False,False,2026-09-07T04:48:31+00:00,,,,,
TXParts,https://txparts.com/,Other Brands,https://txparts.com/shop/alcatel,7,dom-inspection,Honor,https://txparts.com/shop/honor,12,dom-inspection,View Series,https://txparts.com/shop/view-series,36,0,36,3,dom-inspection,,https://txparts.com/shop/view-series,False,False,2026-09-07T04:48:31+00:00,,,,,
TXParts,https://txparts.com/,Other Brands,https://txparts.com/shop/alcatel,7,dom-inspection,Honor,https://txparts.com/shop/honor,12,dom-inspection,Honor View 30 (2019),https://txparts.com/shop/honor-view-30-2019,37,0,37,3,dom-inspection,,https://txparts.com/shop/honor-view-30-2019,False,False,2026-09-07T04:48:31+00:00,,,,,
TXParts,https://txparts.com/,Other Brands,https://txparts.com/shop/alcatel,7,dom-inspection,Honor,https://txparts.com/shop/honor,12,dom-inspection,Honor View 20 (2018),https://txparts.com/shop/honor-view-20-2018,38,0,38,3,dom-inspection,,https://txparts.com/shop/honor-view-20-2018,False,False,2026-09-07T04:48:31+00:00,,,,,
TXParts,https://txparts.com/,Other Brands,https://txparts.com/shop/alcatel,7,dom-inspection,Honor,https://txparts.com/shop/honor,12,dom-inspection,Play Series,https://txparts.com/shop/play-series,39,0,39,3,dom-inspection,,https://txparts.com/shop/play-series,False,False,2026-09-07T04:48:31+00:00,,,,,
TXParts,https://txparts.com/,Other Brands,https://txparts.com/shop/alcatel,7,dom-inspection,Honor,https://txparts.com/shop/honor,12,dom-inspection,Honor Play 8T (2023),https://txparts.com/shop/honor-play-8t-2023,40,0,40,3,dom-inspection,,https://txparts.com/shop/honor-play-8t-2023,False,False,2026-09-07T04:48:31+00:00,,,,,
TXParts,https://txparts.com/,Other Brands,https://txparts.com/shop/alcatel,7,dom-inspection,Honor,https://txparts.com/shop/honor,12,dom-inspection,Honor Play 6T (2022),https://txparts.com/shop/honor-play-6t-2022,41,0,41,3,dom-inspection,,https://txparts.com/shop/honor-play-6t-2022,False,False,2026-09-07T04:48:31+00:00,,,,,
TXParts,https://txparts.com/,Other Brands,https://txparts.com/shop/alcatel,7,dom-inspection,Honor,https://txparts.com/shop/honor,12,dom-inspection,Honor Play 8A (2019),https://txparts.com/shop/honor-play-8a-2019,42,0,42,3,dom-inspection,,https://txparts.com/shop/honor-play-8a-2019,False,False,2026-09-07T04:48:31+00:00,,,,,
TXParts,https://txparts.com/,Other Brands,https://txparts.com/shop/alcatel,7,dom-inspection,Honor,https://txparts.com/shop/honor,12,dom-inspection,Honor Play (2018),https://txparts.com/shop/honor-play-2018,43,0,43,3,dom-inspection,,https://txparts.com/shop/honor-play-2018,False,False,2026-09-07T04:48:31+00:00,,,,,
TXParts,https://txparts.com/,Other Brands,https://txparts.com/shop/alcatel,7,dom-inspection,Honor,https://txparts.com/shop/honor,12,dom-inspection,X Series,https://txparts.com/shop/x-series-2,44,0,44,3,dom-inspection,,https://txparts.com/shop/x-series-2,False,False,2026-09-07T04:48:31+00:00,,,,,
TXParts,https://txparts.com/,Other Brands,https://txparts.com/shop/alcatel,7,dom-inspection,Honor,https://txparts.com/shop/honor,12,dom-inspection,Honor X9 (2022),https://txparts.com/shop/honor-x9-2022,45,0,45,3,dom-inspection,,https://txparts.com/shop/honor-x9-2022,False,False,2026-09-07T04:48:31+00:00,,,,,
TXParts,https://txparts.com/,Other Brands,https://txparts.com/shop/alcatel,7,dom-inspection,Honor,https://txparts.com/shop/honor,12,dom-inspection,Honor X8a (2023),https://txparts.com/shop/honor-x8a-2023,46,0,46,3,dom-inspection,,https://txparts.com/shop/honor-x8a-2023,False,False,2026-09-07T04:48:31+00:00,,,,,
TXParts,https://txparts.com/,Other Brands,https://txparts.com/shop/alcatel,7,dom-inspection,Honor,https://txparts.com/shop/honor,12,dom-inspection,Honor X7c (2024),https://txparts.com/shop/honor-x7c-2024,47,0,47,3,dom-inspection,,https://txparts.com/shop/honor-x7c-2024,False,False,2026-09-07T04:48:31+00:00,,,,,
TXParts,https://txparts.com/,Other Brands,https://txparts.com/shop/alcatel,7,dom-inspection,Honor,https://txparts.com/shop/honor,12,dom-inspection,Honor X7a (2023),https://txparts.com/shop/honor-x7a-2023,48,0,48,3,dom-inspection,,https://txparts.com/shop/honor-x7a-2023,False,False,2026-09-07T04:48:31+00:00,,,,,
TXParts,https://txparts.com/,Other Brands,https://txparts.com/shop/alcatel,7,dom-inspection,Honor,https://txparts.com/shop/honor,12,dom-inspection,Honor X60i (2024),https://txparts.com/shop/honor-x60i-2024,49,0,49,3,dom-inspection,,https://txparts.com/shop/honor-x60i-2024,False,False,2026-09-07T04:48:31+00:00,,,,,
TXParts,https://txparts.com/,Other Brands,https://txparts.com/shop/alcatel,7,dom-inspection,Honor,https://txparts.com/shop/honor,12,dom-inspection,Honor X6b (2024),https://txparts.com/shop/honor-x6b-2024,50,0,50,3,dom-inspection,,https://txparts.com/shop/honor-x6b-2024,False,False,2026-09-07T04:48:31+00:00,,,,,
TXParts,https://txparts.com/,Other Brands,https://txparts.com/shop/alcatel,7,dom-inspection,Honor,https://txparts.com/shop/honor,12,dom-inspection,Honor X6a (2023),https://txparts.com/shop/honor-x6a-2023,51,0,51,3,dom-inspection,,https://txparts.com/shop/honor-x6a-2023,False,False,2026-09-07T04:48:31+00:00,,,,,
TXParts,https://txparts.com/,Other Brands,https://txparts.com/shop/alcatel,7,dom-inspection,Honor,https://txparts.com/shop/honor,12,dom-inspection,Honor X6 (2022),https://txparts.com/shop/honor-x6-2022,52,0,52,3,dom-inspection,,https://txparts.com/shop/honor-x6-2022,False,False,2026-09-07T04:48:31+00:00,,,,,
TXParts,https://txparts.com/,Other Brands,https://txparts.com/shop/alcatel,7,dom-inspection,Honor,https://txparts.com/shop/honor,12,dom-inspection,Honor X5b (2024),https://txparts.com/shop/honor-x5b-2024,53,0,53,3,dom-inspection,,https://txparts.com/shop/honor-x5b-2024,False,False,2026-09-07T04:48:31+00:00,,,,,
TXParts,https://txparts.com/,Other Brands,https://txparts.com/shop/alcatel,7,dom-inspection,Honor,https://txparts.com/shop/honor,12,dom-inspection,Honor X50 GT (2024),https://txparts.com/shop/honor-x50-gt-2024,54,0,54,3,dom-inspection,,https://txparts.com/shop/honor-x50-gt-2024,False,False,2026-09-07T04:48:31+00:00,,,,,
TXParts,https://txparts.com/,Other Brands,https://txparts.com/shop/alcatel,7,dom-inspection,Honor,https://txparts.com/shop/honor,12,dom-inspection,Honor X30i (2021),https://txparts.com/shop/honor-x30i-2021,55,0,55,3,dom-inspection,,https://txparts.com/shop/honor-x30i-2021,False,False,2026-09-07T04:48:31+00:00,,,,,
TXParts,https://txparts.com/,Other Brands,https://txparts.com/shop/alcatel,7,dom-inspection,Huawei,https://txparts.com/shop/huawei,13,dom-inspection,Huawei Mate Series,https://txparts.com/shop/huawei-mate-series,1,0,1,3,dom-inspection,,https://txparts.com/shop/huawei-mate-series,False,False,2026-09-07T04:48:31+00:00,,,,,
TXParts,https://txparts.com/,Other Brands,https://txparts.com/shop/alcatel,7,dom-inspection,Huawei,https://txparts.com/shop/huawei,13,dom-inspection,Mate 60,https://txparts.com/shop/mate-60,2,0,2,3,dom-inspection,,https://txparts.com/shop/mate-60,False,False,2026-09-07T04:48:31+00:00,,,,,
TXParts,https://txparts.com/,Other Brands,https://txparts.com/shop/alcatel,7,dom-inspection,Huawei,https://txparts.com/shop/huawei,13,dom-inspection,Mate 50 Pro,https://txparts.com/shop/mate-50-pro,3,0,3,3,dom-inspection,,https://txparts.com/shop/mate-50-pro,False,False,2026-09-07T04:48:31+00:00,,,,,
TXParts,https://txparts.com/,Other Brands,https://txparts.com/shop/alcatel,7,dom-inspection,Huawei,https://txparts.com/shop/huawei,13,dom-inspection,Mate 50,https://txparts.com/shop/mate-50,4,0,4,3,dom-inspection,,https://txparts.com/shop/mate-50,False,False,2026-09-07T04:48:31+00:00,,,,,
TXParts,https://txparts.com/,Other Brands,https://txparts.com/shop/alcatel,7,dom-inspection,Huawei,https://txparts.com/shop/huawei,13,dom-inspection,Mate 40 Pro,https://txparts.com/shop/mate-40-pro,5,0,5,3,dom-inspection,,https://txparts.com/shop/mate-40-pro,False,False,2026-09-07T04:48:31+00:00,,,,,
TXParts,https://txparts.com/,Other Brands,https://txparts.com/shop/alcatel,7,dom-inspection,Huawei,https://txparts.com/shop/huawei,13,dom-inspection,Mate 40,https://txparts.com/shop/mate-40,6,0,6,3,dom-inspection,,https://txparts.com/shop/mate-40,False,False,2026-09-07T04:48:31+00:00,,,,,
TXParts,https://txparts.com/,Other Brands,https://txparts.com/shop/alcatel,7,dom-inspection,Huawei,https://txparts.com/shop/huawei,13,dom-inspection,Mate 30 Pro,https://txparts.com/shop/mate-30-pro,7,0,7,3,dom-inspection,,https://txparts.com/shop/mate-30-pro,False,False,2026-09-07T04:48:31+00:00,,,,,
TXParts,https://txparts.com/,Other Brands,https://txparts.com/shop/alcatel,7,dom-inspection,Huawei,https://txparts.com/shop/huawei,13,dom-inspection,Mate 30 Lite,https://txparts.com/shop/mate-30-lite,8,0,8,3,dom-inspection,,https://txparts.com/shop/mate-30-lite,False,False,2026-09-07T04:48:31+00:00,,,,,
TXParts,https://txparts.com/,Other Brands,https://txparts.com/shop/alcatel,7,dom-inspection,Huawei,https://txparts.com/shop/huawei,13,dom-inspection,Mate 30,https://txparts.com/shop/mate-30,9,0,9,3,dom-inspection,,https://txparts.com/shop/mate-30,False,False,2026-09-07T04:48:31+00:00,,,,,
TXParts,https://txparts.com/,Other Brands,https://txparts.com/shop/alcatel,7,dom-inspection,Huawei,https://txparts.com/shop/huawei,13,dom-inspection,Mate 20 Pro,https://txparts.com/shop/mate-20-pro,10,0,10,3,dom-inspection,,https://txparts.com/shop/mate-20-pro,False,False,2026-09-07T04:48:31+00:00,,,,,
TXParts,https://txparts.com/,Other Brands,https://txparts.com/shop/alcatel,7,dom-inspection,Huawei,https://txparts.com/shop/huawei,13,dom-inspection,Mate 20 Lite,https://txparts.com/shop/mate-20-lite,11,0,11,3,dom-inspection,,https://txparts.com/shop/mate-20-lite,False,False,2026-09-07T04:48:31+00:00,,,,,
TXParts,https://txparts.com/,Other Brands,https://txparts.com/shop/alcatel,7,dom-inspection,Huawei,https://txparts.com/shop/huawei,13,dom-inspection,Mate 20 X,https://txparts.com/shop/mate-20-x,12,0,12,3,dom-inspection,,https://txparts.com/shop/mate-20-x,False,False,2026-09-07T04:48:31+00:00,,,,,
TXParts,https://txparts.com/,Other Brands,https://txparts.com/shop/alcatel,7,dom-inspection,Huawei,https://txparts.com/shop/huawei,13,dom-inspection,Mate 20,https://txparts.com/shop/mate-20,13,0,13,3,dom-inspection,,https://txparts.com/shop/mate-20,False,False,2026-09-07T04:48:31+00:00,,,,,
TXParts,https://txparts.com/,Other Brands,https://txparts.com/shop/alcatel,7,dom-inspection,Huawei,https://txparts.com/shop/huawei,13,dom-inspection,Mate 10 Pro,https://txparts.com/shop/mate-10-pro,14,0,14,3,dom-inspection,,https://txparts.com/shop/mate-10-pro,False,False,2026-09-07T04:48:31+00:00,,,,,
TXParts,https://txparts.com/,Other Brands,https://txparts.com/shop/alcatel,7,dom-inspection,Huawei,https://txparts.com/shop/huawei,13,dom-inspection,Mate 10 Lite,https://txparts.com/shop/mate-10-lite,15,0,15,3,dom-inspection,,https://txparts.com/shop/mate-10-lite,False,False,2026-09-07T04:48:31+00:00,,,,,
TXParts,https://txparts.com/,Other Brands,https://txparts.com/shop/alcatel,7,dom-inspection,Huawei,https://txparts.com/shop/huawei,13,dom-inspection,Mate 10,https://txparts.com/shop/mate-10,16,0,16,3,dom-inspection,,https://txparts.com/shop/mate-10,False,False,2026-09-07T04:48:31+00:00,,,,,
TXParts,https://txparts.com/,Other Brands,https://txparts.com/shop/alcatel,7,dom-inspection,Huawei,https://txparts.com/shop/huawei,13,dom-inspection,Mate 9 Lite,https://txparts.com/shop/mate-9-lite,17,0,17,3,dom-inspection,,https://txparts.com/shop/mate-9-lite,False,False,2026-09-07T04:48:31+00:00,,,,,
TXParts,https://txparts.com/,Other Brands,https://txparts.com/shop/alcatel,7,dom-inspection,Huawei,https://txparts.com/shop/huawei,13,dom-inspection,Mate 9 Pro,https://txparts.com/shop/mate-9-pro,18,0,18,3,dom-inspection,,https://txparts.com/shop/mate-9-pro,False,False,2026-09-07T04:48:31+00:00,,,,,
TXParts,https://txparts.com/,Other Brands,https://txparts.com/shop/alcatel,7,dom-inspection,Huawei,https://txparts.com/shop/huawei,13,dom-inspection,Mate 9,https://txparts.com/shop/mate-9,19,0,19,3,dom-inspection,,https://txparts.com/shop/mate-9,False,False,2026-09-07T04:48:31+00:00,,,,,
TXParts,https://txparts.com/,Other Brands,https://txparts.com/shop/alcatel,7,dom-inspection,Huawei,https://txparts.com/shop/huawei,13,dom-inspection,Mate 8,https://txparts.com/shop/mate-8,20,0,20,3,dom-inspection,,https://txparts.com/shop/mate-8,False,False,2026-09-07T04:48:31+00:00,,,,,
TXParts,https://txparts.com/,Other Brands,https://txparts.com/shop/alcatel,7,dom-inspection,Huawei,https://txparts.com/shop/huawei,13,dom-inspection,Mate X,https://txparts.com/shop/mate-x,21,0,21,3,dom-inspection,,https://txparts.com/shop/mate-x,False,False,2026-09-07T04:48:31+00:00,,,,,
TXParts,https://txparts.com/,Other Brands,https://txparts.com/shop/alcatel,7,dom-inspection,Huawei,https://txparts.com/shop/huawei,13,dom-inspection,Mate SE L34,https://txparts.com/shop/mate-se-l34,22,0,22,3,dom-inspection,,https://txparts.com/shop/mate-se-l34,False,False,2026-09-07T04:48:31+00:00,,,,,
TXParts,https://txparts.com/,Other Brands,https://txparts.com/shop/alcatel,7,dom-inspection,Huawei,https://txparts.com/shop/huawei,13,dom-inspection,Ascend Mate 7,https://txparts.com/shop/ascend-mate-7,23,0,23,3,dom-inspection,,https://txparts.com/shop/ascend-mate-7,False,False,2026-09-07T04:48:31+00:00,,,,,
TXParts,https://txparts.com/,Other Brands,https://txparts.com/shop/alcatel,7,dom-inspection,Huawei,https://txparts.com/shop/huawei,13,dom-inspection,Ascend Mate 2,https://txparts.com/shop/ascend-mate-2,24,0,24,3,dom-inspection,,https://txparts.com/shop/ascend-mate-2,False,False,2026-09-07T04:48:31+00:00,,,,,
TXParts,https://txparts.com/,Other Brands,https://txparts.com/shop/alcatel,7,dom-inspection,Huawei,https://txparts.com/shop/huawei,13,dom-inspection,Huawei Nova Series,https://txparts.com/shop/huawei-nova-series,25,0,25,3,dom-inspection,,https://txparts.com/shop/huawei-nova-series,False,False,2026-09-07T04:48:31+00:00,,,,,
TXParts,https://txparts.com/,Other Brands,https://txparts.com/shop/alcatel,7,dom-inspection,Huawei,https://txparts.com/shop/huawei,13,dom-inspection,Nova Y91,https://txparts.com/shop/nova-y91,26,0,26,3,dom-inspection,,https://txparts.com/shop/nova-y91,False,False,2026-09-07T04:48:31+00:00,,,,,
TXParts,https://txparts.com/,Other Brands,https://txparts.com/shop/alcatel,7,dom-inspection,Huawei,https://txparts.com/shop/huawei,13,dom-inspection,Nova Y90,https://txparts.com/shop/nova-y90,27,0,27,3,dom-inspection,,https://txparts.com/shop/nova-y90,False,False,2026-09-07T04:48:31+00:00,,,,,
TXParts,https://txparts.com/,Other Brands,https://txparts.com/shop/alcatel,7,dom-inspection,Huawei,https://txparts.com/shop/huawei,13,dom-inspection,Nova Y72,https://txparts.com/shop/nova-y72,28,0,28,3,dom-inspection,,https://txparts.com/shop/nova-y72,False,False,2026-09-07T04:48:31+00:00,,,,,
TXParts,https://txparts.com/,Other Brands,https://txparts.com/shop/alcatel,7,dom-inspection,Huawei,https://txparts.com/shop/huawei,13,dom-inspection,Nova Y70 Plus,https://txparts.com/shop/nova-y70-plus,29,0,29,3,dom-inspection,,https://txparts.com/shop/nova-y70-plus,False,False,2026-09-07T04:48:31+00:00,,,,,
TXParts,https://txparts.com/,Other Brands,https://txparts.com/shop/alcatel,7,dom-inspection,Huawei,https://txparts.com/shop/huawei,13,dom-inspection,Nova Y60,https://txparts.com/shop/nova-y60,30,0,30,3,dom-inspection,,https://txparts.com/shop/nova-y60,False,False,2026-09-07T04:48:31+00:00,,,,,
TXParts,https://txparts.com/,Other Brands,https://txparts.com/shop/alcatel,7,dom-inspection,Huawei,https://txparts.com/shop/huawei,13,dom-inspection,Nova 12I,https://txparts.com/shop/nova-12i,31,0,31,3,dom-inspection,,https://txparts.com/shop/nova-12i,False,False,2026-09-07T04:48:31+00:00,,,,,
TXParts,https://txparts.com/,Other Brands,https://txparts.com/shop/alcatel,7,dom-inspection,Huawei,https://txparts.com/shop/huawei,13,dom-inspection,Nova 11,https://txparts.com/shop/nova-11,32,0,32,3,dom-inspection,,https://txparts.com/shop/nova-11,False,False,2026-09-07T04:48:31+00:00,,,,,
TXParts,https://txparts.com/,Other Brands,https://txparts.com/shop/alcatel,7,dom-inspection,Huawei,https://txparts.com/shop/huawei,13,dom-inspection,Nova 10Z,https://txparts.com/shop/nova-10z,33,0,33,3,dom-inspection,,https://txparts.com/shop/nova-10z,False,False,2026-09-07T04:48:31+00:00,,,,,
TXParts,https://txparts.com/,Other Brands,https://txparts.com/shop/alcatel,7,dom-inspection,Huawei,https://txparts.com/shop/huawei,13,dom-inspection,Nova 10 SE,https://txparts.com/shop/nova-10-se,34,0,34,3,dom-inspection,,https://txparts.com/shop/nova-10-se,False,False,2026-09-07T04:48:31+00:00,,,,,
TXParts,https://txparts.com/,Other Brands,https://txparts.com/shop/alcatel,7,dom-inspection,Huawei,https://txparts.com/shop/huawei,13,dom-inspection,Nova 10 Pro,https://txparts.com/shop/nova-10-pro,35,0,35,3,dom-inspection,,https://txparts.com/shop/nova-10-pro,False,False,2026-09-07T04:48:31+00:00,,,,,
TXParts,https://txparts.com/,Other Brands,https://txparts.com/shop/alcatel,7,dom-inspection,Huawei,https://txparts.com/shop/huawei,13,dom-inspection,Nova 10,https://txparts.com/shop/nova-10,36,0,36,3,dom-inspection,,https://txparts.com/shop/nova-10,False,False,2026-09-07T04:48:31+00:00,,,,,
TXParts,https://txparts.com/,Other Brands,https://txparts.com/shop/alcatel,7,dom-inspection,Huawei,https://txparts.com/shop/huawei,13,dom-inspection,Nova 9 SE,https://txparts.com/shop/nova-9-se,37,0,37,3,dom-inspection,,https://txparts.com/shop/nova-9-se,False,False,2026-09-07T04:48:31+00:00,,,,,
TXParts,https://txparts.com/,Other Brands,https://txparts.com/shop/alcatel,7,dom-inspection,Huawei,https://txparts.com/shop/huawei,13,dom-inspection,Nova 8I,https://txparts.com/shop/nova-8i,38,0,38,3,dom-inspection,,https://txparts.com/shop/nova-8i,False,False,2026-09-07T04:48:31+00:00,,,,,
TXParts,https://txparts.com/,Other Brands,https://txparts.com/shop/alcatel,7,dom-inspection,Huawei,https://txparts.com/shop/huawei,13,dom-inspection,Nova 6,https://txparts.com/shop/nova-6,39,0,39,3,dom-inspection,,https://txparts.com/shop/nova-6,False,False,2026-09-07T04:48:31+00:00,,,,,
TXParts,https://txparts.com/,Other Brands,https://txparts.com/shop/alcatel,7,dom-inspection,Huawei,https://txparts.com/shop/huawei,13,dom-inspection,Nova 5I Pro,https://txparts.com/shop/nova-5i-pro,40,0,40,3,dom-inspection,,https://txparts.com/shop/nova-5i-pro,False,False,2026-09-07T04:48:31+00:00,,,,,
TXParts,https://txparts.com/,Other Brands,https://txparts.com/shop/alcatel,7,dom-inspection,Huawei,https://txparts.com/shop/huawei,13,dom-inspection,Nova 5,https://txparts.com/shop/nova-5,41,0,41,3,dom-inspection,,https://txparts.com/shop/nova-5,False,False,2026-09-07T04:48:31+00:00,,,,,
TXParts,https://txparts.com/,Other Brands,https://txparts.com/shop/alcatel,7,dom-inspection,Huawei,https://txparts.com/shop/huawei,13,dom-inspection,Nova 4E,https://txparts.com/shop/nova-4e,42,0,42,3,dom-inspection,,https://txparts.com/shop/nova-4e,False,False,2026-09-07T04:48:31+00:00,,,,,
TXParts,https://txparts.com/,Other Brands,https://txparts.com/shop/alcatel,7,dom-inspection,Huawei,https://txparts.com/shop/huawei,13,dom-inspection,Nova 3E,https://txparts.com/shop/nova-3e,43,0,43,3,dom-inspection,,https://txparts.com/shop/nova-3e,False,False,2026-09-07T04:48:31+00:00,,,,,
TXParts,https://txparts.com/,Other Brands,https://txparts.com/shop/alcatel,7,dom-inspection,Huawei,https://txparts.com/shop/huawei,13,dom-inspection,Nova 3I,https://txparts.com/shop/nova-3i,44,0,44,3,dom-inspection,,https://txparts.com/shop/nova-3i,False,False,2026-09-07T04:48:31+00:00,,,,,
TXParts,https://txparts.com/,Other Brands,https://txparts.com/shop/alcatel,7,dom-inspection,Huawei,https://txparts.com/shop/huawei,13,dom-inspection,Nova 3,https://txparts.com/shop/nova-3,45,0,45,3,dom-inspection,,https://txparts.com/shop/nova-3,False,False,2026-09-07T04:48:31+00:00,,,,,
TXParts,https://txparts.com/,Other Brands,https://txparts.com/shop/alcatel,7,dom-inspection,Huawei,https://txparts.com/shop/huawei,13,dom-inspection,Nova 2 Plus,https://txparts.com/shop/nova-2-plus,46,0,46,3,dom-inspection,,https://txparts.com/shop/nova-2-plus,False,False,2026-09-07T04:48:31+00:00,,,,,
TXParts,https://txparts.com/,Other Brands,https://txparts.com/shop/alcatel,7,dom-inspection,Huawei,https://txparts.com/shop/huawei,13,dom-inspection,Nova Plus,https://txparts.com/shop/nova-plus,47,0,47,3,dom-inspection,,https://txparts.com/shop/nova-plus,False,False,2026-09-07T04:48:31+00:00,,,,,
TXParts,https://txparts.com/,Other Brands,https://txparts.com/shop/alcatel,7,dom-inspection,Huawei,https://txparts.com/shop/huawei,13,dom-inspection,Huawei Others,https://txparts.com/shop/huawei-others,48,0,48,3,dom-inspection,,https://txparts.com/shop/huawei-others,False,False,2026-09-07T04:48:31+00:00,,,,,
TXParts,https://txparts.com/,Other Brands,https://txparts.com/shop/alcatel,7,dom-inspection,Huawei,https://txparts.com/shop/huawei,13,dom-inspection,GX8,https://txparts.com/shop/gx8,49,0,49,3,dom-inspection,,https://txparts.com/shop/gx8,False,False,2026-09-07T04:48:31+00:00,,,,,
TXParts,https://txparts.com/,Other Brands,https://txparts.com/shop/alcatel,7,dom-inspection,Huawei,https://txparts.com/shop/huawei,13,dom-inspection,Nexus 6P,https://txparts.com/shop/nexus-6p,50,0,50,3,dom-inspection,,https://txparts.com/shop/nexus-6p,False,False,2026-09-07T04:48:31+00:00,,,,,
TXParts,https://txparts.com/,Other Brands,https://txparts.com/shop/alcatel,7,dom-inspection,Huawei,https://txparts.com/shop/huawei,13,dom-inspection,GR5 2017,https://txparts.com/shop/gr5-2017,51,0,51,3,dom-inspection,,https://txparts.com/shop/gr5-2017,False,False,2026-09-07T04:48:31+00:00,,,,,
TXParts,https://txparts.com/,Other Brands,https://txparts.com/shop/alcatel,7,dom-inspection,Huawei,https://txparts.com/shop/huawei,13,dom-inspection,GR5 Older,https://txparts.com/shop/gr5-older,52,0,52,3,dom-inspection,,https://txparts.com/shop/gr5-older,False,False,2026-09-07T04:48:31+00:00,,,,,
TXParts,https://txparts.com/,Other Brands,https://txparts.com/shop/alcatel,7,dom-inspection,Huawei,https://txparts.com/shop/huawei,13,dom-inspection,Huawei P Series,https://txparts.com/shop/huawei-p-series,53,0,53,3,dom-inspection,,https://txparts.com/shop/huawei-p-series,False,False,2026-09-07T04:48:31+00:00,,,,,
TXParts,https://txparts.com/,Other Brands,https://txparts.com/shop/alcatel,7,dom-inspection,Huawei,https://txparts.com/shop/huawei,13,dom-inspection,P60 (2023),https://txparts.com/shop/p60-2023,54,0,54,3,dom-inspection,,https://txparts.com/shop/p60-2023,False,False,2026-09-07T04:48:31+00:00,,,,,
TXParts,https://txparts.com/,Other Brands,https://txparts.com/shop/alcatel,7,dom-inspection,Huawei,https://txparts.com/shop/huawei,13,dom-inspection,P50 Pro (2021),https://txparts.com/shop/p50-pro-2021,55,0,55,3,dom-inspection,,https://txparts.com/shop/p50-pro-2021,False,False,2026-09-07T04:48:31+00:00,,,,,
TXParts,https://txparts.com/,Other Brands,https://txparts.com/shop/alcatel,7,dom-inspection,Huawei,https://txparts.com/shop/huawei,13,dom-inspection,P50 (2021),https://txparts.com/shop/p50-2021,56,0,56,3,dom-inspection,,https://txparts.com/shop/p50-2021,False,False,2026-09-07T04:48:31+00:00,,,,,
TXParts,https://txparts.com/,Other Brands,https://txparts.com/shop/alcatel,7,dom-inspection,Huawei,https://txparts.com/shop/huawei,13,dom-inspection,P40 Pro (2020),https://txparts.com/shop/p40-pro-2020,57,0,57,3,dom-inspection,,https://txparts.com/shop/p40-pro-2020,False,False,2026-09-07T04:48:31+00:00,,,,,
TXParts,https://txparts.com/,Other Brands,https://txparts.com/shop/alcatel,7,dom-inspection,Huawei,https://txparts.com/shop/huawei,13,dom-inspection,P40 Lite 5G (2020),https://txparts.com/shop/p40-lite-5g-2020,58,0,58,3,dom-inspection,,https://txparts.com/shop/p40-lite-5g-2020,False,False,2026-09-07T04:48:31+00:00,,,,,
TXParts,https://txparts.com/,Other Brands,https://txparts.com/shop/alcatel,7,dom-inspection,Huawei,https://txparts.com/shop/huawei,13,dom-inspection,P40 Lite E (2020),https://txparts.com/shop/p40-lite-e-2020,59,0,59,3,dom-inspection,,https://txparts.com/shop/p40-lite-e-2020,False,False,2026-09-07T04:48:31+00:00,,,,,
TXParts,https://txparts.com/,Other Brands,https://txparts.com/shop/alcatel,7,dom-inspection,Huawei,https://txparts.com/shop/huawei,13,dom-inspection,P40 Lite (2020),https://txparts.com/shop/p40-lite-2020,60,0,60,3,dom-inspection,,https://txparts.com/shop/p40-lite-2020,False,False,2026-09-07T04:48:31+00:00,,,,,
TXParts,https://txparts.com/,Other Brands,https://txparts.com/shop/alcatel,7,dom-inspection,Huawei,https://txparts.com/shop/huawei,13,dom-inspection,P40 (2020),https://txparts.com/shop/p40-2020,61,0,61,3,dom-inspection,,https://txparts.com/shop/p40-2020,False,False,2026-09-07T04:48:31+00:00,,,,,
TXParts,https://txparts.com/,Other Brands,https://txparts.com/shop/alcatel,7,dom-inspection,Huawei,https://txparts.com/shop/huawei,13,dom-inspection,P30 Pro (2019),https://txparts.com/shop/p30-pro-2019,62,0,62,3,dom-inspection,,https://txparts.com/shop/p30-pro-2019,False,False,2026-09-07T04:48:31+00:00,,,,,
TXParts,https://txparts.com/,Other Brands,https://txparts.com/shop/alcatel,7,dom-inspection,Huawei,https://txparts.com/shop/huawei,13,dom-inspection,P30 LITE (2019),https://txparts.com/shop/p30-lite-2019,63,0,63,3,dom-inspection,,https://txparts.com/shop/p30-lite-2019,False,False,2026-09-07T04:48:31+00:00,,,,,
TXParts,https://txparts.com/,Other Brands,https://txparts.com/shop/alcatel,7,dom-inspection,Huawei,https://txparts.com/shop/huawei,13,dom-inspection,P30 (2019),https://txparts.com/shop/p30-2019,64,0,64,3,dom-inspection,,https://txparts.com/shop/p30-2019,False,False,2026-09-07T04:48:31+00:00,,,,,
TXParts,https://txparts.com/,Other Brands,https://txparts.com/shop/alcatel,7,dom-inspection,Huawei,https://txparts.com/shop/huawei,13,dom-inspection,P20 Pro (2018),https://txparts.com/shop/p20-pro-2018,65,0,65,3,dom-inspection,,https://txparts.com/shop/p20-pro-2018,False,False,2026-09-07T04:48:31+00:00,,,,,
TXParts,https://txparts.com/,Other Brands,https://txparts.com/shop/alcatel,7,dom-inspection,Huawei,https://txparts.com/shop/huawei,13,dom-inspection,P20 (2018),https://txparts.com/shop/p20-2018,66,0,66,3,dom-inspection,,https://txparts.com/shop/p20-2018,False,False,2026-09-07T04:48:31+00:00,,,,,
TXParts,https://txparts.com/,Other Brands,https://txparts.com/shop/alcatel,7,dom-inspection,Huawei,https://txparts.com/shop/huawei,13,dom-inspection,P10 Plus (2017),https://txparts.com/shop/p10-plus-2017,67,0,67,3,dom-inspection,,https://txparts.com/shop/p10-plus-2017,False,False,2026-09-07T04:48:31+00:00,,,,,
TXParts,https://txparts.com/,Other Brands,https://txparts.com/shop/alcatel,7,dom-inspection,Huawei,https://txparts.com/shop/huawei,13,dom-inspection,P10 Lite (2017),https://txparts.com/shop/p10-lite-2017,68,0,68,3,dom-inspection,,https://txparts.com/shop/p10-lite-2017,False,False,2026-09-07T04:48:31+00:00,,,,,
TXParts,https://txparts.com/,Other Brands,https://txparts.com/shop/alcatel,7,dom-inspection,Huawei,https://txparts.com/shop/huawei,13,dom-inspection,P10 (2017),https://txparts.com/shop/p10-2017,69,0,69,3,dom-inspection,,https://txparts.com/shop/p10-2017,False,False,2026-09-07T04:48:31+00:00,,,,,
TXParts,https://txparts.com/,Other Brands,https://txparts.com/shop/alcatel,7,dom-inspection,Huawei,https://txparts.com/shop/huawei,13,dom-inspection,P10 Selfie,https://txparts.com/shop/p10-selfie,70,0,70,3,dom-inspection,,https://txparts.com/shop/p10-selfie,False,False,2026-09-07T04:48:31+00:00,,,,,
TXParts,https://txparts.com/,Other Brands,https://txparts.com/shop/alcatel,7,dom-inspection,Huawei,https://txparts.com/shop/huawei,13,dom-inspection,P9 Plus (2016),https://txparts.com/shop/p9-plus-2016,71,0,71,3,dom-inspection,,https://txparts.com/shop/p9-plus-2016,False,False,2026-09-07T04:48:31+00:00,,,,,
TXParts,https://txparts.com/,Other Brands,https://txparts.com/shop/alcatel,7,dom-inspection,Huawei,https://txparts.com/shop/huawei,13,dom-inspection,P9 Lite (2016),https://txparts.com/shop/p9-lite-2016,72,0,72,3,dom-inspection,,https://txparts.com/shop/p9-lite-2016,False,False,2026-09-07T04:48:31+00:00,,,,,
TXParts,https://txparts.com/,Other Brands,https://txparts.com/shop/alcatel,7,dom-inspection,Huawei,https://txparts.com/shop/huawei,13,dom-inspection,P9 (2016),https://txparts.com/shop/p9-2016,73,0,73,3,dom-inspection,,https://txparts.com/shop/p9-2016,False,False,2026-09-07T04:48:31+00:00,,,,,
TXParts,https://txparts.com/,Other Brands,https://txparts.com/shop/alcatel,7,dom-inspection,Huawei,https://txparts.com/shop/huawei,13,dom-inspection,P Smart 7S,https://txparts.com/shop/p-smart-7s,74,0,74,3,dom-inspection,,https://txparts.com/shop/p-smart-7s,False,False,2026-09-07T04:48:31+00:00,,,,,
TXParts,https://txparts.com/,Other Brands,https://txparts.com/shop/alcatel,7,dom-inspection,Huawei,https://txparts.com/shop/huawei,13,dom-inspection,P Smart S (2021),https://txparts.com/shop/p-smart-s-2021,75,0,75,3,dom-inspection,,https://txparts.com/shop/p-smart-s-2021,False,False,2026-09-07T04:48:31+00:00,,,,,
TXParts,https://txparts.com/,Other Brands,https://txparts.com/shop/alcatel,7,dom-inspection,Huawei,https://txparts.com/shop/huawei,13,dom-inspection,P Smart (2021),https://txparts.com/shop/p-smart-2021,76,0,76,3,dom-inspection,,https://txparts.com/shop/p-smart-2021,False,False,2026-09-07T04:48:31+00:00,,,,,
TXParts,https://txparts.com/,Other Brands,https://txparts.com/shop/alcatel,7,dom-inspection,Huawei,https://txparts.com/shop/huawei,13,dom-inspection,P Smart Z (2019),https://txparts.com/shop/p-smart-z-2019,77,0,77,3,dom-inspection,,https://txparts.com/shop/p-smart-z-2019,False,False,2026-09-07T04:48:31+00:00,,,,,
TXParts,https://txparts.com/,Other Brands,https://txparts.com/shop/alcatel,7,dom-inspection,Huawei,https://txparts.com/shop/huawei,13,dom-inspection,P Smart (2019),https://txparts.com/shop/p-smart-2019,78,0,78,3,dom-inspection,,https://txparts.com/shop/p-smart-2019,False,False,2026-09-07T04:48:31+00:00,,,,,
TXParts,https://txparts.com/,Other Brands,https://txparts.com/shop/alcatel,7,dom-inspection,Huawei,https://txparts.com/shop/huawei,13,dom-inspection,P Smart Plus (2019),https://txparts.com/shop/p-smart-plus-2019,79,0,79,3,dom-inspection,,https://txparts.com/shop/p-smart-plus-2019,False,False,2026-09-07T04:48:31+00:00,,,,,
TXParts,https://txparts.com/,Other Brands,https://txparts.com/shop/alcatel,7,dom-inspection,Huawei,https://txparts.com/shop/huawei,13,dom-inspection,P Smart (2017),https://txparts.com/shop/p-smart-2017,80,0,80,3,dom-inspection,,https://txparts.com/shop/p-smart-2017,False,False,2026-09-07T04:48:31+00:00,,,,,
TXParts,https://txparts.com/,Other Brands,https://txparts.com/shop/alcatel,7,dom-inspection,Huawei,https://txparts.com/shop/huawei,13,dom-inspection,Huawei Y Series,https://txparts.com/shop/huawei-y-series,81,0,81,3,dom-inspection,,https://txparts.com/shop/huawei-y-series,False,False,2026-09-07T04:48:31+00:00,,,,,
TXParts,https://txparts.com/,Other Brands,https://txparts.com/shop/alcatel,7,dom-inspection,Huawei,https://txparts.com/shop/huawei,13,dom-inspection,Y9A (2020),https://txparts.com/shop/y9a-2020,82,0,82,3,dom-inspection,,https://txparts.com/shop/y9a-2020,False,False,2026-09-07T04:48:31+00:00,,,,,
TXParts,https://txparts.com/,Other Brands,https://txparts.com/shop/alcatel,7,dom-inspection,Huawei,https://txparts.com/shop/huawei,13,dom-inspection,Y9 Prime (2019),https://txparts.com/shop/y9-prime-2019,83,0,83,3,dom-inspection,,https://txparts.com/shop/y9-prime-2019,False,False,2026-09-07T04:48:31+00:00,,,,,
TXParts,https://txparts.com/,Other Brands,https://txparts.com/shop/alcatel,7,dom-inspection,Huawei,https://txparts.com/shop/huawei,13,dom-inspection,Y9S (2019),https://txparts.com/shop/y9s-2019,84,0,84,3,dom-inspection,,https://txparts.com/shop/y9s-2019,False,False,2026-09-07T04:48:31+00:00,,,,,
TXParts,https://txparts.com/,Other Brands,https://txparts.com/shop/alcatel,7,dom-inspection,Huawei,https://txparts.com/shop/huawei,13,dom-inspection,Y9 (2019),https://txparts.com/shop/y9-2019,85,0,85,3,dom-inspection,,https://txparts.com/shop/y9-2019,False,False,2026-09-07T04:48:31+00:00,,,,,
TXParts,https://txparts.com/,Other Brands,https://txparts.com/shop/alcatel,7,dom-inspection,Huawei,https://txparts.com/shop/huawei,13,dom-inspection,Y9 (2018),https://txparts.com/shop/y9-2018,86,0,86,3,dom-inspection,,https://txparts.com/shop/y9-2018,False,False,2026-09-07T04:48:31+00:00,,,,,
TXParts,https://txparts.com/,Other Brands,https://txparts.com/shop/alcatel,7,dom-inspection,Huawei,https://txparts.com/shop/huawei,13,dom-inspection,Y7 Prime (2018),https://txparts.com/shop/y7-prime-2018,87,0,87,3,dom-inspection,,https://txparts.com/shop/y7-prime-2018,False,False,2026-09-07T04:48:31+00:00,,,,,
TXParts,https://txparts.com/,Other Brands,https://txparts.com/shop/alcatel,7,dom-inspection,Huawei,https://txparts.com/shop/huawei,13,dom-inspection,Y7 (2019),https://txparts.com/shop/y7-2019,88,0,88,3,dom-inspection,,https://txparts.com/shop/y7-2019,False,False,2026-09-07T04:48:31+00:00,,,,,
TXParts,https://txparts.com/,Other Brands,https://txparts.com/shop/alcatel,7,dom-inspection,Huawei,https://txparts.com/shop/huawei,13,dom-inspection,Y6P (2020),https://txparts.com/shop/y6p-2020,89,0,89,3,dom-inspection,,https://txparts.com/shop/y6p-2020,False,False,2026-09-07T04:48:31+00:00,,,,,
TXParts,https://txparts.com/,Other Brands,https://txparts.com/shop/alcatel,7,dom-inspection,Huawei,https://txparts.com/shop/huawei,13,dom-inspection,Y6 (2019),https://txparts.com/shop/y6-2019,90,0,90,3,dom-inspection,,https://txparts.com/shop/y6-2019,False,False,2026-09-07T04:48:31+00:00,,,,,
TXParts,https://txparts.com/,Other Brands,https://txparts.com/shop/alcatel,7,dom-inspection,Huawei,https://txparts.com/shop/huawei,13,dom-inspection,Y6 (2018),https://txparts.com/shop/y6-2018,91,0,91,3,dom-inspection,,https://txparts.com/shop/y6-2018,False,False,2026-09-07T04:48:31+00:00,,,,,
TXParts,https://txparts.com/,Other Brands,https://txparts.com/shop/alcatel,7,dom-inspection,Huawei,https://txparts.com/shop/huawei,13,dom-inspection,Y6 (2017),https://txparts.com/shop/y6-2017,92,0,92,3,dom-inspection,,https://txparts.com/shop/y6-2017,False,False,2026-09-07T04:48:31+00:00,,,,,
TXParts,https://txparts.com/,Other Brands,https://txparts.com/shop/alcatel,7,dom-inspection,Huawei,https://txparts.com/shop/huawei,13,dom-inspection,Y6 (2016),https://txparts.com/shop/y6-2016,93,0,93,3,dom-inspection,,https://txparts.com/shop/y6-2016,False,False,2026-09-07T04:48:31+00:00,,,,,
TXParts,https://txparts.com/,Other Brands,https://txparts.com/shop/alcatel,7,dom-inspection,Huawei,https://txparts.com/shop/huawei,13,dom-inspection,Y5 Pro (2018),https://txparts.com/shop/y5-pro-2018,94,0,94,3,dom-inspection,,https://txparts.com/shop/y5-pro-2018,False,False,2026-09-07T04:48:31+00:00,,,,,
TXParts,https://txparts.com/,Other Brands,https://txparts.com/shop/alcatel,7,dom-inspection,Huawei,https://txparts.com/shop/huawei,13,dom-inspection,Y5 (2015),https://txparts.com/shop/y5-2015,95,0,95,3,dom-inspection,,https://txparts.com/shop/y5-2015,False,False,2026-09-07T04:48:31+00:00,,,,,
TXParts,https://txparts.com/,Other Brands,https://txparts.com/shop/alcatel,7,dom-inspection,Lenovo,https://txparts.com/shop/lenovo,14,dom-inspection,Lenovo Chromebook Series,https://txparts.com/shop/lenovo-chromebook-series,1,0,1,3,dom-inspection,,https://txparts.com/shop/lenovo-chromebook-series,False,False,2026-09-07T04:48:31+00:00,,,,,
TXParts,https://txparts.com/,Other Brands,https://txparts.com/shop/alcatel,7,dom-inspection,Lenovo,https://txparts.com/shop/lenovo,14,dom-inspection,Chromebook 300E 81H0,https://txparts.com/shop/chromebook-300e-81h0,2,0,2,3,dom-inspection,,https://txparts.com/shop/chromebook-300e-81h0,False,False,2026-09-07T04:48:31+00:00,,,,,
TXParts,https://txparts.com/,Other Brands,https://txparts.com/shop/alcatel,7,dom-inspection,Lenovo,https://txparts.com/shop/lenovo,14,dom-inspection,Lenovo Ideapad Series,https://txparts.com/shop/lenovo-ideapad-series,3,0,3,3,dom-inspection,,https://txparts.com/shop/lenovo-ideapad-series,False,False,2026-09-07T04:48:31+00:00,,,,,
TXParts,https://txparts.com/,Other Brands,https://txparts.com/shop/alcatel,7,dom-inspection,Lenovo,https://txparts.com/shop/lenovo,14,dom-inspection,Ideapad 330,https://txparts.com/shop/ideapad-330,4,0,4,3,dom-inspection,,https://txparts.com/shop/ideapad-330,False,False,2026-09-07T04:48:31+00:00,,,,,
TXParts,https://txparts.com/,Other Brands,https://txparts.com/shop/alcatel,7,dom-inspection,Lenovo,https://txparts.com/shop/lenovo,14,dom-inspection,Lenovo Tab Series,https://txparts.com/shop/lenovo-tab-series,5,0,5,3,dom-inspection,,https://txparts.com/shop/lenovo-tab-series,False,False,2026-09-07T04:48:31+00:00,,,,,
TXParts,https://txparts.com/,Other Brands,https://txparts.com/shop/alcatel,7,dom-inspection,Lenovo,https://txparts.com/shop/lenovo,14,dom-inspection,Tab P11 Plus,https://txparts.com/shop/tab-p11-plus,6,0,6,3,dom-inspection,,https://txparts.com/shop/tab-p11-plus,False,False,2026-09-07T04:48:31+00:00,,,,,
TXParts,https://txparts.com/,Other Brands,https://txparts.com/shop/alcatel,7,dom-inspection,Lenovo,https://txparts.com/shop/lenovo,14,dom-inspection,"Smart Tab P10 10.1"" (X705)",https://txparts.com/shop/smart-tab-p10-101-x705,7,0,7,3,dom-inspection,,https://txparts.com/shop/smart-tab-p10-101-x705,False,False,2026-09-07T04:48:31+00:00,,,,,
TXParts,https://txparts.com/,Other Brands,https://txparts.com/shop/alcatel,7,dom-inspection,Lenovo,https://txparts.com/shop/lenovo,14,dom-inspection,"Tab M10 Fhd Plus 2ND GEN 10.3""X606",https://txparts.com/shop/tab-m10-fhd-plus-2nd-gen-103x606,8,0,8,3,dom-inspection,,https://txparts.com/shop/tab-m10-fhd-plus-2nd-gen-103x606,False,False,2026-09-07T04:48:31+00:00,,,,,
TXParts,https://txparts.com/,Other Brands,https://txparts.com/shop/alcatel,7,dom-inspection,Lenovo,https://txparts.com/shop/lenovo,14,dom-inspection,"Tab M10 Fhd 10.1"" (X605)",https://txparts.com/shop/tab-m10-fhd-101-x605,9,0,9,3,dom-inspection,,https://txparts.com/shop/tab-m10-fhd-101-x605,False,False,2026-09-07T04:48:31+00:00,,,,,
TXParts,https://txparts.com/,Other Brands,https://txparts.com/shop/alcatel,7,dom-inspection,Lenovo,https://txparts.com/shop/lenovo,14,dom-inspection,"Tab M10 HD 2ND GEN 10.1"" (X306)",https://txparts.com/shop/tab-m10-hd-2nd-gen-101-x306,10,0,10,3,dom-inspection,,https://txparts.com/shop/tab-m10-hd-2nd-gen-101-x306,False,False,2026-09-07T04:48:31+00:00,,,,,
TXParts,https://txparts.com/,Other Brands,https://txparts.com/shop/alcatel,7,dom-inspection,Lenovo,https://txparts.com/shop/lenovo,14,dom-inspection,"Tab M10 HD 10.1"" (X505)",https://txparts.com/shop/tab-m10-hd-101-x505,11,0,11,3,dom-inspection,,https://txparts.com/shop/tab-m10-hd-101-x505,False,False,2026-09-07T04:48:31+00:00,,,,,
TXParts,https://txparts.com/,Other Brands,https://txparts.com/shop/alcatel,7,dom-inspection,Lenovo,https://txparts.com/shop/lenovo,14,dom-inspection,Tab M8 (2ND GEN / 2019),https://txparts.com/shop/tab-m8-2nd-gen-2019,12,0,12,3,dom-inspection,,https://txparts.com/shop/tab-m8-2nd-gen-2019,False,False,2026-09-07T04:48:31+00:00,,,,,
TXParts,https://txparts.com/,Other Brands,https://txparts.com/shop/alcatel,7,dom-inspection,Lenovo,https://txparts.com/shop/lenovo,14,dom-inspection,Yoga Smart Tab 5 (YT-X705),https://txparts.com/shop/yoga-smart-tab-5-yt-x705,13,0,13,3,dom-inspection,,https://txparts.com/shop/yoga-smart-tab-5-yt-x705,False,False,2026-09-07T04:48:31+00:00,,,,,
TXParts,https://txparts.com/,Other Brands,https://txparts.com/shop/alcatel,7,dom-inspection,Microsoft,https://txparts.com/shop/microsoft,15,dom-inspection,Surface Book,https://txparts.com/shop/surface-book,1,0,1,3,dom-inspection,,https://txparts.com/shop/surface-book,False,False,2026-09-07T04:48:31+00:00,,,,,
TXParts,https://txparts.com/,Other Brands,https://txparts.com/shop/alcatel,7,dom-inspection,Microsoft,https://txparts.com/shop/microsoft,15,dom-inspection,"Surface Book 3 15""",https://txparts.com/shop/surface-book-3-15,2,0,2,3,dom-inspection,,https://txparts.com/shop/surface-book-3-15,False,False,2026-09-07T04:48:31+00:00,,,,,
TXParts,https://txparts.com/,Other Brands,https://txparts.com/shop/alcatel,7,dom-inspection,Microsoft,https://txparts.com/shop/microsoft,15,dom-inspection,"Surface Book 3 13.5""",https://txparts.com/shop/surface-book-3-135,3,0,3,3,dom-inspection,,https://txparts.com/shop/surface-book-3-135,False,False,2026-09-07T04:48:31+00:00,,,,,
TXParts,https://txparts.com/,Other Brands,https://txparts.com/shop/alcatel,7,dom-inspection,Microsoft,https://txparts.com/shop/microsoft,15,dom-inspection,"Surface Book 2 15""",https://txparts.com/shop/surface-book-2-15,4,0,4,3,dom-inspection,,https://txparts.com/shop/surface-book-2-15,False,False,2026-09-07T04:48:31+00:00,,,,,
TXParts,https://txparts.com/,Other Brands,https://txparts.com/shop/alcatel,7,dom-inspection,Microsoft,https://txparts.com/shop/microsoft,15,dom-inspection,"Surface Book 2 13.5""",https://txparts.com/shop/surface-book-2-135,5,0,5,3,dom-inspection,,https://txparts.com/shop/surface-book-2-135,False,False,2026-09-07T04:48:31+00:00,,,,,
TXParts,https://txparts.com/,Other Brands,https://txparts.com/shop/alcatel,7,dom-inspection,Microsoft,https://txparts.com/shop/microsoft,15,dom-inspection,"Surface Book 1 13.5""",https://txparts.com/shop/surface-book-1-135,6,0,6,3,dom-inspection,,https://txparts.com/shop/surface-book-1-135,False,False,2026-09-07T04:48:31+00:00,,,,,
TXParts,https://txparts.com/,Other Brands,https://txparts.com/shop/alcatel,7,dom-inspection,Microsoft,https://txparts.com/shop/microsoft,15,dom-inspection,Surface Laptop,https://txparts.com/shop/surface-laptop,7,0,7,3,dom-inspection,,https://txparts.com/shop/surface-laptop,False,False,2026-09-07T04:48:31+00:00,,,,,
TXParts,https://txparts.com/,Other Brands,https://txparts.com/shop/alcatel,7,dom-inspection,Microsoft,https://txparts.com/shop/microsoft,15,dom-inspection,"Surface Laptop 7 13.8""",https://txparts.com/shop/surface-laptop-7-138,8,0,8,3,dom-inspection,,https://txparts.com/shop/surface-laptop-7-138,False,False,2026-09-07T04:48:31+00:00,,,,,
TXParts,https://txparts.com/,Other Brands,https://txparts.com/shop/alcatel,7,dom-inspection,Microsoft,https://txparts.com/shop/microsoft,15,dom-inspection,"Surface Laptop 4 13.5""",https://txparts.com/shop/surface-laptop-4-135,9,0,9,3,dom-inspection,,https://txparts.com/shop/surface-laptop-4-135,False,False,2026-09-07T04:48:31+00:00,,,,,
TXParts,https://txparts.com/,Other Brands,https://txparts.com/shop/alcatel,7,dom-inspection,Microsoft,https://txparts.com/shop/microsoft,15,dom-inspection,"Surface Laptop 3 15""",https://txparts.com/shop/surface-laptop-3-15,10,0,10,3,dom-inspection,,https://txparts.com/shop/surface-laptop-3-15,False,False,2026-09-07T04:48:31+00:00,,,,,
TXParts,https://txparts.com/,Other Brands,https://txparts.com/shop/alcatel,7,dom-inspection,Microsoft,https://txparts.com/shop/microsoft,15,dom-inspection,"Surface Laptop 3 13.5""",https://txparts.com/shop/surface-laptop-3-135,11,0,11,3,dom-inspection,,https://txparts.com/shop/surface-laptop-3-135,False,False,2026-09-07T04:48:31+00:00,,,,,
TXParts,https://txparts.com/,Other Brands,https://txparts.com/shop/alcatel,7,dom-inspection,Microsoft,https://txparts.com/shop/microsoft,15,dom-inspection,"Surface Laptop 2 13.5""",https://txparts.com/shop/surface-laptop-2-135,12,0,12,3,dom-inspection,,https://txparts.com/shop/surface-laptop-2-135,False,False,2026-09-07T04:48:31+00:00,,,,,
TXParts,https://txparts.com/,Other Brands,https://txparts.com/shop/alcatel,7,dom-inspection,Microsoft,https://txparts.com/shop/microsoft,15,dom-inspection,"Surface Laptop 1 13.5""",https://txparts.com/shop/surface-laptop-1-135,13,0,13,3,dom-inspection,,https://txparts.com/shop/surface-laptop-1-135,False,False,2026-09-07T04:48:31+00:00,,,,,
TXParts,https://txparts.com/,Other Brands,https://txparts.com/shop/alcatel,7,dom-inspection,Microsoft,https://txparts.com/shop/microsoft,15,dom-inspection,Surface Laptop Studio (1964),https://txparts.com/shop/surface-laptop-studio-1964,14,0,14,3,dom-inspection,,https://txparts.com/shop/surface-laptop-studio-1964,False,False,2026-09-07T04:48:31+00:00,,,,,
TXParts,https://txparts.com/,Other Brands,https://txparts.com/shop/alcatel,7,dom-inspection,Microsoft,https://txparts.com/shop/microsoft,15,dom-inspection,"Surface Laptop Go (1943)""",https://txparts.com/shop/surface-laptop-go-1943,15,0,15,3,dom-inspection,,https://txparts.com/shop/surface-laptop-go-1943,False,False,2026-09-07T04:48:31+00:00,,,,,
TXParts,https://txparts.com/,Other Brands,https://txparts.com/shop/alcatel,7,dom-inspection,Microsoft,https://txparts.com/shop/microsoft,15,dom-inspection,"Surface Laptop 7 15""",https://txparts.com/shop/surface-laptop-7-15,16,0,16,3,dom-inspection,,https://txparts.com/shop/surface-laptop-7-15,False,False,2026-09-07T04:48:31+00:00,,,,,
TXParts,https://txparts.com/,Other Brands,https://txparts.com/shop/alcatel,7,dom-inspection,Microsoft,https://txparts.com/shop/microsoft,15,dom-inspection,Surface Pro Series,https://txparts.com/shop/surface-pro-series,17,0,17,3,dom-inspection,,https://txparts.com/shop/surface-pro-series,False,False,2026-09-07T04:48:31+00:00,,,,,
TXParts,https://txparts.com/,Other Brands,https://txparts.com/shop/alcatel,7,dom-inspection,Microsoft,https://txparts.com/shop/microsoft,15,dom-inspection,Surface Pro 10 (2024),https://txparts.com/shop/surface-pro-10-2024,18,0,18,3,dom-inspection,,https://txparts.com/shop/surface-pro-10-2024,False,False,2026-09-07T04:48:31+00:00,,,,,
TXParts,https://txparts.com/,Other Brands,https://txparts.com/shop/alcatel,7,dom-inspection,Microsoft,https://txparts.com/shop/microsoft,15,dom-inspection,Surface Pro 9 (2022),https://txparts.com/shop/surface-pro-9-2022,19,0,19,3,dom-inspection,,https://txparts.com/shop/surface-pro-9-2022,False,False,2026-09-07T04:48:31+00:00,,,,,
TXParts,https://txparts.com/,Other Brands,https://txparts.com/shop/alcatel,7,dom-inspection,Microsoft,https://txparts.com/shop/microsoft,15,dom-inspection,Surface Pro 8 (2021),https://txparts.com/shop/surface-pro-8-2021,20,0,20,3,dom-inspection,,https://txparts.com/shop/surface-pro-8-2021,False,False,2026-09-07T04:48:31+00:00,,,,,
TXParts,https://txparts.com/,Other Brands,https://txparts.com/shop/alcatel,7,dom-inspection,Microsoft,https://txparts.com/shop/microsoft,15,dom-inspection,Surface Pro 7 Plus (2021),https://txparts.com/shop/surface-pro-7-plus-2021,21,0,21,3,dom-inspection,,https://txparts.com/shop/surface-pro-7-plus-2021,False,False,2026-09-07T04:48:31+00:00,,,,,
TXParts,https://txparts.com/,Other Brands,https://txparts.com/shop/alcatel,7,dom-inspection,Microsoft,https://txparts.com/shop/microsoft,15,dom-inspection,Surface Pro 7 (2019),https://txparts.com/shop/surface-pro-7-2019,22,0,22,3,dom-inspection,,https://txparts.com/shop/surface-pro-7-2019,False,False,2026-09-07T04:48:31+00:00,,,,,
TXParts,https://txparts.com/,Other Brands,https://txparts.com/shop/alcatel,7,dom-inspection,Microsoft,https://txparts.com/shop/microsoft,15,dom-inspection,Surface Pro 6 (2018),https://txparts.com/shop/surface-pro-6-2018,23,0,23,3,dom-inspection,,https://txparts.com/shop/surface-pro-6-2018,False,False,2026-09-07T04:48:31+00:00,,,,,
TXParts,https://txparts.com/,Other Brands,https://txparts.com/shop/alcatel,7,dom-inspection,Microsoft,https://txparts.com/shop/microsoft,15,dom-inspection,Surface Pro 5 (2017),https://txparts.com/shop/surface-pro-5-2017,24,0,24,3,dom-inspection,,https://txparts.com/shop/surface-pro-5-2017,False,False,2026-09-07T04:48:31+00:00,,,,,
TXParts,https://txparts.com/,Other Brands,https://txparts.com/shop/alcatel,7,dom-inspection,Microsoft,https://txparts.com/shop/microsoft,15,dom-inspection,Surface Pro 4 (2015),https://txparts.com/shop/surface-pro-4-2015,25,0,25,3,dom-inspection,,https://txparts.com/shop/surface-pro-4-2015,False,False,2026-09-07T04:48:31+00:00,,,,,
TXParts,https://txparts.com/,Other Brands,https://txparts.com/shop/alcatel,7,dom-inspection,Microsoft,https://txparts.com/shop/microsoft,15,dom-inspection,Surface Pro 3 (2014),https://txparts.com/shop/surface-pro-3-2014,26,0,26,3,dom-inspection,,https://txparts.com/shop/surface-pro-3-2014,False,False,2026-09-07T04:48:31+00:00,,,,,
TXParts,https://txparts.com/,Other Brands,https://txparts.com/shop/alcatel,7,dom-inspection,Microsoft,https://txparts.com/shop/microsoft,15,dom-inspection,Surface Pro 2 (2013),https://txparts.com/shop/surface-pro-2-2013,27,0,27,3,dom-inspection,,https://txparts.com/shop/surface-pro-2-2013,False,False,2026-09-07T04:48:31+00:00,,,,,
TXParts,https://txparts.com/,Other Brands,https://txparts.com/shop/alcatel,7,dom-inspection,Microsoft,https://txparts.com/shop/microsoft,15,dom-inspection,Surface Pro (2013),https://txparts.com/shop/surface-pro-2013,28,0,28,3,dom-inspection,,https://txparts.com/shop/surface-pro-2013,False,False,2026-09-07T04:48:31+00:00,,,,,
TXParts,https://txparts.com/,Other Brands,https://txparts.com/shop/alcatel,7,dom-inspection,Microsoft,https://txparts.com/shop/microsoft,15,dom-inspection,Surface Pro X (2020),https://txparts.com/shop/surface-pro-x-2020,29,0,29,3,dom-inspection,,https://txparts.com/shop/surface-pro-x-2020,False,False,2026-09-07T04:48:31+00:00,,,,,
TXParts,https://txparts.com/,Other Brands,https://txparts.com/shop/alcatel,7,dom-inspection,Microsoft,https://txparts.com/shop/microsoft,15,dom-inspection,Surface Series,https://txparts.com/shop/surface-series,30,0,30,3,dom-inspection,,https://txparts.com/shop/surface-series,False,False,2026-09-07T04:48:31+00:00,,,,,
TXParts,https://txparts.com/,Other Brands,https://txparts.com/shop/alcatel,7,dom-inspection,Microsoft,https://txparts.com/shop/microsoft,15,dom-inspection,Surface Go 2 (2020),https://txparts.com/shop/surface-go-2-2020,31,0,31,3,dom-inspection,,https://txparts.com/shop/surface-go-2-2020,False,False,2026-09-07T04:48:31+00:00,,,,,
TXParts,https://txparts.com/,Other Brands,https://txparts.com/shop/alcatel,7,dom-inspection,Microsoft,https://txparts.com/shop/microsoft,15,dom-inspection,Surface Go (2018),https://txparts.com/shop/surface-go-2018,32,0,32,3,dom-inspection,,https://txparts.com/shop/surface-go-2018,False,False,2026-09-07T04:48:31+00:00,,,,,
TXParts,https://txparts.com/,Other Brands,https://txparts.com/shop/alcatel,7,dom-inspection,Microsoft,https://txparts.com/shop/microsoft,15,dom-inspection,Surface 3 (2015),https://txparts.com/shop/surface-3-2015,33,0,33,3,dom-inspection,,https://txparts.com/shop/surface-3-2015,False,False,2026-09-07T04:48:31+00:00,,,,,
TXParts,https://txparts.com/,Other Brands,https://txparts.com/shop/alcatel,7,dom-inspection,Microsoft,https://txparts.com/shop/microsoft,15,dom-inspection,Surface 2 (2013),https://txparts.com/shop/surface-2-2013,34,0,34,3,dom-inspection,,https://txparts.com/shop/surface-2-2013,False,False,2026-09-07T04:48:31+00:00,,,,,
TXParts,https://txparts.com/,Other Brands,https://txparts.com/shop/alcatel,7,dom-inspection,Microsoft,https://txparts.com/shop/microsoft,15,dom-inspection,Surface RT (2012),https://txparts.com/shop/surface-rt-2012,35,0,35,3,dom-inspection,,https://txparts.com/shop/surface-rt-2012,False,False,2026-09-07T04:48:31+00:00,,,,,
TXParts,https://txparts.com/,Other Brands,https://txparts.com/shop/alcatel,7,dom-inspection,Nokia,https://txparts.com/shop/nokia,16,dom-inspection,Nokia G400,https://txparts.com/shop/nokia-g400,1,0,1,3,dom-inspection,,https://txparts.com/shop/nokia-g400,False,False,2026-09-07T04:48:31+00:00,,,,,
TXParts,https://txparts.com/,Other Brands,https://txparts.com/shop/alcatel,7,dom-inspection,Nokia,https://txparts.com/shop/nokia,16,dom-inspection,Nokia G310,https://txparts.com/shop/nokia-g310,2,0,2,3,dom-inspection,,https://txparts.com/shop/nokia-g310,False,False,2026-09-07T04:48:31+00:00,,,,,
TXParts,https://txparts.com/,Other Brands,https://txparts.com/shop/alcatel,7,dom-inspection,Nokia,https://txparts.com/shop/nokia,16,dom-inspection,Nokia G300,https://txparts.com/shop/nokia-g300,3,0,3,3,dom-inspection,,https://txparts.com/shop/nokia-g300,False,False,2026-09-07T04:48:31+00:00,,,,,
TXParts,https://txparts.com/,Other Brands,https://txparts.com/shop/alcatel,7,dom-inspection,Nokia,https://txparts.com/shop/nokia,16,dom-inspection,Nokia G100,https://txparts.com/shop/nokia-g100,4,0,4,3,dom-inspection,,https://txparts.com/shop/nokia-g100,False,False,2026-09-07T04:48:31+00:00,,,,,
TXParts,https://txparts.com/,Other Brands,https://txparts.com/shop/alcatel,7,dom-inspection,Nokia,https://txparts.com/shop/nokia,16,dom-inspection,Nokia G50 5G,https://txparts.com/shop/nokia-g50-5g,5,0,5,3,dom-inspection,,https://txparts.com/shop/nokia-g50-5g,False,False,2026-09-07T04:48:31+00:00,,,,,
TXParts,https://txparts.com/,Other Brands,https://txparts.com/shop/alcatel,7,dom-inspection,Nokia,https://txparts.com/shop/nokia,16,dom-inspection,Nokia G20,https://txparts.com/shop/nokia-g20,6,0,6,3,dom-inspection,,https://txparts.com/shop/nokia-g20,False,False,2026-09-07T04:48:31+00:00,,,,,
TXParts,https://txparts.com/,Other Brands,https://txparts.com/shop/alcatel,7,dom-inspection,Nokia,https://txparts.com/shop/nokia,16,dom-inspection,Nokia G10,https://txparts.com/shop/nokia-g10,7,0,7,3,dom-inspection,,https://txparts.com/shop/nokia-g10,False,False,2026-09-07T04:48:31+00:00,,,,,
TXParts,https://txparts.com/,Other Brands,https://txparts.com/shop/alcatel,7,dom-inspection,Nokia,https://txparts.com/shop/nokia,16,dom-inspection,Nokia X100,https://txparts.com/shop/nokia-x100,8,0,8,3,dom-inspection,,https://txparts.com/shop/nokia-x100,False,False,2026-09-07T04:48:31+00:00,,,,,
TXParts,https://txparts.com/,Other Brands,https://txparts.com/shop/alcatel,7,dom-inspection,Nokia,https://txparts.com/shop/nokia,16,dom-inspection,Nokia XR20 5G,https://txparts.com/shop/nokia-xr20-5g,9,0,9,3,dom-inspection,,https://txparts.com/shop/nokia-xr20-5g,False,False,2026-09-07T04:48:31+00:00,,,,,
TXParts,https://txparts.com/,Other Brands,https://txparts.com/shop/alcatel,7,dom-inspection,Nokia,https://txparts.com/shop/nokia,16,dom-inspection,Nokia X10,https://txparts.com/shop/nokia-x10,10,0,10,3,dom-inspection,,https://txparts.com/shop/nokia-x10,False,False,2026-09-07T04:48:31+00:00,,,,,
TXParts,https://txparts.com/,Other Brands,https://txparts.com/shop/alcatel,7,dom-inspection,Nokia,https://txparts.com/shop/nokia,16,dom-inspection,Nokia C210,https://txparts.com/shop/nokia-c210,11,0,11,3,dom-inspection,,https://txparts.com/shop/nokia-c210,False,False,2026-09-07T04:48:31+00:00,,,,,
TXParts,https://txparts.com/,Other Brands,https://txparts.com/shop/alcatel,7,dom-inspection,Nokia,https://txparts.com/shop/nokia,16,dom-inspection,Nokia C110,https://txparts.com/shop/nokia-c110,12,0,12,3,dom-inspection,,https://txparts.com/shop/nokia-c110,False,False,2026-09-07T04:48:31+00:00,,,,,
TXParts,https://txparts.com/,Other Brands,https://txparts.com/shop/alcatel,7,dom-inspection,Nokia,https://txparts.com/shop/nokia,16,dom-inspection,Nokia C21 Plus,https://txparts.com/shop/nokia-c21-plus,13,0,13,3,dom-inspection,,https://txparts.com/shop/nokia-c21-plus,False,False,2026-09-07T04:48:31+00:00,,,,,
TXParts,https://txparts.com/,Other Brands,https://txparts.com/shop/alcatel,7,dom-inspection,Nokia,https://txparts.com/shop/nokia,16,dom-inspection,Nokia 8.3 5G,https://txparts.com/shop/nokia-83-5g,14,0,14,3,dom-inspection,,https://txparts.com/shop/nokia-83-5g,False,False,2026-09-07T04:48:31+00:00,,,,,
TXParts,https://txparts.com/,Other Brands,https://txparts.com/shop/alcatel,7,dom-inspection,Nokia,https://txparts.com/shop/nokia,16,dom-inspection,Nokia 3.1 Plus,https://txparts.com/shop/nokia-31-plus,15,0,15,3,dom-inspection,,https://txparts.com/shop/nokia-31-plus,False,False,2026-09-07T04:48:31+00:00,,,,,
TXParts,https://txparts.com/,Other Brands,https://txparts.com/shop/alcatel,7,dom-inspection,Nokia,https://txparts.com/shop/nokia,16,dom-inspection,Nokia 1.4,https://txparts.com/shop/nokia-14,16,0,16,3,dom-inspection,,https://txparts.com/shop/nokia-14,False,False,2026-09-07T04:48:31+00:00,,,,,
TXParts,https://txparts.com/,Other Brands,https://txparts.com/shop/alcatel,7,dom-inspection,Nothing,https://txparts.com/shop/nothing,17,dom-inspection,Phone 1,https://txparts.com/shop/phone-1,1,0,1,3,dom-inspection,,https://txparts.com/shop/phone-1,False,False,2026-09-07T04:48:31+00:00,,,,,
TXParts,https://txparts.com/,Other Brands,https://txparts.com/shop/alcatel,7,dom-inspection,ONN,https://txparts.com/shop/onn,18,dom-inspection,ONN Digi,https://txparts.com/shop/onn-digi,1,0,1,3,dom-inspection,,https://txparts.com/shop/onn-digi,False,False,2026-09-07T04:48:31+00:00,,,,,
TXParts,https://txparts.com/,Other Brands,https://txparts.com/shop/alcatel,7,dom-inspection,OPPO,https://txparts.com/shop/oppo,19,dom-inspection,OPPO N Series,https://txparts.com/shop/oppo-n-series,1,0,1,3,dom-inspection,,https://txparts.com/shop/oppo-n-series,False,False,2026-09-07T04:48:31+00:00,,,,,
TXParts,https://txparts.com/,Other Brands,https://txparts.com/shop/alcatel,7,dom-inspection,OPPO,https://txparts.com/shop/oppo,19,dom-inspection,Find N3 (2023),https://txparts.com/shop/find-n3-2023,2,0,2,3,dom-inspection,,https://txparts.com/shop/find-n3-2023,False,False,2026-09-07T04:48:31+00:00,,,,,
TXParts,https://txparts.com/,Other Brands,https://txparts.com/shop/alcatel,7,dom-inspection,OPPO,https://txparts.com/shop/oppo,19,dom-inspection,OPPO Reno Series,https://txparts.com/shop/oppo-reno-series,3,0,3,3,dom-inspection,,https://txparts.com/shop/oppo-reno-series,False,False,2026-09-07T04:48:31+00:00,,,,,
TXParts,https://txparts.com/,Other Brands,https://txparts.com/shop/alcatel,7,dom-inspection,OPPO,https://txparts.com/shop/oppo,19,dom-inspection,Reno 12 (2024),https://txparts.com/shop/reno-12-2024,4,0,4,3,dom-inspection,,https://txparts.com/shop/reno-12-2024,False,False,2026-09-07T04:48:31+00:00,,,,,
TXParts,https://txparts.com/,Other Brands,https://txparts.com/shop/alcatel,7,dom-inspection,OPPO,https://txparts.com/shop/oppo,19,dom-inspection,Reno 9 (2022),https://txparts.com/shop/reno-9-2022,5,0,5,3,dom-inspection,,https://txparts.com/shop/reno-9-2022,False,False,2026-09-07T04:48:31+00:00,,,,,
TXParts,https://txparts.com/,Other Brands,https://txparts.com/shop/alcatel,7,dom-inspection,OPPO,https://txparts.com/shop/oppo,19,dom-inspection,Reno 7 Pro (2021),https://txparts.com/shop/reno-7-pro-2021,6,0,6,3,dom-inspection,,https://txparts.com/shop/reno-7-pro-2021,False,False,2026-09-07T04:48:31+00:00,,,,,
TXParts,https://txparts.com/,Other Brands,https://txparts.com/shop/alcatel,7,dom-inspection,OPPO,https://txparts.com/shop/oppo,19,dom-inspection,Reno 7 SE (2021),https://txparts.com/shop/reno-7-se-2021,7,0,7,3,dom-inspection,,https://txparts.com/shop/reno-7-se-2021,False,False,2026-09-07T04:48:31+00:00,,,,,
TXParts,https://txparts.com/,Other Brands,https://txparts.com/shop/alcatel,7,dom-inspection,OPPO,https://txparts.com/shop/oppo,19,dom-inspection,Reno 5 Pro (2021),https://txparts.com/shop/reno-5-pro-2021,8,0,8,3,dom-inspection,,https://txparts.com/shop/reno-5-pro-2021,False,False,2026-09-07T04:48:31+00:00,,,,,
TXParts,https://txparts.com/,Other Brands,https://txparts.com/shop/alcatel,7,dom-inspection,OPPO,https://txparts.com/shop/oppo,19,dom-inspection,Reno 5 Lite (2021),https://txparts.com/shop/reno-5-lite-2021,9,0,9,3,dom-inspection,,https://txparts.com/shop/reno-5-lite-2021,False,False,2026-09-07T04:48:31+00:00,,,,,
TXParts,https://txparts.com/,Other Brands,https://txparts.com/shop/alcatel,7,dom-inspection,OPPO,https://txparts.com/shop/oppo,19,dom-inspection,Reno 5 (2020),https://txparts.com/shop/reno-5-2020,10,0,10,3,dom-inspection,,https://txparts.com/shop/reno-5-2020,False,False,2026-09-07T04:48:31+00:00,,,,,
TXParts,https://txparts.com/,Other Brands,https://txparts.com/shop/alcatel,7,dom-inspection,OPPO,https://txparts.com/shop/oppo,19,dom-inspection,Reno 3 Pro (2020),https://txparts.com/shop/reno-3-pro-2020,11,0,11,3,dom-inspection,,https://txparts.com/shop/reno-3-pro-2020,False,False,2026-09-07T04:48:31+00:00,,,,,
TXParts,https://txparts.com/,Other Brands,https://txparts.com/shop/alcatel,7,dom-inspection,OPPO,https://txparts.com/shop/oppo,19,dom-inspection,Reno 3 (2020),https://txparts.com/shop/reno-3-2020,12,0,12,3,dom-inspection,,https://txparts.com/shop/reno-3-2020,False,False,2026-09-07T04:48:31+00:00,,,,,
TXParts,https://txparts.com/,Other Brands,https://txparts.com/shop/alcatel,7,dom-inspection,OPPO,https://txparts.com/shop/oppo,19,dom-inspection,Reno 2 Z (2019),https://txparts.com/shop/reno-2-z-2019,13,0,13,3,dom-inspection,,https://txparts.com/shop/reno-2-z-2019,False,False,2026-09-07T04:48:31+00:00,,,,,
TXParts,https://txparts.com/,Other Brands,https://txparts.com/shop/alcatel,7,dom-inspection,OPPO,https://txparts.com/shop/oppo,19,dom-inspection,Reno 2 (2019),https://txparts.com/shop/reno-2-2019,14,0,14,3,dom-inspection,,https://txparts.com/shop/reno-2-2019,False,False,2026-09-07T04:48:31+00:00,,,,,
TXParts,https://txparts.com/,Other Brands,https://txparts.com/shop/alcatel,7,dom-inspection,OPPO,https://txparts.com/shop/oppo,19,dom-inspection,Reno Z (2019),https://txparts.com/shop/reno-z-2019,15,0,15,3,dom-inspection,,https://txparts.com/shop/reno-z-2019,False,False,2026-09-07T04:48:31+00:00,,,,,
TXParts,https://txparts.com/,Other Brands,https://txparts.com/shop/alcatel,7,dom-inspection,OPPO,https://txparts.com/shop/oppo,19,dom-inspection,Reno (2019),https://txparts.com/shop/reno-2019,16,0,16,3,dom-inspection,,https://txparts.com/shop/reno-2019,False,False,2026-09-07T04:48:31+00:00,,,,,
TXParts,https://txparts.com/,Other Brands,https://txparts.com/shop/alcatel,7,dom-inspection,OPPO,https://txparts.com/shop/oppo,19,dom-inspection,Reno 10x Zoom (2019),https://txparts.com/shop/reno-10x-zoom-2019,17,0,17,3,dom-inspection,,https://txparts.com/shop/reno-10x-zoom-2019,False,False,2026-09-07T04:48:31+00:00,,,,,
TXParts,https://txparts.com/,Other Brands,https://txparts.com/shop/alcatel,7,dom-inspection,OPPO,https://txparts.com/shop/oppo,19,dom-inspection,OPPO A Series,https://txparts.com/shop/oppo-a-series,18,0,18,3,dom-inspection,,https://txparts.com/shop/oppo-a-series,False,False,2026-09-07T04:48:31+00:00,,,,,
TXParts,https://txparts.com/,Other Brands,https://txparts.com/shop/alcatel,7,dom-inspection,OPPO,https://txparts.com/shop/oppo,19,dom-inspection,A93 5G (2021),https://txparts.com/shop/a93-5g-2021,19,0,19,3,dom-inspection,,https://txparts.com/shop/a93-5g-2021,False,False,2026-09-07T04:48:31+00:00,,,,,
TXParts,https://txparts.com/,Other Brands,https://txparts.com/shop/alcatel,7,dom-inspection,OPPO,https://txparts.com/shop/oppo,19,dom-inspection,A92 (2020),https://txparts.com/shop/a92-2020,20,0,20,3,dom-inspection,,https://txparts.com/shop/a92-2020,False,False,2026-09-07T04:48:31+00:00,,,,,
TXParts,https://txparts.com/,Other Brands,https://txparts.com/shop/alcatel,7,dom-inspection,OPPO,https://txparts.com/shop/oppo,19,dom-inspection,A83 (2018),https://txparts.com/shop/a83-2018,21,0,21,3,dom-inspection,,https://txparts.com/shop/a83-2018,False,False,2026-09-07T04:48:31+00:00,,,,,
TXParts,https://txparts.com/,Other Brands,https://txparts.com/shop/alcatel,7,dom-inspection,OPPO,https://txparts.com/shop/oppo,19,dom-inspection,A8 (2019),https://txparts.com/shop/a8-2019,22,0,22,3,dom-inspection,,https://txparts.com/shop/a8-2019,False,False,2026-09-07T04:48:31+00:00,,,,,
TXParts,https://txparts.com/,Other Brands,https://txparts.com/shop/alcatel,7,dom-inspection,OPPO,https://txparts.com/shop/oppo,19,dom-inspection,A73 5G (2022),https://txparts.com/shop/a73-5g-2022,23,0,23,3,dom-inspection,,https://txparts.com/shop/a73-5g-2022,False,False,2026-09-07T04:48:31+00:00,,,,,
TXParts,https://txparts.com/,Other Brands,https://txparts.com/shop/alcatel,7,dom-inspection,OPPO,https://txparts.com/shop/oppo,19,dom-inspection,A7 / AX7 (2018),https://txparts.com/shop/a7-ax7-2018,24,0,24,3,dom-inspection,,https://txparts.com/shop/a7-ax7-2018,False,False,2026-09-07T04:48:31+00:00,,,,,
TXParts,https://txparts.com/,Other Brands,https://txparts.com/shop/alcatel,7,dom-inspection,OPPO,https://txparts.com/shop/oppo,19,dom-inspection,A58 4G (2023),https://txparts.com/shop/a58-4g-2023,25,0,25,3,dom-inspection,,https://txparts.com/shop/a58-4g-2023,False,False,2026-09-07T04:48:31+00:00,,,,,
TXParts,https://txparts.com/,Other Brands,https://txparts.com/shop/alcatel,7,dom-inspection,OPPO,https://txparts.com/shop/oppo,19,dom-inspection,A57 4G (2022),https://txparts.com/shop/a57-4g-2022,26,0,26,3,dom-inspection,,https://txparts.com/shop/a57-4g-2022,False,False,2026-09-07T04:48:31+00:00,,,,,
TXParts,https://txparts.com/,Other Brands,https://txparts.com/shop/alcatel,7,dom-inspection,OPPO,https://txparts.com/shop/oppo,19,dom-inspection,A55 5G (2021),https://txparts.com/shop/a55-5g-2021,27,0,27,3,dom-inspection,,https://txparts.com/shop/a55-5g-2021,False,False,2026-09-07T04:48:31+00:00,,,,,
TXParts,https://txparts.com/,Other Brands,https://txparts.com/shop/alcatel,7,dom-inspection,OPPO,https://txparts.com/shop/oppo,19,dom-inspection,A54s (2021),https://txparts.com/shop/a54s-2021,28,0,28,3,dom-inspection,,https://txparts.com/shop/a54s-2021,False,False,2026-09-07T04:48:31+00:00,,,,,
TXParts,https://txparts.com/,Other Brands,https://txparts.com/shop/alcatel,7,dom-inspection,OPPO,https://txparts.com/shop/oppo,19,dom-inspection,A54 5G (2021),https://txparts.com/shop/a54-5g-2021,29,0,29,3,dom-inspection,,https://txparts.com/shop/a54-5g-2021,False,False,2026-09-07T04:48:31+00:00,,,,,
TXParts,https://txparts.com/,Other Brands,https://txparts.com/shop/alcatel,7,dom-inspection,OPPO,https://txparts.com/shop/oppo,19,dom-inspection,A54 4G (2021),https://txparts.com/shop/a54-4g-2021,30,0,30,3,dom-inspection,,https://txparts.com/shop/a54-4g-2021,False,False,2026-09-07T04:48:31+00:00,,,,,
TXParts,https://txparts.com/,Other Brands,https://txparts.com/shop/alcatel,7,dom-inspection,OPPO,https://txparts.com/shop/oppo,19,dom-inspection,A53 5G (2020),https://txparts.com/shop/a53-5g-2020,31,0,31,3,dom-inspection,,https://txparts.com/shop/a53-5g-2020,False,False,2026-09-07T04:48:31+00:00,,,,,
TXParts,https://txparts.com/,Other Brands,https://txparts.com/shop/alcatel,7,dom-inspection,OPPO,https://txparts.com/shop/oppo,19,dom-inspection,A52 (2020),https://txparts.com/shop/a52-2020,32,0,32,3,dom-inspection,,https://txparts.com/shop/a52-2020,False,False,2026-09-07T04:48:31+00:00,,,,,
TXParts,https://txparts.com/,Other Brands,https://txparts.com/shop/alcatel,7,dom-inspection,OPPO,https://txparts.com/shop/oppo,19,dom-inspection,A5(2020),https://txparts.com/shop/a52020,33,0,33,3,dom-inspection,,https://txparts.com/shop/a52020,False,False,2026-09-07T04:48:31+00:00,,,,,
TXParts,https://txparts.com/,Other Brands,https://txparts.com/shop/alcatel,7,dom-inspection,OPPO,https://txparts.com/shop/oppo,19,dom-inspection,A5S / AX5S (2019),https://txparts.com/shop/a5s-ax5s-2019,34,0,34,3,dom-inspection,,https://txparts.com/shop/a5s-ax5s-2019,False,False,2026-09-07T04:48:31+00:00,,,,,
TXParts,https://txparts.com/,Other Brands,https://txparts.com/shop/alcatel,7,dom-inspection,OPPO,https://txparts.com/shop/oppo,19,dom-inspection,A5 / AX5 (2018),https://txparts.com/shop/a5-ax5-2018,35,0,35,3,dom-inspection,,https://txparts.com/shop/a5-ax5-2018,False,False,2026-09-07T04:48:31+00:00,,,,,
TXParts,https://txparts.com/,Other Brands,https://txparts.com/shop/alcatel,7,dom-inspection,OPPO,https://txparts.com/shop/oppo,19,dom-inspection,A36 (2022),https://txparts.com/shop/a36-2022,36,0,36,3,dom-inspection,,https://txparts.com/shop/a36-2022,False,False,2026-09-07T04:48:31+00:00,,,,,
TXParts,https://txparts.com/,Other Brands,https://txparts.com/shop/alcatel,7,dom-inspection,OPPO,https://txparts.com/shop/oppo,19,dom-inspection,A35 (2021),https://txparts.com/shop/a35-2021,37,0,37,3,dom-inspection,,https://txparts.com/shop/a35-2021,False,False,2026-09-07T04:48:31+00:00,,,,,
TXParts,https://txparts.com/,Other Brands,https://txparts.com/shop/alcatel,7,dom-inspection,OPPO,https://txparts.com/shop/oppo,19,dom-inspection,A17 (2022),https://txparts.com/shop/a17-2022,38,0,38,3,dom-inspection,,https://txparts.com/shop/a17-2022,False,False,2026-09-07T04:48:31+00:00,,,,,
TXParts,https://txparts.com/,Other Brands,https://txparts.com/shop/alcatel,7,dom-inspection,OPPO,https://txparts.com/shop/oppo,19,dom-inspection,A15 (2020),https://txparts.com/shop/a15-2020,39,0,39,3,dom-inspection,,https://txparts.com/shop/a15-2020,False,False,2026-09-07T04:48:31+00:00,,,,,
TXParts,https://txparts.com/,Other Brands,https://txparts.com/shop/alcatel,7,dom-inspection,OPPO,https://txparts.com/shop/oppo,19,dom-inspection,A12 (2020),https://txparts.com/shop/a12-2020,40,0,40,3,dom-inspection,,https://txparts.com/shop/a12-2020,False,False,2026-09-07T04:48:31+00:00,,,,,
TXParts,https://txparts.com/,Other Brands,https://txparts.com/shop/alcatel,7,dom-inspection,OPPO,https://txparts.com/shop/oppo,19,dom-inspection,OPPO F Series,https://txparts.com/shop/oppo-f-series,41,0,41,3,dom-inspection,,https://txparts.com/shop/oppo-f-series,False,False,2026-09-07T04:48:31+00:00,,,,,
TXParts,https://txparts.com/,Other Brands,https://txparts.com/shop/alcatel,7,dom-inspection,OPPO,https://txparts.com/shop/oppo,19,dom-inspection,F17 Pro (2020),https://txparts.com/shop/f17-pro-2020,42,0,42,3,dom-inspection,,https://txparts.com/shop/f17-pro-2020,False,False,2026-09-07T04:48:31+00:00,,,,,
TXParts,https://txparts.com/,Other Brands,https://txparts.com/shop/alcatel,7,dom-inspection,OPPO,https://txparts.com/shop/oppo,19,dom-inspection,F11 (2019),https://txparts.com/shop/f11-2019,43,0,43,3,dom-inspection,,https://txparts.com/shop/f11-2019,False,False,2026-09-07T04:48:31+00:00,,,,,
TXParts,https://txparts.com/,Other Brands,https://txparts.com/shop/alcatel,7,dom-inspection,OPPO,https://txparts.com/shop/oppo,19,dom-inspection,F9 / F9 Pro (2018),https://txparts.com/shop/f9-f9-pro-2018,44,0,44,3,dom-inspection,,https://txparts.com/shop/f9-f9-pro-2018,False,False,2026-09-07T04:48:31+00:00,,,,,
TXParts,https://txparts.com/,Other Brands,https://txparts.com/shop/alcatel,7,dom-inspection,OPPO,https://txparts.com/shop/oppo,19,dom-inspection,F7 (2018),https://txparts.com/shop/f7-2018,45,0,45,3,dom-inspection,,https://txparts.com/shop/f7-2018,False,False,2026-09-07T04:48:31+00:00,,,,,
TXParts,https://txparts.com/,Other Brands,https://txparts.com/shop/alcatel,7,dom-inspection,OPPO,https://txparts.com/shop/oppo,19,dom-inspection,OPPO Find Series,https://txparts.com/shop/oppo-find-series,46,0,46,3,dom-inspection,,https://txparts.com/shop/oppo-find-series,False,False,2026-09-07T04:48:31+00:00,,,,,
TXParts,https://txparts.com/,Other Brands,https://txparts.com/shop/alcatel,7,dom-inspection,OPPO,https://txparts.com/shop/oppo,19,dom-inspection,Find X5 (2022),https://txparts.com/shop/find-x5-2022,47,0,47,3,dom-inspection,,https://txparts.com/shop/find-x5-2022,False,False,2026-09-07T04:48:31+00:00,,,,,
TXParts,https://txparts.com/,Other Brands,https://txparts.com/shop/alcatel,7,dom-inspection,OPPO,https://txparts.com/shop/oppo,19,dom-inspection,Find X3 (2021),https://txparts.com/shop/find-x3-2021,48,0,48,3,dom-inspection,,https://txparts.com/shop/find-x3-2021,False,False,2026-09-07T04:48:31+00:00,,,,,
TXParts,https://txparts.com/,Other Brands,https://txparts.com/shop/alcatel,7,dom-inspection,OPPO,https://txparts.com/shop/oppo,19,dom-inspection,Find X2 (2020),https://txparts.com/shop/find-x2-2020,49,0,49,3,dom-inspection,,https://txparts.com/shop/find-x2-2020,False,False,2026-09-07T04:48:31+00:00,,,,,
TXParts,https://txparts.com/,Other Brands,https://txparts.com/shop/alcatel,7,dom-inspection,OPPO,https://txparts.com/shop/oppo,19,dom-inspection,OPPO K Series,https://txparts.com/shop/oppo-k-series,50,0,50,3,dom-inspection,,https://txparts.com/shop/oppo-k-series,False,False,2026-09-07T04:48:31+00:00,,,,,
TXParts,https://txparts.com/,Other Brands,https://txparts.com/shop/alcatel,7,dom-inspection,OPPO,https://txparts.com/shop/oppo,19,dom-inspection,K10 Pro (2022),https://txparts.com/shop/k10-pro-2022,51,0,51,3,dom-inspection,,https://txparts.com/shop/k10-pro-2022,False,False,2026-09-07T04:48:31+00:00,,,,,
TXParts,https://txparts.com/,Other Brands,https://txparts.com/shop/alcatel,7,dom-inspection,OPPO,https://txparts.com/shop/oppo,19,dom-inspection,K9S (2021),https://txparts.com/shop/k9s-2021,52,0,52,3,dom-inspection,,https://txparts.com/shop/k9s-2021,False,False,2026-09-07T04:48:31+00:00,,,,,
TXParts,https://txparts.com/,Other Brands,https://txparts.com/shop/alcatel,7,dom-inspection,Oukitel,https://txparts.com/shop/oukitel,20,dom-inspection,Oukitel C21 Pro,https://txparts.com/shop/oukitel-c21-pro,1,0,1,3,dom-inspection,,https://txparts.com/shop/oukitel-c21-pro,False,False,2026-09-07T04:48:31+00:00,,,,,
TXParts,https://txparts.com/,Other Brands,https://txparts.com/shop/alcatel,7,dom-inspection,Oukitel,https://txparts.com/shop/oukitel,20,dom-inspection,Oukitel WP5,https://txparts.com/shop/oukitel-wp5,2,0,2,3,dom-inspection,,https://txparts.com/shop/oukitel-wp5,False,False,2026-09-07T04:48:31+00:00,,,,,
TXParts,https://txparts.com/,Other Brands,https://txparts.com/shop/alcatel,7,dom-inspection,Realme,https://txparts.com/shop/realme,21,dom-inspection,C Series,https://txparts.com/shop/c-series,1,0,1,3,dom-inspection,,https://txparts.com/shop/c-series,False,False,2026-09-07T04:48:31+00:00,,,,,
TXParts,https://txparts.com/,Other Brands,https://txparts.com/shop/alcatel,7,dom-inspection,Realme,https://txparts.com/shop/realme,21,dom-inspection,Realme C31,https://txparts.com/shop/realme-c31,2,0,2,3,dom-inspection,,https://txparts.com/shop/realme-c31,False,False,2026-09-07T04:48:31+00:00,,,,,
TXParts,https://txparts.com/,Other Brands,https://txparts.com/shop/alcatel,7,dom-inspection,Realme,https://txparts.com/shop/realme,21,dom-inspection,Realme C30,https://txparts.com/shop/realme-c30,3,0,3,3,dom-inspection,,https://txparts.com/shop/realme-c30,False,False,2026-09-07T04:48:31+00:00,,,,,
TXParts,https://txparts.com/,Other Brands,https://txparts.com/shop/alcatel,7,dom-inspection,Realme,https://txparts.com/shop/realme,21,dom-inspection,Realme C3,https://txparts.com/shop/realme-c3,4,0,4,3,dom-inspection,,https://txparts.com/shop/realme-c3,False,False,2026-09-07T04:48:31+00:00,,,,,
TXParts,https://txparts.com/,Other Brands,https://txparts.com/shop/alcatel,7,dom-inspection,Realme,https://txparts.com/shop/realme,21,dom-inspection,Realme C21Y,https://txparts.com/shop/realme-c21y,5,0,5,3,dom-inspection,,https://txparts.com/shop/realme-c21y,False,False,2026-09-07T04:48:31+00:00,,,,,
TXParts,https://txparts.com/,Other Brands,https://txparts.com/shop/alcatel,7,dom-inspection,Realme,https://txparts.com/shop/realme,21,dom-inspection,Realme C21,https://txparts.com/shop/realme-c21,6,0,6,3,dom-inspection,,https://txparts.com/shop/realme-c21,False,False,2026-09-07T04:48:31+00:00,,,,,
TXParts,https://txparts.com/,Other Brands,https://txparts.com/shop/alcatel,7,dom-inspection,Realme,https://txparts.com/shop/realme,21,dom-inspection,Realme C11 (2021),https://txparts.com/shop/realme-c11-2021,7,0,7,3,dom-inspection,,https://txparts.com/shop/realme-c11-2021,False,False,2026-09-07T04:48:31+00:00,,,,,
TXParts,https://txparts.com/,Other Brands,https://txparts.com/shop/alcatel,7,dom-inspection,Realme,https://txparts.com/shop/realme,21,dom-inspection,Realme C11,https://txparts.com/shop/realme-c11,8,0,8,3,dom-inspection,,https://txparts.com/shop/realme-c11,False,False,2026-09-07T04:48:31+00:00,,,,,
TXParts,https://txparts.com/,Other Brands,https://txparts.com/shop/alcatel,7,dom-inspection,Realme,https://txparts.com/shop/realme,21,dom-inspection,Realme Series,https://txparts.com/shop/realme-series,9,0,9,3,dom-inspection,,https://txparts.com/shop/realme-series,False,False,2026-09-07T04:48:31+00:00,,,,,
TXParts,https://txparts.com/,Other Brands,https://txparts.com/shop/alcatel,7,dom-inspection,Realme,https://txparts.com/shop/realme,21,dom-inspection,Realme 13 Plus,https://txparts.com/shop/realme-13-plus,10,0,10,3,dom-inspection,,https://txparts.com/shop/realme-13-plus,False,False,2026-09-07T04:48:31+00:00,,,,,
TXParts,https://txparts.com/,Other Brands,https://txparts.com/shop/alcatel,7,dom-inspection,Realme,https://txparts.com/shop/realme,21,dom-inspection,Realme 11 Pro,https://txparts.com/shop/realme-11-pro,11,0,11,3,dom-inspection,,https://txparts.com/shop/realme-11-pro,False,False,2026-09-07T04:48:31+00:00,,,,,
TXParts,https://txparts.com/,Other Brands,https://txparts.com/shop/alcatel,7,dom-inspection,Realme,https://txparts.com/shop/realme,21,dom-inspection,Realme 9 Pro,https://txparts.com/shop/realme-9-pro,12,0,12,3,dom-inspection,,https://txparts.com/shop/realme-9-pro,False,False,2026-09-07T04:48:31+00:00,,,,,
TXParts,https://txparts.com/,Other Brands,https://txparts.com/shop/alcatel,7,dom-inspection,Realme,https://txparts.com/shop/realme,21,dom-inspection,Realme 9I,https://txparts.com/shop/realme-9i,13,0,13,3,dom-inspection,,https://txparts.com/shop/realme-9i,False,False,2026-09-07T04:48:31+00:00,,,,,
TXParts,https://txparts.com/,Other Brands,https://txparts.com/shop/alcatel,7,dom-inspection,Realme,https://txparts.com/shop/realme,21,dom-inspection,Realme 8S 5G,https://txparts.com/shop/realme-8s-5g,14,0,14,3,dom-inspection,,https://txparts.com/shop/realme-8s-5g,False,False,2026-09-07T04:48:31+00:00,,,,,
TXParts,https://txparts.com/,Other Brands,https://txparts.com/shop/alcatel,7,dom-inspection,Realme,https://txparts.com/shop/realme,21,dom-inspection,Realme 8 5G,https://txparts.com/shop/realme-8-5g,15,0,15,3,dom-inspection,,https://txparts.com/shop/realme-8-5g,False,False,2026-09-07T04:48:31+00:00,,,,,
TXParts,https://txparts.com/,Other Brands,https://txparts.com/shop/alcatel,7,dom-inspection,Realme,https://txparts.com/shop/realme,21,dom-inspection,Realme 8I,https://txparts.com/shop/realme-8i,16,0,16,3,dom-inspection,,https://txparts.com/shop/realme-8i,False,False,2026-09-07T04:48:31+00:00,,,,,
TXParts,https://txparts.com/,Other Brands,https://txparts.com/shop/alcatel,7,dom-inspection,Realme,https://txparts.com/shop/realme,21,dom-inspection,Realme 7 5G,https://txparts.com/shop/realme-7-5g,17,0,17,3,dom-inspection,,https://txparts.com/shop/realme-7-5g,False,False,2026-09-07T04:48:31+00:00,,,,,
TXParts,https://txparts.com/,Other Brands,https://txparts.com/shop/alcatel,7,dom-inspection,Realme,https://txparts.com/shop/realme,21,dom-inspection,Realme 7 Pro,https://txparts.com/shop/realme-7-pro,18,0,18,3,dom-inspection,,https://txparts.com/shop/realme-7-pro,False,False,2026-09-07T04:48:31+00:00,,,,,
TXParts,https://txparts.com/,Other Brands,https://txparts.com/shop/alcatel,7,dom-inspection,Realme,https://txparts.com/shop/realme,21,dom-inspection,Realme 6 Pro,https://txparts.com/shop/realme-6-pro,19,0,19,3,dom-inspection,,https://txparts.com/shop/realme-6-pro,False,False,2026-09-07T04:48:31+00:00,,,,,
TXParts,https://txparts.com/,Other Brands,https://txparts.com/shop/alcatel,7,dom-inspection,Realme,https://txparts.com/shop/realme,21,dom-inspection,Realme 6I,https://txparts.com/shop/realme-6i,20,0,20,3,dom-inspection,,https://txparts.com/shop/realme-6i,False,False,2026-09-07T04:48:31+00:00,,,,,
TXParts,https://txparts.com/,Other Brands,https://txparts.com/shop/alcatel,7,dom-inspection,Realme,https://txparts.com/shop/realme,21,dom-inspection,Realme 6,https://txparts.com/shop/realme-6,21,0,21,3,dom-inspection,,https://txparts.com/shop/realme-6,False,False,2026-09-07T04:48:31+00:00,,,,,
TXParts,https://txparts.com/,Other Brands,https://txparts.com/shop/alcatel,7,dom-inspection,Realme,https://txparts.com/shop/realme,21,dom-inspection,Realme 5 Pro,https://txparts.com/shop/realme-5-pro,22,0,22,3,dom-inspection,,https://txparts.com/shop/realme-5-pro,False,False,2026-09-07T04:48:31+00:00,,,,,
TXParts,https://txparts.com/,Other Brands,https://txparts.com/shop/alcatel,7,dom-inspection,Realme,https://txparts.com/shop/realme,21,dom-inspection,Realme 5I,https://txparts.com/shop/realme-5i,23,0,23,3,dom-inspection,,https://txparts.com/shop/realme-5i,False,False,2026-09-07T04:48:31+00:00,,,,,
TXParts,https://txparts.com/,Other Brands,https://txparts.com/shop/alcatel,7,dom-inspection,Realme,https://txparts.com/shop/realme,21,dom-inspection,Realme 3,https://txparts.com/shop/realme-3,24,0,24,3,dom-inspection,,https://txparts.com/shop/realme-3,False,False,2026-09-07T04:48:31+00:00,,,,,
TXParts,https://txparts.com/,Other Brands,https://txparts.com/shop/alcatel,7,dom-inspection,Realme,https://txparts.com/shop/realme,21,dom-inspection,GT Series,https://txparts.com/shop/gt-series,25,0,25,3,dom-inspection,,https://txparts.com/shop/gt-series,False,False,2026-09-07T04:48:31+00:00,,,,,
TXParts,https://txparts.com/,Other Brands,https://txparts.com/shop/alcatel,7,dom-inspection,Realme,https://txparts.com/shop/realme,21,dom-inspection,GT 5G,https://txparts.com/shop/gt-5g,26,0,26,3,dom-inspection,,https://txparts.com/shop/gt-5g,False,False,2026-09-07T04:48:31+00:00,,,,,
TXParts,https://txparts.com/,Other Brands,https://txparts.com/shop/alcatel,7,dom-inspection,Realme,https://txparts.com/shop/realme,21,dom-inspection,X Series,https://txparts.com/shop/x-series,27,0,27,3,dom-inspection,,https://txparts.com/shop/x-series,False,False,2026-09-07T04:48:31+00:00,,,,,
TXParts,https://txparts.com/,Other Brands,https://txparts.com/shop/alcatel,7,dom-inspection,Realme,https://txparts.com/shop/realme,21,dom-inspection,X50 5G,https://txparts.com/shop/x50-5g,28,0,28,3,dom-inspection,,https://txparts.com/shop/x50-5g,False,False,2026-09-07T04:48:31+00:00,,,,,
TXParts,https://txparts.com/,Other Brands,https://txparts.com/shop/alcatel,7,dom-inspection,Realme,https://txparts.com/shop/realme,21,dom-inspection,X2 PRO,https://txparts.com/shop/x2-pro,29,0,29,3,dom-inspection,,https://txparts.com/shop/x2-pro,False,False,2026-09-07T04:48:31+00:00,,,,,
TXParts,https://txparts.com/,Other Brands,https://txparts.com/shop/alcatel,7,dom-inspection,Revvl,https://txparts.com/shop/revvl,22,dom-inspection,T-Mobile Revvl Tab 2 5G,https://txparts.com/shop/t-mobile-revvl-tab-2-5g,1,0,1,3,dom-inspection,,https://txparts.com/shop/t-mobile-revvl-tab-2-5g,False,False,2026-09-07T04:48:31+00:00,,,,,
TXParts,https://txparts.com/,Other Brands,https://txparts.com/shop/alcatel,7,dom-inspection,Revvl,https://txparts.com/shop/revvl,22,dom-inspection,T-Mobile Revvl 8,https://txparts.com/shop/t-mobile-revvl-8,2,0,2,3,dom-inspection,,https://txparts.com/shop/t-mobile-revvl-8,False,False,2026-09-07T04:48:31+00:00,,,,,
TXParts,https://txparts.com/,Other Brands,https://txparts.com/shop/alcatel,7,dom-inspection,Revvl,https://txparts.com/shop/revvl,22,dom-inspection,T-Mobile Revvl Tab 5G,https://txparts.com/shop/t-mobile-revvl-tab-5g,3,0,3,3,dom-inspection,,https://txparts.com/shop/t-mobile-revvl-tab-5g,False,False,2026-09-07T04:48:31+00:00,,,,,
TXParts,https://txparts.com/,Other Brands,https://txparts.com/shop/alcatel,7,dom-inspection,Revvl,https://txparts.com/shop/revvl,22,dom-inspection,T-Mobile Revvl 7 Pro 5G,https://txparts.com/shop/t-mobile-revvl-7-pro-5g,4,0,4,3,dom-inspection,,https://txparts.com/shop/t-mobile-revvl-7-pro-5g,False,False,2026-09-07T04:48:31+00:00,,,,,
TXParts,https://txparts.com/,Other Brands,https://txparts.com/shop/alcatel,7,dom-inspection,Revvl,https://txparts.com/shop/revvl,22,dom-inspection,T-Mobile Revvl 7 5G,https://txparts.com/shop/t-mobile-revvl-7-5g,5,0,5,3,dom-inspection,,https://txparts.com/shop/t-mobile-revvl-7-5g,False,False,2026-09-07T04:48:31+00:00,,,,,
TXParts,https://txparts.com/,Other Brands,https://txparts.com/shop/alcatel,7,dom-inspection,Revvl,https://txparts.com/shop/revvl,22,dom-inspection,T-Mobile Revvl 6X Pro,https://txparts.com/shop/t-mobile-revvl-6x-pro,6,0,6,3,dom-inspection,,https://txparts.com/shop/t-mobile-revvl-6x-pro,False,False,2026-09-07T04:48:31+00:00,,,,,
TXParts,https://txparts.com/,Other Brands,https://txparts.com/shop/alcatel,7,dom-inspection,Revvl,https://txparts.com/shop/revvl,22,dom-inspection,T-Mobile Revvl 6X,https://txparts.com/shop/t-mobile-revvl-6x,7,0,7,3,dom-inspection,,https://txparts.com/shop/t-mobile-revvl-6x,False,False,2026-09-07T04:48:31+00:00,,,,,
TXParts,https://txparts.com/,Other Brands,https://txparts.com/shop/alcatel,7,dom-inspection,Revvl,https://txparts.com/shop/revvl,22,dom-inspection,T-Mobile Revvl 6 Pro,https://txparts.com/shop/t-mobile-revvl-6-pro,8,0,8,3,dom-inspection,,https://txparts.com/shop/t-mobile-revvl-6-pro,False,False,2026-09-07T04:48:31+00:00,,,,,
TXParts,https://txparts.com/,Other Brands,https://txparts.com/shop/alcatel,7,dom-inspection,Revvl,https://txparts.com/shop/revvl,22,dom-inspection,T-Mobile Revvl 6,https://txparts.com/shop/t-mobile-revvl-6,9,0,9,3,dom-inspection,,https://txparts.com/shop/t-mobile-revvl-6,False,False,2026-09-07T04:48:31+00:00,,,,,
TXParts,https://txparts.com/,Other Brands,https://txparts.com/shop/alcatel,7,dom-inspection,Revvl,https://txparts.com/shop/revvl,22,dom-inspection,T-Mobile Revvl V+ 5G,https://txparts.com/shop/t-mobile-revvl-v-5g,10,0,10,3,dom-inspection,,https://txparts.com/shop/t-mobile-revvl-v-5g,False,False,2026-09-07T04:48:31+00:00,,,,,
TXParts,https://txparts.com/,Other Brands,https://txparts.com/shop/alcatel,7,dom-inspection,Revvl,https://txparts.com/shop/revvl,22,dom-inspection,T-Mobile Revvl V,https://txparts.com/shop/t-mobile-revvl-v,11,0,11,3,dom-inspection,,https://txparts.com/shop/t-mobile-revvl-v,False,False,2026-09-07T04:48:31+00:00,,,,,
TXParts,https://txparts.com/,Other Brands,https://txparts.com/shop/alcatel,7,dom-inspection,Revvl,https://txparts.com/shop/revvl,22,dom-inspection,T-Mobile Revvl 5G,https://txparts.com/shop/t-mobile-revvl-5g,12,0,12,3,dom-inspection,,https://txparts.com/shop/t-mobile-revvl-5g,False,False,2026-09-07T04:48:31+00:00,,,,,
TXParts,https://txparts.com/,Other Brands,https://txparts.com/shop/alcatel,7,dom-inspection,Revvl,https://txparts.com/shop/revvl,22,dom-inspection,T-Mobile Revvl 4 Plus,https://txparts.com/shop/t-mobile-revvl-4-plus,13,0,13,3,dom-inspection,,https://txparts.com/shop/t-mobile-revvl-4-plus,False,False,2026-09-07T04:48:31+00:00,,,,,
TXParts,https://txparts.com/,Other Brands,https://txparts.com/shop/alcatel,7,dom-inspection,Revvl,https://txparts.com/shop/revvl,22,dom-inspection,T-Mobile Revvl 4,https://txparts.com/shop/t-mobile-revvl-4,14,0,14,3,dom-inspection,,https://txparts.com/shop/t-mobile-revvl-4,False,False,2026-09-07T04:48:31+00:00,,,,,
TXParts,https://txparts.com/,Other Brands,https://txparts.com/shop/alcatel,7,dom-inspection,Revvl,https://txparts.com/shop/revvl,22,dom-inspection,T-Mobile Revvl 2 Plus,https://txparts.com/shop/t-mobile-revvl-2-plus,15,0,15,3,dom-inspection,,https://txparts.com/shop/t-mobile-revvl-2-plus,False,False,2026-09-07T04:48:31+00:00,,,,,
TXParts,https://txparts.com/,Other Brands,https://txparts.com/shop/alcatel,7,dom-inspection,Revvl,https://txparts.com/shop/revvl,22,dom-inspection,T-Mobile Revvl 2,https://txparts.com/shop/t-mobile-revvl-2,16,0,16,3,dom-inspection,,https://txparts.com/shop/t-mobile-revvl-2,False,False,2026-09-07T04:48:31+00:00,,,,,
TXParts,https://txparts.com/,Other Brands,https://txparts.com/shop/alcatel,7,dom-inspection,Revvl,https://txparts.com/shop/revvl,22,dom-inspection,T-Mobile Revvl Plus,https://txparts.com/shop/t-mobile-revvl-plus,17,0,17,3,dom-inspection,,https://txparts.com/shop/t-mobile-revvl-plus,False,False,2026-09-07T04:48:31+00:00,,,,,
TXParts,https://txparts.com/,Other Brands,https://txparts.com/shop/alcatel,7,dom-inspection,Revvl,https://txparts.com/shop/revvl,22,dom-inspection,T-Mobile Revvlry Plus,https://txparts.com/shop/t-mobile-revvlry-plus,18,0,18,3,dom-inspection,,https://txparts.com/shop/t-mobile-revvlry-plus,False,False,2026-09-07T04:48:31+00:00,,,,,
TXParts,https://txparts.com/,Other Brands,https://txparts.com/shop/alcatel,7,dom-inspection,Revvl,https://txparts.com/shop/revvl,22,dom-inspection,T-Mobile Revvlry,https://txparts.com/shop/t-mobile-revvlry,19,0,19,3,dom-inspection,,https://txparts.com/shop/t-mobile-revvlry,False,False,2026-09-07T04:48:31+00:00,,,,,
TXParts,https://txparts.com/,Other Brands,https://txparts.com/shop/alcatel,7,dom-inspection,TCL,https://txparts.com/shop/tcl,23,dom-inspection,TCL Series,https://txparts.com/shop/tcl-series,1,0,1,3,dom-inspection,,https://txparts.com/shop/tcl-series,False,False,2026-09-07T04:48:31+00:00,,,,,
TXParts,https://txparts.com/,Other Brands,https://txparts.com/shop/alcatel,7,dom-inspection,TCL,https://txparts.com/shop/tcl,23,dom-inspection,TCL 60,https://txparts.com/shop/tcl-60,2,0,2,3,dom-inspection,,https://txparts.com/shop/tcl-60,False,False,2026-09-07T04:48:31+00:00,,,,,
TXParts,https://txparts.com/,Other Brands,https://txparts.com/shop/alcatel,7,dom-inspection,TCL,https://txparts.com/shop/tcl,23,dom-inspection,TCL Nxtpaper 60 ULTRA,https://txparts.com/shop/tcl-nxtpaper-60-ultra,3,0,3,3,dom-inspection,,https://txparts.com/shop/tcl-nxtpaper-60-ultra,False,False,2026-09-07T04:48:31+00:00,,,,,
TXParts,https://txparts.com/,Other Brands,https://txparts.com/shop/alcatel,7,dom-inspection,TCL,https://txparts.com/shop/tcl,23,dom-inspection,TCL Nxtpaper 70 PRO,https://txparts.com/shop/tcl-nxtpaper-70-pro,4,0,4,3,dom-inspection,,https://txparts.com/shop/tcl-nxtpaper-70-pro,False,False,2026-09-07T04:48:31+00:00,,,,,
TXParts,https://txparts.com/,Other Brands,https://txparts.com/shop/alcatel,7,dom-inspection,TCL,https://txparts.com/shop/tcl,23,dom-inspection,TCL K70 5G,https://txparts.com/shop/tcl-k70-5g,5,0,5,3,dom-inspection,,https://txparts.com/shop/tcl-k70-5g,False,False,2026-09-07T04:48:31+00:00,,,,,
TXParts,https://txparts.com/,Other Brands,https://txparts.com/shop/alcatel,7,dom-inspection,TCL,https://txparts.com/shop/tcl,23,dom-inspection,TCL K70 Power 4G,https://txparts.com/shop/tcl-k70-power-4g,6,0,6,3,dom-inspection,,https://txparts.com/shop/tcl-k70-power-4g,False,False,2026-09-07T04:48:31+00:00,,,,,
TXParts,https://txparts.com/,Other Brands,https://txparts.com/shop/alcatel,7,dom-inspection,TCL,https://txparts.com/shop/tcl,23,dom-inspection,TCL 60R,https://txparts.com/shop/tcl-60r,7,0,7,3,dom-inspection,,https://txparts.com/shop/tcl-60r,False,False,2026-09-07T04:48:31+00:00,,,,,
TXParts,https://txparts.com/,Other Brands,https://txparts.com/shop/alcatel,7,dom-inspection,TCL,https://txparts.com/shop/tcl,23,dom-inspection,TCL K33 5G,https://txparts.com/shop/tcl-k33-5g,8,0,8,3,dom-inspection,,https://txparts.com/shop/tcl-k33-5g,False,False,2026-09-07T04:48:31+00:00,,,,,
TXParts,https://txparts.com/,Other Brands,https://txparts.com/shop/alcatel,7,dom-inspection,TCL,https://txparts.com/shop/tcl,23,dom-inspection,TCL K32 5G,https://txparts.com/shop/tcl-k32-5g,9,0,9,3,dom-inspection,,https://txparts.com/shop/tcl-k32-5g,False,False,2026-09-07T04:48:31+00:00,,,,,
TXParts,https://txparts.com/,Other Brands,https://txparts.com/shop/alcatel,7,dom-inspection,TCL,https://txparts.com/shop/tcl,23,dom-inspection,TCL 50 XL,https://txparts.com/shop/tcl-50-xl,10,0,10,3,dom-inspection,,https://txparts.com/shop/tcl-50-xl,False,False,2026-09-07T04:48:31+00:00,,,,,
TXParts,https://txparts.com/,Other Brands,https://txparts.com/shop/alcatel,7,dom-inspection,TCL,https://txparts.com/shop/tcl,23,dom-inspection,TCL 50XE,https://txparts.com/shop/tcl-50xe,11,0,11,3,dom-inspection,,https://txparts.com/shop/tcl-50xe,False,False,2026-09-07T04:48:31+00:00,,,,,
TXParts,https://txparts.com/,Other Brands,https://txparts.com/shop/alcatel,7,dom-inspection,TCL,https://txparts.com/shop/tcl,23,dom-inspection,TCL Stylus 5G,https://txparts.com/shop/tcl-stylus-5g,12,0,12,3,dom-inspection,,https://txparts.com/shop/tcl-stylus-5g,False,False,2026-09-07T04:48:31+00:00,,,,,
TXParts,https://txparts.com/,Other Brands,https://txparts.com/shop/alcatel,7,dom-inspection,TCL,https://txparts.com/shop/tcl,23,dom-inspection,TCL INOX,https://txparts.com/shop/tcl-inox,13,0,13,3,dom-inspection,,https://txparts.com/shop/tcl-inox,False,False,2026-09-07T04:48:31+00:00,,,,,
TXParts,https://txparts.com/,Other Brands,https://txparts.com/shop/alcatel,7,dom-inspection,TCL,https://txparts.com/shop/tcl,23,dom-inspection,TCL 40T,https://txparts.com/shop/tcl-40t,14,0,14,3,dom-inspection,,https://txparts.com/shop/tcl-40t,False,False,2026-09-07T04:48:31+00:00,,,,,
TXParts,https://txparts.com/,Other Brands,https://txparts.com/shop/alcatel,7,dom-inspection,TCL,https://txparts.com/shop/tcl,23,dom-inspection,TCL 40 XL,https://txparts.com/shop/tcl-40-xl,15,0,15,3,dom-inspection,,https://txparts.com/shop/tcl-40-xl,False,False,2026-09-07T04:48:31+00:00,,,,,
TXParts,https://txparts.com/,Other Brands,https://txparts.com/shop/alcatel,7,dom-inspection,TCL,https://txparts.com/shop/tcl,23,dom-inspection,TCL 40XE 5G,https://txparts.com/shop/tcl-40xe-5g,16,0,16,3,dom-inspection,,https://txparts.com/shop/tcl-40xe-5g,False,False,2026-09-07T04:48:31+00:00,,,,,
TXParts,https://txparts.com/,Other Brands,https://txparts.com/shop/alcatel,7,dom-inspection,TCL,https://txparts.com/shop/tcl,23,dom-inspection,TCL 4X 5G,https://txparts.com/shop/tcl-4x-5g,17,0,17,3,dom-inspection,,https://txparts.com/shop/tcl-4x-5g,False,False,2026-09-07T04:48:31+00:00,,,,,
TXParts,https://txparts.com/,Other Brands,https://txparts.com/shop/alcatel,7,dom-inspection,TCL,https://txparts.com/shop/tcl,23,dom-inspection,TCL 30Z,https://txparts.com/shop/tcl-30z,18,0,18,3,dom-inspection,,https://txparts.com/shop/tcl-30z,False,False,2026-09-07T04:48:31+00:00,,,,,
TXParts,https://txparts.com/,Other Brands,https://txparts.com/shop/alcatel,7,dom-inspection,TCL,https://txparts.com/shop/tcl,23,dom-inspection,TCL 30V 5G,https://txparts.com/shop/tcl-30v-5g,19,0,19,3,dom-inspection,,https://txparts.com/shop/tcl-30v-5g,False,False,2026-09-07T04:48:31+00:00,,,,,
TXParts,https://txparts.com/,Other Brands,https://txparts.com/shop/alcatel,7,dom-inspection,TCL,https://txparts.com/shop/tcl,23,dom-inspection,TCL 30 XL,https://txparts.com/shop/tcl-30-xl,20,0,20,3,dom-inspection,,https://txparts.com/shop/tcl-30-xl,False,False,2026-09-07T04:48:31+00:00,,,,,
TXParts,https://txparts.com/,Other Brands,https://txparts.com/shop/alcatel,7,dom-inspection,TCL,https://txparts.com/shop/tcl,23,dom-inspection,TCL 30 XE,https://txparts.com/shop/tcl-30-xe,21,0,21,3,dom-inspection,,https://txparts.com/shop/tcl-30-xe,False,False,2026-09-07T04:48:31+00:00,,,,,
TXParts,https://txparts.com/,Other Brands,https://txparts.com/shop/alcatel,7,dom-inspection,TCL,https://txparts.com/shop/tcl,23,dom-inspection,TCL 30 SE,https://txparts.com/shop/tcl-30-se,22,0,22,3,dom-inspection,,https://txparts.com/shop/tcl-30-se,False,False,2026-09-07T04:48:31+00:00,,,,,
TXParts,https://txparts.com/,Other Brands,https://txparts.com/shop/alcatel,7,dom-inspection,TCL,https://txparts.com/shop/tcl,23,dom-inspection,TCL 30 Pro,https://txparts.com/shop/tcl-30-pro,23,0,23,3,dom-inspection,,https://txparts.com/shop/tcl-30-pro,False,False,2026-09-07T04:48:31+00:00,,,,,
TXParts,https://txparts.com/,Other Brands,https://txparts.com/shop/alcatel,7,dom-inspection,TCL,https://txparts.com/shop/tcl,23,dom-inspection,TCL 30,https://txparts.com/shop/tcl-30,24,0,24,3,dom-inspection,,https://txparts.com/shop/tcl-30,False,False,2026-09-07T04:48:31+00:00,,,,,
TXParts,https://txparts.com/,Other Brands,https://txparts.com/shop/alcatel,7,dom-inspection,TCL,https://txparts.com/shop/tcl,23,dom-inspection,TCL 20Y,https://txparts.com/shop/tcl-20y,25,0,25,3,dom-inspection,,https://txparts.com/shop/tcl-20y,False,False,2026-09-07T04:48:31+00:00,,,,,
TXParts,https://txparts.com/,Other Brands,https://txparts.com/shop/alcatel,7,dom-inspection,TCL,https://txparts.com/shop/tcl,23,dom-inspection,TCL K23 5G,https://txparts.com/shop/tcl-k23-5g,26,0,26,3,dom-inspection,,https://txparts.com/shop/tcl-k23-5g,False,False,2026-09-07T04:48:31+00:00,,,,,
TXParts,https://txparts.com/,Other Brands,https://txparts.com/shop/alcatel,7,dom-inspection,TCL,https://txparts.com/shop/tcl,23,dom-inspection,TCL 20S,https://txparts.com/shop/tcl-20s,27,0,27,3,dom-inspection,,https://txparts.com/shop/tcl-20s,False,False,2026-09-07T04:48:31+00:00,,,,,
TXParts,https://txparts.com/,Other Brands,https://txparts.com/shop/alcatel,7,dom-inspection,TCL,https://txparts.com/shop/tcl,23,dom-inspection,TCL 20L,https://txparts.com/shop/tcl-20l,28,0,28,3,dom-inspection,,https://txparts.com/shop/tcl-20l,False,False,2026-09-07T04:48:31+00:00,,,,,
TXParts,https://txparts.com/,Other Brands,https://txparts.com/shop/alcatel,7,dom-inspection,TCL,https://txparts.com/shop/tcl,23,dom-inspection,TCL 20 XE,https://txparts.com/shop/tcl-20-xe,29,0,29,3,dom-inspection,,https://txparts.com/shop/tcl-20-xe,False,False,2026-09-07T04:48:31+00:00,,,,,
TXParts,https://txparts.com/,Other Brands,https://txparts.com/shop/alcatel,7,dom-inspection,TCL,https://txparts.com/shop/tcl,23,dom-inspection,TCL 20 SE,https://txparts.com/shop/tcl-20-se,30,0,30,3,dom-inspection,,https://txparts.com/shop/tcl-20-se,False,False,2026-09-07T04:48:31+00:00,,,,,
TXParts,https://txparts.com/,Other Brands,https://txparts.com/shop/alcatel,7,dom-inspection,TCL,https://txparts.com/shop/tcl,23,dom-inspection,TCL 20 R 5G,https://txparts.com/shop/tcl-20-r-5g,31,0,31,3,dom-inspection,,https://txparts.com/shop/tcl-20-r-5g,False,False,2026-09-07T04:48:31+00:00,,,,,
TXParts,https://txparts.com/,Other Brands,https://txparts.com/shop/alcatel,7,dom-inspection,TCL,https://txparts.com/shop/tcl,23,dom-inspection,TCL 20 Pro,https://txparts.com/shop/tcl-20-pro,32,0,32,3,dom-inspection,,https://txparts.com/shop/tcl-20-pro,False,False,2026-09-07T04:48:31+00:00,,,,,
TXParts,https://txparts.com/,Other Brands,https://txparts.com/shop/alcatel,7,dom-inspection,TCL,https://txparts.com/shop/tcl,23,dom-inspection,TCL 20 Plus,https://txparts.com/shop/tcl-20-plus,33,0,33,3,dom-inspection,,https://txparts.com/shop/tcl-20-plus,False,False,2026-09-07T04:48:31+00:00,,,,,
TXParts,https://txparts.com/,Other Brands,https://txparts.com/shop/alcatel,7,dom-inspection,TCL,https://txparts.com/shop/tcl,23,dom-inspection,TCL 20 5G,https://txparts.com/shop/tcl-20-5g,34,0,34,3,dom-inspection,,https://txparts.com/shop/tcl-20-5g,False,False,2026-09-07T04:48:31+00:00,,,,,
TXParts,https://txparts.com/,Other Brands,https://txparts.com/shop/alcatel,7,dom-inspection,TCL,https://txparts.com/shop/tcl,23,dom-inspection,TCL 10L / PLEX,https://txparts.com/shop/tcl-10l-plex,35,0,35,3,dom-inspection,,https://txparts.com/shop/tcl-10l-plex,False,False,2026-09-07T04:48:31+00:00,,,,,
TXParts,https://txparts.com/,Other Brands,https://txparts.com/shop/alcatel,7,dom-inspection,TCL,https://txparts.com/shop/tcl,23,dom-inspection,TCL 10 SE,https://txparts.com/shop/tcl-10-se,36,0,36,3,dom-inspection,,https://txparts.com/shop/tcl-10-se,False,False,2026-09-07T04:48:31+00:00,,,,,
TXParts,https://txparts.com/,Other Brands,https://txparts.com/shop/alcatel,7,dom-inspection,TCL,https://txparts.com/shop/tcl,23,dom-inspection,TCL 10 Pro,https://txparts.com/shop/tcl-10-pro,37,0,37,3,dom-inspection,,https://txparts.com/shop/tcl-10-pro,False,False,2026-09-07T04:48:31+00:00,,,,,
TXParts,https://txparts.com/,Other Brands,https://txparts.com/shop/alcatel,7,dom-inspection,TCL,https://txparts.com/shop/tcl,23,dom-inspection,TCL 10 Plus,https://txparts.com/shop/tcl-10-plus,38,0,38,3,dom-inspection,,https://txparts.com/shop/tcl-10-plus,False,False,2026-09-07T04:48:31+00:00,,,,,
TXParts,https://txparts.com/,Other Brands,https://txparts.com/shop/alcatel,7,dom-inspection,TCL,https://txparts.com/shop/tcl,23,dom-inspection,TCL 10 Lite,https://txparts.com/shop/tcl-10-lite,39,0,39,3,dom-inspection,,https://txparts.com/shop/tcl-10-lite,False,False,2026-09-07T04:48:31+00:00,,,,,
TXParts,https://txparts.com/,Other Brands,https://txparts.com/shop/alcatel,7,dom-inspection,TCL,https://txparts.com/shop/tcl,23,dom-inspection,TCL 10 5G UW,https://txparts.com/shop/tcl-10-5g-uw,40,0,40,3,dom-inspection,,https://txparts.com/shop/tcl-10-5g-uw,False,False,2026-09-07T04:48:31+00:00,,,,,
TXParts,https://txparts.com/,Other Brands,https://txparts.com/shop/alcatel,7,dom-inspection,TCL,https://txparts.com/shop/tcl,23,dom-inspection,TCL 10 5G,https://txparts.com/shop/tcl-10-5g,41,0,41,3,dom-inspection,,https://txparts.com/shop/tcl-10-5g,False,False,2026-09-07T04:48:31+00:00,,,,,
TXParts,https://txparts.com/,Other Brands,https://txparts.com/shop/alcatel,7,dom-inspection,TCL,https://txparts.com/shop/tcl,23,dom-inspection,TCL Tab Series,https://txparts.com/shop/tcl-tab-series,42,0,42,3,dom-inspection,,https://txparts.com/shop/tcl-tab-series,False,False,2026-09-07T04:48:31+00:00,,,,,
TXParts,https://txparts.com/,Other Brands,https://txparts.com/shop/alcatel,7,dom-inspection,TCL,https://txparts.com/shop/tcl,23,dom-inspection,TCL Tab 8 LTE,https://txparts.com/shop/tcl-tab-8-lte,43,0,43,3,dom-inspection,,https://txparts.com/shop/tcl-tab-8-lte,False,False,2026-09-07T04:48:31+00:00,,,,,
TXParts,https://txparts.com/,Other Brands,https://txparts.com/shop/alcatel,7,dom-inspection,TCL,https://txparts.com/shop/tcl,23,dom-inspection,TCL Tab 10 5G,https://txparts.com/shop/tcl-tab-10-5g,44,0,44,3,dom-inspection,,https://txparts.com/shop/tcl-tab-10-5g,False,False,2026-09-07T04:48:31+00:00,,,,,
TXParts,https://txparts.com/,Other Brands,https://txparts.com/shop/alcatel,7,dom-inspection,TCL,https://txparts.com/shop/tcl,23,dom-inspection,TCL Tab Lite,https://txparts.com/shop/tcl-tab-lite,45,0,45,3,dom-inspection,,https://txparts.com/shop/tcl-tab-lite,False,False,2026-09-07T04:48:31+00:00,,,,,
TXParts,https://txparts.com/,Other Brands,https://txparts.com/shop/alcatel,7,dom-inspection,TCL,https://txparts.com/shop/tcl,23,dom-inspection,TCL Tab 10S,https://txparts.com/shop/tcl-tab-10s,46,0,46,3,dom-inspection,,https://txparts.com/shop/tcl-tab-10s,False,False,2026-09-07T04:48:31+00:00,,,,,
TXParts,https://txparts.com/,Other Brands,https://txparts.com/shop/alcatel,7,dom-inspection,TCL,https://txparts.com/shop/tcl,23,dom-inspection,TCL Tab 8 LE,https://txparts.com/shop/tcl-tab-8-le,47,0,47,3,dom-inspection,,https://txparts.com/shop/tcl-tab-8-le,False,False,2026-09-07T04:48:31+00:00,,,,,
TXParts,https://txparts.com/,Other Brands,https://txparts.com/shop/alcatel,7,dom-inspection,TCL,https://txparts.com/shop/tcl,23,dom-inspection,TCL Tab 8 4G,https://txparts.com/shop/tcl-tab-8-4g,48,0,48,3,dom-inspection,,https://txparts.com/shop/tcl-tab-8-4g,False,False,2026-09-07T04:48:31+00:00,,,,,
TXParts,https://txparts.com/,Other Brands,https://txparts.com/shop/alcatel,7,dom-inspection,TCL,https://txparts.com/shop/tcl,23,dom-inspection,TCL Tab Pro 5G,https://txparts.com/shop/tcl-tab-pro-5g,49,0,49,3,dom-inspection,,https://txparts.com/shop/tcl-tab-pro-5g,False,False,2026-09-07T04:48:31+00:00,,,,,
TXParts,https://txparts.com/,Other Brands,https://txparts.com/shop/alcatel,7,dom-inspection,Techno Mobile,https://txparts.com/shop/techno-mobile,24,dom-inspection,Spark Go (2024),https://txparts.com/shop/spark-go-2024,1,0,1,3,dom-inspection,,https://txparts.com/shop/spark-go-2024,False,False,2026-09-07T04:48:31+00:00,,,,,
TXParts,https://txparts.com/,Other Brands,https://txparts.com/shop/alcatel,7,dom-inspection,Vivo,https://txparts.com/shop/vivo,25,dom-inspection,VIVO S,https://txparts.com/shop/vivo-s,1,0,1,3,dom-inspection,,https://txparts.com/shop/vivo-s,False,False,2026-09-07T04:48:31+00:00,,,,,
TXParts,https://txparts.com/,Other Brands,https://txparts.com/shop/alcatel,7,dom-inspection,Vivo,https://txparts.com/shop/vivo,25,dom-inspection,VIVO S1,https://txparts.com/shop/vivo-s1,2,0,2,3,dom-inspection,,https://txparts.com/shop/vivo-s1,False,False,2026-09-07T04:48:31+00:00,,,,,
TXParts,https://txparts.com/,Other Brands,https://txparts.com/shop/alcatel,7,dom-inspection,Vivo,https://txparts.com/shop/vivo,25,dom-inspection,VIVO Y,https://txparts.com/shop/vivo-y,3,0,3,3,dom-inspection,,https://txparts.com/shop/vivo-y,False,False,2026-09-07T04:48:31+00:00,,,,,
TXParts,https://txparts.com/,Other Brands,https://txparts.com/shop/alcatel,7,dom-inspection,Vivo,https://txparts.com/shop/vivo,25,dom-inspection,VIVO Y91,https://txparts.com/shop/vivo-y91,4,0,4,3,dom-inspection,,https://txparts.com/shop/vivo-y91,False,False,2026-09-07T04:48:31+00:00,,,,,
TXParts,https://txparts.com/,Other Brands,https://txparts.com/shop/alcatel,7,dom-inspection,Vivo,https://txparts.com/shop/vivo,25,dom-inspection,VIVO Y83,https://txparts.com/shop/vivo-y83,5,0,5,3,dom-inspection,,https://txparts.com/shop/vivo-y83,False,False,2026-09-07T04:48:31+00:00,,,,,
TXParts,https://txparts.com/,Other Brands,https://txparts.com/shop/alcatel,7,dom-inspection,Vivo,https://txparts.com/shop/vivo,25,dom-inspection,VIVO Y77E,https://txparts.com/shop/vivo-y77e,6,0,6,3,dom-inspection,,https://txparts.com/shop/vivo-y77e,False,False,2026-09-07T04:48:31+00:00,,,,,
TXParts,https://txparts.com/,Other Brands,https://txparts.com/shop/alcatel,7,dom-inspection,Vivo,https://txparts.com/shop/vivo,25,dom-inspection,VIVO Y76S,https://txparts.com/shop/vivo-y76s,7,0,7,3,dom-inspection,,https://txparts.com/shop/vivo-y76s,False,False,2026-09-07T04:48:31+00:00,,,,,
TXParts,https://txparts.com/,Other Brands,https://txparts.com/shop/alcatel,7,dom-inspection,Vivo,https://txparts.com/shop/vivo,25,dom-inspection,VIVO Y70,https://txparts.com/shop/vivo-y70,8,0,8,3,dom-inspection,,https://txparts.com/shop/vivo-y70,False,False,2026-09-07T04:48:31+00:00,,,,,
TXParts,https://txparts.com/,Other Brands,https://txparts.com/shop/alcatel,7,dom-inspection,Vivo,https://txparts.com/shop/vivo,25,dom-inspection,VIVO Y69,https://txparts.com/shop/vivo-y69,9,0,9,3,dom-inspection,,https://txparts.com/shop/vivo-y69,False,False,2026-09-07T04:48:31+00:00,,,,,
TXParts,https://txparts.com/,Other Brands,https://txparts.com/shop/alcatel,7,dom-inspection,Vivo,https://txparts.com/shop/vivo,25,dom-inspection,VIVO Y52S,https://txparts.com/shop/vivo-y52s,10,0,10,3,dom-inspection,,https://txparts.com/shop/vivo-y52s,False,False,2026-09-07T04:48:31+00:00,,,,,
TXParts,https://txparts.com/,Other Brands,https://txparts.com/shop/alcatel,7,dom-inspection,Vivo,https://txparts.com/shop/vivo,25,dom-inspection,VIVO Y5S,https://txparts.com/shop/vivo-y5s,11,0,11,3,dom-inspection,,https://txparts.com/shop/vivo-y5s,False,False,2026-09-07T04:48:31+00:00,,,,,
TXParts,https://txparts.com/,Other Brands,https://txparts.com/shop/alcatel,7,dom-inspection,Vivo,https://txparts.com/shop/vivo,25,dom-inspection,VIVO Y3,https://txparts.com/shop/vivo-y3,12,0,12,3,dom-inspection,,https://txparts.com/shop/vivo-y3,False,False,2026-09-07T04:48:31+00:00,,,,,
TXParts,https://txparts.com/,Other Brands,https://txparts.com/shop/alcatel,7,dom-inspection,Vivo,https://txparts.com/shop/vivo,25,dom-inspection,VIVO Y22,https://txparts.com/shop/vivo-y22,13,0,13,3,dom-inspection,,https://txparts.com/shop/vivo-y22,False,False,2026-09-07T04:48:31+00:00,,,,,
TXParts,https://txparts.com/,Other Brands,https://txparts.com/shop/alcatel,7,dom-inspection,Vivo,https://txparts.com/shop/vivo,25,dom-inspection,VIVO Y21,https://txparts.com/shop/vivo-y21,14,0,14,3,dom-inspection,,https://txparts.com/shop/vivo-y21,False,False,2026-09-07T04:48:31+00:00,,,,,
TXParts,https://txparts.com/,Other Brands,https://txparts.com/shop/alcatel,7,dom-inspection,Vivo,https://txparts.com/shop/vivo,25,dom-inspection,VIVO Y20,https://txparts.com/shop/vivo-y20,15,0,15,3,dom-inspection,,https://txparts.com/shop/vivo-y20,False,False,2026-09-07T04:48:31+00:00,,,,,
TXParts,https://txparts.com/,Other Brands,https://txparts.com/shop/alcatel,7,dom-inspection,Vivo,https://txparts.com/shop/vivo,25,dom-inspection,VIVO Y02S,https://txparts.com/shop/vivo-y02s,16,0,16,3,dom-inspection,,https://txparts.com/shop/vivo-y02s,False,False,2026-09-07T04:48:31+00:00,,,,,
TXParts,https://txparts.com/,Other Brands,https://txparts.com/shop/alcatel,7,dom-inspection,Vivo,https://txparts.com/shop/vivo,25,dom-inspection,VIVO V,https://txparts.com/shop/vivo-v,17,0,17,3,dom-inspection,,https://txparts.com/shop/vivo-v,False,False,2026-09-07T04:48:31+00:00,,,,,
TXParts,https://txparts.com/,Other Brands,https://txparts.com/shop/alcatel,7,dom-inspection,Vivo,https://txparts.com/shop/vivo,25,dom-inspection,VIVO V23,https://txparts.com/shop/vivo-v23,18,0,18,3,dom-inspection,,https://txparts.com/shop/vivo-v23,False,False,2026-09-07T04:48:31+00:00,,,,,
TXParts,https://txparts.com/,Other Brands,https://txparts.com/shop/alcatel,7,dom-inspection,Vivo,https://txparts.com/shop/vivo,25,dom-inspection,VIVO V21,https://txparts.com/shop/vivo-v21,19,0,19,3,dom-inspection,,https://txparts.com/shop/vivo-v21,False,False,2026-09-07T04:48:31+00:00,,,,,
TXParts,https://txparts.com/,Other Brands,https://txparts.com/shop/alcatel,7,dom-inspection,Vivo,https://txparts.com/shop/vivo,25,dom-inspection,VIVO V20,https://txparts.com/shop/vivo-v20,20,0,20,3,dom-inspection,,https://txparts.com/shop/vivo-v20,False,False,2026-09-07T04:48:31+00:00,,,,,
TXParts,https://txparts.com/,Other Brands,https://txparts.com/shop/alcatel,7,dom-inspection,Vivo,https://txparts.com/shop/vivo,25,dom-inspection,VIVO V15 Pro,https://txparts.com/shop/vivo-v15-pro,21,0,21,3,dom-inspection,,https://txparts.com/shop/vivo-v15-pro,False,False,2026-09-07T04:48:31+00:00,,,,,
TXParts,https://txparts.com/,Other Brands,https://txparts.com/shop/alcatel,7,dom-inspection,Vivo,https://txparts.com/shop/vivo,25,dom-inspection,VIVO V11 Pro,https://txparts.com/shop/vivo-v11-pro,22,0,22,3,dom-inspection,,https://txparts.com/shop/vivo-v11-pro,False,False,2026-09-07T04:48:31+00:00,,,,,
TXParts,https://txparts.com/,Other Brands,https://txparts.com/shop/alcatel,7,dom-inspection,Vivo,https://txparts.com/shop/vivo,25,dom-inspection,VIVO NEX S,https://txparts.com/shop/vivo-nex-s,23,0,23,3,dom-inspection,,https://txparts.com/shop/vivo-nex-s,False,False,2026-09-07T04:48:31+00:00,,,,,
TXParts,https://txparts.com/,Other Brands,https://txparts.com/shop/alcatel,7,dom-inspection,Wiko,https://txparts.com/shop/wiko,26,dom-inspection,Wiko Y82,https://txparts.com/shop/wiko-y82,1,0,1,3,dom-inspection,,https://txparts.com/shop/wiko-y82,False,False,2026-09-07T04:48:31+00:00,,,,,
TXParts,https://txparts.com/,Other Brands,https://txparts.com/shop/alcatel,7,dom-inspection,Wiko,https://txparts.com/shop/wiko,26,dom-inspection,Wiko Y81,https://txparts.com/shop/wiko-y81,2,0,2,3,dom-inspection,,https://txparts.com/shop/wiko-y81,False,False,2026-09-07T04:48:31+00:00,,,,,
TXParts,https://txparts.com/,Other Brands,https://txparts.com/shop/alcatel,7,dom-inspection,Wiko,https://txparts.com/shop/wiko,26,dom-inspection,Wiko Y80,https://txparts.com/shop/wiko-y80,3,0,3,3,dom-inspection,,https://txparts.com/shop/wiko-y80,False,False,2026-09-07T04:48:31+00:00,,,,,
TXParts,https://txparts.com/,Other Brands,https://txparts.com/shop/alcatel,7,dom-inspection,Wiko,https://txparts.com/shop/wiko,26,dom-inspection,Wiko Y62,https://txparts.com/shop/wiko-y62,4,0,4,3,dom-inspection,,https://txparts.com/shop/wiko-y62,False,False,2026-09-07T04:48:31+00:00,,,,,
TXParts,https://txparts.com/,Other Brands,https://txparts.com/shop/alcatel,7,dom-inspection,Wiko,https://txparts.com/shop/wiko,26,dom-inspection,Wiko Y61,https://txparts.com/shop/wiko-y61,5,0,5,3,dom-inspection,,https://txparts.com/shop/wiko-y61,False,False,2026-09-07T04:48:31+00:00,,,,,
TXParts,https://txparts.com/,Other Brands,https://txparts.com/shop/alcatel,7,dom-inspection,Wiko,https://txparts.com/shop/wiko,26,dom-inspection,Wiko Y60,https://txparts.com/shop/wiko-y60,6,0,6,3,dom-inspection,,https://txparts.com/shop/wiko-y60,False,False,2026-09-07T04:48:31+00:00,,,,,
TXParts,https://txparts.com/,Other Brands,https://txparts.com/shop/alcatel,7,dom-inspection,Wiko,https://txparts.com/shop/wiko,26,dom-inspection,Wiko Y51,https://txparts.com/shop/wiko-y51,7,0,7,3,dom-inspection,,https://txparts.com/shop/wiko-y51,False,False,2026-09-07T04:48:31+00:00,,,,,
TXParts,https://txparts.com/,Other Brands,https://txparts.com/shop/alcatel,7,dom-inspection,Wiko,https://txparts.com/shop/wiko,26,dom-inspection,Wiko Y50,https://txparts.com/shop/wiko-y50,8,0,8,3,dom-inspection,,https://txparts.com/shop/wiko-y50,False,False,2026-09-07T04:48:31+00:00,,,,,
TXParts,https://txparts.com/,Other Brands,https://txparts.com/shop/alcatel,7,dom-inspection,Wiko,https://txparts.com/shop/wiko,26,dom-inspection,Wiko View 5,https://txparts.com/shop/wiko-view-5,9,0,9,3,dom-inspection,,https://txparts.com/shop/wiko-view-5,False,False,2026-09-07T04:48:31+00:00,,,,,
TXParts,https://txparts.com/,Other Brands,https://txparts.com/shop/alcatel,7,dom-inspection,Wiko,https://txparts.com/shop/wiko,26,dom-inspection,Wiko View 4,https://txparts.com/shop/wiko-view-4,10,0,10,3,dom-inspection,,https://txparts.com/shop/wiko-view-4,False,False,2026-09-07T04:48:31+00:00,,,,,
TXParts,https://txparts.com/,Other Brands,https://txparts.com/shop/alcatel,7,dom-inspection,Wiko,https://txparts.com/shop/wiko,26,dom-inspection,Wiko View 3 Pro,https://txparts.com/shop/wiko-view-3-pro,11,0,11,3,dom-inspection,,https://txparts.com/shop/wiko-view-3-pro,False,False,2026-09-07T04:48:31+00:00,,,,,
TXParts,https://txparts.com/,Other Brands,https://txparts.com/shop/alcatel,7,dom-inspection,Wiko,https://txparts.com/shop/wiko,26,dom-inspection,Wiko View 3 Lite,https://txparts.com/shop/wiko-view-3-lite,12,0,12,3,dom-inspection,,https://txparts.com/shop/wiko-view-3-lite,False,False,2026-09-07T04:48:31+00:00,,,,,
TXParts,https://txparts.com/,Other Brands,https://txparts.com/shop/alcatel,7,dom-inspection,Wiko,https://txparts.com/shop/wiko,26,dom-inspection,Wiko View 3,https://txparts.com/shop/wiko-view-3,13,0,13,3,dom-inspection,,https://txparts.com/shop/wiko-view-3,False,False,2026-09-07T04:48:31+00:00,,,,,
TXParts,https://txparts.com/,Other Brands,https://txparts.com/shop/alcatel,7,dom-inspection,Wiko,https://txparts.com/shop/wiko,26,dom-inspection,Wiko View 2 Go,https://txparts.com/shop/wiko-view-2-go,14,0,14,3,dom-inspection,,https://txparts.com/shop/wiko-view-2-go,False,False,2026-09-07T04:48:31+00:00,,,,,
TXParts,https://txparts.com/,Other Brands,https://txparts.com/shop/alcatel,7,dom-inspection,Wiko,https://txparts.com/shop/wiko,26,dom-inspection,Wiko View 2,https://txparts.com/shop/wiko-view-2,15,0,15,3,dom-inspection,,https://txparts.com/shop/wiko-view-2,False,False,2026-09-07T04:48:31+00:00,,,,,
TXParts,https://txparts.com/,Other Brands,https://txparts.com/shop/alcatel,7,dom-inspection,Wiko,https://txparts.com/shop/wiko,26,dom-inspection,Wiko U10,https://txparts.com/shop/wiko-u10,16,0,16,3,dom-inspection,,https://txparts.com/shop/wiko-u10,False,False,2026-09-07T04:48:31+00:00,,,,,
TXParts,https://txparts.com/,Other Brands,https://txparts.com/shop/alcatel,7,dom-inspection,Wiko,https://txparts.com/shop/wiko,26,dom-inspection,Wiko U Feel,https://txparts.com/shop/wiko-u-feel,17,0,17,3,dom-inspection,,https://txparts.com/shop/wiko-u-feel,False,False,2026-09-07T04:48:31+00:00,,,,,
TXParts,https://txparts.com/,Other Brands,https://txparts.com/shop/alcatel,7,dom-inspection,Wiko,https://txparts.com/shop/wiko,26,dom-inspection,Wiko T50,https://txparts.com/shop/wiko-t50,18,0,18,3,dom-inspection,,https://txparts.com/shop/wiko-t50,False,False,2026-09-07T04:48:31+00:00,,,,,
TXParts,https://txparts.com/,Other Brands,https://txparts.com/shop/alcatel,7,dom-inspection,Wiko,https://txparts.com/shop/wiko,26,dom-inspection,Wiko T10,https://txparts.com/shop/wiko-t10,19,0,19,3,dom-inspection,,https://txparts.com/shop/wiko-t10,False,False,2026-09-07T04:48:31+00:00,,,,,
TXParts,https://txparts.com/,Other Brands,https://txparts.com/shop/alcatel,7,dom-inspection,Wiko,https://txparts.com/shop/wiko,26,dom-inspection,Wiko Ride 3,https://txparts.com/shop/wiko-ride-3,20,0,20,3,dom-inspection,,https://txparts.com/shop/wiko-ride-3,False,False,2026-09-07T04:48:31+00:00,,,,,
TXParts,https://txparts.com/,Other Brands,https://txparts.com/shop/alcatel,7,dom-inspection,Wiko,https://txparts.com/shop/wiko,26,dom-inspection,Wiko Ride 2,https://txparts.com/shop/wiko-ride-2,21,0,21,3,dom-inspection,,https://txparts.com/shop/wiko-ride-2,False,False,2026-09-07T04:48:31+00:00,,,,,
TXParts,https://txparts.com/,Other Brands,https://txparts.com/shop/alcatel,7,dom-inspection,Wiko,https://txparts.com/shop/wiko,26,dom-inspection,Wiko Voix,https://txparts.com/shop/wiko-voix,22,0,22,3,dom-inspection,,https://txparts.com/shop/wiko-voix,False,False,2026-09-07T04:48:31+00:00,,,,,
TXParts,https://txparts.com/,Other Brands,https://txparts.com/shop/alcatel,7,dom-inspection,Wiko,https://txparts.com/shop/wiko,26,dom-inspection,Wiko Tommy,https://txparts.com/shop/wiko-tommy,23,0,23,3,dom-inspection,,https://txparts.com/shop/wiko-tommy,False,False,2026-09-07T04:48:31+00:00,,,,,
TXParts,https://txparts.com/,Other Brands,https://txparts.com/shop/alcatel,7,dom-inspection,Wiko,https://txparts.com/shop/wiko,26,dom-inspection,Wiko Ridge,https://txparts.com/shop/wiko-ridge,24,0,24,3,dom-inspection,,https://txparts.com/shop/wiko-ridge,False,False,2026-09-07T04:48:31+00:00,,,,,
TXParts,https://txparts.com/,Other Brands,https://txparts.com/shop/alcatel,7,dom-inspection,Wiko,https://txparts.com/shop/wiko,26,dom-inspection,Wiko Lenny 4 Plus,https://txparts.com/shop/wiko-lenny-4-plus,25,0,25,3,dom-inspection,,https://txparts.com/shop/wiko-lenny-4-plus,False,False,2026-09-07T04:48:31+00:00,,,,,
TXParts,https://txparts.com/,Other Brands,https://txparts.com/shop/alcatel,7,dom-inspection,Wiko,https://txparts.com/shop/wiko,26,dom-inspection,Wiko 10,https://txparts.com/shop/wiko-10,26,0,26,3,dom-inspection,,https://txparts.com/shop/wiko-10,False,False,2026-09-07T04:48:31+00:00,,,,,
TXParts,https://txparts.com/,Other Brands,https://txparts.com/shop/alcatel,7,dom-inspection,Xiaomi,https://txparts.com/shop/xiaomi,27,dom-inspection,Xiaomi Mi Series,https://txparts.com/shop/xiaomi-mi-series,1,0,1,3,dom-inspection,,https://txparts.com/shop/xiaomi-mi-series,False,False,2026-09-07T04:48:31+00:00,,,,,
TXParts,https://txparts.com/,Other Brands,https://txparts.com/shop/alcatel,7,dom-inspection,Xiaomi,https://txparts.com/shop/xiaomi,27,dom-inspection,MI 12X,https://txparts.com/shop/mi-12x,2,0,2,3,dom-inspection,,https://txparts.com/shop/mi-12x,False,False,2026-09-07T04:48:31+00:00,,,,,
TXParts,https://txparts.com/,Other Brands,https://txparts.com/shop/alcatel,7,dom-inspection,Xiaomi,https://txparts.com/shop/xiaomi,27,dom-inspection,MI 12 PRO,https://txparts.com/shop/mi-12-pro,3,0,3,3,dom-inspection,,https://txparts.com/shop/mi-12-pro,False,False,2026-09-07T04:48:31+00:00,,,,,
TXParts,https://txparts.com/,Other Brands,https://txparts.com/shop/alcatel,7,dom-inspection,Xiaomi,https://txparts.com/shop/xiaomi,27,dom-inspection,MI 11 PRO,https://txparts.com/shop/mi-11-pro,4,0,4,3,dom-inspection,,https://txparts.com/shop/mi-11-pro,False,False,2026-09-07T04:48:31+00:00,,,,,
TXParts,https://txparts.com/,Other Brands,https://txparts.com/shop/alcatel,7,dom-inspection,Xiaomi,https://txparts.com/shop/xiaomi,27,dom-inspection,MI 11 LITE,https://txparts.com/shop/mi-11-lite,5,0,5,3,dom-inspection,,https://txparts.com/shop/mi-11-lite,False,False,2026-09-07T04:48:31+00:00,,,,,
TXParts,https://txparts.com/,Other Brands,https://txparts.com/shop/alcatel,7,dom-inspection,Xiaomi,https://txparts.com/shop/xiaomi,27,dom-inspection,MI 11,https://txparts.com/shop/mi-11,6,0,6,3,dom-inspection,,https://txparts.com/shop/mi-11,False,False,2026-09-07T04:48:31+00:00,,,,,
TXParts,https://txparts.com/,Other Brands,https://txparts.com/shop/alcatel,7,dom-inspection,Xiaomi,https://txparts.com/shop/xiaomi,27,dom-inspection,MI 10T Lite,https://txparts.com/shop/mi-10t-lite,7,0,7,3,dom-inspection,,https://txparts.com/shop/mi-10t-lite,False,False,2026-09-07T04:48:31+00:00,,,,,
TXParts,https://txparts.com/,Other Brands,https://txparts.com/shop/alcatel,7,dom-inspection,Xiaomi,https://txparts.com/shop/xiaomi,27,dom-inspection,MI 10 LITE,https://txparts.com/shop/mi-10-lite,8,0,8,3,dom-inspection,,https://txparts.com/shop/mi-10-lite,False,False,2026-09-07T04:48:31+00:00,,,,,
TXParts,https://txparts.com/,Other Brands,https://txparts.com/shop/alcatel,7,dom-inspection,Xiaomi,https://txparts.com/shop/xiaomi,27,dom-inspection,MI 10,https://txparts.com/shop/mi-10,9,0,9,3,dom-inspection,,https://txparts.com/shop/mi-10,False,False,2026-09-07T04:48:31+00:00,,,,,
TXParts,https://txparts.com/,Other Brands,https://txparts.com/shop/alcatel,7,dom-inspection,Xiaomi,https://txparts.com/shop/xiaomi,27,dom-inspection,MI 9T,https://txparts.com/shop/mi-9t,10,0,10,3,dom-inspection,,https://txparts.com/shop/mi-9t,False,False,2026-09-07T04:48:31+00:00,,,,,
TXParts,https://txparts.com/,Other Brands,https://txparts.com/shop/alcatel,7,dom-inspection,Xiaomi,https://txparts.com/shop/xiaomi,27,dom-inspection,MI 9 Lite,https://txparts.com/shop/mi-9-lite,11,0,11,3,dom-inspection,,https://txparts.com/shop/mi-9-lite,False,False,2026-09-07T04:48:31+00:00,,,,,
TXParts,https://txparts.com/,Other Brands,https://txparts.com/shop/alcatel,7,dom-inspection,Xiaomi,https://txparts.com/shop/xiaomi,27,dom-inspection,MI 9 SE,https://txparts.com/shop/mi-9-se,12,0,12,3,dom-inspection,,https://txparts.com/shop/mi-9-se,False,False,2026-09-07T04:48:31+00:00,,,,,
TXParts,https://txparts.com/,Other Brands,https://txparts.com/shop/alcatel,7,dom-inspection,Xiaomi,https://txparts.com/shop/xiaomi,27,dom-inspection,MI 9,https://txparts.com/shop/mi-9,13,0,13,3,dom-inspection,,https://txparts.com/shop/mi-9,False,False,2026-09-07T04:48:31+00:00,,,,,
TXParts,https://txparts.com/,Other Brands,https://txparts.com/shop/alcatel,7,dom-inspection,Xiaomi,https://txparts.com/shop/xiaomi,27,dom-inspection,MI 8 Lite,https://txparts.com/shop/mi-8-lite,14,0,14,3,dom-inspection,,https://txparts.com/shop/mi-8-lite,False,False,2026-09-07T04:48:31+00:00,,,,,
TXParts,https://txparts.com/,Other Brands,https://txparts.com/shop/alcatel,7,dom-inspection,Xiaomi,https://txparts.com/shop/xiaomi,27,dom-inspection,MI 8,https://txparts.com/shop/mi-8,15,0,15,3,dom-inspection,,https://txparts.com/shop/mi-8,False,False,2026-09-07T04:48:31+00:00,,,,,
TXParts,https://txparts.com/,Other Brands,https://txparts.com/shop/alcatel,7,dom-inspection,Xiaomi,https://txparts.com/shop/xiaomi,27,dom-inspection,MI 3,https://txparts.com/shop/mi-3,16,0,16,3,dom-inspection,,https://txparts.com/shop/mi-3,False,False,2026-09-07T04:48:31+00:00,,,,,
TXParts,https://txparts.com/,Other Brands,https://txparts.com/shop/alcatel,7,dom-inspection,Xiaomi,https://txparts.com/shop/xiaomi,27,dom-inspection,MI Note 10,https://txparts.com/shop/mi-note-10,17,0,17,3,dom-inspection,,https://txparts.com/shop/mi-note-10,False,False,2026-09-07T04:48:31+00:00,,,,,
TXParts,https://txparts.com/,Other Brands,https://txparts.com/shop/alcatel,7,dom-inspection,Xiaomi,https://txparts.com/shop/xiaomi,27,dom-inspection,MI MIX 4,https://txparts.com/shop/mi-mix-4,18,0,18,3,dom-inspection,,https://txparts.com/shop/mi-mix-4,False,False,2026-09-07T04:48:31+00:00,,,,,
TXParts,https://txparts.com/,Other Brands,https://txparts.com/shop/alcatel,7,dom-inspection,Xiaomi,https://txparts.com/shop/xiaomi,27,dom-inspection,MI MIX 3,https://txparts.com/shop/mi-mix-3,19,0,19,3,dom-inspection,,https://txparts.com/shop/mi-mix-3,False,False,2026-09-07T04:48:31+00:00,,,,,
TXParts,https://txparts.com/,Other Brands,https://txparts.com/shop/alcatel,7,dom-inspection,Xiaomi,https://txparts.com/shop/xiaomi,27,dom-inspection,MI MIX 2,https://txparts.com/shop/mi-mix-2,20,0,20,3,dom-inspection,,https://txparts.com/shop/mi-mix-2,False,False,2026-09-07T04:48:31+00:00,,,,,
TXParts,https://txparts.com/,Other Brands,https://txparts.com/shop/alcatel,7,dom-inspection,Xiaomi,https://txparts.com/shop/xiaomi,27,dom-inspection,MI MIX / MIX Pro,https://txparts.com/shop/mi-mix-mix-pro,21,0,21,3,dom-inspection,,https://txparts.com/shop/mi-mix-mix-pro,False,False,2026-09-07T04:48:31+00:00,,,,,
TXParts,https://txparts.com/,Other Brands,https://txparts.com/shop/alcatel,7,dom-inspection,Xiaomi,https://txparts.com/shop/xiaomi,27,dom-inspection,MI MAX 3,https://txparts.com/shop/mi-max-3,22,0,22,3,dom-inspection,,https://txparts.com/shop/mi-max-3,False,False,2026-09-07T04:48:31+00:00,,,,,
TXParts,https://txparts.com/,Other Brands,https://txparts.com/shop/alcatel,7,dom-inspection,Xiaomi,https://txparts.com/shop/xiaomi,27,dom-inspection,MI MAX 2,https://txparts.com/shop/mi-max-2,23,0,23,3,dom-inspection,,https://txparts.com/shop/mi-max-2,False,False,2026-09-07T04:48:31+00:00,,,,,
TXParts,https://txparts.com/,Other Brands,https://txparts.com/shop/alcatel,7,dom-inspection,Xiaomi,https://txparts.com/shop/xiaomi,27,dom-inspection,MI A3,https://txparts.com/shop/mi-a3,24,0,24,3,dom-inspection,,https://txparts.com/shop/mi-a3,False,False,2026-09-07T04:48:31+00:00,,,,,
TXParts,https://txparts.com/,Other Brands,https://txparts.com/shop/alcatel,7,dom-inspection,Xiaomi,https://txparts.com/shop/xiaomi,27,dom-inspection,MI A2,https://txparts.com/shop/mi-a2,25,0,25,3,dom-inspection,,https://txparts.com/shop/mi-a2,False,False,2026-09-07T04:48:31+00:00,,,,,
TXParts,https://txparts.com/,Other Brands,https://txparts.com/shop/alcatel,7,dom-inspection,Xiaomi,https://txparts.com/shop/xiaomi,27,dom-inspection,MI A1,https://txparts.com/shop/mi-a1,26,0,26,3,dom-inspection,,https://txparts.com/shop/mi-a1,False,False,2026-09-07T04:48:31+00:00,,,,,
TXParts,https://txparts.com/,Other Brands,https://txparts.com/shop/alcatel,7,dom-inspection,Xiaomi,https://txparts.com/shop/xiaomi,27,dom-inspection,Xiaomi Poco Series,https://txparts.com/shop/xiaomi-poco-series,27,0,27,3,dom-inspection,,https://txparts.com/shop/xiaomi-poco-series,False,False,2026-09-07T04:48:31+00:00,,,,,
TXParts,https://txparts.com/,Other Brands,https://txparts.com/shop/alcatel,7,dom-inspection,Xiaomi,https://txparts.com/shop/xiaomi,27,dom-inspection,Poco M7 Pro 5G,https://txparts.com/shop/poco-m7-pro-5g,28,0,28,3,dom-inspection,,https://txparts.com/shop/poco-m7-pro-5g,False,False,2026-09-07T04:48:31+00:00,,,,,
TXParts,https://txparts.com/,Other Brands,https://txparts.com/shop/alcatel,7,dom-inspection,Xiaomi,https://txparts.com/shop/xiaomi,27,dom-inspection,Poco M4 Pro 5G,https://txparts.com/shop/poco-m4-pro-5g,29,0,29,3,dom-inspection,,https://txparts.com/shop/poco-m4-pro-5g,False,False,2026-09-07T04:48:31+00:00,,,,,
TXParts,https://txparts.com/,Other Brands,https://txparts.com/shop/alcatel,7,dom-inspection,Xiaomi,https://txparts.com/shop/xiaomi,27,dom-inspection,Poco M4 Pro 4G,https://txparts.com/shop/poco-m4-pro-4g,30,0,30,3,dom-inspection,,https://txparts.com/shop/poco-m4-pro-4g,False,False,2026-09-07T04:48:31+00:00,,,,,
TXParts,https://txparts.com/,Other Brands,https://txparts.com/shop/alcatel,7,dom-inspection,Xiaomi,https://txparts.com/shop/xiaomi,27,dom-inspection,Poco F5,https://txparts.com/shop/poco-f5,31,0,31,3,dom-inspection,,https://txparts.com/shop/poco-f5,False,False,2026-09-07T04:48:31+00:00,,,,,
TXParts,https://txparts.com/,Other Brands,https://txparts.com/shop/alcatel,7,dom-inspection,Xiaomi,https://txparts.com/shop/xiaomi,27,dom-inspection,Poco F2 Pro,https://txparts.com/shop/poco-f2-pro,32,0,32,3,dom-inspection,,https://txparts.com/shop/poco-f2-pro,False,False,2026-09-07T04:48:31+00:00,,,,,
TXParts,https://txparts.com/,Other Brands,https://txparts.com/shop/alcatel,7,dom-inspection,Xiaomi,https://txparts.com/shop/xiaomi,27,dom-inspection,Poco F2,https://txparts.com/shop/poco-f2,33,0,33,3,dom-inspection,,https://txparts.com/shop/poco-f2,False,False,2026-09-07T04:48:31+00:00,,,,,
TXParts,https://txparts.com/,Other Brands,https://txparts.com/shop/alcatel,7,dom-inspection,Xiaomi,https://txparts.com/shop/xiaomi,27,dom-inspection,Poco F1,https://txparts.com/shop/poco-f1,34,0,34,3,dom-inspection,,https://txparts.com/shop/poco-f1,False,False,2026-09-07T04:48:31+00:00,,,,,
TXParts,https://txparts.com/,Other Brands,https://txparts.com/shop/alcatel,7,dom-inspection,Xiaomi,https://txparts.com/shop/xiaomi,27,dom-inspection,Poco X4 Pro 5G,https://txparts.com/shop/poco-x4-pro-5g,35,0,35,3,dom-inspection,,https://txparts.com/shop/poco-x4-pro-5g,False,False,2026-09-07T04:48:31+00:00,,,,,
TXParts,https://txparts.com/,Other Brands,https://txparts.com/shop/alcatel,7,dom-inspection,Xiaomi,https://txparts.com/shop/xiaomi,27,dom-inspection,Poco X3 GT,https://txparts.com/shop/poco-x3-gt,36,0,36,3,dom-inspection,,https://txparts.com/shop/poco-x3-gt,False,False,2026-09-07T04:48:31+00:00,,,,,
TXParts,https://txparts.com/,Other Brands,https://txparts.com/shop/alcatel,7,dom-inspection,Xiaomi,https://txparts.com/shop/xiaomi,27,dom-inspection,Xiaomi Redmi Note Series,https://txparts.com/shop/xiaomi-redmi-note-series,37,0,37,3,dom-inspection,,https://txparts.com/shop/xiaomi-redmi-note-series,False,False,2026-09-07T04:48:31+00:00,,,,,
TXParts,https://txparts.com/,Other Brands,https://txparts.com/shop/alcatel,7,dom-inspection,Xiaomi,https://txparts.com/shop/xiaomi,27,dom-inspection,Redmi Note 14 Pro,https://txparts.com/shop/redmi-note-14-pro,38,0,38,3,dom-inspection,,https://txparts.com/shop/redmi-note-14-pro,False,False,2026-09-07T04:48:31+00:00,,,,,
TXParts,https://txparts.com/,Other Brands,https://txparts.com/shop/alcatel,7,dom-inspection,Xiaomi,https://txparts.com/shop/xiaomi,27,dom-inspection,Redmi Note 13 Pro,https://txparts.com/shop/redmi-note-13-pro,39,0,39,3,dom-inspection,,https://txparts.com/shop/redmi-note-13-pro,False,False,2026-09-07T04:48:31+00:00,,,,,
TXParts,https://txparts.com/,Other Brands,https://txparts.com/shop/alcatel,7,dom-inspection,Xiaomi,https://txparts.com/shop/xiaomi,27,dom-inspection,Redmi Note 13 5G,https://txparts.com/shop/redmi-note-13-5g,40,0,40,3,dom-inspection,,https://txparts.com/shop/redmi-note-13-5g,False,False,2026-09-07T04:48:31+00:00,,,,,
TXParts,https://txparts.com/,Other Brands,https://txparts.com/shop/alcatel,7,dom-inspection,Xiaomi,https://txparts.com/shop/xiaomi,27,dom-inspection,Redmi Note 13 4G,https://txparts.com/shop/redmi-note-13-4g,41,0,41,3,dom-inspection,,https://txparts.com/shop/redmi-note-13-4g,False,False,2026-09-07T04:48:31+00:00,,,,,
TXParts,https://txparts.com/,Other Brands,https://txparts.com/shop/alcatel,7,dom-inspection,Xiaomi,https://txparts.com/shop/xiaomi,27,dom-inspection,Redmi Note 12 Pro,https://txparts.com/shop/redmi-note-12-pro,42,0,42,3,dom-inspection,,https://txparts.com/shop/redmi-note-12-pro,False,False,2026-09-07T04:48:31+00:00,,,,,
TXParts,https://txparts.com/,Other Brands,https://txparts.com/shop/alcatel,7,dom-inspection,Xiaomi,https://txparts.com/shop/xiaomi,27,dom-inspection,Redmi Note 12,https://txparts.com/shop/redmi-note-12,43,0,43,3,dom-inspection,,https://txparts.com/shop/redmi-note-12,False,False,2026-09-07T04:48:31+00:00,,,,,
TXParts,https://txparts.com/,Other Brands,https://txparts.com/shop/alcatel,7,dom-inspection,Xiaomi,https://txparts.com/shop/xiaomi,27,dom-inspection,Redmi Note 11E,https://txparts.com/shop/redmi-note-11e,44,0,44,3,dom-inspection,,https://txparts.com/shop/redmi-note-11e,False,False,2026-09-07T04:48:31+00:00,,,,,
TXParts,https://txparts.com/,Other Brands,https://txparts.com/shop/alcatel,7,dom-inspection,Xiaomi,https://txparts.com/shop/xiaomi,27,dom-inspection,Redmi Note 11T Pro,https://txparts.com/shop/redmi-note-11t-pro,45,0,45,3,dom-inspection,,https://txparts.com/shop/redmi-note-11t-pro,False,False,2026-09-07T04:48:31+00:00,,,,,
TXParts,https://txparts.com/,Other Brands,https://txparts.com/shop/alcatel,7,dom-inspection,Xiaomi,https://txparts.com/shop/xiaomi,27,dom-inspection,Redmi Note 11,https://txparts.com/shop/redmi-note-11,46,0,46,3,dom-inspection,,https://txparts.com/shop/redmi-note-11,False,False,2026-09-07T04:48:31+00:00,,,,,
TXParts,https://txparts.com/,Other Brands,https://txparts.com/shop/alcatel,7,dom-inspection,Xiaomi,https://txparts.com/shop/xiaomi,27,dom-inspection,Redmi Note 10 5G,https://txparts.com/shop/redmi-note-10-5g,47,0,47,3,dom-inspection,,https://txparts.com/shop/redmi-note-10-5g,False,False,2026-09-07T04:48:31+00:00,,,,,
TXParts,https://txparts.com/,Other Brands,https://txparts.com/shop/alcatel,7,dom-inspection,Xiaomi,https://txparts.com/shop/xiaomi,27,dom-inspection,Redmi Note 10S,https://txparts.com/shop/redmi-note-10s,48,0,48,3,dom-inspection,,https://txparts.com/shop/redmi-note-10s,False,False,2026-09-07T04:48:31+00:00,,,,,
TXParts,https://txparts.com/,Other Brands,https://txparts.com/shop/alcatel,7,dom-inspection,Xiaomi,https://txparts.com/shop/xiaomi,27,dom-inspection,Redmi Note 10,https://txparts.com/shop/redmi-note-10,49,0,49,3,dom-inspection,,https://txparts.com/shop/redmi-note-10,False,False,2026-09-07T04:48:31+00:00,,,,,
TXParts,https://txparts.com/,Other Brands,https://txparts.com/shop/alcatel,7,dom-inspection,Xiaomi,https://txparts.com/shop/xiaomi,27,dom-inspection,Redmi Note 9 Pro,https://txparts.com/shop/redmi-note-9-pro,50,0,50,3,dom-inspection,,https://txparts.com/shop/redmi-note-9-pro,False,False,2026-09-07T04:48:31+00:00,,,,,
TXParts,https://txparts.com/,Other Brands,https://txparts.com/shop/alcatel,7,dom-inspection,Xiaomi,https://txparts.com/shop/xiaomi,27,dom-inspection,Redmi Note 9 5G,https://txparts.com/shop/redmi-note-9-5g,51,0,51,3,dom-inspection,,https://txparts.com/shop/redmi-note-9-5g,False,False,2026-09-07T04:48:31+00:00,,,,,
TXParts,https://txparts.com/,Other Brands,https://txparts.com/shop/alcatel,7,dom-inspection,Xiaomi,https://txparts.com/shop/xiaomi,27,dom-inspection,Redmi Note 9 4G,https://txparts.com/shop/redmi-note-9-4g,52,0,52,3,dom-inspection,,https://txparts.com/shop/redmi-note-9-4g,False,False,2026-09-07T04:48:31+00:00,,,,,
TXParts,https://txparts.com/,Other Brands,https://txparts.com/shop/alcatel,7,dom-inspection,Xiaomi,https://txparts.com/shop/xiaomi,27,dom-inspection,Redmi Note 8 Pro,https://txparts.com/shop/redmi-note-8-pro,53,0,53,3,dom-inspection,,https://txparts.com/shop/redmi-note-8-pro,False,False,2026-09-07T04:48:31+00:00,,,,,
TXParts,https://txparts.com/,Other Brands,https://txparts.com/shop/alcatel,7,dom-inspection,Xiaomi,https://txparts.com/shop/xiaomi,27,dom-inspection,Redmi Note 8T,https://txparts.com/shop/redmi-note-8t,54,0,54,3,dom-inspection,,https://txparts.com/shop/redmi-note-8t,False,False,2026-09-07T04:48:31+00:00,,,,,
TXParts,https://txparts.com/,Other Brands,https://txparts.com/shop/alcatel,7,dom-inspection,Xiaomi,https://txparts.com/shop/xiaomi,27,dom-inspection,Redmi Note 8,https://txparts.com/shop/redmi-note-8,55,0,55,3,dom-inspection,,https://txparts.com/shop/redmi-note-8,False,False,2026-09-07T04:48:31+00:00,,,,,
TXParts,https://txparts.com/,Other Brands,https://txparts.com/shop/alcatel,7,dom-inspection,Xiaomi,https://txparts.com/shop/xiaomi,27,dom-inspection,Redmi Note 7 / 7 Pro,https://txparts.com/shop/redmi-note-7-7-pro,56,0,56,3,dom-inspection,,https://txparts.com/shop/redmi-note-7-7-pro,False,False,2026-09-07T04:48:31+00:00,,,,,
TXParts,https://txparts.com/,Other Brands,https://txparts.com/shop/alcatel,7,dom-inspection,Xiaomi,https://txparts.com/shop/xiaomi,27,dom-inspection,Redmi Note 6 Pro,https://txparts.com/shop/redmi-note-6-pro,57,0,57,3,dom-inspection,,https://txparts.com/shop/redmi-note-6-pro,False,False,2026-09-07T04:48:31+00:00,,,,,
TXParts,https://txparts.com/,Other Brands,https://txparts.com/shop/alcatel,7,dom-inspection,Xiaomi,https://txparts.com/shop/xiaomi,27,dom-inspection,Redmi Note 5 Pro,https://txparts.com/shop/redmi-note-5-pro,58,0,58,3,dom-inspection,,https://txparts.com/shop/redmi-note-5-pro,False,False,2026-09-07T04:48:31+00:00,,,,,
TXParts,https://txparts.com/,Other Brands,https://txparts.com/shop/alcatel,7,dom-inspection,Xiaomi,https://txparts.com/shop/xiaomi,27,dom-inspection,Redmi Note 5,https://txparts.com/shop/redmi-note-5,59,0,59,3,dom-inspection,,https://txparts.com/shop/redmi-note-5,False,False,2026-09-07T04:48:31+00:00,,,,,
TXParts,https://txparts.com/,Other Brands,https://txparts.com/shop/alcatel,7,dom-inspection,Xiaomi,https://txparts.com/shop/xiaomi,27,dom-inspection,Redmi Note 4X,https://txparts.com/shop/redmi-note-4x,60,0,60,3,dom-inspection,,https://txparts.com/shop/redmi-note-4x,False,False,2026-09-07T04:48:31+00:00,,,,,
TXParts,https://txparts.com/,Other Brands,https://txparts.com/shop/alcatel,7,dom-inspection,Xiaomi,https://txparts.com/shop/xiaomi,27,dom-inspection,Redmi Note,https://txparts.com/shop/redmi-note,61,0,61,3,dom-inspection,,https://txparts.com/shop/redmi-note,False,False,2026-09-07T04:48:31+00:00,,,,,
TXParts,https://txparts.com/,Other Brands,https://txparts.com/shop/alcatel,7,dom-inspection,Xiaomi,https://txparts.com/shop/xiaomi,27,dom-inspection,Xiaomi Redmi Series,https://txparts.com/shop/xiaomi-redmi-series,62,0,62,3,dom-inspection,,https://txparts.com/shop/xiaomi-redmi-series,False,False,2026-09-07T04:48:31+00:00,,,,,
TXParts,https://txparts.com/,Other Brands,https://txparts.com/shop/alcatel,7,dom-inspection,Xiaomi,https://txparts.com/shop/xiaomi,27,dom-inspection,Redmi 14C,https://txparts.com/shop/redmi-14c,63,0,63,3,dom-inspection,,https://txparts.com/shop/redmi-14c,False,False,2026-09-07T04:48:31+00:00,,,,,
TXParts,https://txparts.com/,Other Brands,https://txparts.com/shop/alcatel,7,dom-inspection,Xiaomi,https://txparts.com/shop/xiaomi,27,dom-inspection,Redmi 13C,https://txparts.com/shop/redmi-13c,64,0,64,3,dom-inspection,,https://txparts.com/shop/redmi-13c,False,False,2026-09-07T04:48:31+00:00,,,,,
TXParts,https://txparts.com/,Other Brands,https://txparts.com/shop/alcatel,7,dom-inspection,Xiaomi,https://txparts.com/shop/xiaomi,27,dom-inspection,Redmi 12C,https://txparts.com/shop/redmi-12c,65,0,65,3,dom-inspection,,https://txparts.com/shop/redmi-12c,False,False,2026-09-07T04:48:31+00:00,,,,,
TXParts,https://txparts.com/,Other Brands,https://txparts.com/shop/alcatel,7,dom-inspection,Xiaomi,https://txparts.com/shop/xiaomi,27,dom-inspection,Redmi 12,https://txparts.com/shop/redmi-12,66,0,66,3,dom-inspection,,https://txparts.com/shop/redmi-12,False,False,2026-09-07T04:48:31+00:00,,,,,
TXParts,https://txparts.com/,Other Brands,https://txparts.com/shop/alcatel,7,dom-inspection,Xiaomi,https://txparts.com/shop/xiaomi,27,dom-inspection,Redmi 10C,https://txparts.com/shop/redmi-10c,67,0,67,3,dom-inspection,,https://txparts.com/shop/redmi-10c,False,False,2026-09-07T04:48:31+00:00,,,,,
TXParts,https://txparts.com/,Other Brands,https://txparts.com/shop/alcatel,7,dom-inspection,Xiaomi,https://txparts.com/shop/xiaomi,27,dom-inspection,Redmi 10,https://txparts.com/shop/redmi-10,68,0,68,3,dom-inspection,,https://txparts.com/shop/redmi-10,False,False,2026-09-07T04:48:31+00:00,,,,,
TXParts,https://txparts.com/,Other Brands,https://txparts.com/shop/alcatel,7,dom-inspection,Xiaomi,https://txparts.com/shop/xiaomi,27,dom-inspection,Redmi 10X 4G,https://txparts.com/shop/redmi-10x-4g,69,0,69,3,dom-inspection,,https://txparts.com/shop/redmi-10x-4g,False,False,2026-09-07T04:48:31+00:00,,,,,
TXParts,https://txparts.com/,Other Brands,https://txparts.com/shop/alcatel,7,dom-inspection,Xiaomi,https://txparts.com/shop/xiaomi,27,dom-inspection,Redmi 9C / 9A,https://txparts.com/shop/redmi-9c-9a,70,0,70,3,dom-inspection,,https://txparts.com/shop/redmi-9c-9a,False,False,2026-09-07T04:48:31+00:00,,,,,
TXParts,https://txparts.com/,Other Brands,https://txparts.com/shop/alcatel,7,dom-inspection,Xiaomi,https://txparts.com/shop/xiaomi,27,dom-inspection,Redmi 9,https://txparts.com/shop/redmi-9,71,0,71,3,dom-inspection,,https://txparts.com/shop/redmi-9,False,False,2026-09-07T04:48:31+00:00,,,,,
TXParts,https://txparts.com/,Other Brands,https://txparts.com/shop/alcatel,7,dom-inspection,Xiaomi,https://txparts.com/shop/xiaomi,27,dom-inspection,Redmi 8 / 8A,https://txparts.com/shop/redmi-8-8a,72,0,72,3,dom-inspection,,https://txparts.com/shop/redmi-8-8a,False,False,2026-09-07T04:48:31+00:00,,,,,
TXParts,https://txparts.com/,Other Brands,https://txparts.com/shop/alcatel,7,dom-inspection,Xiaomi,https://txparts.com/shop/xiaomi,27,dom-inspection,Redmi 7A,https://txparts.com/shop/redmi-7a,73,0,73,3,dom-inspection,,https://txparts.com/shop/redmi-7a,False,False,2026-09-07T04:48:31+00:00,,,,,
TXParts,https://txparts.com/,Other Brands,https://txparts.com/shop/alcatel,7,dom-inspection,Xiaomi,https://txparts.com/shop/xiaomi,27,dom-inspection,Redmi 7,https://txparts.com/shop/redmi-7,74,0,74,3,dom-inspection,,https://txparts.com/shop/redmi-7,False,False,2026-09-07T04:48:31+00:00,,,,,
TXParts,https://txparts.com/,Other Brands,https://txparts.com/shop/alcatel,7,dom-inspection,Xiaomi,https://txparts.com/shop/xiaomi,27,dom-inspection,Redmi 6,https://txparts.com/shop/redmi-6,75,0,75,3,dom-inspection,,https://txparts.com/shop/redmi-6,False,False,2026-09-07T04:48:31+00:00,,,,,
TXParts,https://txparts.com/,Other Brands,https://txparts.com/shop/alcatel,7,dom-inspection,Xiaomi,https://txparts.com/shop/xiaomi,27,dom-inspection,Redmi 5,https://txparts.com/shop/redmi-5,76,0,76,3,dom-inspection,,https://txparts.com/shop/redmi-5,False,False,2026-09-07T04:48:31+00:00,,,,,
TXParts,https://txparts.com/,Other Brands,https://txparts.com/shop/alcatel,7,dom-inspection,Xiaomi,https://txparts.com/shop/xiaomi,27,dom-inspection,Redmi 3,https://txparts.com/shop/redmi-3,77,0,77,3,dom-inspection,,https://txparts.com/shop/redmi-3,False,False,2026-09-07T04:48:31+00:00,,,,,
TXParts,https://txparts.com/,Other Brands,https://txparts.com/shop/alcatel,7,dom-inspection,Xiaomi,https://txparts.com/shop/xiaomi,27,dom-inspection,Redmi A3,https://txparts.com/shop/redmi-a3,78,0,78,3,dom-inspection,,https://txparts.com/shop/redmi-a3,False,False,2026-09-07T04:48:31+00:00,,,,,
TXParts,https://txparts.com/,Other Brands,https://txparts.com/shop/alcatel,7,dom-inspection,Xiaomi,https://txparts.com/shop/xiaomi,27,dom-inspection,Redmi A2 Lite,https://txparts.com/shop/redmi-a2-lite,79,0,79,3,dom-inspection,,https://txparts.com/shop/redmi-a2-lite,False,False,2026-09-07T04:48:31+00:00,,,,,
TXParts,https://txparts.com/,Other Brands,https://txparts.com/shop/alcatel,7,dom-inspection,Xiaomi,https://txparts.com/shop/xiaomi,27,dom-inspection,Redmi A1,https://txparts.com/shop/redmi-a1,80,0,80,3,dom-inspection,,https://txparts.com/shop/redmi-a1,False,False,2026-09-07T04:48:31+00:00,,,,,
TXParts,https://txparts.com/,Other Brands,https://txparts.com/shop/alcatel,7,dom-inspection,Xiaomi,https://txparts.com/shop/xiaomi,27,dom-inspection,Redmi K70E,https://txparts.com/shop/redmi-k70e,81,0,81,3,dom-inspection,,https://txparts.com/shop/redmi-k70e,False,False,2026-09-07T04:48:31+00:00,,,,,
TXParts,https://txparts.com/,Other Brands,https://txparts.com/shop/alcatel,7,dom-inspection,Xiaomi,https://txparts.com/shop/xiaomi,27,dom-inspection,Redmi K70,https://txparts.com/shop/redmi-k70,82,0,82,3,dom-inspection,,https://txparts.com/shop/redmi-k70,False,False,2026-09-07T04:48:31+00:00,,,,,
TXParts,https://txparts.com/,Other Brands,https://txparts.com/shop/alcatel,7,dom-inspection,Xiaomi,https://txparts.com/shop/xiaomi,27,dom-inspection,Redmi K60,https://txparts.com/shop/redmi-k60,83,0,83,3,dom-inspection,,https://txparts.com/shop/redmi-k60,False,False,2026-09-07T04:48:31+00:00,,,,,
TXParts,https://txparts.com/,Other Brands,https://txparts.com/shop/alcatel,7,dom-inspection,Xiaomi,https://txparts.com/shop/xiaomi,27,dom-inspection,Redmi K50 Ultra,https://txparts.com/shop/redmi-k50-ultra,84,0,84,3,dom-inspection,,https://txparts.com/shop/redmi-k50-ultra,False,False,2026-09-07T04:48:31+00:00,,,,,
TXParts,https://txparts.com/,Other Brands,https://txparts.com/shop/alcatel,7,dom-inspection,Xiaomi,https://txparts.com/shop/xiaomi,27,dom-inspection,Redmi K50,https://txparts.com/shop/redmi-k50,85,0,85,3,dom-inspection,,https://txparts.com/shop/redmi-k50,False,False,2026-09-07T04:48:31+00:00,,,,,
TXParts,https://txparts.com/,Other Brands,https://txparts.com/shop/alcatel,7,dom-inspection,Xiaomi,https://txparts.com/shop/xiaomi,27,dom-inspection,Redmi K50 Gaming,https://txparts.com/shop/redmi-k50-gaming,86,0,86,3,dom-inspection,,https://txparts.com/shop/redmi-k50-gaming,False,False,2026-09-07T04:48:31+00:00,,,,,
TXParts,https://txparts.com/,Other Brands,https://txparts.com/shop/alcatel,7,dom-inspection,Xiaomi,https://txparts.com/shop/xiaomi,27,dom-inspection,Redmi K40,https://txparts.com/shop/redmi-k40,87,0,87,3,dom-inspection,,https://txparts.com/shop/redmi-k40,False,False,2026-09-07T04:48:31+00:00,,,,,
TXParts,https://txparts.com/,Other Brands,https://txparts.com/shop/alcatel,7,dom-inspection,Xiaomi,https://txparts.com/shop/xiaomi,27,dom-inspection,Redmi K30S,https://txparts.com/shop/redmi-k30s,88,0,88,3,dom-inspection,,https://txparts.com/shop/redmi-k30s,False,False,2026-09-07T04:48:31+00:00,,,,,
TXParts,https://txparts.com/,Other Brands,https://txparts.com/shop/alcatel,7,dom-inspection,Xiaomi,https://txparts.com/shop/xiaomi,27,dom-inspection,Xiaomi Other,https://txparts.com/shop/xiaomi-other,89,0,89,3,dom-inspection,,https://txparts.com/shop/xiaomi-other,False,False,2026-09-07T04:48:31+00:00,,,,,
TXParts,https://txparts.com/,Other Brands,https://txparts.com/shop/alcatel,7,dom-inspection,Xiaomi,https://txparts.com/shop/xiaomi,27,dom-inspection,4A,https://txparts.com/shop/4a,90,0,90,3,dom-inspection,,https://txparts.com/shop/4a,False,False,2026-09-07T04:48:31+00:00,,,,,
TXParts,https://txparts.com/,Other Brands,https://txparts.com/shop/alcatel,7,dom-inspection,Xiaomi,https://txparts.com/shop/xiaomi,27,dom-inspection,5A,https://txparts.com/shop/5a,91,0,91,3,dom-inspection,,https://txparts.com/shop/5a,False,False,2026-09-07T04:48:31+00:00,,,,,
TXParts,https://txparts.com/,Other Brands,https://txparts.com/shop/alcatel,7,dom-inspection,Xiaomi,https://txparts.com/shop/xiaomi,27,dom-inspection,5P,https://txparts.com/shop/5p,92,0,92,3,dom-inspection,,https://txparts.com/shop/5p,False,False,2026-09-07T04:48:31+00:00,,,,,
TXParts,https://txparts.com/,Other Brands,https://txparts.com/shop/alcatel,7,dom-inspection,Xiaomi,https://txparts.com/shop/xiaomi,27,dom-inspection,S2,https://txparts.com/shop/s2,93,0,93,3,dom-inspection,,https://txparts.com/shop/s2,False,False,2026-09-07T04:48:31+00:00,,,,,
TXParts,https://txparts.com/,Other Brands,https://txparts.com/shop/alcatel,7,dom-inspection,Xiaomi,https://txparts.com/shop/xiaomi,27,dom-inspection,CIVI,https://txparts.com/shop/civi,94,0,94,3,dom-inspection,,https://txparts.com/shop/civi,False,False,2026-09-07T04:48:31+00:00,,,,,
TXParts,https://txparts.com/,Other Brands,https://txparts.com/shop/alcatel,7,dom-inspection,Xiaomi,https://txparts.com/shop/xiaomi,27,dom-inspection,Xiaomi Series,https://txparts.com/shop/xiaomi-series,95,0,95,3,dom-inspection,,https://txparts.com/shop/xiaomi-series,False,False,2026-09-07T04:48:31+00:00,,,,,
TXParts,https://txparts.com/,Other Brands,https://txparts.com/shop/alcatel,7,dom-inspection,Xiaomi,https://txparts.com/shop/xiaomi,27,dom-inspection,14T,https://txparts.com/shop/14t,96,0,96,3,dom-inspection,,https://txparts.com/shop/14t,False,False,2026-09-07T04:48:31+00:00,,,,,
TXParts,https://txparts.com/,Other Brands,https://txparts.com/shop/alcatel,7,dom-inspection,Xiaomi,https://txparts.com/shop/xiaomi,27,dom-inspection,14 Ultra,https://txparts.com/shop/14-ultra,97,0,97,3,dom-inspection,,https://txparts.com/shop/14-ultra,False,False,2026-09-07T04:48:31+00:00,,,,,
TXParts,https://txparts.com/,Other Brands,https://txparts.com/shop/alcatel,7,dom-inspection,Xiaomi,https://txparts.com/shop/xiaomi,27,dom-inspection,14 Pro,https://txparts.com/shop/14-pro,98,0,98,3,dom-inspection,,https://txparts.com/shop/14-pro,False,False,2026-09-07T04:48:31+00:00,,,,,
TXParts,https://txparts.com/,Other Brands,https://txparts.com/shop/alcatel,7,dom-inspection,Xiaomi,https://txparts.com/shop/xiaomi,27,dom-inspection,14,https://txparts.com/shop/14,99,0,99,3,dom-inspection,,https://txparts.com/shop/14,False,False,2026-09-07T04:48:31+00:00,,,,,
TXParts,https://txparts.com/,Other Brands,https://txparts.com/shop/alcatel,7,dom-inspection,Xiaomi,https://txparts.com/shop/xiaomi,27,dom-inspection,13T,https://txparts.com/shop/13t,100,0,100,3,dom-inspection,,https://txparts.com/shop/13t,False,False,2026-09-07T04:48:31+00:00,,,,,
TXParts,https://txparts.com/,Other Brands,https://txparts.com/shop/alcatel,7,dom-inspection,Xiaomi,https://txparts.com/shop/xiaomi,27,dom-inspection,13 Ultra,https://txparts.com/shop/13-ultra,101,0,101,3,dom-inspection,,https://txparts.com/shop/13-ultra,False,False,2026-09-07T04:48:31+00:00,,,,,
TXParts,https://txparts.com/,Other Brands,https://txparts.com/shop/alcatel,7,dom-inspection,Xiaomi,https://txparts.com/shop/xiaomi,27,dom-inspection,13 Pro,https://txparts.com/shop/13-pro,102,0,102,3,dom-inspection,,https://txparts.com/shop/13-pro,False,False,2026-09-07T04:48:31+00:00,,,,,
TXParts,https://txparts.com/,Other Brands,https://txparts.com/shop/alcatel,7,dom-inspection,Xiaomi,https://txparts.com/shop/xiaomi,27,dom-inspection,13 Lite,https://txparts.com/shop/13-lite,103,0,103,3,dom-inspection,,https://txparts.com/shop/13-lite,False,False,2026-09-07T04:48:31+00:00,,,,,
TXParts,https://txparts.com/,Other Brands,https://txparts.com/shop/alcatel,7,dom-inspection,Xiaomi,https://txparts.com/shop/xiaomi,27,dom-inspection,13,https://txparts.com/shop/13,104,0,104,3,dom-inspection,,https://txparts.com/shop/13,False,False,2026-09-07T04:48:31+00:00,,,,,
TXParts,https://txparts.com/,Other Brands,https://txparts.com/shop/alcatel,7,dom-inspection,Xiaomi,https://txparts.com/shop/xiaomi,27,dom-inspection,12S Ultra,https://txparts.com/shop/12s-ultra,105,0,105,3,dom-inspection,,https://txparts.com/shop/12s-ultra,False,False,2026-09-07T04:48:31+00:00,,,,,
TXParts,https://txparts.com/,Other Brands,https://txparts.com/shop/alcatel,7,dom-inspection,Xiaomi,https://txparts.com/shop/xiaomi,27,dom-inspection,12 Lite,https://txparts.com/shop/12-lite,106,0,106,3,dom-inspection,,https://txparts.com/shop/12-lite,False,False,2026-09-07T04:48:31+00:00,,,,,
TXParts,https://txparts.com/,Other Brands,https://txparts.com/shop/alcatel,7,dom-inspection,Xiaomi,https://txparts.com/shop/xiaomi,27,dom-inspection,12,https://txparts.com/shop/12,107,0,107,3,dom-inspection,,https://txparts.com/shop/12,False,False,2026-09-07T04:48:31+00:00,,,,,
TXParts,https://txparts.com/,Other Brands,https://txparts.com/shop/alcatel,7,dom-inspection,Xiaomi,https://txparts.com/shop/xiaomi,27,dom-inspection,11T,https://txparts.com/shop/11t,108,0,108,3,dom-inspection,,https://txparts.com/shop/11t,False,False,2026-09-07T04:48:31+00:00,,,,,
TXParts,https://txparts.com/,Other Brands,https://txparts.com/shop/alcatel,7,dom-inspection,Zebra,https://txparts.com/shop/zebra,28,dom-inspection,Zebra,https://txparts.com/shop/zebra-1,1,0,1,3,dom-inspection,,https://txparts.com/shop/zebra-1,False,False,2026-09-07T04:48:31+00:00,,,,,
TXParts,https://txparts.com/,Other Brands,https://txparts.com/shop/alcatel,7,dom-inspection,Zebra,https://txparts.com/shop/zebra,28,dom-inspection,Zebra TC 53,https://txparts.com/shop/zebra-tc-53,2,0,2,3,dom-inspection,,https://txparts.com/shop/zebra-tc-53,False,False,2026-09-07T04:48:31+00:00,,,,,
TXParts,https://txparts.com/,Other Brands,https://txparts.com/shop/alcatel,7,dom-inspection,ZTE,https://txparts.com/shop/zte,29,dom-inspection,ZTE Axon Series,https://txparts.com/shop/zte-axon-series,1,0,1,3,dom-inspection,,https://txparts.com/shop/zte-axon-series,False,False,2026-09-07T04:48:31+00:00,,,,,
TXParts,https://txparts.com/,Other Brands,https://txparts.com/shop/alcatel,7,dom-inspection,ZTE,https://txparts.com/shop/zte,29,dom-inspection,Axon 10 Pro,https://txparts.com/shop/axon-10-pro,2,0,2,3,dom-inspection,,https://txparts.com/shop/axon-10-pro,False,False,2026-09-07T04:48:31+00:00,,,,,
TXParts,https://txparts.com/,Other Brands,https://txparts.com/shop/alcatel,7,dom-inspection,ZTE,https://txparts.com/shop/zte,29,dom-inspection,Axon Pro,https://txparts.com/shop/axon-pro,3,0,3,3,dom-inspection,,https://txparts.com/shop/axon-pro,False,False,2026-09-07T04:48:31+00:00,,,,,
TXParts,https://txparts.com/,Other Brands,https://txparts.com/shop/alcatel,7,dom-inspection,ZTE,https://txparts.com/shop/zte,29,dom-inspection,ZTE Blade,https://txparts.com/shop/zte-blade,4,0,4,3,dom-inspection,,https://txparts.com/shop/zte-blade,False,False,2026-09-07T04:48:31+00:00,,,,,
TXParts,https://txparts.com/,Other Brands,https://txparts.com/shop/alcatel,7,dom-inspection,ZTE,https://txparts.com/shop/zte,29,dom-inspection,Blade (L210 / 2020),https://txparts.com/shop/blade-l210-2020,5,0,5,3,dom-inspection,,https://txparts.com/shop/blade-l210-2020,False,False,2026-09-07T04:48:31+00:00,,,,,
TXParts,https://txparts.com/,Other Brands,https://txparts.com/shop/alcatel,7,dom-inspection,ZTE,https://txparts.com/shop/zte,29,dom-inspection,Blade A71 (A7030),https://txparts.com/shop/blade-a71-a7030,6,0,6,3,dom-inspection,,https://txparts.com/shop/blade-a71-a7030,False,False,2026-09-07T04:48:31+00:00,,,,,
TXParts,https://txparts.com/,Other Brands,https://txparts.com/shop/alcatel,7,dom-inspection,ZTE,https://txparts.com/shop/zte,29,dom-inspection,Blade A7 (Z6201 / 2020),https://txparts.com/shop/blade-a7-z6201-2020,7,0,7,3,dom-inspection,,https://txparts.com/shop/blade-a7-z6201-2020,False,False,2026-09-07T04:48:31+00:00,,,,,
TXParts,https://txparts.com/,Other Brands,https://txparts.com/shop/alcatel,7,dom-inspection,ZTE,https://txparts.com/shop/zte,29,dom-inspection,Blade A6 (A0620 / 2010),https://txparts.com/shop/blade-a6-a0620-2010,8,0,8,3,dom-inspection,,https://txparts.com/shop/blade-a6-a0620-2010,False,False,2026-09-07T04:48:31+00:00,,,,,
TXParts,https://txparts.com/,Other Brands,https://txparts.com/shop/alcatel,7,dom-inspection,ZTE,https://txparts.com/shop/zte,29,dom-inspection,Blade Max View (Z610 / 2019),https://txparts.com/shop/blade-max-view-z610-2019,9,0,9,3,dom-inspection,,https://txparts.com/shop/blade-max-view-z610-2019,False,False,2026-09-07T04:48:31+00:00,,,,,
TXParts,https://txparts.com/,Other Brands,https://txparts.com/shop/alcatel,7,dom-inspection,ZTE,https://txparts.com/shop/zte,29,dom-inspection,Blade Max 3 (Z986),https://txparts.com/shop/blade-max-3-z986,10,0,10,3,dom-inspection,,https://txparts.com/shop/blade-max-3-z986,False,False,2026-09-07T04:48:31+00:00,,,,,
TXParts,https://txparts.com/,Other Brands,https://txparts.com/shop/alcatel,7,dom-inspection,ZTE,https://txparts.com/shop/zte,29,dom-inspection,Blade Z Max (Z982),https://txparts.com/shop/blade-z-max-z982,11,0,11,3,dom-inspection,,https://txparts.com/shop/blade-z-max-z982,False,False,2026-09-07T04:48:31+00:00,,,,,
TXParts,https://txparts.com/,Other Brands,https://txparts.com/shop/alcatel,7,dom-inspection,ZTE,https://txparts.com/shop/zte,29,dom-inspection,Blade X Max (Z983),https://txparts.com/shop/blade-x-max-z983,12,0,12,3,dom-inspection,,https://txparts.com/shop/blade-x-max-z983,False,False,2026-09-07T04:48:31+00:00,,,,,
TXParts,https://txparts.com/,Other Brands,https://txparts.com/shop/alcatel,7,dom-inspection,ZTE,https://txparts.com/shop/zte,29,dom-inspection,Blade X (Z965 / 2017),https://txparts.com/shop/blade-x-z965-2017,13,0,13,3,dom-inspection,,https://txparts.com/shop/blade-x-z965-2017,False,False,2026-09-07T04:48:31+00:00,,,,,
TXParts,https://txparts.com/,Other Brands,https://txparts.com/shop/alcatel,7,dom-inspection,ZTE,https://txparts.com/shop/zte,29,dom-inspection,Blade Spark (Z971),https://txparts.com/shop/blade-spark-z971,14,0,14,3,dom-inspection,,https://txparts.com/shop/blade-spark-z971,False,False,2026-09-07T04:48:31+00:00,,,,,
TXParts,https://txparts.com/,Other Brands,https://txparts.com/shop/alcatel,7,dom-inspection,ZTE,https://txparts.com/shop/zte,29,dom-inspection,Blade Vantage (Z839 / 2017),https://txparts.com/shop/blade-vantage-z839-2017,15,0,15,3,dom-inspection,,https://txparts.com/shop/blade-vantage-z839-2017,False,False,2026-09-07T04:48:31+00:00,,,,,
TXParts,https://txparts.com/,Other Brands,https://txparts.com/shop/alcatel,7,dom-inspection,ZTE,https://txparts.com/shop/zte,29,dom-inspection,Blade V40 Smart (A7040),https://txparts.com/shop/blade-v40-smart-a7040,16,0,16,3,dom-inspection,,https://txparts.com/shop/blade-v40-smart-a7040,False,False,2026-09-07T04:48:31+00:00,,,,,
TXParts,https://txparts.com/,Other Brands,https://txparts.com/shop/alcatel,7,dom-inspection,ZTE,https://txparts.com/shop/zte,29,dom-inspection,Blade V30 Vita (8030),https://txparts.com/shop/blade-v30-vita-8030,17,0,17,3,dom-inspection,,https://txparts.com/shop/blade-v30-vita-8030,False,False,2026-09-07T04:48:31+00:00,,,,,
TXParts,https://txparts.com/,Other Brands,https://txparts.com/shop/alcatel,7,dom-inspection,ZTE,https://txparts.com/shop/zte,29,dom-inspection,Blade V8 Pro (Z978 / 2017),https://txparts.com/shop/blade-v8-pro-z978-2017,18,0,18,3,dom-inspection,,https://txparts.com/shop/blade-v8-pro-z978-2017,False,False,2026-09-07T04:48:31+00:00,,,,,
TXParts,https://txparts.com/,Other Brands,https://txparts.com/shop/alcatel,7,dom-inspection,ZTE,https://txparts.com/shop/zte,29,dom-inspection,ZTE Others,https://txparts.com/shop/zte-others,19,0,19,3,dom-inspection,,https://txparts.com/shop/zte-others,False,False,2026-09-07T04:48:31+00:00,,,,,
TXParts,https://txparts.com/,Other Brands,https://txparts.com/shop/alcatel,7,dom-inspection,ZTE,https://txparts.com/shop/zte,29,dom-inspection,ZMAX 10,https://txparts.com/shop/zmax-10,20,0,20,3,dom-inspection,,https://txparts.com/shop/zmax-10,False,False,2026-09-07T04:48:31+00:00,,,,,
TXParts,https://txparts.com/,Other Brands,https://txparts.com/shop/alcatel,7,dom-inspection,ZTE,https://txparts.com/shop/zte,29,dom-inspection,ZMAX (77540),https://txparts.com/shop/zmax-77540,21,0,21,3,dom-inspection,,https://txparts.com/shop/zmax-77540,False,False,2026-09-07T04:48:31+00:00,,,,,
TXParts,https://txparts.com/,Other Brands,https://txparts.com/shop/alcatel,7,dom-inspection,ZTE,https://txparts.com/shop/zte,29,dom-inspection,Grand X4 (Z956 / 2016),https://txparts.com/shop/grand-x4-z956-2016,22,0,22,3,dom-inspection,,https://txparts.com/shop/grand-x4-z956-2016,False,False,2026-09-07T04:48:31+00:00,,,,,
TXParts,https://txparts.com/,Other Brands,https://txparts.com/shop/alcatel,7,dom-inspection,ZTE,https://txparts.com/shop/zte,29,dom-inspection,Grand X Max 2 (Z988),https://txparts.com/shop/grand-x-max-2-z988,23,0,23,3,dom-inspection,,https://txparts.com/shop/grand-x-max-2-z988,False,False,2026-09-07T04:48:31+00:00,,,,,
TXParts,https://txparts.com/,Other Brands,https://txparts.com/shop/alcatel,7,dom-inspection,ZTE,https://txparts.com/shop/zte,29,dom-inspection,Grand X3 (Z959 / 2016),https://txparts.com/shop/grand-x3-z959-2016,24,0,24,3,dom-inspection,,https://txparts.com/shop/grand-x3-z959-2016,False,False,2026-09-07T04:48:31+00:00,,,,,
TXParts,https://txparts.com/,Other Brands,https://txparts.com/shop/alcatel,7,dom-inspection,ZTE,https://txparts.com/shop/zte,29,dom-inspection,Grand X Max+ (Z987 / 2015),https://txparts.com/shop/grand-x-max-z987-2015,25,0,25,3,dom-inspection,,https://txparts.com/shop/grand-x-max-z987-2015,False,False,2026-09-07T04:48:31+00:00,,,,,
TXParts,https://txparts.com/,Other Brands,https://txparts.com/shop/alcatel,7,dom-inspection,ZTE,https://txparts.com/shop/zte,29,dom-inspection,Grand X Max (Z787 / 2014),https://txparts.com/shop/grand-x-max-z787-2014,26,0,26,3,dom-inspection,,https://txparts.com/shop/grand-x-max-z787-2014,False,False,2026-09-07T04:48:31+00:00,,,,,
TXParts,https://txparts.com/,Other Brands,https://txparts.com/shop/alcatel,7,dom-inspection,ZTE,https://txparts.com/shop/zte,29,dom-inspection,Grand X IN (Z777 / 2014),https://txparts.com/shop/grand-x-in-z777-2014,27,0,27,3,dom-inspection,,https://txparts.com/shop/grand-x-in-z777-2014,False,False,2026-09-07T04:48:31+00:00,,,,,
TXParts,https://txparts.com/,Other Brands,https://txparts.com/shop/alcatel,7,dom-inspection,ZTE,https://txparts.com/shop/zte,29,dom-inspection,Maven 3 (Z835),https://txparts.com/shop/maven-3-z835,28,0,28,3,dom-inspection,,https://txparts.com/shop/maven-3-z835,False,False,2026-09-07T04:48:31+00:00,,,,,
TXParts,https://txparts.com/,Other Brands,https://txparts.com/shop/alcatel,7,dom-inspection,ZTE,https://txparts.com/shop/zte,29,dom-inspection,ZMax 2 (Z958 / 2015),https://txparts.com/shop/zmax-2-z958-2015,29,0,29,3,dom-inspection,,https://txparts.com/shop/zmax-2-z958-2015,False,False,2026-09-07T04:48:31+00:00,,,,,
TXParts,https://txparts.com/,Other Brands,https://txparts.com/shop/alcatel,7,dom-inspection,ZTE,https://txparts.com/shop/zte,29,dom-inspection,ZMax Pro (Z981),https://txparts.com/shop/zmax-pro-z981,30,0,30,3,dom-inspection,,https://txparts.com/shop/zmax-pro-z981,False,False,2026-09-07T04:48:31+00:00,,,,,
TXParts,https://txparts.com/,Other Brands,https://txparts.com/shop/alcatel,7,dom-inspection,ZTE,https://txparts.com/shop/zte,29,dom-inspection,ZMax (Z970),https://txparts.com/shop/zmax-z970,31,0,31,3,dom-inspection,,https://txparts.com/shop/zmax-z970,False,False,2026-09-07T04:48:31+00:00,,,,,
TXParts,https://txparts.com/,Other Brands,https://txparts.com/shop/alcatel,7,dom-inspection,ZTE,https://txparts.com/shop/zte,29,dom-inspection,Wrap Elite (N9518 / 2015),https://txparts.com/shop/wrap-elite-n9518-2015,32,0,32,3,dom-inspection,,https://txparts.com/shop/wrap-elite-n9518-2015,False,False,2026-09-07T04:48:31+00:00,,,,,
TXParts,https://txparts.com/,Other Brands,https://txparts.com/shop/alcatel,7,dom-inspection,ZTE,https://txparts.com/shop/zte,29,dom-inspection,Imperial Max (Z963),https://txparts.com/shop/imperial-max-z963,33,0,33,3,dom-inspection,,https://txparts.com/shop/imperial-max-z963,False,False,2026-09-07T04:48:31+00:00,,,,,
TXParts,https://txparts.com/,Other Brands,https://txparts.com/shop/alcatel,7,dom-inspection,ZTE,https://txparts.com/shop/zte,29,dom-inspection,Vital (N9810 / 2013),https://txparts.com/shop/vital-n9810-2013,34,0,34,3,dom-inspection,,https://txparts.com/shop/vital-n9810-2013,False,False,2026-09-07T04:48:31+00:00,,,,,
TXParts,https://txparts.com/,Other Brands,https://txparts.com/shop/alcatel,7,dom-inspection,ZTE,https://txparts.com/shop/zte,29,dom-inspection,Tempo (N9131 / 2016),https://txparts.com/shop/tempo-n9131-2016,35,0,35,3,dom-inspection,,https://txparts.com/shop/tempo-n9131-2016,False,False,2026-09-07T04:48:31+00:00,,,,,
TXParts,https://txparts.com/,Other Brands,https://txparts.com/shop/alcatel,7,dom-inspection,ZTE,https://txparts.com/shop/zte,29,dom-inspection,Sonata 3 (Z832 / 2016),https://txparts.com/shop/sonata-3-z832-2016,36,0,36,3,dom-inspection,,https://txparts.com/shop/sonata-3-z832-2016,False,False,2026-09-07T04:48:31+00:00,,,,,
TXParts,https://txparts.com/,Other Brands,https://txparts.com/shop/alcatel,7,dom-inspection,ZTE,https://txparts.com/shop/zte,29,dom-inspection,Sonata 2 (Z755 / 2015),https://txparts.com/shop/sonata-2-z755-2015,37,0,37,3,dom-inspection,,https://txparts.com/shop/sonata-2-z755-2015,False,False,2026-09-07T04:48:31+00:00,,,,,
TXParts,https://txparts.com/,Other Brands,https://txparts.com/shop/alcatel,7,dom-inspection,ZTE,https://txparts.com/shop/zte,29,dom-inspection,Quartz (Z797 / 2014),https://txparts.com/shop/quartz-z797-2014,38,0,38,3,dom-inspection,,https://txparts.com/shop/quartz-z797-2014,False,False,2026-09-07T04:48:31+00:00,,,,,
TXParts,https://txparts.com/,Other Brands,https://txparts.com/shop/alcatel,7,dom-inspection,ZTE,https://txparts.com/shop/zte,29,dom-inspection,Prestige (N9132 / 2015),https://txparts.com/shop/prestige-n9132-2015,39,0,39,3,dom-inspection,,https://txparts.com/shop/prestige-n9132-2015,False,False,2026-09-07T04:48:31+00:00,,,,,
TXParts,https://txparts.com/,Other Brands,https://txparts.com/shop/alcatel,7,dom-inspection,ZTE,https://txparts.com/shop/zte,29,dom-inspection,Overture 3 (Z851 / 2017),https://txparts.com/shop/overture-3-z851-2017,40,0,40,3,dom-inspection,,https://txparts.com/shop/overture-3-z851-2017,False,False,2026-09-07T04:48:31+00:00,,,,,
TXParts,https://txparts.com/,Other Brands,https://txparts.com/shop/alcatel,7,dom-inspection,ZTE,https://txparts.com/shop/zte,29,dom-inspection,Max XL (N9560),https://txparts.com/shop/max-xl-n9560,41,0,41,3,dom-inspection,,https://txparts.com/shop/max-xl-n9560,False,False,2026-09-07T04:48:31+00:00,,,,,
TXParts,https://txparts.com/,Other Brands,https://txparts.com/shop/alcatel,7,dom-inspection,ZTE,https://txparts.com/shop/zte,29,dom-inspection,Avid (Z916),https://txparts.com/shop/avid-z916,42,0,42,3,dom-inspection,,https://txparts.com/shop/avid-z916,False,False,2026-09-07T04:48:31+00:00,,,,,
TXParts,https://txparts.com/,Other Brands,https://txparts.com/shop/alcatel,7,dom-inspection,ZTE,https://txparts.com/shop/zte,29,dom-inspection,Maven 2 (Z831),https://txparts.com/shop/maven-2-z831,43,0,43,3,dom-inspection,,https://txparts.com/shop/maven-2-z831,False,False,2026-09-07T04:48:31+00:00,,,,,
TXParts,https://txparts.com/,Other Brands,https://txparts.com/shop/alcatel,7,dom-inspection,ZTE,https://txparts.com/shop/zte,29,dom-inspection,Lever (Z936),https://txparts.com/shop/lever-z936,44,0,44,3,dom-inspection,,https://txparts.com/shop/lever-z936,False,False,2026-09-07T04:48:31+00:00,,,,,
TXParts,https://txparts.com/,Other Brands,https://txparts.com/shop/alcatel,7,dom-inspection,ZTE,https://txparts.com/shop/zte,29,dom-inspection,Falcon (Z917),https://txparts.com/shop/falcon-z917,45,0,45,3,dom-inspection,,https://txparts.com/shop/falcon-z917,False,False,2026-09-07T04:48:31+00:00,,,,,
TXParts,https://txparts.com/,Other Brands,https://txparts.com/shop/alcatel,7,dom-inspection,ZTE,https://txparts.com/shop/zte,29,dom-inspection,Boost Max (N9520),https://txparts.com/shop/boost-max-n9520,46,0,46,3,dom-inspection,,https://txparts.com/shop/boost-max-n9520,False,False,2026-09-07T04:48:31+00:00,,,,,
TXParts,https://txparts.com/,Other Brands,https://txparts.com/shop/alcatel,7,dom-inspection,ZTE,https://txparts.com/shop/zte,29,dom-inspection,Avid Trio (Z833),https://txparts.com/shop/avid-trio-z833,47,0,47,3,dom-inspection,,https://txparts.com/shop/avid-trio-z833,False,False,2026-09-07T04:48:31+00:00,,,,,
TXParts,https://txparts.com/,Other Brands,https://txparts.com/shop/alcatel,7,dom-inspection,ZTE,https://txparts.com/shop/zte,29,dom-inspection,Avid 4 (Z855),https://txparts.com/shop/avid-4-z855,48,0,48,3,dom-inspection,,https://txparts.com/shop/avid-4-z855,False,False,2026-09-07T04:48:31+00:00,,,,,
TXParts,https://txparts.com/,Other Brands,https://txparts.com/shop/alcatel,7,dom-inspection,ZTE,https://txparts.com/shop/zte,29,dom-inspection,ZTE Tablet,https://txparts.com/shop/zte-tablet,49,0,49,3,dom-inspection,,https://txparts.com/shop/zte-tablet,False,False,2026-09-07T04:48:31+00:00,,,,,
TXParts,https://txparts.com/,Other Brands,https://txparts.com/shop/alcatel,7,dom-inspection,ZTE,https://txparts.com/shop/zte,29,dom-inspection,ZTE Tab K88 (2016),https://txparts.com/shop/zte-tab-k88-2016,50,0,50,3,dom-inspection,,https://txparts.com/shop/zte-tab-k88-2016,False,False,2026-09-07T04:48:31+00:00,,,,,
TXParts,https://txparts.com/,Other Brands,https://txparts.com/shop/alcatel,7,dom-inspection,ZTE,https://txparts.com/shop/zte,29,dom-inspection,ZTE Tab K92,https://txparts.com/shop/zte-tab-k92,51,0,51,3,dom-inspection,,https://txparts.com/shop/zte-tab-k92,False,False,2026-09-07T04:48:31+00:00,,,,,
TXParts,https://txparts.com/,Other Brands,https://txparts.com/shop/alcatel,7,dom-inspection,LG,https://txparts.com/shop/lg,30,dom-inspection,LG G Series,https://txparts.com/shop/lg-g-series,1,0,1,3,dom-inspection,,https://txparts.com/shop/lg-g-series,False,False,2026-09-07T04:48:31+00:00,,,,,
TXParts,https://txparts.com/,Other Brands,https://txparts.com/shop/alcatel,7,dom-inspection,LG,https://txparts.com/shop/lg,30,dom-inspection,LG G8X ThinQ,https://txparts.com/shop/lg-g8x-thinq,2,0,2,3,dom-inspection,,https://txparts.com/shop/lg-g8x-thinq,False,False,2026-09-07T04:48:31+00:00,,,,,
TXParts,https://txparts.com/,Other Brands,https://txparts.com/shop/alcatel,7,dom-inspection,LG,https://txparts.com/shop/lg,30,dom-inspection,LG G8S ThinQ,https://txparts.com/shop/lg-g8s-thinq,3,0,3,3,dom-inspection,,https://txparts.com/shop/lg-g8s-thinq,False,False,2026-09-07T04:48:31+00:00,,,,,
TXParts,https://txparts.com/,Other Brands,https://txparts.com/shop/alcatel,7,dom-inspection,LG,https://txparts.com/shop/lg,30,dom-inspection,LG G8 ThinQ,https://txparts.com/shop/lg-g8-thinq-1,4,0,4,3,dom-inspection,,https://txparts.com/shop/lg-g8-thinq-1,False,False,2026-09-07T04:48:31+00:00,,,,,
TXParts,https://txparts.com/,Other Brands,https://txparts.com/shop/alcatel,7,dom-inspection,LG,https://txparts.com/shop/lg,30,dom-inspection,LG G7 ThinQ,https://txparts.com/shop/lg-g7-thinq-1,5,0,5,3,dom-inspection,,https://txparts.com/shop/lg-g7-thinq-1,False,False,2026-09-07T04:48:31+00:00,,,,,
TXParts,https://txparts.com/,Other Brands,https://txparts.com/shop/alcatel,7,dom-inspection,LG,https://txparts.com/shop/lg,30,dom-inspection,LG G6,https://txparts.com/shop/lg-g6-1,6,0,6,3,dom-inspection,,https://txparts.com/shop/lg-g6-1,False,False,2026-09-07T04:48:31+00:00,,,,,
TXParts,https://txparts.com/,Other Brands,https://txparts.com/shop/alcatel,7,dom-inspection,LG,https://txparts.com/shop/lg,30,dom-inspection,LG G5,https://txparts.com/shop/lg-g5-1,7,0,7,3,dom-inspection,,https://txparts.com/shop/lg-g5-1,False,False,2026-09-07T04:48:31+00:00,,,,,
TXParts,https://txparts.com/,Other Brands,https://txparts.com/shop/alcatel,7,dom-inspection,LG,https://txparts.com/shop/lg,30,dom-inspection,LG G4,https://txparts.com/shop/lg-g4,8,0,8,3,dom-inspection,,https://txparts.com/shop/lg-g4,False,False,2026-09-07T04:48:31+00:00,,,,,
TXParts,https://txparts.com/,Other Brands,https://txparts.com/shop/alcatel,7,dom-inspection,LG,https://txparts.com/shop/lg,30,dom-inspection,LG G3,https://txparts.com/shop/lg-g3-1,9,0,9,3,dom-inspection,,https://txparts.com/shop/lg-g3-1,False,False,2026-09-07T04:48:31+00:00,,,,,
TXParts,https://txparts.com/,Other Brands,https://txparts.com/shop/alcatel,7,dom-inspection,LG,https://txparts.com/shop/lg,30,dom-inspection,LG G2,https://txparts.com/shop/lg-g2-1,10,0,10,3,dom-inspection,,https://txparts.com/shop/lg-g2-1,False,False,2026-09-07T04:48:31+00:00,,,,,
TXParts,https://txparts.com/,Other Brands,https://txparts.com/shop/alcatel,7,dom-inspection,LG,https://txparts.com/shop/lg,30,dom-inspection,LG K Series,https://txparts.com/shop/lg-k-series,11,0,11,3,dom-inspection,,https://txparts.com/shop/lg-k-series,False,False,2026-09-07T04:48:31+00:00,,,,,
TXParts,https://txparts.com/,Other Brands,https://txparts.com/shop/alcatel,7,dom-inspection,LG,https://txparts.com/shop/lg,30,dom-inspection,LG K92 5G (2020),https://txparts.com/shop/lg-k92-5g-2020,12,0,12,3,dom-inspection,,https://txparts.com/shop/lg-k92-5g-2020,False,False,2026-09-07T04:48:31+00:00,,,,,
TXParts,https://txparts.com/,Other Brands,https://txparts.com/shop/alcatel,7,dom-inspection,LG,https://txparts.com/shop/lg,30,dom-inspection,LG K61 (2020),https://txparts.com/shop/lg-k61-2020,13,0,13,3,dom-inspection,,https://txparts.com/shop/lg-k61-2020,False,False,2026-09-07T04:48:31+00:00,,,,,
TXParts,https://txparts.com/,Other Brands,https://txparts.com/shop/alcatel,7,dom-inspection,LG,https://txparts.com/shop/lg,30,dom-inspection,LG K52 (2020),https://txparts.com/shop/lg-k52-2020,14,0,14,3,dom-inspection,,https://txparts.com/shop/lg-k52-2020,False,False,2026-09-07T04:48:31+00:00,,,,,
TXParts,https://txparts.com/,Other Brands,https://txparts.com/shop/alcatel,7,dom-inspection,LG,https://txparts.com/shop/lg,30,dom-inspection,LG K51S (2020),https://txparts.com/shop/lg-k51s-2020,15,0,15,3,dom-inspection,,https://txparts.com/shop/lg-k51s-2020,False,False,2026-09-07T04:48:31+00:00,,,,,
TXParts,https://txparts.com/,Other Brands,https://txparts.com/shop/alcatel,7,dom-inspection,LG,https://txparts.com/shop/lg,30,dom-inspection,LG K51 (2020),https://txparts.com/shop/lg-k51-2020,16,0,16,3,dom-inspection,,https://txparts.com/shop/lg-k51-2020,False,False,2026-09-07T04:48:31+00:00,,,,,
TXParts,https://txparts.com/,Other Brands,https://txparts.com/shop/alcatel,7,dom-inspection,LG,https://txparts.com/shop/lg,30,dom-inspection,LG K50S (2019),https://txparts.com/shop/lg-k50s-2019,17,0,17,3,dom-inspection,,https://txparts.com/shop/lg-k50s-2019,False,False,2026-09-07T04:48:31+00:00,,,,,
TXParts,https://txparts.com/,Other Brands,https://txparts.com/shop/alcatel,7,dom-inspection,LG,https://txparts.com/shop/lg,30,dom-inspection,LG K50 (2019),https://txparts.com/shop/lg-k50-2019,18,0,18,3,dom-inspection,,https://txparts.com/shop/lg-k50-2019,False,False,2026-09-07T04:48:31+00:00,,,,,
TXParts,https://txparts.com/,Other Brands,https://txparts.com/shop/alcatel,7,dom-inspection,LG,https://txparts.com/shop/lg,30,dom-inspection,LG K42 (2020),https://txparts.com/shop/lg-k42-2020,19,0,19,3,dom-inspection,,https://txparts.com/shop/lg-k42-2020,False,False,2026-09-07T04:48:31+00:00,,,,,
TXParts,https://txparts.com/,Other Brands,https://txparts.com/shop/alcatel,7,dom-inspection,LG,https://txparts.com/shop/lg,30,dom-inspection,LG K41S (2020),https://txparts.com/shop/lg-k41s-2020,20,0,20,3,dom-inspection,,https://txparts.com/shop/lg-k41s-2020,False,False,2026-09-07T04:48:31+00:00,,,,,
TXParts,https://txparts.com/,Other Brands,https://txparts.com/shop/alcatel,7,dom-inspection,LG,https://txparts.com/shop/lg,30,dom-inspection,LG K41 (2020),https://txparts.com/shop/lg-k41-2020,21,0,21,3,dom-inspection,,https://txparts.com/shop/lg-k41-2020,False,False,2026-09-07T04:48:31+00:00,,,,,
TXParts,https://txparts.com/,Other Brands,https://txparts.com/shop/alcatel,7,dom-inspection,LG,https://txparts.com/shop/lg,30,dom-inspection,LG K40S (2019),https://txparts.com/shop/lg-k40s-2019,22,0,22,3,dom-inspection,,https://txparts.com/shop/lg-k40s-2019,False,False,2026-09-07T04:48:31+00:00,,,,,
TXParts,https://txparts.com/,Other Brands,https://txparts.com/shop/alcatel,7,dom-inspection,LG,https://txparts.com/shop/lg,30,dom-inspection,LG K40 (2019),https://txparts.com/shop/lg-k40-2019,23,0,23,3,dom-inspection,,https://txparts.com/shop/lg-k40-2019,False,False,2026-09-07T04:48:31+00:00,,,,,
TXParts,https://txparts.com/,Other Brands,https://txparts.com/shop/alcatel,7,dom-inspection,LG,https://txparts.com/shop/lg,30,dom-inspection,LG K30 (2019),https://txparts.com/shop/lg-k30-2019,24,0,24,3,dom-inspection,,https://txparts.com/shop/lg-k30-2019,False,False,2026-09-07T04:48:31+00:00,,,,,
TXParts,https://txparts.com/,Other Brands,https://txparts.com/shop/alcatel,7,dom-inspection,LG,https://txparts.com/shop/lg,30,dom-inspection,LG K30 (2018),https://txparts.com/shop/lg-k30-2018,25,0,25,3,dom-inspection,,https://txparts.com/shop/lg-k30-2018,False,False,2026-09-07T04:48:31+00:00,,,,,
TXParts,https://txparts.com/,Other Brands,https://txparts.com/shop/alcatel,7,dom-inspection,LG,https://txparts.com/shop/lg,30,dom-inspection,LG K22 Plus (2020),https://txparts.com/shop/lg-k22-plus-2020,26,0,26,3,dom-inspection,,https://txparts.com/shop/lg-k22-plus-2020,False,False,2026-09-07T04:48:31+00:00,,,,,
TXParts,https://txparts.com/,Other Brands,https://txparts.com/shop/alcatel,7,dom-inspection,LG,https://txparts.com/shop/lg,30,dom-inspection,LG K22 (2020),https://txparts.com/shop/lg-k22-2020,27,0,27,3,dom-inspection,,https://txparts.com/shop/lg-k22-2020,False,False,2026-09-07T04:48:31+00:00,,,,,
TXParts,https://txparts.com/,Other Brands,https://txparts.com/shop/alcatel,7,dom-inspection,LG,https://txparts.com/shop/lg,30,dom-inspection,LG K20 Plus (2016),https://txparts.com/shop/lg-k20-plus-2016,28,0,28,3,dom-inspection,,https://txparts.com/shop/lg-k20-plus-2016,False,False,2026-09-07T04:48:31+00:00,,,,,
TXParts,https://txparts.com/,Other Brands,https://txparts.com/shop/alcatel,7,dom-inspection,LG,https://txparts.com/shop/lg,30,dom-inspection,LG K20 (2016),https://txparts.com/shop/lg-k20-2016,29,0,29,3,dom-inspection,,https://txparts.com/shop/lg-k20-2016,False,False,2026-09-07T04:48:31+00:00,,,,,
TXParts,https://txparts.com/,Other Brands,https://txparts.com/shop/alcatel,7,dom-inspection,LG,https://txparts.com/shop/lg,30,dom-inspection,LG K20 (2019),https://txparts.com/shop/lg-k20-2019,30,0,30,3,dom-inspection,,https://txparts.com/shop/lg-k20-2019,False,False,2026-09-07T04:48:31+00:00,,,,,
TXParts,https://txparts.com/,Other Brands,https://txparts.com/shop/alcatel,7,dom-inspection,LG,https://txparts.com/shop/lg,30,dom-inspection,LG K10 (2018),https://txparts.com/shop/lg-k10-2018,31,0,31,3,dom-inspection,,https://txparts.com/shop/lg-k10-2018,False,False,2026-09-07T04:48:31+00:00,,,,,
TXParts,https://txparts.com/,Other Brands,https://txparts.com/shop/alcatel,7,dom-inspection,LG,https://txparts.com/shop/lg,30,dom-inspection,LG K10 (2016),https://txparts.com/shop/lg-k10-2016-1,32,0,32,3,dom-inspection,,https://txparts.com/shop/lg-k10-2016-1,False,False,2026-09-07T04:48:31+00:00,,,,,
TXParts,https://txparts.com/,Other Brands,https://txparts.com/shop/alcatel,7,dom-inspection,LG,https://txparts.com/shop/lg,30,dom-inspection,LG K9 (2018),https://txparts.com/shop/lg-k9-2018,33,0,33,3,dom-inspection,,https://txparts.com/shop/lg-k9-2018,False,False,2026-09-07T04:48:31+00:00,,,,,
TXParts,https://txparts.com/,Other Brands,https://txparts.com/shop/alcatel,7,dom-inspection,LG,https://txparts.com/shop/lg,30,dom-inspection,LG K8 (2018),https://txparts.com/shop/lg-k8-2018,34,0,34,3,dom-inspection,,https://txparts.com/shop/lg-k8-2018,False,False,2026-09-07T04:48:31+00:00,,,,,
TXParts,https://txparts.com/,Other Brands,https://txparts.com/shop/alcatel,7,dom-inspection,LG,https://txparts.com/shop/lg,30,dom-inspection,LG K8 (2017),https://txparts.com/shop/lg-k8-2017,35,0,35,3,dom-inspection,,https://txparts.com/shop/lg-k8-2017,False,False,2026-09-07T04:48:31+00:00,,,,,
TXParts,https://txparts.com/,Other Brands,https://txparts.com/shop/alcatel,7,dom-inspection,LG,https://txparts.com/shop/lg,30,dom-inspection,LG K8 (2016),https://txparts.com/shop/lg-k8-2016,36,0,36,3,dom-inspection,,https://txparts.com/shop/lg-k8-2016,False,False,2026-09-07T04:48:31+00:00,,,,,
TXParts,https://txparts.com/,Other Brands,https://txparts.com/shop/alcatel,7,dom-inspection,LG,https://txparts.com/shop/lg,30,dom-inspection,LG K7 (2016),https://txparts.com/shop/lg-k7-2016,37,0,37,3,dom-inspection,,https://txparts.com/shop/lg-k7-2016,False,False,2026-09-07T04:48:31+00:00,,,,,
TXParts,https://txparts.com/,Other Brands,https://txparts.com/shop/alcatel,7,dom-inspection,LG,https://txparts.com/shop/lg,30,dom-inspection,LG Stylo Series,https://txparts.com/shop/lg-stylo-series,38,0,38,3,dom-inspection,,https://txparts.com/shop/lg-stylo-series,False,False,2026-09-07T04:48:31+00:00,,,,,
TXParts,https://txparts.com/,Other Brands,https://txparts.com/shop/alcatel,7,dom-inspection,LG,https://txparts.com/shop/lg,30,dom-inspection,LG Stylo 7,https://txparts.com/shop/lg-stylo-7,39,0,39,3,dom-inspection,,https://txparts.com/shop/lg-stylo-7,False,False,2026-09-07T04:48:31+00:00,,,,,
TXParts,https://txparts.com/,Other Brands,https://txparts.com/shop/alcatel,7,dom-inspection,LG,https://txparts.com/shop/lg,30,dom-inspection,LG Stylo 6,https://txparts.com/shop/lg-stylo-6-1,40,0,40,3,dom-inspection,,https://txparts.com/shop/lg-stylo-6-1,False,False,2026-09-07T04:48:31+00:00,,,,,
TXParts,https://txparts.com/,Other Brands,https://txparts.com/shop/alcatel,7,dom-inspection,LG,https://txparts.com/shop/lg,30,dom-inspection,LG Stylo 5,https://txparts.com/shop/lg-stylo-5,41,0,41,3,dom-inspection,,https://txparts.com/shop/lg-stylo-5,False,False,2026-09-07T04:48:31+00:00,,,,,
TXParts,https://txparts.com/,Other Brands,https://txparts.com/shop/alcatel,7,dom-inspection,LG,https://txparts.com/shop/lg,30,dom-inspection,LG Stylo 4,https://txparts.com/shop/lg-stylo-4,42,0,42,3,dom-inspection,,https://txparts.com/shop/lg-stylo-4,False,False,2026-09-07T04:48:31+00:00,,,,,
TXParts,https://txparts.com/,Other Brands,https://txparts.com/shop/alcatel,7,dom-inspection,LG,https://txparts.com/shop/lg,30,dom-inspection,LG Stylo 3 Plus,https://txparts.com/shop/lg-stylo-3-plus,43,0,43,3,dom-inspection,,https://txparts.com/shop/lg-stylo-3-plus,False,False,2026-09-07T04:48:31+00:00,,,,,
TXParts,https://txparts.com/,Other Brands,https://txparts.com/shop/alcatel,7,dom-inspection,LG,https://txparts.com/shop/lg,30,dom-inspection,LG Stylo 3,https://txparts.com/shop/lg-stylo-3,44,0,44,3,dom-inspection,,https://txparts.com/shop/lg-stylo-3,False,False,2026-09-07T04:48:31+00:00,,,,,
TXParts,https://txparts.com/,Other Brands,https://txparts.com/shop/alcatel,7,dom-inspection,LG,https://txparts.com/shop/lg,30,dom-inspection,LG Stylo 2 Plus,https://txparts.com/shop/lg-stylo-2-plus,45,0,45,3,dom-inspection,,https://txparts.com/shop/lg-stylo-2-plus,False,False,2026-09-07T04:48:31+00:00,,,,,
TXParts,https://txparts.com/,Other Brands,https://txparts.com/shop/alcatel,7,dom-inspection,LG,https://txparts.com/shop/lg,30,dom-inspection,LG Stylo 2,https://txparts.com/shop/lg-stylo-2,46,0,46,3,dom-inspection,,https://txparts.com/shop/lg-stylo-2,False,False,2026-09-07T04:48:31+00:00,,,,,
TXParts,https://txparts.com/,Other Brands,https://txparts.com/shop/alcatel,7,dom-inspection,LG,https://txparts.com/shop/lg,30,dom-inspection,LG Stylo,https://txparts.com/shop/lg-stylo-1,47,0,47,3,dom-inspection,,https://txparts.com/shop/lg-stylo-1,False,False,2026-09-07T04:48:31+00:00,,,,,
TXParts,https://txparts.com/,Other Brands,https://txparts.com/shop/alcatel,7,dom-inspection,LG,https://txparts.com/shop/lg,30,dom-inspection,LG V Series,https://txparts.com/shop/lg-v-series,48,0,48,3,dom-inspection,,https://txparts.com/shop/lg-v-series,False,False,2026-09-07T04:48:31+00:00,,,,,
TXParts,https://txparts.com/,Other Brands,https://txparts.com/shop/alcatel,7,dom-inspection,LG,https://txparts.com/shop/lg,30,dom-inspection,LG V60 ThinQ 5G,https://txparts.com/shop/lg-v60-thinq-5g-1,49,0,49,3,dom-inspection,,https://txparts.com/shop/lg-v60-thinq-5g-1,False,False,2026-09-07T04:48:31+00:00,,,,,
TXParts,https://txparts.com/,Other Brands,https://txparts.com/shop/alcatel,7,dom-inspection,LG,https://txparts.com/shop/lg,30,dom-inspection,LG V50S ThinQ 5G,https://txparts.com/shop/lg-v50s-thinq-5g-1,50,0,50,3,dom-inspection,,https://txparts.com/shop/lg-v50s-thinq-5g-1,False,False,2026-09-07T04:48:31+00:00,,,,,
TXParts,https://txparts.com/,Other Brands,https://txparts.com/shop/alcatel,7,dom-inspection,LG,https://txparts.com/shop/lg,30,dom-inspection,LG V50 ThinQ 5G,https://txparts.com/shop/lg-v50-thinq-5g,51,0,51,3,dom-inspection,,https://txparts.com/shop/lg-v50-thinq-5g,False,False,2026-09-07T04:48:31+00:00,,,,,
TXParts,https://txparts.com/,Other Brands,https://txparts.com/shop/alcatel,7,dom-inspection,LG,https://txparts.com/shop/lg,30,dom-inspection,LG V40 ThinQ,https://txparts.com/shop/lg-v40-thinq-1,52,0,52,3,dom-inspection,,https://txparts.com/shop/lg-v40-thinq-1,False,False,2026-09-07T04:48:31+00:00,,,,,
TXParts,https://txparts.com/,Other Brands,https://txparts.com/shop/alcatel,7,dom-inspection,LG,https://txparts.com/shop/lg,30,dom-inspection,LG V35 ThinQ,https://txparts.com/shop/lg-v35-thinq,53,0,53,3,dom-inspection,,https://txparts.com/shop/lg-v35-thinq,False,False,2026-09-07T04:48:31+00:00,,,,,
TXParts,https://txparts.com/,Other Brands,https://txparts.com/shop/alcatel,7,dom-inspection,LG,https://txparts.com/shop/lg,30,dom-inspection,LG V30,https://txparts.com/shop/lg-v30,54,0,54,3,dom-inspection,,https://txparts.com/shop/lg-v30,False,False,2026-09-07T04:48:31+00:00,,,,,
TXParts,https://txparts.com/,Other Brands,https://txparts.com/shop/alcatel,7,dom-inspection,LG,https://txparts.com/shop/lg,30,dom-inspection,LG V20,https://txparts.com/shop/lg-v20-1,55,0,55,3,dom-inspection,,https://txparts.com/shop/lg-v20-1,False,False,2026-09-07T04:48:31+00:00,,,,,
TXParts,https://txparts.com/,Other Brands,https://txparts.com/shop/alcatel,7,dom-inspection,LG,https://txparts.com/shop/lg,30,dom-inspection,LG V10,https://txparts.com/shop/lg-v10-1,56,0,56,3,dom-inspection,,https://txparts.com/shop/lg-v10-1,False,False,2026-09-07T04:48:31+00:00,,,,,
TXParts,https://txparts.com/,Other Brands,https://txparts.com/shop/alcatel,7,dom-inspection,LG,https://txparts.com/shop/lg,30,dom-inspection,LG Q Series,https://txparts.com/shop/lg-q-series,57,0,57,3,dom-inspection,,https://txparts.com/shop/lg-q-series,False,False,2026-09-07T04:48:31+00:00,,,,,
TXParts,https://txparts.com/,Other Brands,https://txparts.com/shop/alcatel,7,dom-inspection,LG,https://txparts.com/shop/lg,30,dom-inspection,Q92 5G (2020),https://txparts.com/shop/q92-5g-2020,58,0,58,3,dom-inspection,,https://txparts.com/shop/q92-5g-2020,False,False,2026-09-07T04:48:31+00:00,,,,,
TXParts,https://txparts.com/,Other Brands,https://txparts.com/shop/alcatel,7,dom-inspection,LG,https://txparts.com/shop/lg,30,dom-inspection,Q70 (2019),https://txparts.com/shop/q70-2019,59,0,59,3,dom-inspection,,https://txparts.com/shop/q70-2019,False,False,2026-09-07T04:48:31+00:00,,,,,
TXParts,https://txparts.com/,Other Brands,https://txparts.com/shop/alcatel,7,dom-inspection,LG,https://txparts.com/shop/lg,30,dom-inspection,Q60 (2019),https://txparts.com/shop/q60-2019,60,0,60,3,dom-inspection,,https://txparts.com/shop/q60-2019,False,False,2026-09-07T04:48:31+00:00,,,,,
TXParts,https://txparts.com/,Other Brands,https://txparts.com/shop/alcatel,7,dom-inspection,LG,https://txparts.com/shop/lg,30,dom-inspection,Q8 (2018),https://txparts.com/shop/q8-2018,61,0,61,3,dom-inspection,,https://txparts.com/shop/q8-2018,False,False,2026-09-07T04:48:31+00:00,,,,,
TXParts,https://txparts.com/,Other Brands,https://txparts.com/shop/alcatel,7,dom-inspection,LG,https://txparts.com/shop/lg,30,dom-inspection,Q7 Plus (2018),https://txparts.com/shop/q7-plus-2018,62,0,62,3,dom-inspection,,https://txparts.com/shop/q7-plus-2018,False,False,2026-09-07T04:48:31+00:00,,,,,
TXParts,https://txparts.com/,Other Brands,https://txparts.com/shop/alcatel,7,dom-inspection,LG,https://txparts.com/shop/lg,30,dom-inspection,Q7 (2018),https://txparts.com/shop/q7-2018,63,0,63,3,dom-inspection,,https://txparts.com/shop/q7-2018,False,False,2026-09-07T04:48:31+00:00,,,,,
TXParts,https://txparts.com/,Other Brands,https://txparts.com/shop/alcatel,7,dom-inspection,LG,https://txparts.com/shop/lg,30,dom-inspection,Q6 (2017),https://txparts.com/shop/q6-2017,64,0,64,3,dom-inspection,,https://txparts.com/shop/q6-2017,False,False,2026-09-07T04:48:31+00:00,,,,,
TXParts,https://txparts.com/,Other Brands,https://txparts.com/shop/alcatel,7,dom-inspection,LG,https://txparts.com/shop/lg,30,dom-inspection,LG Aristo Series,https://txparts.com/shop/lg-aristo-series,65,0,65,3,dom-inspection,,https://txparts.com/shop/lg-aristo-series,False,False,2026-09-07T04:48:31+00:00,,,,,
TXParts,https://txparts.com/,Other Brands,https://txparts.com/shop/alcatel,7,dom-inspection,LG,https://txparts.com/shop/lg,30,dom-inspection,LG Aristo 5,https://txparts.com/shop/lg-aristo-5,66,0,66,3,dom-inspection,,https://txparts.com/shop/lg-aristo-5,False,False,2026-09-07T04:48:31+00:00,,,,,
TXParts,https://txparts.com/,Other Brands,https://txparts.com/shop/alcatel,7,dom-inspection,LG,https://txparts.com/shop/lg,30,dom-inspection,LG Aristo 4,https://txparts.com/shop/lg-aristo-4,67,0,67,3,dom-inspection,,https://txparts.com/shop/lg-aristo-4,False,False,2026-09-07T04:48:31+00:00,,,,,
TXParts,https://txparts.com/,Other Brands,https://txparts.com/shop/alcatel,7,dom-inspection,LG,https://txparts.com/shop/lg,30,dom-inspection,LG Aristo 3 Plus,https://txparts.com/shop/lg-aristo-3-plus,68,0,68,3,dom-inspection,,https://txparts.com/shop/lg-aristo-3-plus,False,False,2026-09-07T04:48:31+00:00,,,,,
TXParts,https://txparts.com/,Other Brands,https://txparts.com/shop/alcatel,7,dom-inspection,LG,https://txparts.com/shop/lg,30,dom-inspection,LG Aristo 3,https://txparts.com/shop/lg-aristo-3,69,0,69,3,dom-inspection,,https://txparts.com/shop/lg-aristo-3,False,False,2026-09-07T04:48:31+00:00,,,,,
TXParts,https://txparts.com/,Other Brands,https://txparts.com/shop/alcatel,7,dom-inspection,LG,https://txparts.com/shop/lg,30,dom-inspection,LG Aristo 2,https://txparts.com/shop/lg-aristo-2,70,0,70,3,dom-inspection,,https://txparts.com/shop/lg-aristo-2,False,False,2026-09-07T04:48:31+00:00,,,,,
TXParts,https://txparts.com/,Other Brands,https://txparts.com/shop/alcatel,7,dom-inspection,LG,https://txparts.com/shop/lg,30,dom-inspection,LG Aristo,https://txparts.com/shop/lg-aristo,71,0,71,3,dom-inspection,,https://txparts.com/shop/lg-aristo,False,False,2026-09-07T04:48:31+00:00,,,,,
TXParts,https://txparts.com/,Other Brands,https://txparts.com/shop/alcatel,7,dom-inspection,LG,https://txparts.com/shop/lg,30,dom-inspection,LG X Series,https://txparts.com/shop/lg-x-series,72,0,72,3,dom-inspection,,https://txparts.com/shop/lg-x-series,False,False,2026-09-07T04:48:31+00:00,,,,,
TXParts,https://txparts.com/,Other Brands,https://txparts.com/shop/alcatel,7,dom-inspection,LG,https://txparts.com/shop/lg,30,dom-inspection,LG X Power 3,https://txparts.com/shop/lg-x-power-3-1,73,0,73,3,dom-inspection,,https://txparts.com/shop/lg-x-power-3-1,False,False,2026-09-07T04:48:31+00:00,,,,,
TXParts,https://txparts.com/,Other Brands,https://txparts.com/shop/alcatel,7,dom-inspection,LG,https://txparts.com/shop/lg,30,dom-inspection,LG X Power 2,https://txparts.com/shop/lg-x-power-2-1,74,0,74,3,dom-inspection,,https://txparts.com/shop/lg-x-power-2-1,False,False,2026-09-07T04:48:31+00:00,,,,,
TXParts,https://txparts.com/,Other Brands,https://txparts.com/shop/alcatel,7,dom-inspection,LG,https://txparts.com/shop/lg,30,dom-inspection,LG X Power,https://txparts.com/shop/lg-x-power,75,0,75,3,dom-inspection,,https://txparts.com/shop/lg-x-power,False,False,2026-09-07T04:48:31+00:00,,,,,
TXParts,https://txparts.com/,Other Brands,https://txparts.com/shop/alcatel,7,dom-inspection,LG,https://txparts.com/shop/lg,30,dom-inspection,LG X Cam,https://txparts.com/shop/lg-x-cam,76,0,76,3,dom-inspection,,https://txparts.com/shop/lg-x-cam,False,False,2026-09-07T04:48:31+00:00,,,,,
TXParts,https://txparts.com/,Other Brands,https://txparts.com/shop/alcatel,7,dom-inspection,LG,https://txparts.com/shop/lg,30,dom-inspection,LG Wings Series,https://txparts.com/shop/lg-wings-series,77,0,77,3,dom-inspection,,https://txparts.com/shop/lg-wings-series,False,False,2026-09-07T04:48:31+00:00,,,,,
TXParts,https://txparts.com/,Other Brands,https://txparts.com/shop/alcatel,7,dom-inspection,LG,https://txparts.com/shop/lg,30,dom-inspection,LG Wing 5G,https://txparts.com/shop/lg-wing-5g,78,0,78,3,dom-inspection,,https://txparts.com/shop/lg-wing-5g,False,False,2026-09-07T04:48:31+00:00,,,,,
TXParts,https://txparts.com/,Other Brands,https://txparts.com/shop/alcatel,7,dom-inspection,LG,https://txparts.com/shop/lg,30,dom-inspection,LG GPAD Series,https://txparts.com/shop/lg-gpad-series,79,0,79,3,dom-inspection,,https://txparts.com/shop/lg-gpad-series,False,False,2026-09-07T04:48:31+00:00,,,,,
TXParts,https://txparts.com/,Other Brands,https://txparts.com/shop/alcatel,7,dom-inspection,LG,https://txparts.com/shop/lg,30,dom-inspection,LG GPAD 5 10.1,https://txparts.com/shop/lg-gpad-5-101,80,0,80,3,dom-inspection,,https://txparts.com/shop/lg-gpad-5-101,False,False,2026-09-07T04:48:31+00:00,,,,,
TXParts,https://txparts.com/,Other Brands,https://txparts.com/shop/alcatel,7,dom-inspection,LG,https://txparts.com/shop/lg,30,dom-inspection,LG V930,https://txparts.com/shop/lg-v930,81,0,81,3,dom-inspection,,https://txparts.com/shop/lg-v930,False,False,2026-09-07T04:48:31+00:00,,,,,
TXParts,https://txparts.com/,Other Brands,https://txparts.com/shop/alcatel,7,dom-inspection,LG,https://txparts.com/shop/lg,30,dom-inspection,LG V700,https://txparts.com/shop/lg-v700,82,0,82,3,dom-inspection,,https://txparts.com/shop/lg-v700,False,False,2026-09-07T04:48:31+00:00,,,,,
TXParts,https://txparts.com/,Other Brands,https://txparts.com/shop/alcatel,7,dom-inspection,LG,https://txparts.com/shop/lg,30,dom-inspection,LG V530,https://txparts.com/shop/lg-v530,83,0,83,3,dom-inspection,,https://txparts.com/shop/lg-v530,False,False,2026-09-07T04:48:31+00:00,,,,,
TXParts,https://txparts.com/,Other Brands,https://txparts.com/shop/alcatel,7,dom-inspection,LG,https://txparts.com/shop/lg,30,dom-inspection,LG V520,https://txparts.com/shop/lg-v520,84,0,84,3,dom-inspection,,https://txparts.com/shop/lg-v520,False,False,2026-09-07T04:48:31+00:00,,,,,
TXParts,https://txparts.com/,Other Brands,https://txparts.com/shop/alcatel,7,dom-inspection,LG,https://txparts.com/shop/lg,30,dom-inspection,LG V500,https://txparts.com/shop/lg-v500,85,0,85,3,dom-inspection,,https://txparts.com/shop/lg-v500,False,False,2026-09-07T04:48:31+00:00,,,,,
TXParts,https://txparts.com/,Other Brands,https://txparts.com/shop/alcatel,7,dom-inspection,LG,https://txparts.com/shop/lg,30,dom-inspection,LG V498,https://txparts.com/shop/lg-v498,86,0,86,3,dom-inspection,,https://txparts.com/shop/lg-v498,False,False,2026-09-07T04:48:31+00:00,,,,,
TXParts,https://txparts.com/,Other Brands,https://txparts.com/shop/alcatel,7,dom-inspection,LG,https://txparts.com/shop/lg,30,dom-inspection,LG V496,https://txparts.com/shop/lg-v496,87,0,87,3,dom-inspection,,https://txparts.com/shop/lg-v496,False,False,2026-09-07T04:48:31+00:00,,,,,
TXParts,https://txparts.com/,Other Brands,https://txparts.com/shop/alcatel,7,dom-inspection,LG,https://txparts.com/shop/lg,30,dom-inspection,LG V480,https://txparts.com/shop/lg-v480,88,0,88,3,dom-inspection,,https://txparts.com/shop/lg-v480,False,False,2026-09-07T04:48:31+00:00,,,,,
TXParts,https://txparts.com/,Other Brands,https://txparts.com/shop/alcatel,7,dom-inspection,LG,https://txparts.com/shop/lg,30,dom-inspection,LG V940,https://txparts.com/shop/lg-v940,89,0,89,3,dom-inspection,,https://txparts.com/shop/lg-v940,False,False,2026-09-07T04:48:31+00:00,,,,,
TXParts,https://txparts.com/,Other Brands,https://txparts.com/shop/alcatel,7,dom-inspection,LG,https://txparts.com/shop/lg,30,dom-inspection,LG VK815,https://txparts.com/shop/lg-vk815,90,0,90,3,dom-inspection,,https://txparts.com/shop/lg-vk815,False,False,2026-09-07T04:48:31+00:00,,,,,
TXParts,https://txparts.com/,Other Brands,https://txparts.com/shop/alcatel,7,dom-inspection,LG,https://txparts.com/shop/lg,30,dom-inspection,LG VK810,https://txparts.com/shop/lg-vk810,91,0,91,3,dom-inspection,,https://txparts.com/shop/lg-vk810,False,False,2026-09-07T04:48:31+00:00,,,,,
TXParts,https://txparts.com/,Other Brands,https://txparts.com/shop/alcatel,7,dom-inspection,LG,https://txparts.com/shop/lg,30,dom-inspection,LG VK460,https://txparts.com/shop/lg-vk460,92,0,92,3,dom-inspection,,https://txparts.com/shop/lg-vk460,False,False,2026-09-07T04:48:31+00:00,,,,,
TXParts,https://txparts.com/,Other Brands,https://txparts.com/shop/alcatel,7,dom-inspection,LG,https://txparts.com/shop/lg,30,dom-inspection,LG VK430,https://txparts.com/shop/lg-vk430,93,0,93,3,dom-inspection,,https://txparts.com/shop/lg-vk430,False,False,2026-09-07T04:48:31+00:00,,,,,
TXParts,https://txparts.com/,Other Brands,https://txparts.com/shop/alcatel,7,dom-inspection,LG,https://txparts.com/shop/lg,30,dom-inspection,LG VK410,https://txparts.com/shop/lg-vk410,94,0,94,3,dom-inspection,,https://txparts.com/shop/lg-vk410,False,False,2026-09-07T04:48:31+00:00,,,,,
TXParts,https://txparts.com/,Other Brands,https://txparts.com/shop/alcatel,7,dom-inspection,LG,https://txparts.com/shop/lg,30,dom-inspection,LG Tribute,https://txparts.com/shop/lg-tribute,95,0,95,3,dom-inspection,,https://txparts.com/shop/lg-tribute,False,False,2026-09-07T04:48:31+00:00,,,,,
TXParts,https://txparts.com/,Other Brands,https://txparts.com/shop/alcatel,7,dom-inspection,LG,https://txparts.com/shop/lg,30,dom-inspection,Tribute HD,https://txparts.com/shop/tribute-hd,96,0,96,3,dom-inspection,,https://txparts.com/shop/tribute-hd,False,False,2026-09-07T04:48:31+00:00,,,,,
TXParts,https://txparts.com/,Other Brands,https://txparts.com/shop/alcatel,7,dom-inspection,LG,https://txparts.com/shop/lg,30,dom-inspection,Tribute Royal,https://txparts.com/shop/tribute-royal,97,0,97,3,dom-inspection,,https://txparts.com/shop/tribute-royal,False,False,2026-09-07T04:48:31+00:00,,,,,
TXParts,https://txparts.com/,Other Brands,https://txparts.com/shop/alcatel,7,dom-inspection,LG,https://txparts.com/shop/lg,30,dom-inspection,LG W Series,https://txparts.com/shop/lg-w-series,98,0,98,3,dom-inspection,,https://txparts.com/shop/lg-w-series,False,False,2026-09-07T04:48:31+00:00,,,,,
TXParts,https://txparts.com/,Other Brands,https://txparts.com/shop/alcatel,7,dom-inspection,LG,https://txparts.com/shop/lg,30,dom-inspection,W30 (2019),https://txparts.com/shop/w30-2019,99,0,99,3,dom-inspection,,https://txparts.com/shop/w30-2019,False,False,2026-09-07T04:48:31+00:00,,,,,
TXParts,https://txparts.com/,Other Brands,https://txparts.com/shop/alcatel,7,dom-inspection,LG,https://txparts.com/shop/lg,30,dom-inspection,W10 Alpha,https://txparts.com/shop/w10-alpha,100,0,100,3,dom-inspection,,https://txparts.com/shop/w10-alpha,False,False,2026-09-07T04:48:31+00:00,,,,,
TXParts,https://txparts.com/,Other Brands,https://txparts.com/shop/alcatel,7,dom-inspection,LG,https://txparts.com/shop/lg,30,dom-inspection,LG NEXUS Series,https://txparts.com/shop/lg-nexus-series,101,0,101,3,dom-inspection,,https://txparts.com/shop/lg-nexus-series,False,False,2026-09-07T04:48:31+00:00,,,,,
TXParts,https://txparts.com/,Other Brands,https://txparts.com/shop/alcatel,7,dom-inspection,LG,https://txparts.com/shop/lg,30,dom-inspection,LG Nexus 5X,https://txparts.com/shop/lg-nexus-5x,102,0,102,3,dom-inspection,,https://txparts.com/shop/lg-nexus-5x,False,False,2026-09-07T04:48:31+00:00,,,,,
TXParts,https://txparts.com/,Other Brands,https://txparts.com/shop/alcatel,7,dom-inspection,LG,https://txparts.com/shop/lg,30,dom-inspection,LG Nexus 5,https://txparts.com/shop/lg-nexus-5,103,0,103,3,dom-inspection,,https://txparts.com/shop/lg-nexus-5,False,False,2026-09-07T04:48:31+00:00,,,,,
TXParts,https://txparts.com/,Game Console,https://txparts.com/shop/microsoft-xbox,8,dom-inspection,MICROSOFT XBOX,https://txparts.com/shop/microsoft-xbox,1,dom-inspection,Xbox 360,https://txparts.com/shop/xbox-360,1,0,1,3,dom-inspection,,https://txparts.com/shop/xbox-360,False,False,2026-09-07T04:48:31+00:00,,,,,
TXParts,https://txparts.com/,Game Console,https://txparts.com/shop/microsoft-xbox,8,dom-inspection,MICROSOFT XBOX,https://txparts.com/shop/microsoft-xbox,1,dom-inspection,Xbox 360 E,https://txparts.com/shop/xbox-360-e,2,0,2,3,dom-inspection,,https://txparts.com/shop/xbox-360-e,False,False,2026-09-07T04:48:31+00:00,,,,,
TXParts,https://txparts.com/,Game Console,https://txparts.com/shop/microsoft-xbox,8,dom-inspection,MICROSOFT XBOX,https://txparts.com/shop/microsoft-xbox,1,dom-inspection,Xbox 360 S,https://txparts.com/shop/xbox-360-s,3,0,3,3,dom-inspection,,https://txparts.com/shop/xbox-360-s,False,False,2026-09-07T04:48:31+00:00,,,,,
TXParts,https://txparts.com/,Game Console,https://txparts.com/shop/microsoft-xbox,8,dom-inspection,MICROSOFT XBOX,https://txparts.com/shop/microsoft-xbox,1,dom-inspection,Xbox One,https://txparts.com/shop/xbox-one,4,0,4,3,dom-inspection,,https://txparts.com/shop/xbox-one,False,False,2026-09-07T04:48:31+00:00,,,,,
TXParts,https://txparts.com/,Game Console,https://txparts.com/shop/microsoft-xbox,8,dom-inspection,MICROSOFT XBOX,https://txparts.com/shop/microsoft-xbox,1,dom-inspection,Xbox One S,https://txparts.com/shop/xbox-one-s,5,0,5,3,dom-inspection,,https://txparts.com/shop/xbox-one-s,False,False,2026-09-07T04:48:31+00:00,,,,,
TXParts,https://txparts.com/,Game Console,https://txparts.com/shop/microsoft-xbox,8,dom-inspection,MICROSOFT XBOX,https://txparts.com/shop/microsoft-xbox,1,dom-inspection,Xbox One X,https://txparts.com/shop/xbox-one-x,6,0,6,3,dom-inspection,,https://txparts.com/shop/xbox-one-x,False,False,2026-09-07T04:48:31+00:00,,,,,
TXParts,https://txparts.com/,Game Console,https://txparts.com/shop/microsoft-xbox,8,dom-inspection,MICROSOFT XBOX,https://txparts.com/shop/microsoft-xbox,1,dom-inspection,Xbox Series S,https://txparts.com/shop/xbox-series-s,7,0,7,3,dom-inspection,,https://txparts.com/shop/xbox-series-s,False,False,2026-09-07T04:48:31+00:00,,,,,
TXParts,https://txparts.com/,Game Console,https://txparts.com/shop/microsoft-xbox,8,dom-inspection,MICROSOFT XBOX,https://txparts.com/shop/microsoft-xbox,1,dom-inspection,Xbox Series X,https://txparts.com/shop/xbox-series-x,8,0,8,3,dom-inspection,,https://txparts.com/shop/xbox-series-x,False,False,2026-09-07T04:48:31+00:00,,,,,
TXParts,https://txparts.com/,Game Console,https://txparts.com/shop/microsoft-xbox,8,dom-inspection,NINTENDO,https://txparts.com/shop/nintendo,2,dom-inspection,Switch 2,https://txparts.com/shop/switch-2,1,0,1,3,dom-inspection,,https://txparts.com/shop/switch-2,False,False,2026-09-07T04:48:31+00:00,,,,,
TXParts,https://txparts.com/,Game Console,https://txparts.com/shop/microsoft-xbox,8,dom-inspection,NINTENDO,https://txparts.com/shop/nintendo,2,dom-inspection,Switch OLED,https://txparts.com/shop/switch-oled,2,0,2,3,dom-inspection,,https://txparts.com/shop/switch-oled,False,False,2026-09-07T04:48:31+00:00,,,,,
TXParts,https://txparts.com/,Game Console,https://txparts.com/shop/microsoft-xbox,8,dom-inspection,NINTENDO,https://txparts.com/shop/nintendo,2,dom-inspection,Switch Lite,https://txparts.com/shop/switch-lite,3,0,3,3,dom-inspection,,https://txparts.com/shop/switch-lite,False,False,2026-09-07T04:48:31+00:00,,,,,
TXParts,https://txparts.com/,Game Console,https://txparts.com/shop/microsoft-xbox,8,dom-inspection,NINTENDO,https://txparts.com/shop/nintendo,2,dom-inspection,Switch,https://txparts.com/shop/switch,4,0,4,3,dom-inspection,,https://txparts.com/shop/switch,False,False,2026-09-07T04:48:31+00:00,,,,,
TXParts,https://txparts.com/,Game Console,https://txparts.com/shop/microsoft-xbox,8,dom-inspection,NINTENDO,https://txparts.com/shop/nintendo,2,dom-inspection,Wii U,https://txparts.com/shop/wii-u,5,0,5,3,dom-inspection,,https://txparts.com/shop/wii-u,False,False,2026-09-07T04:48:31+00:00,,,,,
TXParts,https://txparts.com/,Game Console,https://txparts.com/shop/microsoft-xbox,8,dom-inspection,SONY,https://txparts.com/shop/sony,3,dom-inspection,PlayStation 5 Pro,https://txparts.com/shop/playstation-5-pro,1,0,1,3,dom-inspection,,https://txparts.com/shop/playstation-5-pro,False,False,2026-09-07T04:48:31+00:00,,,,,
TXParts,https://txparts.com/,Game Console,https://txparts.com/shop/microsoft-xbox,8,dom-inspection,SONY,https://txparts.com/shop/sony,3,dom-inspection,PlayStation 5 Slim,https://txparts.com/shop/playstation-5-slim,2,0,2,3,dom-inspection,,https://txparts.com/shop/playstation-5-slim,False,False,2026-09-07T04:48:31+00:00,,,,,
TXParts,https://txparts.com/,Game Console,https://txparts.com/shop/microsoft-xbox,8,dom-inspection,SONY,https://txparts.com/shop/sony,3,dom-inspection,PlayStation 5,https://txparts.com/shop/playstation-5,3,0,3,3,dom-inspection,,https://txparts.com/shop/playstation-5,False,False,2026-09-07T04:48:31+00:00,,,,,
TXParts,https://txparts.com/,Game Console,https://txparts.com/shop/microsoft-xbox,8,dom-inspection,SONY,https://txparts.com/shop/sony,3,dom-inspection,PlayStation 4 Pro,https://txparts.com/shop/playstation-4-pro,4,0,4,3,dom-inspection,,https://txparts.com/shop/playstation-4-pro,False,False,2026-09-07T04:48:31+00:00,,,,,
TXParts,https://txparts.com/,Game Console,https://txparts.com/shop/microsoft-xbox,8,dom-inspection,SONY,https://txparts.com/shop/sony,3,dom-inspection,PlayStation 4 Slim,https://txparts.com/shop/playstation-4-slim,5,0,5,3,dom-inspection,,https://txparts.com/shop/playstation-4-slim,False,False,2026-09-07T04:48:31+00:00,,,,,
TXParts,https://txparts.com/,Game Console,https://txparts.com/shop/microsoft-xbox,8,dom-inspection,SONY,https://txparts.com/shop/sony,3,dom-inspection,PlayStation 4,https://txparts.com/shop/playstation-4,6,0,6,3,dom-inspection,,https://txparts.com/shop/playstation-4,False,False,2026-09-07T04:48:31+00:00,,,,,
TXParts,https://txparts.com/,Game Console,https://txparts.com/shop/microsoft-xbox,8,dom-inspection,SONY,https://txparts.com/shop/sony,3,dom-inspection,PlayStation 3,https://txparts.com/shop/playstation-3,7,0,7,3,dom-inspection,,https://txparts.com/shop/playstation-3,False,False,2026-09-07T04:48:31+00:00,,,,,
TXParts,https://txparts.com/,Tools and Accessories,https://txparts.com/shop/tempered-glass,9,dom-inspection,Tempered Glass,https://txparts.com/shop/tempered-glass,1,dom-inspection,Iphone Tempered Glass,https://txparts.com/shop/iphone-tempered-glass,1,0,1,3,dom-inspection,,https://txparts.com/shop/iphone-tempered-glass,False,False,2026-09-07T04:48:31+00:00,,,,,
TXParts,https://txparts.com/,Tools and Accessories,https://txparts.com/shop/tempered-glass,9,dom-inspection,Tempered Glass,https://txparts.com/shop/tempered-glass,1,dom-inspection,Ipad Tempered Glass,https://txparts.com/shop/ipad-tempered-glass,2,0,2,3,dom-inspection,,https://txparts.com/shop/ipad-tempered-glass,False,False,2026-09-07T04:48:31+00:00,,,,,
TXParts,https://txparts.com/,Tools and Accessories,https://txparts.com/shop/tempered-glass,9,dom-inspection,Tempered Glass,https://txparts.com/shop/tempered-glass,1,dom-inspection,Samsung A Series Tempered Glass,https://txparts.com/shop/samsung-a-series-tempered-glass,3,0,3,3,dom-inspection,,https://txparts.com/shop/samsung-a-series-tempered-glass,False,False,2026-09-07T04:48:31+00:00,,,,,
TXParts,https://txparts.com/,Tools and Accessories,https://txparts.com/shop/tempered-glass,9,dom-inspection,Tempered Glass,https://txparts.com/shop/tempered-glass,1,dom-inspection,Samsung S Series Tempered Glass,https://txparts.com/shop/samsung-s-series-tempered-glass,4,0,4,3,dom-inspection,,https://txparts.com/shop/samsung-s-series-tempered-glass,False,False,2026-09-07T04:48:31+00:00,,,,,
TXParts,https://txparts.com/,Tools and Accessories,https://txparts.com/shop/tempered-glass,9,dom-inspection,Tempered Glass,https://txparts.com/shop/tempered-glass,1,dom-inspection,Samsung Note Series Tempered Glass,https://txparts.com/shop/samsung-note-series-tempered-glass,5,0,5,3,dom-inspection,,https://txparts.com/shop/samsung-note-series-tempered-glass,False,False,2026-09-07T04:48:31+00:00,,,,,
TXParts,https://txparts.com/,Tools and Accessories,https://txparts.com/shop/tempered-glass,9,dom-inspection,Tempered Glass,https://txparts.com/shop/tempered-glass,1,dom-inspection,Google Pixel Series Tempered Glass,https://txparts.com/shop/google-pixel-series-tempered-glass,6,0,6,3,dom-inspection,,https://txparts.com/shop/google-pixel-series-tempered-glass,False,False,2026-09-07T04:48:31+00:00,,,,,
TXParts,https://txparts.com/,Tools and Accessories,https://txparts.com/shop/tempered-glass,9,dom-inspection,Accessories,https://txparts.com/shop/accessories,2,dom-inspection,Chargers,https://txparts.com/shop/chargers,1,0,1,3,dom-inspection,,https://txparts.com/shop/chargers,False,False,2026-09-07T04:48:31+00:00,,,,,
TXParts,https://txparts.com/,Tools and Accessories,https://txparts.com/shop/tempered-glass,9,dom-inspection,Accessories,https://txparts.com/shop/accessories,2,dom-inspection,Cables,https://txparts.com/shop/cables,2,0,2,3,dom-inspection,,https://txparts.com/shop/cables,False,False,2026-09-07T04:48:31+00:00,,,,,
TXParts,https://txparts.com/,Tools and Accessories,https://txparts.com/shop/tempered-glass,9,dom-inspection,Accessories,https://txparts.com/shop/accessories,2,dom-inspection,Card Holders,https://txparts.com/shop/card-holders,3,0,3,3,dom-inspection,,https://txparts.com/shop/card-holders,False,False,2026-09-07T04:48:31+00:00,,,,,
TXParts,https://txparts.com/,Tools and Accessories,https://txparts.com/shop/tempered-glass,9,dom-inspection,Accessories,https://txparts.com/shop/accessories,2,dom-inspection,Mobile Holders,https://txparts.com/shop/mobile-holders,4,0,4,3,dom-inspection,,https://txparts.com/shop/mobile-holders,False,False,2026-09-07T04:48:31+00:00,,,,,
TXParts,https://txparts.com/,Tools and Accessories,https://txparts.com/shop/tempered-glass,9,dom-inspection,Headphones,https://txparts.com/shop/headphones,3,dom-inspection,AirPods,https://txparts.com/shop/airpods,1,0,1,3,dom-inspection,,https://txparts.com/shop/airpods,False,False,2026-09-07T04:48:31+00:00,,,,,
TXParts,https://txparts.com/,Tools and Accessories,https://txparts.com/shop/tempered-glass,9,dom-inspection,Headphones,https://txparts.com/shop/headphones,3,dom-inspection,Wired Heaphones,https://txparts.com/shop/wired-heaphones,2,0,2,3,dom-inspection,,https://txparts.com/shop/wired-heaphones,False,False,2026-09-07T04:48:31+00:00,,,,,
TXParts,https://txparts.com/,Tools and Accessories,https://txparts.com/shop/tempered-glass,9,dom-inspection,Headphones,https://txparts.com/shop/headphones,3,dom-inspection,Headsets,https://txparts.com/shop/headsets,3,0,3,3,dom-inspection,,https://txparts.com/shop/headsets,False,False,2026-09-07T04:48:31+00:00,,,,,
TXParts,https://txparts.com/,Tools and Accessories,https://txparts.com/shop/tempered-glass,9,dom-inspection,Hardware Tools,https://txparts.com/shop/hardware-tools,4,dom-inspection,Cutting Wire,https://txparts.com/shop/cutting-wire,1,0,1,3,dom-inspection,,https://txparts.com/shop/cutting-wire,False,False,2026-09-07T04:48:31+00:00,,,,,
TXParts,https://txparts.com/,Tools and Accessories,https://txparts.com/shop/tempered-glass,9,dom-inspection,Hardware Tools,https://txparts.com/shop/hardware-tools,4,dom-inspection,Fixture,https://txparts.com/shop/fixture,2,0,2,3,dom-inspection,,https://txparts.com/shop/fixture,False,False,2026-09-07T04:48:31+00:00,,,,,
TXParts,https://txparts.com/,Tools and Accessories,https://txparts.com/shop/tempered-glass,9,dom-inspection,Hardware Tools,https://txparts.com/shop/hardware-tools,4,dom-inspection,Screwdrivers,https://txparts.com/shop/screwdrivers,3,0,3,3,dom-inspection,,https://txparts.com/shop/screwdrivers,False,False,2026-09-07T04:48:31+00:00,,,,,
TXParts,https://txparts.com/,Tools and Accessories,https://txparts.com/shop/tempered-glass,9,dom-inspection,Hardware Tools,https://txparts.com/shop/hardware-tools,4,dom-inspection,Metal Tweezers,https://txparts.com/shop/metal-tweezers,4,0,4,3,dom-inspection,,https://txparts.com/shop/metal-tweezers,False,False,2026-09-07T04:48:31+00:00,,,,,
TXParts,https://txparts.com/,Tools and Accessories,https://txparts.com/shop/tempered-glass,9,dom-inspection,Hardware Tools,https://txparts.com/shop/hardware-tools,4,dom-inspection,Pry Tools & Spudgers,https://txparts.com/shop/pry-tools-spudgers,5,0,5,3,dom-inspection,,https://txparts.com/shop/pry-tools-spudgers,False,False,2026-09-07T04:48:31+00:00,,,,,
TXParts,https://txparts.com/,Tools and Accessories,https://txparts.com/shop/tempered-glass,9,dom-inspection,Hardware Tools,https://txparts.com/shop/hardware-tools,4,dom-inspection,Organization,https://txparts.com/shop/organization,6,0,6,3,dom-inspection,,https://txparts.com/shop/organization,False,False,2026-09-07T04:48:31+00:00,,,,,
TXParts,https://txparts.com/,Tools and Accessories,https://txparts.com/shop/tempered-glass,9,dom-inspection,Hardware Tools,https://txparts.com/shop/hardware-tools,4,dom-inspection,Microscope Accessories,https://txparts.com/shop/microscope-accessories,7,0,7,3,dom-inspection,,https://txparts.com/shop/microscope-accessories,False,False,2026-09-07T04:48:31+00:00,,,,,
TXParts,https://txparts.com/,Tools and Accessories,https://txparts.com/shop/tempered-glass,9,dom-inspection,Hardware Tools,https://txparts.com/shop/hardware-tools,4,dom-inspection,Pliers & Scissors,https://txparts.com/shop/pliers-scissors,8,0,8,3,dom-inspection,,https://txparts.com/shop/pliers-scissors,False,False,2026-09-07T04:48:31+00:00,,,,,
TXParts,https://txparts.com/,Tools and Accessories,https://txparts.com/shop/tempered-glass,9,dom-inspection,Essentials,https://txparts.com/shop/essentials,5,dom-inspection,Hydrogel,https://txparts.com/shop/hydrogel,1,0,1,3,dom-inspection,,https://txparts.com/shop/hydrogel,False,False,2026-09-07T04:48:31+00:00,,,,,
TXParts,https://txparts.com/,Tools and Accessories,https://txparts.com/shop/tempered-glass,9,dom-inspection,Essentials,https://txparts.com/shop/essentials,5,dom-inspection,Adhesives & Glues,https://txparts.com/shop/adhesives-glues,2,0,2,3,dom-inspection,,https://txparts.com/shop/adhesives-glues,False,False,2026-09-07T04:48:31+00:00,,,,,
TXParts,https://txparts.com/,Tools and Accessories,https://txparts.com/shop/tempered-glass,9,dom-inspection,Essentials,https://txparts.com/shop/essentials,5,dom-inspection,Other Supplies,https://txparts.com/shop/other-supplies,3,0,3,3,dom-inspection,,https://txparts.com/shop/other-supplies,False,False,2026-09-07T04:48:31+00:00,,,,,
TXParts,https://txparts.com/,Tools and Accessories,https://txparts.com/shop/tempered-glass,9,dom-inspection,Essentials,https://txparts.com/shop/essentials,5,dom-inspection,Cleaner Supplies,https://txparts.com/shop/cleaner-supplies,4,0,4,3,dom-inspection,,https://txparts.com/shop/cleaner-supplies,False,False,2026-09-07T04:48:31+00:00,,,,,
TXParts,https://txparts.com/,Tools and Accessories,https://txparts.com/shop/tempered-glass,9,dom-inspection,Essentials,https://txparts.com/shop/essentials,5,dom-inspection,Adhesive Tapes,https://txparts.com/shop/adhesive-tapes,5,0,5,3,dom-inspection,,https://txparts.com/shop/adhesive-tapes,False,False,2026-09-07T04:48:31+00:00,,,,,
TXParts,https://txparts.com/,Tools and Accessories,https://txparts.com/shop/tempered-glass,9,dom-inspection,Essentials,https://txparts.com/shop/essentials,5,dom-inspection,Blades,https://txparts.com/shop/blades,6,0,6,3,dom-inspection,,https://txparts.com/shop/blades,False,False,2026-09-07T04:48:31+00:00,,,,,
TXParts,https://txparts.com/,Tools and Accessories,https://txparts.com/shop/tempered-glass,9,dom-inspection,Essentials,https://txparts.com/shop/essentials,5,dom-inspection,Work Mat,https://txparts.com/shop/work-mat,7,0,7,3,dom-inspection,,https://txparts.com/shop/work-mat,False,False,2026-09-07T04:48:31+00:00,,,,,
TXParts,https://txparts.com/,Tools and Accessories,https://txparts.com/shop/tempered-glass,9,dom-inspection,Soldring supplies,https://txparts.com/shop/soldring-supplies,6,dom-inspection,Soldring supplies,https://txparts.com/shop/soldring-supplies-1,1,0,1,3,dom-inspection,,https://txparts.com/shop/soldring-supplies-1,False,False,2026-09-07T04:48:31+00:00,,,,,
TXParts,https://txparts.com/,Tools and Accessories,https://txparts.com/shop/tempered-glass,9,dom-inspection,Soldring supplies,https://txparts.com/shop/soldring-supplies,6,dom-inspection,Pre-Heating Plantings,https://txparts.com/shop/pre-heating-plantings,2,0,2,3,dom-inspection,,https://txparts.com/shop/pre-heating-plantings,False,False,2026-09-07T04:48:31+00:00,,,,,
TXParts,https://txparts.com/,Tools and Accessories,https://txparts.com/shop/tempered-glass,9,dom-inspection,Soldring supplies,https://txparts.com/shop/soldring-supplies,6,dom-inspection,Soldring Ports,https://txparts.com/shop/soldring-ports,3,0,3,3,dom-inspection,,https://txparts.com/shop/soldring-ports,False,False,2026-09-07T04:48:31+00:00,,,,,
TXParts,https://txparts.com/,Tools and Accessories,https://txparts.com/shop/tempered-glass,9,dom-inspection,Soldring supplies,https://txparts.com/shop/soldring-supplies,6,dom-inspection,Stencils,https://txparts.com/shop/stencils,4,0,4,3,dom-inspection,,https://txparts.com/shop/stencils,False,False,2026-09-07T04:48:31+00:00,,,,,
TXParts,https://txparts.com/,Tools and Accessories,https://txparts.com/shop/tempered-glass,9,dom-inspection,Soldring supplies,https://txparts.com/shop/soldring-supplies,6,dom-inspection,Alcohol N Dispensers,https://txparts.com/shop/alcohol-n-dispensers,5,0,5,3,dom-inspection,,https://txparts.com/shop/alcohol-n-dispensers,False,False,2026-09-07T04:48:31+00:00,,,,,
TXParts,https://txparts.com/,Cases,https://txparts.com/shop/apple-case,10,dom-inspection,Apple Case,https://txparts.com/shop/apple-case,1,dom-inspection,Iphone Cases,https://txparts.com/shop/iphone-cases,1,0,1,3,dom-inspection,,https://txparts.com/shop/iphone-cases,False,False,2026-09-07T04:48:31+00:00,,,,,
TXParts,https://txparts.com/,Cases,https://txparts.com/shop/apple-case,10,dom-inspection,Apple Case,https://txparts.com/shop/apple-case,1,dom-inspection,IPhone 17 Pro Max,https://txparts.com/shop/iphone-17-pro-max-1,2,0,2,3,dom-inspection,,https://txparts.com/shop/iphone-17-pro-max-1,False,False,2026-09-07T04:48:31+00:00,,,,,
TXParts,https://txparts.com/,Cases,https://txparts.com/shop/apple-case,10,dom-inspection,Apple Case,https://txparts.com/shop/apple-case,1,dom-inspection,IPhone 17 Pro,https://txparts.com/shop/iphone-17-pro-1,3,0,3,3,dom-inspection,,https://txparts.com/shop/iphone-17-pro-1,False,False,2026-09-07T04:48:31+00:00,,,,,
TXParts,https://txparts.com/,Cases,https://txparts.com/shop/apple-case,10,dom-inspection,Apple Case,https://txparts.com/shop/apple-case,1,dom-inspection,IPhone Air,https://txparts.com/shop/iphone-air-2,4,0,4,3,dom-inspection,,https://txparts.com/shop/iphone-air-2,False,False,2026-09-07T04:48:31+00:00,,,,,
TXParts,https://txparts.com/,Cases,https://txparts.com/shop/apple-case,10,dom-inspection,Apple Case,https://txparts.com/shop/apple-case,1,dom-inspection,IPhone 17,https://txparts.com/shop/iphone-17-1,5,0,5,3,dom-inspection,,https://txparts.com/shop/iphone-17-1,False,False,2026-09-07T04:48:31+00:00,,,,,
TXParts,https://txparts.com/,Cases,https://txparts.com/shop/apple-case,10,dom-inspection,Apple Case,https://txparts.com/shop/apple-case,1,dom-inspection,IPhone 16 Pro Max,https://txparts.com/shop/iphone-16-pro-max-1,6,0,6,3,dom-inspection,,https://txparts.com/shop/iphone-16-pro-max-1,False,False,2026-09-07T04:48:31+00:00,,,,,
TXParts,https://txparts.com/,Cases,https://txparts.com/shop/apple-case,10,dom-inspection,Apple Case,https://txparts.com/shop/apple-case,1,dom-inspection,IPhone 16 Pro,https://txparts.com/shop/iphone-16-pro-1,7,0,7,3,dom-inspection,,https://txparts.com/shop/iphone-16-pro-1,False,False,2026-09-07T04:48:31+00:00,,,,,
TXParts,https://txparts.com/,Cases,https://txparts.com/shop/apple-case,10,dom-inspection,Apple Case,https://txparts.com/shop/apple-case,1,dom-inspection,IPhone 16 Plus,https://txparts.com/shop/iphone-16-plus-1,8,0,8,3,dom-inspection,,https://txparts.com/shop/iphone-16-plus-1,False,False,2026-09-07T04:48:31+00:00,,,,,
TXParts,https://txparts.com/,Cases,https://txparts.com/shop/apple-case,10,dom-inspection,Apple Case,https://txparts.com/shop/apple-case,1,dom-inspection,IPhone 16,https://txparts.com/shop/iphone-16-1,9,0,9,3,dom-inspection,,https://txparts.com/shop/iphone-16-1,False,False,2026-09-07T04:48:31+00:00,,,,,
TXParts,https://txparts.com/,Cases,https://txparts.com/shop/apple-case,10,dom-inspection,Apple Case,https://txparts.com/shop/apple-case,1,dom-inspection,Iphone 16e,https://txparts.com/shop/iphone-16e-2,10,0,10,3,dom-inspection,,https://txparts.com/shop/iphone-16e-2,False,False,2026-09-07T04:48:31+00:00,,,,,
TXParts,https://txparts.com/,Cases,https://txparts.com/shop/apple-case,10,dom-inspection,Apple Case,https://txparts.com/shop/apple-case,1,dom-inspection,IPhone 15 Pro Max,https://txparts.com/shop/iphone-15-pro-max-1,11,0,11,3,dom-inspection,,https://txparts.com/shop/iphone-15-pro-max-1,False,False,2026-09-07T04:48:31+00:00,,,,,
TXParts,https://txparts.com/,Cases,https://txparts.com/shop/apple-case,10,dom-inspection,Apple Case,https://txparts.com/shop/apple-case,1,dom-inspection,IPhone 15 Pro,https://txparts.com/shop/iphone-15-pro-1,12,0,12,3,dom-inspection,,https://txparts.com/shop/iphone-15-pro-1,False,False,2026-09-07T04:48:31+00:00,,,,,
TXParts,https://txparts.com/,Cases,https://txparts.com/shop/apple-case,10,dom-inspection,Apple Case,https://txparts.com/shop/apple-case,1,dom-inspection,IPhone 15 Plus,https://txparts.com/shop/iphone-15-plus-1,13,0,13,3,dom-inspection,,https://txparts.com/shop/iphone-15-plus-1,False,False,2026-09-07T04:48:31+00:00,,,,,
TXParts,https://txparts.com/,Cases,https://txparts.com/shop/apple-case,10,dom-inspection,Apple Case,https://txparts.com/shop/apple-case,1,dom-inspection,IPhone 15,https://txparts.com/shop/iphone-15-1,14,0,14,3,dom-inspection,,https://txparts.com/shop/iphone-15-1,False,False,2026-09-07T04:48:31+00:00,,,,,
TXParts,https://txparts.com/,Cases,https://txparts.com/shop/apple-case,10,dom-inspection,Apple Case,https://txparts.com/shop/apple-case,1,dom-inspection,IPhone 14 Pro Max,https://txparts.com/shop/iphone-14-pro-max-1,15,0,15,3,dom-inspection,,https://txparts.com/shop/iphone-14-pro-max-1,False,False,2026-09-07T04:48:31+00:00,,,,,
TXParts,https://txparts.com/,Cases,https://txparts.com/shop/apple-case,10,dom-inspection,Apple Case,https://txparts.com/shop/apple-case,1,dom-inspection,IPhone 14 Pro,https://txparts.com/shop/iphone-14-pro-1,16,0,16,3,dom-inspection,,https://txparts.com/shop/iphone-14-pro-1,False,False,2026-09-07T04:48:31+00:00,,,,,
TXParts,https://txparts.com/,Cases,https://txparts.com/shop/apple-case,10,dom-inspection,Apple Case,https://txparts.com/shop/apple-case,1,dom-inspection,IPhone 14 Plus,https://txparts.com/shop/iphone-14-plus-1,17,0,17,3,dom-inspection,,https://txparts.com/shop/iphone-14-plus-1,False,False,2026-09-07T04:48:31+00:00,,,,,
TXParts,https://txparts.com/,Cases,https://txparts.com/shop/apple-case,10,dom-inspection,Apple Case,https://txparts.com/shop/apple-case,1,dom-inspection,IPhone 14,https://txparts.com/shop/iphone-14-1,18,0,18,3,dom-inspection,,https://txparts.com/shop/iphone-14-1,False,False,2026-09-07T04:48:31+00:00,,,,,
TXParts,https://txparts.com/,Cases,https://txparts.com/shop/apple-case,10,dom-inspection,Apple Case,https://txparts.com/shop/apple-case,1,dom-inspection,IPhone 13 Pro Max,https://txparts.com/shop/iphone-13-pro-max-1,19,0,19,3,dom-inspection,,https://txparts.com/shop/iphone-13-pro-max-1,False,False,2026-09-07T04:48:31+00:00,,,,,
TXParts,https://txparts.com/,Cases,https://txparts.com/shop/apple-case,10,dom-inspection,Apple Case,https://txparts.com/shop/apple-case,1,dom-inspection,IPhone 13 Pro,https://txparts.com/shop/iphone-13-pro-1,20,0,20,3,dom-inspection,,https://txparts.com/shop/iphone-13-pro-1,False,False,2026-09-07T04:48:31+00:00,,,,,
TXParts,https://txparts.com/,Cases,https://txparts.com/shop/apple-case,10,dom-inspection,Apple Case,https://txparts.com/shop/apple-case,1,dom-inspection,IPhone 13,https://txparts.com/shop/iphone-13-1,21,0,21,3,dom-inspection,,https://txparts.com/shop/iphone-13-1,False,False,2026-09-07T04:48:31+00:00,,,,,
TXParts,https://txparts.com/,Cases,https://txparts.com/shop/apple-case,10,dom-inspection,Apple Case,https://txparts.com/shop/apple-case,1,dom-inspection,IPhone 13 Mini,https://txparts.com/shop/iphone-13-mini-1,22,0,22,3,dom-inspection,,https://txparts.com/shop/iphone-13-mini-1,False,False,2026-09-07T04:48:31+00:00,,,,,
TXParts,https://txparts.com/,Cases,https://txparts.com/shop/apple-case,10,dom-inspection,Apple Case,https://txparts.com/shop/apple-case,1,dom-inspection,IPhone 12 Pro Max,https://txparts.com/shop/iphone-12-pro-max-1,23,0,23,3,dom-inspection,,https://txparts.com/shop/iphone-12-pro-max-1,False,False,2026-09-07T04:48:31+00:00,,,,,
TXParts,https://txparts.com/,Cases,https://txparts.com/shop/apple-case,10,dom-inspection,Apple Case,https://txparts.com/shop/apple-case,1,dom-inspection,IPhone 12 Pro,https://txparts.com/shop/iphone-12-pro-1,24,0,24,3,dom-inspection,,https://txparts.com/shop/iphone-12-pro-1,False,False,2026-09-07T04:48:31+00:00,,,,,
TXParts,https://txparts.com/,Cases,https://txparts.com/shop/apple-case,10,dom-inspection,Apple Case,https://txparts.com/shop/apple-case,1,dom-inspection,IPhone 12,https://txparts.com/shop/iphone-12-1,25,0,25,3,dom-inspection,,https://txparts.com/shop/iphone-12-1,False,False,2026-09-07T04:48:31+00:00,,,,,
TXParts,https://txparts.com/,Cases,https://txparts.com/shop/apple-case,10,dom-inspection,Apple Case,https://txparts.com/shop/apple-case,1,dom-inspection,IPhone 12 Mini,https://txparts.com/shop/iphone-12-mini-1,26,0,26,3,dom-inspection,,https://txparts.com/shop/iphone-12-mini-1,False,False,2026-09-07T04:48:31+00:00,,,,,
TXParts,https://txparts.com/,Cases,https://txparts.com/shop/apple-case,10,dom-inspection,Apple Case,https://txparts.com/shop/apple-case,1,dom-inspection,IPhone 11 Pro Max,https://txparts.com/shop/iphone-11-pro-max-1,27,0,27,3,dom-inspection,,https://txparts.com/shop/iphone-11-pro-max-1,False,False,2026-09-07T04:48:31+00:00,,,,,
TXParts,https://txparts.com/,Cases,https://txparts.com/shop/apple-case,10,dom-inspection,Apple Case,https://txparts.com/shop/apple-case,1,dom-inspection,IPhone 11 Pro,https://txparts.com/shop/iphone-11-pro-1,28,0,28,3,dom-inspection,,https://txparts.com/shop/iphone-11-pro-1,False,False,2026-09-07T04:48:31+00:00,,,,,
TXParts,https://txparts.com/,Cases,https://txparts.com/shop/apple-case,10,dom-inspection,Apple Case,https://txparts.com/shop/apple-case,1,dom-inspection,IPhone 11,https://txparts.com/shop/iphone-11-1,29,0,29,3,dom-inspection,,https://txparts.com/shop/iphone-11-1,False,False,2026-09-07T04:48:31+00:00,,,,,
TXParts,https://txparts.com/,Cases,https://txparts.com/shop/apple-case,10,dom-inspection,Samsung Case,https://txparts.com/shop/samsung-case,2,dom-inspection,S Series Cases,https://txparts.com/shop/s-series-cases,1,0,1,3,dom-inspection,,https://txparts.com/shop/s-series-cases,False,False,2026-09-07T04:48:31+00:00,,,,,
TXParts,https://txparts.com/,Cases,https://txparts.com/shop/apple-case,10,dom-inspection,Samsung Case,https://txparts.com/shop/samsung-case,2,dom-inspection,Galaxy S26,https://txparts.com/shop/galaxy-s26,2,0,2,3,dom-inspection,,https://txparts.com/shop/galaxy-s26,False,False,2026-09-07T04:48:31+00:00,,,,,
TXParts,https://txparts.com/,Cases,https://txparts.com/shop/apple-case,10,dom-inspection,Samsung Case,https://txparts.com/shop/samsung-case,2,dom-inspection,Galaxy S26 Plus,https://txparts.com/shop/galaxy-s26-plus,3,0,3,3,dom-inspection,,https://txparts.com/shop/galaxy-s26-plus,False,False,2026-09-07T04:48:31+00:00,,,,,
TXParts,https://txparts.com/,Cases,https://txparts.com/shop/apple-case,10,dom-inspection,Samsung Case,https://txparts.com/shop/samsung-case,2,dom-inspection,Galaxy S26 Ultra,https://txparts.com/shop/galaxy-s26-ultra,4,0,4,3,dom-inspection,,https://txparts.com/shop/galaxy-s26-ultra,False,False,2026-09-07T04:48:31+00:00,,,,,
TXParts,https://txparts.com/,Cases,https://txparts.com/shop/apple-case,10,dom-inspection,Samsung Case,https://txparts.com/shop/samsung-case,2,dom-inspection,Galaxy S25 Ultra,https://txparts.com/shop/galaxy-s25-ultra-2,5,0,5,3,dom-inspection,,https://txparts.com/shop/galaxy-s25-ultra-2,False,False,2026-09-07T04:48:31+00:00,,,,,
TXParts,https://txparts.com/,Cases,https://txparts.com/shop/apple-case,10,dom-inspection,Samsung Case,https://txparts.com/shop/samsung-case,2,dom-inspection,Galaxy S25 Edge,https://txparts.com/shop/galaxy-s25-edge-2,6,0,6,3,dom-inspection,,https://txparts.com/shop/galaxy-s25-edge-2,False,False,2026-09-07T04:48:31+00:00,,,,,
TXParts,https://txparts.com/,Cases,https://txparts.com/shop/apple-case,10,dom-inspection,Samsung Case,https://txparts.com/shop/samsung-case,2,dom-inspection,Galaxy S25 FE 5G,https://txparts.com/shop/galaxy-s25-fe-5g,7,0,7,3,dom-inspection,,https://txparts.com/shop/galaxy-s25-fe-5g,False,False,2026-09-07T04:48:31+00:00,,,,,
TXParts,https://txparts.com/,Cases,https://txparts.com/shop/apple-case,10,dom-inspection,Samsung Case,https://txparts.com/shop/samsung-case,2,dom-inspection,Galaxy S25 Plus,https://txparts.com/shop/galaxy-s25-plus-2,8,0,8,3,dom-inspection,,https://txparts.com/shop/galaxy-s25-plus-2,False,False,2026-09-07T04:48:31+00:00,,,,,
TXParts,https://txparts.com/,Cases,https://txparts.com/shop/apple-case,10,dom-inspection,Samsung Case,https://txparts.com/shop/samsung-case,2,dom-inspection,Galaxy S25,https://txparts.com/shop/galaxy-s25-2,9,0,9,3,dom-inspection,,https://txparts.com/shop/galaxy-s25-2,False,False,2026-09-07T04:48:31+00:00,,,,,
TXParts,https://txparts.com/,Cases,https://txparts.com/shop/apple-case,10,dom-inspection,Samsung Case,https://txparts.com/shop/samsung-case,2,dom-inspection,Galaxy S24 Ultra,https://txparts.com/shop/galaxy-s24-ultra-2,10,0,10,3,dom-inspection,,https://txparts.com/shop/galaxy-s24-ultra-2,False,False,2026-09-07T04:48:31+00:00,,,,,
TXParts,https://txparts.com/,Cases,https://txparts.com/shop/apple-case,10,dom-inspection,Samsung Case,https://txparts.com/shop/samsung-case,2,dom-inspection,Galaxy S24 FE,https://txparts.com/shop/galaxy-s24-fe-2,11,0,11,3,dom-inspection,,https://txparts.com/shop/galaxy-s24-fe-2,False,False,2026-09-07T04:48:31+00:00,,,,,
TXParts,https://txparts.com/,Cases,https://txparts.com/shop/apple-case,10,dom-inspection,Samsung Case,https://txparts.com/shop/samsung-case,2,dom-inspection,Galaxy S24 Plus,https://txparts.com/shop/galaxy-s24-plus-2,12,0,12,3,dom-inspection,,https://txparts.com/shop/galaxy-s24-plus-2,False,False,2026-09-07T04:48:31+00:00,,,,,
TXParts,https://txparts.com/,Cases,https://txparts.com/shop/apple-case,10,dom-inspection,Samsung Case,https://txparts.com/shop/samsung-case,2,dom-inspection,Galaxy S24,https://txparts.com/shop/galaxy-s24-2,13,0,13,3,dom-inspection,,https://txparts.com/shop/galaxy-s24-2,False,False,2026-09-07T04:48:31+00:00,,,,,
TXParts,https://txparts.com/,Cases,https://txparts.com/shop/apple-case,10,dom-inspection,Samsung Case,https://txparts.com/shop/samsung-case,2,dom-inspection,Galaxy S23 FE,https://txparts.com/shop/galaxy-s23-fe-2,14,0,14,3,dom-inspection,,https://txparts.com/shop/galaxy-s23-fe-2,False,False,2026-09-07T04:48:31+00:00,,,,,
TXParts,https://txparts.com/,Cases,https://txparts.com/shop/apple-case,10,dom-inspection,Samsung Case,https://txparts.com/shop/samsung-case,2,dom-inspection,Galaxy S23 Ultra,https://txparts.com/shop/galaxy-s23-ultra-2,15,0,15,3,dom-inspection,,https://txparts.com/shop/galaxy-s23-ultra-2,False,False,2026-09-07T04:48:31+00:00,,,,,
TXParts,https://txparts.com/,Cases,https://txparts.com/shop/apple-case,10,dom-inspection,Samsung Case,https://txparts.com/shop/samsung-case,2,dom-inspection,Galaxy S23 Plus,https://txparts.com/shop/galaxy-s23-plus-2,16,0,16,3,dom-inspection,,https://txparts.com/shop/galaxy-s23-plus-2,False,False,2026-09-07T04:48:31+00:00,,,,,
TXParts,https://txparts.com/,Cases,https://txparts.com/shop/apple-case,10,dom-inspection,Samsung Case,https://txparts.com/shop/samsung-case,2,dom-inspection,Galaxy S23,https://txparts.com/shop/galaxy-s23-2,17,0,17,3,dom-inspection,,https://txparts.com/shop/galaxy-s23-2,False,False,2026-09-07T04:48:31+00:00,,,,,
TXParts,https://txparts.com/,Cases,https://txparts.com/shop/apple-case,10,dom-inspection,Samsung Case,https://txparts.com/shop/samsung-case,2,dom-inspection,Galaxy S22 Plus,https://txparts.com/shop/galaxy-s22-plus-2,18,0,18,3,dom-inspection,,https://txparts.com/shop/galaxy-s22-plus-2,False,False,2026-09-07T04:48:31+00:00,,,,,
TXParts,https://txparts.com/,Cases,https://txparts.com/shop/apple-case,10,dom-inspection,Samsung Case,https://txparts.com/shop/samsung-case,2,dom-inspection,Galaxy S22 Ultra,https://txparts.com/shop/galaxy-s22-ultra-2,19,0,19,3,dom-inspection,,https://txparts.com/shop/galaxy-s22-ultra-2,False,False,2026-09-07T04:48:31+00:00,,,,,
TXParts,https://txparts.com/,Cases,https://txparts.com/shop/apple-case,10,dom-inspection,Samsung Case,https://txparts.com/shop/samsung-case,2,dom-inspection,Galaxy S22,https://txparts.com/shop/galaxy-s22-1,20,0,20,3,dom-inspection,,https://txparts.com/shop/galaxy-s22-1,False,False,2026-09-07T04:48:31+00:00,,,,,
TXParts,https://txparts.com/,Cases,https://txparts.com/shop/apple-case,10,dom-inspection,Samsung Case,https://txparts.com/shop/samsung-case,2,dom-inspection,Galaxy S21 FE,https://txparts.com/shop/galaxy-s21-fe-2,21,0,21,3,dom-inspection,,https://txparts.com/shop/galaxy-s21-fe-2,False,False,2026-09-07T04:48:31+00:00,,,,,
TXParts,https://txparts.com/,Cases,https://txparts.com/shop/apple-case,10,dom-inspection,Samsung Case,https://txparts.com/shop/samsung-case,2,dom-inspection,Galaxy S21 Ultra,https://txparts.com/shop/galaxy-s21-ultra-2,22,0,22,3,dom-inspection,,https://txparts.com/shop/galaxy-s21-ultra-2,False,False,2026-09-07T04:48:31+00:00,,,,,
TXParts,https://txparts.com/,Cases,https://txparts.com/shop/apple-case,10,dom-inspection,Samsung Case,https://txparts.com/shop/samsung-case,2,dom-inspection,Galaxy S21 Plus,https://txparts.com/shop/galaxy-s21-plus-2,23,0,23,3,dom-inspection,,https://txparts.com/shop/galaxy-s21-plus-2,False,False,2026-09-07T04:48:31+00:00,,,,,
TXParts,https://txparts.com/,Cases,https://txparts.com/shop/apple-case,10,dom-inspection,Samsung Case,https://txparts.com/shop/samsung-case,2,dom-inspection,Galaxy S21,https://txparts.com/shop/galaxy-s21-2,24,0,24,3,dom-inspection,,https://txparts.com/shop/galaxy-s21-2,False,False,2026-09-07T04:48:31+00:00,,,,,
