website,website_url,parent_name,parent_url,parent_display_order,parent_open_method,sub_child_name,sub_child_url,sub_child_display_order,sub_child_activation_method,child_name,child_url,child_display_order,column_number,row_number,hierarchy_level,discovery_method,source_selector,normalized_url,url_missing,is_duplicate,scraped_at,http_status,final_url,redirect_url,response_error,validation_timestamp,duplicate_type
MobileSentrix Canada,https://www.mobilesentrix.ca/,Apple,,1,click,Genuine Apple Parts,,1,dom-inspection,iPhone Air,https://www.mobilesentrix.ca/replacement-parts/apple/genuine-apple-parts/iphones/iphone-air,1,1,1,3,dom-inspection,ul.level0.slayouts-menu > li > ul.sview-inul > li.sview-row > ul > li > a.nlabel-f,https://www.mobilesentrix.ca/replacement-parts/apple/genuine-apple-parts/iphones/iphone-air,False,False,2026-09-07T04:46:44+00:00,,,,,,same_name_different_url
MobileSentrix Canada,https://www.mobilesentrix.ca/,Apple,,1,click,Genuine Apple Parts,,1,dom-inspection,iPhone 17e,https://www.mobilesentrix.ca/replacement-parts/apple/genuine-apple-parts/iphones/iphone-17e,2,1,2,3,dom-inspection,ul.level0.slayouts-menu > li > ul.sview-inul > li.sview-row > ul > li > a.nlabel-f,https://www.mobilesentrix.ca/replacement-parts/apple/genuine-apple-parts/iphones/iphone-17e,False,False,2026-09-07T04:46:44+00:00,,,,,,same_name_different_url
MobileSentrix Canada,https://www.mobilesentrix.ca/,Apple,,1,click,Genuine Apple Parts,,1,dom-inspection,iPhone 17 Pro Max,https://www.mobilesentrix.ca/replacement-parts/apple/genuine-apple-parts/iphones/iphone-17-pro-max,3,1,3,3,dom-inspection,ul.level0.slayouts-menu > li > ul.sview-inul > li.sview-row > ul > li > a.nlabel-f,https://www.mobilesentrix.ca/replacement-parts/apple/genuine-apple-parts/iphones/iphone-17-pro-max,False,False,2026-09-07T04:46:44+00:00,,,,,,same_name_different_url
MobileSentrix Canada,https://www.mobilesentrix.ca/,Apple,,1,click,Genuine Apple Parts,,1,dom-inspection,iPhone 17 Pro,https://www.mobilesentrix.ca/replacement-parts/apple/genuine-apple-parts/iphones/iphone-17-pro,4,1,4,3,dom-inspection,ul.level0.slayouts-menu > li > ul.sview-inul > li.sview-row > ul > li > a.nlabel-f,https://www.mobilesentrix.ca/replacement-parts/apple/genuine-apple-parts/iphones/iphone-17-pro,False,False,2026-09-07T04:46:44+00:00,,,,,,same_name_different_url
MobileSentrix Canada,https://www.mobilesentrix.ca/,Apple,,1,click,Genuine Apple Parts,,1,dom-inspection,iPhone 17,https://www.mobilesentrix.ca/replacement-parts/apple/genuine-apple-parts/iphones/iphone-17,5,1,5,3,dom-inspection,ul.level0.slayouts-menu > li > ul.sview-inul > li.sview-row > ul > li > a.nlabel-f,https://www.mobilesentrix.ca/replacement-parts/apple/genuine-apple-parts/iphones/iphone-17,False,False,2026-09-07T04:46:44+00:00,,,,,,same_name_different_url
MobileSentrix Canada,https://www.mobilesentrix.ca/,Apple,,1,click,Genuine Apple Parts,,1,dom-inspection,iPhone 16e,https://www.mobilesentrix.ca/replacement-parts/apple/genuine-apple-parts/iphones/iphone-16e,6,1,6,3,dom-inspection,ul.level0.slayouts-menu > li > ul.sview-inul > li.sview-row > ul > li > a,https://www.mobilesentrix.ca/replacement-parts/apple/genuine-apple-parts/iphones/iphone-16e,False,False,2026-09-07T04:46:44+00:00,,,,,,same_name_different_url
MobileSentrix Canada,https://www.mobilesentrix.ca/,Apple,,1,click,Genuine Apple Parts,,1,dom-inspection,iPhone 16 Pro Max,https://www.mobilesentrix.ca/replacement-parts/apple/genuine-apple-parts/iphones/iphone-16-pro-max,7,1,7,3,dom-inspection,ul.level0.slayouts-menu > li > ul.sview-inul > li.sview-row > ul > li > a,https://www.mobilesentrix.ca/replacement-parts/apple/genuine-apple-parts/iphones/iphone-16-pro-max,False,False,2026-09-07T04:46:44+00:00,,,,,,same_name_different_url
MobileSentrix Canada,https://www.mobilesentrix.ca/,Apple,,1,click,Genuine Apple Parts,,1,dom-inspection,iPhone 16 Pro,https://www.mobilesentrix.ca/replacement-parts/apple/genuine-apple-parts/iphones/iphone-16-pro,8,1,8,3,dom-inspection,ul.level0.slayouts-menu > li > ul.sview-inul > li.sview-row > ul > li > a,https://www.mobilesentrix.ca/replacement-parts/apple/genuine-apple-parts/iphones/iphone-16-pro,False,False,2026-09-07T04:46:44+00:00,,,,,,same_name_different_url
MobileSentrix Canada,https://www.mobilesentrix.ca/,Apple,,1,click,Genuine Apple Parts,,1,dom-inspection,iPhone 16 Plus,https://www.mobilesentrix.ca/replacement-parts/apple/genuine-apple-parts/iphones/iphone-16-plus,9,1,9,3,dom-inspection,ul.level0.slayouts-menu > li > ul.sview-inul > li.sview-row > ul > li > a,https://www.mobilesentrix.ca/replacement-parts/apple/genuine-apple-parts/iphones/iphone-16-plus,False,False,2026-09-07T04:46:44+00:00,,,,,,same_name_different_url
MobileSentrix Canada,https://www.mobilesentrix.ca/,Apple,,1,click,Genuine Apple Parts,,1,dom-inspection,iPhone 16,https://www.mobilesentrix.ca/replacement-parts/apple/genuine-apple-parts/iphones/iphone-16,10,1,10,3,dom-inspection,ul.level0.slayouts-menu > li > ul.sview-inul > li.sview-row > ul > li > a,https://www.mobilesentrix.ca/replacement-parts/apple/genuine-apple-parts/iphones/iphone-16,False,False,2026-09-07T04:46:44+00:00,,,,,,same_name_different_url
MobileSentrix Canada,https://www.mobilesentrix.ca/,Apple,,1,click,Genuine Apple Parts,,1,dom-inspection,iPhone 15 Pro Max,https://www.mobilesentrix.ca/replacement-parts/apple/genuine-apple-parts/iphones/iphone-15-pro-max,11,1,11,3,dom-inspection,ul.level0.slayouts-menu > li > ul.sview-inul > li.sview-row > ul > li > a,https://www.mobilesentrix.ca/replacement-parts/apple/genuine-apple-parts/iphones/iphone-15-pro-max,False,False,2026-09-07T04:46:44+00:00,,,,,,same_name_different_url
MobileSentrix Canada,https://www.mobilesentrix.ca/,Apple,,1,click,Genuine Apple Parts,,1,dom-inspection,iPhone 15 Pro,https://www.mobilesentrix.ca/replacement-parts/apple/genuine-apple-parts/iphones/iphone-15-pro,12,1,12,3,dom-inspection,ul.level0.slayouts-menu > li > ul.sview-inul > li.sview-row > ul > li > a,https://www.mobilesentrix.ca/replacement-parts/apple/genuine-apple-parts/iphones/iphone-15-pro,False,False,2026-09-07T04:46:44+00:00,,,,,,same_name_different_url
MobileSentrix Canada,https://www.mobilesentrix.ca/,Apple,,1,click,Genuine Apple Parts,,1,dom-inspection,iPhone 15 Plus,https://www.mobilesentrix.ca/replacement-parts/apple/genuine-apple-parts/iphones/iphone-15-plus,13,1,13,3,dom-inspection,ul.level0.slayouts-menu > li > ul.sview-inul > li.sview-row > ul > li > a,https://www.mobilesentrix.ca/replacement-parts/apple/genuine-apple-parts/iphones/iphone-15-plus,False,False,2026-09-07T04:46:44+00:00,,,,,,same_name_different_url
MobileSentrix Canada,https://www.mobilesentrix.ca/,Apple,,1,click,Genuine Apple Parts,,1,dom-inspection,iPhone 15,https://www.mobilesentrix.ca/replacement-parts/apple/genuine-apple-parts/iphones/iphone-15,14,1,14,3,dom-inspection,ul.level0.slayouts-menu > li > ul.sview-inul > li.sview-row > ul > li > a,https://www.mobilesentrix.ca/replacement-parts/apple/genuine-apple-parts/iphones/iphone-15,False,False,2026-09-07T04:46:44+00:00,,,,,,same_name_different_url
MobileSentrix Canada,https://www.mobilesentrix.ca/,Apple,,1,click,Genuine Apple Parts,,1,dom-inspection,iPhone 14 Pro Max,https://www.mobilesentrix.ca/replacement-parts/apple/genuine-apple-parts/iphones/iphone-14-pro-max,15,1,15,3,dom-inspection,ul.level0.slayouts-menu > li > ul.sview-inul > li.sview-row > ul > li > a,https://www.mobilesentrix.ca/replacement-parts/apple/genuine-apple-parts/iphones/iphone-14-pro-max,False,False,2026-09-07T04:46:44+00:00,,,,,,same_name_different_url
MobileSentrix Canada,https://www.mobilesentrix.ca/,Apple,,1,click,Genuine Apple Parts,,1,dom-inspection,iPhone 14 Pro,https://www.mobilesentrix.ca/replacement-parts/apple/genuine-apple-parts/iphones/iphone-14-pro,16,1,16,3,dom-inspection,ul.level0.slayouts-menu > li > ul.sview-inul > li.sview-row > ul > li > a,https://www.mobilesentrix.ca/replacement-parts/apple/genuine-apple-parts/iphones/iphone-14-pro,False,False,2026-09-07T04:46:44+00:00,,,,,,same_name_different_url
MobileSentrix Canada,https://www.mobilesentrix.ca/,Apple,,1,click,Genuine Apple Parts,,1,dom-inspection,iPhone 14 Plus,https://www.mobilesentrix.ca/replacement-parts/apple/genuine-apple-parts/iphones/iphone-14-plus,17,1,17,3,dom-inspection,ul.level0.slayouts-menu > li > ul.sview-inul > li.sview-row > ul > li > a,https://www.mobilesentrix.ca/replacement-parts/apple/genuine-apple-parts/iphones/iphone-14-plus,False,False,2026-09-07T04:46:44+00:00,,,,,,same_name_different_url
MobileSentrix Canada,https://www.mobilesentrix.ca/,Apple,,1,click,Genuine Apple Parts,,1,dom-inspection,iPhone 14,https://www.mobilesentrix.ca/replacement-parts/apple/genuine-apple-parts/iphones/iphone-14,18,1,18,3,dom-inspection,ul.level0.slayouts-menu > li > ul.sview-inul > li.sview-row > ul > li > a,https://www.mobilesentrix.ca/replacement-parts/apple/genuine-apple-parts/iphones/iphone-14,False,False,2026-09-07T04:46:44+00:00,,,,,,same_name_different_url
MobileSentrix Canada,https://www.mobilesentrix.ca/,Apple,,1,click,Genuine Apple Parts,,1,dom-inspection,iPhone 13 Pro Max,https://www.mobilesentrix.ca/replacement-parts/apple/genuine-apple-parts/iphones/iphone-13-pro-max,19,1,19,3,dom-inspection,ul.level0.slayouts-menu > li > ul.sview-inul > li.sview-row > ul > li > a,https://www.mobilesentrix.ca/replacement-parts/apple/genuine-apple-parts/iphones/iphone-13-pro-max,False,False,2026-09-07T04:46:44+00:00,,,,,,same_name_different_url
MobileSentrix Canada,https://www.mobilesentrix.ca/,Apple,,1,click,Genuine Apple Parts,,1,dom-inspection,iPhone 13 Pro,https://www.mobilesentrix.ca/replacement-parts/apple/genuine-apple-parts/iphones/iphone-13-pro,20,1,20,3,dom-inspection,ul.level0.slayouts-menu > li > ul.sview-inul > li.sview-row > ul > li > a,https://www.mobilesentrix.ca/replacement-parts/apple/genuine-apple-parts/iphones/iphone-13-pro,False,False,2026-09-07T04:46:44+00:00,,,,,,same_name_different_url
MobileSentrix Canada,https://www.mobilesentrix.ca/,Apple,,1,click,Genuine Apple Parts,,1,dom-inspection,iPhone 13,https://www.mobilesentrix.ca/replacement-parts/apple/genuine-apple-parts/iphones/iphone-13,21,1,21,3,dom-inspection,ul.level0.slayouts-menu > li > ul.sview-inul > li.sview-row > ul > li > a,https://www.mobilesentrix.ca/replacement-parts/apple/genuine-apple-parts/iphones/iphone-13,False,False,2026-09-07T04:46:44+00:00,,,,,,same_name_different_url
MobileSentrix Canada,https://www.mobilesentrix.ca/,Apple,,1,click,Genuine Apple Parts,,1,dom-inspection,iPhone 13 Mini,https://www.mobilesentrix.ca/replacement-parts/apple/genuine-apple-parts/iphones/iphone-13-mini,22,1,22,3,dom-inspection,ul.level0.slayouts-menu > li > ul.sview-inul > li.sview-row > ul > li > a,https://www.mobilesentrix.ca/replacement-parts/apple/genuine-apple-parts/iphones/iphone-13-mini,False,False,2026-09-07T04:46:44+00:00,,,,,,same_name_different_url
MobileSentrix Canada,https://www.mobilesentrix.ca/,Apple,,1,click,Genuine Apple Parts,,1,dom-inspection,iPhone 12 Pro Max,https://www.mobilesentrix.ca/replacement-parts/apple/genuine-apple-parts/iphones/iphone-12-pro-max,23,1,23,3,dom-inspection,ul.level0.slayouts-menu > li > ul.sview-inul > li.sview-row > ul > li > a,https://www.mobilesentrix.ca/replacement-parts/apple/genuine-apple-parts/iphones/iphone-12-pro-max,False,False,2026-09-07T04:46:44+00:00,,,,,,same_name_different_url
MobileSentrix Canada,https://www.mobilesentrix.ca/,Apple,,1,click,Genuine Apple Parts,,1,dom-inspection,iPhone 12 Pro,https://www.mobilesentrix.ca/replacement-parts/apple/genuine-apple-parts/iphones/iphone-12-pro,24,1,24,3,dom-inspection,ul.level0.slayouts-menu > li > ul.sview-inul > li.sview-row > ul > li > a,https://www.mobilesentrix.ca/replacement-parts/apple/genuine-apple-parts/iphones/iphone-12-pro,False,False,2026-09-07T04:46:44+00:00,,,,,,same_name_different_url
MobileSentrix Canada,https://www.mobilesentrix.ca/,Apple,,1,click,Genuine Apple Parts,,1,dom-inspection,iPhone 12,https://www.mobilesentrix.ca/replacement-parts/apple/genuine-apple-parts/iphones/iphone-12,25,1,25,3,dom-inspection,ul.level0.slayouts-menu > li > ul.sview-inul > li.sview-row > ul > li > a,https://www.mobilesentrix.ca/replacement-parts/apple/genuine-apple-parts/iphones/iphone-12,False,False,2026-09-07T04:46:44+00:00,,,,,,same_name_different_url
MobileSentrix Canada,https://www.mobilesentrix.ca/,Apple,,1,click,Genuine Apple Parts,,1,dom-inspection,iPhone 12 Mini,https://www.mobilesentrix.ca/replacement-parts/apple/genuine-apple-parts/iphones/iphone-12-mini,26,1,26,3,dom-inspection,ul.level0.slayouts-menu > li > ul.sview-inul > li.sview-row > ul > li > a,https://www.mobilesentrix.ca/replacement-parts/apple/genuine-apple-parts/iphones/iphone-12-mini,False,False,2026-09-07T04:46:44+00:00,,,,,,same_name_different_url
MobileSentrix Canada,https://www.mobilesentrix.ca/,Apple,,1,click,Genuine Apple Parts,,1,dom-inspection,iPad 11 (2025),https://www.mobilesentrix.ca/replacement-parts/apple/genuine-apple-parts/ipad/ipad-air/ipad/ipad-11-2025,27,1,27,3,dom-inspection,ul.sview-inul > li.sview-full > ul > li.sview-row > ul > li > a.nlabel-f,https://www.mobilesentrix.ca/replacement-parts/apple/genuine-apple-parts/ipad/ipad-air/ipad/ipad-11-2025,False,False,2026-09-07T04:46:44+00:00,,,,,,same_name_different_url
MobileSentrix Canada,https://www.mobilesentrix.ca/,Apple,,1,click,Genuine Apple Parts,,1,dom-inspection,"iPad Air 13"" (2026)",https://www.mobilesentrix.ca/replacement-parts/apple/genuine-apple-parts/ipad-air/ipad-air-13-2026,28,1,28,3,dom-inspection,ul.sview-inul > li.sview-full > ul > li.sview-row > ul > li > a.nlabel-f,https://www.mobilesentrix.ca/replacement-parts/apple/genuine-apple-parts/ipad-air/ipad-air-13-2026,False,False,2026-09-07T04:46:44+00:00,,,,,,same_name_different_url
MobileSentrix Canada,https://www.mobilesentrix.ca/,Apple,,1,click,Genuine Apple Parts,,1,dom-inspection,"iPad Air 11"" (2026)",https://www.mobilesentrix.ca/replacement-parts/apple/genuine-apple-parts/ipad-air/ipad-air-11-2026,29,1,29,3,dom-inspection,ul.sview-inul > li.sview-full > ul > li.sview-row > ul > li > a.nlabel-f,https://www.mobilesentrix.ca/replacement-parts/apple/genuine-apple-parts/ipad-air/ipad-air-11-2026,False,False,2026-09-07T04:46:44+00:00,,,,,,same_name_different_url
MobileSentrix Canada,https://www.mobilesentrix.ca/,Apple,,1,click,Genuine Apple Parts,,1,dom-inspection,"iPad Pro 13"" 8th Gen (2025)",https://www.mobilesentrix.ca/replacement-parts/apple/genuine-apple-parts/ipad-pro/ipad-pro-13-8th-gen-2025,34,1,34,3,dom-inspection,ul.sview-inul > li.sview-full > ul > li.sview-row > ul > li > a,https://www.mobilesentrix.ca/replacement-parts/apple/genuine-apple-parts/ipad-pro/ipad-pro-13-8th-gen-2025,False,False,2026-09-07T04:46:44+00:00,,,,,,same_name_different_url
MobileSentrix Canada,https://www.mobilesentrix.ca/,Apple,,1,click,Genuine Apple Parts,,1,dom-inspection,"iPad Pro 11"" 6th Gen (2025)",https://www.mobilesentrix.ca/replacement-parts/apple/genuine-apple-parts/ipad-pro/ipad-pro-11-8th-gen-2025,35,1,35,3,dom-inspection,ul.sview-inul > li.sview-full > ul > li.sview-row > ul > li > a,https://www.mobilesentrix.ca/replacement-parts/apple/genuine-apple-parts/ipad-pro/ipad-pro-11-8th-gen-2025,False,False,2026-09-07T04:46:44+00:00,,,,,,same_name_different_url
MobileSentrix Canada,https://www.mobilesentrix.ca/,Apple,,1,click,Genuine Apple Parts,,1,dom-inspection,iPad Mini 7 (2024),https://www.mobilesentrix.ca/replacement-parts/apple/genuine-apple-parts/ipad-mini/ipad-mini-7-2025,38,1,38,3,dom-inspection,ul.sview-inul > li.sview-full > ul > li.sview-row > ul > li > a.nlabel-f,https://www.mobilesentrix.ca/replacement-parts/apple/genuine-apple-parts/ipad-mini/ipad-mini-7-2025,False,False,2026-09-07T04:46:44+00:00,,,,,,same_name_different_url
MobileSentrix Canada,https://www.mobilesentrix.ca/,Apple,,1,click,Genuine Apple Parts,,1,dom-inspection,Pro 14” (2024),https://www.mobilesentrix.ca/replacement-parts/apple/genuine-apple-parts/genuine-macbook-replacement-parts/macbook-pro/pro-14-a3185-2024-2025,52,1,52,3,dom-inspection,ul.sview-inul > li.sview-full > ul > li.sview-row > ul > li > a,https://www.mobilesentrix.ca/replacement-parts/apple/genuine-apple-parts/genuine-macbook-replacement-parts/macbook-pro/pro-14-a3185-2024-2025,False,False,2026-09-07T04:46:44+00:00,,,,,,same_name_different_url
MobileSentrix Canada,https://www.mobilesentrix.ca/,Apple,,1,click,Genuine Apple Parts,,1,dom-inspection,Pro 14” (2024),https://www.mobilesentrix.ca/replacement-parts/apple/genuine-apple-parts/genuine-macbook-replacement-parts/macbook-pro/pro-14-a3112-2024-2025,53,1,53,3,dom-inspection,ul.sview-inul > li.sview-full > ul > li.sview-row > ul > li > a,https://www.mobilesentrix.ca/replacement-parts/apple/genuine-apple-parts/genuine-macbook-replacement-parts/macbook-pro/pro-14-a3112-2024-2025,False,False,2026-09-07T04:46:44+00:00,,,,,,same_name_different_url
MobileSentrix Canada,https://www.mobilesentrix.ca/,Apple,,1,click,Genuine Apple Parts,,1,dom-inspection,Pro 16” (2023),https://www.mobilesentrix.ca/replacement-parts/apple/genuine-apple-parts/genuine-macbook-replacement-parts/macbook-pro/pro-16-a2991-2023-2024,54,1,54,3,dom-inspection,ul.sview-inul > li.sview-full > ul > li.sview-row > ul > li > a,https://www.mobilesentrix.ca/replacement-parts/apple/genuine-apple-parts/genuine-macbook-replacement-parts/macbook-pro/pro-16-a2991-2023-2024,False,False,2026-09-07T04:46:44+00:00,,,,,,same_name_different_url
MobileSentrix Canada,https://www.mobilesentrix.ca/,Apple,,1,click,Genuine Apple Parts,,1,dom-inspection,Pro 14” (2023),https://www.mobilesentrix.ca/replacement-parts/apple/genuine-apple-parts/genuine-macbook-replacement-parts/macbook-pro/pro-14-a2779-2023-2024,55,1,55,3,dom-inspection,ul.sview-inul > li.sview-full > ul > li.sview-row > ul > li > a,https://www.mobilesentrix.ca/replacement-parts/apple/genuine-apple-parts/genuine-macbook-replacement-parts/macbook-pro/pro-14-a2779-2023-2024,False,False,2026-09-07T04:46:44+00:00,,,,,,same_name_different_url
MobileSentrix Canada,https://www.mobilesentrix.ca/,Apple,,1,click,Genuine Apple Parts,,1,dom-inspection,Pro 16” (2023),https://www.mobilesentrix.ca/replacement-parts/apple/genuine-apple-parts/genuine-macbook-replacement-parts/macbook-pro/pro-16-a2780-2023-2024,56,1,56,3,dom-inspection,ul.sview-inul > li.sview-full > ul > li.sview-row > ul > li > a,https://www.mobilesentrix.ca/replacement-parts/apple/genuine-apple-parts/genuine-macbook-replacement-parts/macbook-pro/pro-16-a2780-2023-2024,False,False,2026-09-07T04:46:44+00:00,,,,,,same_name_different_url
MobileSentrix Canada,https://www.mobilesentrix.ca/,Apple,,1,click,Genuine Apple Parts,,1,dom-inspection,Pro 14” (2023),https://www.mobilesentrix.ca/replacement-parts/apple/genuine-apple-parts/genuine-macbook-replacement-parts/macbook-pro/pro-14-a2992-2023-2024,58,1,58,3,dom-inspection,ul.sview-inul > li.sview-full > ul > li.sview-row > ul > li > a,https://www.mobilesentrix.ca/replacement-parts/apple/genuine-apple-parts/genuine-macbook-replacement-parts/macbook-pro/pro-14-a2992-2023-2024,False,False,2026-09-07T04:46:44+00:00,,,,,,same_name_different_url
MobileSentrix Canada,https://www.mobilesentrix.ca/,Apple,,1,click,Genuine Apple Parts,,1,dom-inspection,Pro 14” (2023),https://www.mobilesentrix.ca/replacement-parts/apple/genuine-apple-parts/genuine-macbook-replacement-parts/macbook-pro/macbook-pro-14-a2918-2023-m3,59,1,59,3,dom-inspection,ul.sview-inul > li.sview-full > ul > li.sview-row > ul > li > a,https://www.mobilesentrix.ca/replacement-parts/apple/genuine-apple-parts/genuine-macbook-replacement-parts/macbook-pro/macbook-pro-14-a2918-2023-m3,False,False,2026-09-07T04:46:44+00:00,,,,,,same_name_different_url
MobileSentrix Canada,https://www.mobilesentrix.ca/,Apple,,1,click,Genuine Apple Parts,,1,dom-inspection,MacBook Neo (2026),https://www.mobilesentrix.ca/replacement-parts/apple/genuine-apple-parts/genuine-macbook-replacement-parts/macbook-neo/macbook-neo-2026,79,1,79,3,dom-inspection,ul.sview-inul > li.sview-full > ul > li.sview-row > ul > li > a.nlabel-f,https://www.mobilesentrix.ca/replacement-parts/apple/genuine-apple-parts/genuine-macbook-replacement-parts/macbook-neo/macbook-neo-2026,False,False,2026-09-07T04:46:44+00:00,,,,,,same_name_different_url
MobileSentrix Canada,https://www.mobilesentrix.ca/,Apple,,1,click,iPhone,,2,dom-inspection,iPhone Air,https://www.mobilesentrix.ca/replacement-parts/apple/iphone-parts/iphone-17-air,2,1,2,3,dom-inspection,ul.level0.slayouts-menu > li > ul.sview-inul > li.sview-row > ul > li > a.nlabel-f,https://www.mobilesentrix.ca/replacement-parts/apple/iphone-parts/iphone-17-air,False,False,2026-09-07T04:46:44+00:00,,,,,,same_name_different_url
MobileSentrix Canada,https://www.mobilesentrix.ca/,Apple,,1,click,iPhone,,2,dom-inspection,iPhone 17e,https://www.mobilesentrix.ca/replacement-parts/apple/iphone-parts/iphone-17e,3,1,3,3,dom-inspection,ul.level0.slayouts-menu > li > ul.sview-inul > li.sview-row > ul > li > a.nlabel-f,https://www.mobilesentrix.ca/replacement-parts/apple/iphone-parts/iphone-17e,False,False,2026-09-07T04:46:44+00:00,,,,,,same_name_different_url
MobileSentrix Canada,https://www.mobilesentrix.ca/,Apple,,1,click,iPhone,,2,dom-inspection,iPhone 17 Pro Max,https://www.mobilesentrix.ca/replacement-parts/apple/iphone-parts/iphone-17-pro-max,4,1,4,3,dom-inspection,ul.level0.slayouts-menu > li > ul.sview-inul > li.sview-row > ul > li > a.nlabel-f,https://www.mobilesentrix.ca/replacement-parts/apple/iphone-parts/iphone-17-pro-max,False,False,2026-09-07T04:46:44+00:00,,,,,,same_name_different_url
MobileSentrix Canada,https://www.mobilesentrix.ca/,Apple,,1,click,iPhone,,2,dom-inspection,iPhone 17 Pro,https://www.mobilesentrix.ca/replacement-parts/apple/iphone-parts/iphone-17-pro,5,1,5,3,dom-inspection,ul.level0.slayouts-menu > li > ul.sview-inul > li.sview-row > ul > li > a.nlabel-f,https://www.mobilesentrix.ca/replacement-parts/apple/iphone-parts/iphone-17-pro,False,False,2026-09-07T04:46:44+00:00,,,,,,same_name_different_url
MobileSentrix Canada,https://www.mobilesentrix.ca/,Apple,,1,click,iPhone,,2,dom-inspection,iPhone 17,https://www.mobilesentrix.ca/replacement-parts/apple/iphone-parts/iphone-17,6,1,6,3,dom-inspection,ul.level0.slayouts-menu > li > ul.sview-inul > li.sview-row > ul > li > a.nlabel-f,https://www.mobilesentrix.ca/replacement-parts/apple/iphone-parts/iphone-17,False,False,2026-09-07T04:46:44+00:00,,,,,,same_name_different_url
MobileSentrix Canada,https://www.mobilesentrix.ca/,Apple,,1,click,iPhone,,2,dom-inspection,iPhone 16e,https://www.mobilesentrix.ca/replacement-parts/apple/iphone-parts/iphone-16-e,7,1,7,3,dom-inspection,ul.level0.slayouts-menu > li > ul.sview-inul > li.sview-row > ul > li > a,https://www.mobilesentrix.ca/replacement-parts/apple/iphone-parts/iphone-16-e,False,False,2026-09-07T04:46:44+00:00,,,,,,same_name_different_url
MobileSentrix Canada,https://www.mobilesentrix.ca/,Apple,,1,click,iPhone,,2,dom-inspection,iPhone 16 Pro Max,https://www.mobilesentrix.ca/replacement-parts/apple/iphone-parts/iphone-16-pro-max,8,1,8,3,dom-inspection,ul.level0.slayouts-menu > li > ul.sview-inul > li.sview-row > ul > li > a,https://www.mobilesentrix.ca/replacement-parts/apple/iphone-parts/iphone-16-pro-max,False,False,2026-09-07T04:46:44+00:00,,,,,,same_name_different_url
MobileSentrix Canada,https://www.mobilesentrix.ca/,Apple,,1,click,iPhone,,2,dom-inspection,iPhone 16 Pro,https://www.mobilesentrix.ca/replacement-parts/apple/iphone-parts/iphone-16-pro,9,1,9,3,dom-inspection,ul.level0.slayouts-menu > li > ul.sview-inul > li.sview-row > ul > li > a,https://www.mobilesentrix.ca/replacement-parts/apple/iphone-parts/iphone-16-pro,False,False,2026-09-07T04:46:44+00:00,,,,,,same_name_different_url
MobileSentrix Canada,https://www.mobilesentrix.ca/,Apple,,1,click,iPhone,,2,dom-inspection,iPhone 16 Plus,https://www.mobilesentrix.ca/replacement-parts/apple/iphone-parts/iphone-16-plus,10,1,10,3,dom-inspection,ul.level0.slayouts-menu > li > ul.sview-inul > li.sview-row > ul > li > a,https://www.mobilesentrix.ca/replacement-parts/apple/iphone-parts/iphone-16-plus,False,False,2026-09-07T04:46:44+00:00,,,,,,same_name_different_url
MobileSentrix Canada,https://www.mobilesentrix.ca/,Apple,,1,click,iPhone,,2,dom-inspection,iPhone 16,https://www.mobilesentrix.ca/replacement-parts/apple/iphone-parts/iphone-16,11,1,11,3,dom-inspection,ul.level0.slayouts-menu > li > ul.sview-inul > li.sview-row > ul > li > a,https://www.mobilesentrix.ca/replacement-parts/apple/iphone-parts/iphone-16,False,False,2026-09-07T04:46:44+00:00,,,,,,same_name_different_url
MobileSentrix Canada,https://www.mobilesentrix.ca/,Apple,,1,click,iPhone,,2,dom-inspection,iPhone 15 Pro Max,https://www.mobilesentrix.ca/replacement-parts/apple/iphone-parts/iphone-15-pro-max,12,1,12,3,dom-inspection,ul.level0.slayouts-menu > li > ul.sview-inul > li.sview-row > ul > li > a,https://www.mobilesentrix.ca/replacement-parts/apple/iphone-parts/iphone-15-pro-max,False,False,2026-09-07T04:46:44+00:00,,,,,,same_name_different_url
MobileSentrix Canada,https://www.mobilesentrix.ca/,Apple,,1,click,iPhone,,2,dom-inspection,iPhone 15 Pro,https://www.mobilesentrix.ca/replacement-parts/apple/iphone-parts/iphone-15-pro,13,1,13,3,dom-inspection,ul.level0.slayouts-menu > li > ul.sview-inul > li.sview-row > ul > li > a,https://www.mobilesentrix.ca/replacement-parts/apple/iphone-parts/iphone-15-pro,False,False,2026-09-07T04:46:44+00:00,,,,,,same_name_different_url
MobileSentrix Canada,https://www.mobilesentrix.ca/,Apple,,1,click,iPhone,,2,dom-inspection,iPhone 15 Plus,https://www.mobilesentrix.ca/replacement-parts/apple/iphone-parts/iphone-15-plus,14,1,14,3,dom-inspection,ul.level0.slayouts-menu > li > ul.sview-inul > li.sview-row > ul > li > a,https://www.mobilesentrix.ca/replacement-parts/apple/iphone-parts/iphone-15-plus,False,False,2026-09-07T04:46:44+00:00,,,,,,same_name_different_url
MobileSentrix Canada,https://www.mobilesentrix.ca/,Apple,,1,click,iPhone,,2,dom-inspection,iPhone 15,https://www.mobilesentrix.ca/replacement-parts/apple/iphone-parts/iphone-15,15,1,15,3,dom-inspection,ul.level0.slayouts-menu > li > ul.sview-inul > li.sview-row > ul > li > a,https://www.mobilesentrix.ca/replacement-parts/apple/iphone-parts/iphone-15,False,False,2026-09-07T04:46:44+00:00,,,,,,same_name_different_url
MobileSentrix Canada,https://www.mobilesentrix.ca/,Apple,,1,click,iPhone,,2,dom-inspection,iPhone 14 Pro Max,https://www.mobilesentrix.ca/replacement-parts/apple/iphone-parts/iphone-14-pro-max,16,1,16,3,dom-inspection,ul.level0.slayouts-menu > li > ul.sview-inul > li.sview-row > ul > li > a,https://www.mobilesentrix.ca/replacement-parts/apple/iphone-parts/iphone-14-pro-max,False,False,2026-09-07T04:46:44+00:00,,,,,,same_name_different_url
MobileSentrix Canada,https://www.mobilesentrix.ca/,Apple,,1,click,iPhone,,2,dom-inspection,iPhone 14 Pro,https://www.mobilesentrix.ca/replacement-parts/apple/iphone-parts/iphone-14-pro,17,1,17,3,dom-inspection,ul.level0.slayouts-menu > li > ul.sview-inul > li.sview-row > ul > li > a,https://www.mobilesentrix.ca/replacement-parts/apple/iphone-parts/iphone-14-pro,False,False,2026-09-07T04:46:44+00:00,,,,,,same_name_different_url
MobileSentrix Canada,https://www.mobilesentrix.ca/,Apple,,1,click,iPhone,,2,dom-inspection,iPhone 14 Plus,https://www.mobilesentrix.ca/replacement-parts/apple/iphone-parts/iphone-14-plus,18,1,18,3,dom-inspection,ul.level0.slayouts-menu > li > ul.sview-inul > li.sview-row > ul > li > a,https://www.mobilesentrix.ca/replacement-parts/apple/iphone-parts/iphone-14-plus,False,False,2026-09-07T04:46:44+00:00,,,,,,same_name_different_url
MobileSentrix Canada,https://www.mobilesentrix.ca/,Apple,,1,click,iPhone,,2,dom-inspection,iPhone 14,https://www.mobilesentrix.ca/replacement-parts/apple/iphone-parts/iphone-14,19,1,19,3,dom-inspection,ul.level0.slayouts-menu > li > ul.sview-inul > li.sview-row > ul > li > a,https://www.mobilesentrix.ca/replacement-parts/apple/iphone-parts/iphone-14,False,False,2026-09-07T04:46:44+00:00,,,,,,same_name_different_url
MobileSentrix Canada,https://www.mobilesentrix.ca/,Apple,,1,click,iPhone,,2,dom-inspection,iPhone 13 Pro Max,https://www.mobilesentrix.ca/replacement-parts/apple/iphone-parts/iphone-13-pro-max,20,1,20,3,dom-inspection,ul.level0.slayouts-menu > li > ul.sview-inul > li.sview-row > ul > li > a,https://www.mobilesentrix.ca/replacement-parts/apple/iphone-parts/iphone-13-pro-max,False,False,2026-09-07T04:46:44+00:00,,,,,,same_name_different_url
MobileSentrix Canada,https://www.mobilesentrix.ca/,Apple,,1,click,iPhone,,2,dom-inspection,iPhone 13 Pro,https://www.mobilesentrix.ca/replacement-parts/apple/iphone-parts/iphone-13-pro,21,1,21,3,dom-inspection,ul.level0.slayouts-menu > li > ul.sview-inul > li.sview-row > ul > li > a,https://www.mobilesentrix.ca/replacement-parts/apple/iphone-parts/iphone-13-pro,False,False,2026-09-07T04:46:44+00:00,,,,,,same_name_different_url
MobileSentrix Canada,https://www.mobilesentrix.ca/,Apple,,1,click,iPhone,,2,dom-inspection,iPhone 13,https://www.mobilesentrix.ca/replacement-parts/apple/iphone-parts/iphone-13,22,1,22,3,dom-inspection,ul.level0.slayouts-menu > li > ul.sview-inul > li.sview-row > ul > li > a,https://www.mobilesentrix.ca/replacement-parts/apple/iphone-parts/iphone-13,False,False,2026-09-07T04:46:44+00:00,,,,,,same_name_different_url
MobileSentrix Canada,https://www.mobilesentrix.ca/,Apple,,1,click,iPhone,,2,dom-inspection,iPhone 13 Mini,https://www.mobilesentrix.ca/replacement-parts/apple/iphone-parts/iphone-13-mini,23,1,23,3,dom-inspection,ul.level0.slayouts-menu > li > ul.sview-inul > li.sview-row > ul > li > a,https://www.mobilesentrix.ca/replacement-parts/apple/iphone-parts/iphone-13-mini,False,False,2026-09-07T04:46:44+00:00,,,,,,same_name_different_url
MobileSentrix Canada,https://www.mobilesentrix.ca/,Apple,,1,click,iPhone,,2,dom-inspection,iPhone SE (2022),https://www.mobilesentrix.ca/replacement-parts/apple/iphone-parts/iphone-se-2022,24,1,24,3,dom-inspection,ul.level0.slayouts-menu > li > ul.sview-inul > li.sview-row > ul > li > a,https://www.mobilesentrix.ca/replacement-parts/apple/iphone-parts/iphone-se-2022,False,False,2026-09-07T04:46:44+00:00,,,,,,same_name_different_url
MobileSentrix Canada,https://www.mobilesentrix.ca/,Apple,,1,click,iPhone,,2,dom-inspection,iPhone 12 Pro Max,https://www.mobilesentrix.ca/replacement-parts/apple/iphone-parts/iphone-12-pro-max,25,1,25,3,dom-inspection,ul.level0.slayouts-menu > li > ul.sview-inul > li.sview-row > ul > li > a,https://www.mobilesentrix.ca/replacement-parts/apple/iphone-parts/iphone-12-pro-max,False,False,2026-09-07T04:46:44+00:00,,,,,,same_name_different_url
MobileSentrix Canada,https://www.mobilesentrix.ca/,Apple,,1,click,iPhone,,2,dom-inspection,iPhone 12 Pro,https://www.mobilesentrix.ca/replacement-parts/apple/iphone-parts/iphone-12-pro,26,1,26,3,dom-inspection,ul.level0.slayouts-menu > li > ul.sview-inul > li.sview-row > ul > li > a,https://www.mobilesentrix.ca/replacement-parts/apple/iphone-parts/iphone-12-pro,False,False,2026-09-07T04:46:44+00:00,,,,,,same_name_different_url
MobileSentrix Canada,https://www.mobilesentrix.ca/,Apple,,1,click,iPhone,,2,dom-inspection,iPhone 12,https://www.mobilesentrix.ca/replacement-parts/apple/iphone-parts/iphone-12,27,1,27,3,dom-inspection,ul.level0.slayouts-menu > li > ul.sview-inul > li.sview-row > ul > li > a,https://www.mobilesentrix.ca/replacement-parts/apple/iphone-parts/iphone-12,False,False,2026-09-07T04:46:44+00:00,,,,,,same_name_different_url
MobileSentrix Canada,https://www.mobilesentrix.ca/,Apple,,1,click,iPhone,,2,dom-inspection,iPhone 12 Mini,https://www.mobilesentrix.ca/replacement-parts/apple/iphone-parts/iphone-12-mini,28,1,28,3,dom-inspection,ul.level0.slayouts-menu > li > ul.sview-inul > li.sview-row > ul > li > a,https://www.mobilesentrix.ca/replacement-parts/apple/iphone-parts/iphone-12-mini,False,False,2026-09-07T04:46:44+00:00,,,,,,same_name_different_url
MobileSentrix Canada,https://www.mobilesentrix.ca/,Apple,,1,click,iPhone,,2,dom-inspection,iPhone 11 Pro Max,https://www.mobilesentrix.ca/replacement-parts/apple/iphone-parts/iphone-11-pro-max,29,1,29,3,dom-inspection,ul.level0.slayouts-menu > li > ul.sview-inul > li.sview-row > ul > li > a,https://www.mobilesentrix.ca/replacement-parts/apple/iphone-parts/iphone-11-pro-max,False,False,2026-09-07T04:46:44+00:00,,,,,,same_name_different_url
MobileSentrix Canada,https://www.mobilesentrix.ca/,Apple,,1,click,iPhone,,2,dom-inspection,iPhone 11 Pro,https://www.mobilesentrix.ca/replacement-parts/apple/iphone-parts/iphone-11-pro,30,1,30,3,dom-inspection,ul.level0.slayouts-menu > li > ul.sview-inul > li.sview-row > ul > li > a,https://www.mobilesentrix.ca/replacement-parts/apple/iphone-parts/iphone-11-pro,False,False,2026-09-07T04:46:44+00:00,,,,,,same_name_different_url
MobileSentrix Canada,https://www.mobilesentrix.ca/,Apple,,1,click,iPhone,,2,dom-inspection,iPhone 11,https://www.mobilesentrix.ca/replacement-parts/apple/iphone-parts/iphone-11,31,1,31,3,dom-inspection,ul.level0.slayouts-menu > li > ul.sview-inul > li.sview-row > ul > li > a,https://www.mobilesentrix.ca/replacement-parts/apple/iphone-parts/iphone-11,False,False,2026-09-07T04:46:44+00:00,,,,,,same_name_different_url
MobileSentrix Canada,https://www.mobilesentrix.ca/,Apple,,1,click,iPhone,,2,dom-inspection,iPhone XS Max,https://www.mobilesentrix.ca/replacement-parts/apple/iphone-parts/iphone-xs-max,32,1,32,3,dom-inspection,ul.level0.slayouts-menu > li > ul.sview-inul > li.sview-row > ul > li > a,https://www.mobilesentrix.ca/replacement-parts/apple/iphone-parts/iphone-xs-max,False,False,2026-09-07T04:46:44+00:00,,,,,,same_name_different_url
MobileSentrix Canada,https://www.mobilesentrix.ca/,Apple,,1,click,iPhone,,2,dom-inspection,iPhone XS,https://www.mobilesentrix.ca/replacement-parts/apple/iphone-parts/iphone-xs,33,1,33,3,dom-inspection,ul.level0.slayouts-menu > li > ul.sview-inul > li.sview-row > ul > li > a,https://www.mobilesentrix.ca/replacement-parts/apple/iphone-parts/iphone-xs,False,False,2026-09-07T04:46:44+00:00,,,,,,same_name_different_url
MobileSentrix Canada,https://www.mobilesentrix.ca/,Apple,,1,click,iPhone,,2,dom-inspection,iPhone XR,https://www.mobilesentrix.ca/replacement-parts/apple/iphone-parts/iphone-xr,34,1,34,3,dom-inspection,ul.level0.slayouts-menu > li > ul.sview-inul > li.sview-row > ul > li > a,https://www.mobilesentrix.ca/replacement-parts/apple/iphone-parts/iphone-xr,False,False,2026-09-07T04:46:44+00:00,,,,,,same_name_different_url
MobileSentrix Canada,https://www.mobilesentrix.ca/,Apple,,1,click,iPhone,,2,dom-inspection,iPhone X,https://www.mobilesentrix.ca/replacement-parts/apple/iphone-parts/iphone-x,35,1,35,3,dom-inspection,ul.level0.slayouts-menu > li > ul.sview-inul > li.sview-row > ul > li > a,https://www.mobilesentrix.ca/replacement-parts/apple/iphone-parts/iphone-x,False,False,2026-09-07T04:46:44+00:00,,,,,,same_name_different_url
MobileSentrix Canada,https://www.mobilesentrix.ca/,Apple,,1,click,iPhone,,2,dom-inspection,iPhone SE (2020),https://www.mobilesentrix.ca/replacement-parts/apple/iphone-parts/iphone-se-2020,36,1,36,3,dom-inspection,ul.level0.slayouts-menu > li > ul.sview-inul > li.sview-row > ul > li > a,https://www.mobilesentrix.ca/replacement-parts/apple/iphone-parts/iphone-se-2020,False,False,2026-09-07T04:46:44+00:00,,,,,,same_name_different_url
MobileSentrix Canada,https://www.mobilesentrix.ca/,Apple,,1,click,iPhone,,2,dom-inspection,iPhone 8 Plus,https://www.mobilesentrix.ca/replacement-parts/apple/iphone-parts/iphone-8-plus,37,1,37,3,dom-inspection,ul.level0.slayouts-menu > li > ul.sview-inul > li.sview-row > ul > li > a,https://www.mobilesentrix.ca/replacement-parts/apple/iphone-parts/iphone-8-plus,False,False,2026-09-07T04:46:44+00:00,,,,,,same_name_different_url
MobileSentrix Canada,https://www.mobilesentrix.ca/,Apple,,1,click,iPhone,,2,dom-inspection,iPhone 8,https://www.mobilesentrix.ca/replacement-parts/apple/iphone-parts/iphone-8,38,1,38,3,dom-inspection,ul.level0.slayouts-menu > li > ul.sview-inul > li.sview-row > ul > li > a,https://www.mobilesentrix.ca/replacement-parts/apple/iphone-parts/iphone-8,False,False,2026-09-07T04:46:44+00:00,,,,,,same_name_different_url
MobileSentrix Canada,https://www.mobilesentrix.ca/,Apple,,1,click,iPhone,,2,dom-inspection,iPhone 7 Plus,https://www.mobilesentrix.ca/replacement-parts/apple/iphone-parts/iphone-7-plus,39,1,39,3,dom-inspection,ul.level0.slayouts-menu > li > ul.sview-inul > li.sview-row > ul > li > a,https://www.mobilesentrix.ca/replacement-parts/apple/iphone-parts/iphone-7-plus,False,False,2026-09-07T04:46:44+00:00,,,,,,same_name_different_url
MobileSentrix Canada,https://www.mobilesentrix.ca/,Apple,,1,click,iPhone,,2,dom-inspection,iPhone 7,https://www.mobilesentrix.ca/replacement-parts/apple/iphone-parts/iphone-7,40,1,40,3,dom-inspection,ul.level0.slayouts-menu > li > ul.sview-inul > li.sview-row > ul > li > a,https://www.mobilesentrix.ca/replacement-parts/apple/iphone-parts/iphone-7,False,False,2026-09-07T04:46:44+00:00,,,,,,same_name_different_url
MobileSentrix Canada,https://www.mobilesentrix.ca/,Apple,,1,click,iPhone,,2,dom-inspection,iPhone 6S Plus,https://www.mobilesentrix.ca/replacement-parts/apple/iphone-parts/iphone-6s-plus,41,1,41,3,dom-inspection,ul.level0.slayouts-menu > li > ul.sview-inul > li.sview-row > ul > li > a,https://www.mobilesentrix.ca/replacement-parts/apple/iphone-parts/iphone-6s-plus,False,False,2026-09-07T04:46:44+00:00,,,,,,same_name_different_url
MobileSentrix Canada,https://www.mobilesentrix.ca/,Apple,,1,click,iPhone,,2,dom-inspection,iPhone 6S,https://www.mobilesentrix.ca/replacement-parts/apple/iphone-parts/iphone-6s,42,1,42,3,dom-inspection,ul.level0.slayouts-menu > li > ul.sview-inul > li.sview-row > ul > li > a,https://www.mobilesentrix.ca/replacement-parts/apple/iphone-parts/iphone-6s,False,False,2026-09-07T04:46:44+00:00,,,,,,same_name_different_url
MobileSentrix Canada,https://www.mobilesentrix.ca/,Apple,,1,click,iPhone,,2,dom-inspection,iPhone 6 Plus,https://www.mobilesentrix.ca/replacement-parts/apple/iphone-parts/iphone-6-plus,43,1,43,3,dom-inspection,ul.level0.slayouts-menu > li > ul.sview-inul > li.sview-row > ul > li > a,https://www.mobilesentrix.ca/replacement-parts/apple/iphone-parts/iphone-6-plus,False,False,2026-09-07T04:46:44+00:00,,,,,,same_name_different_url
MobileSentrix Canada,https://www.mobilesentrix.ca/,Apple,,1,click,iPhone,,2,dom-inspection,iPhone 6,https://www.mobilesentrix.ca/replacement-parts/apple/iphone-parts/iphone-6,44,1,44,3,dom-inspection,ul.level0.slayouts-menu > li > ul.sview-inul > li.sview-row > ul > li > a,https://www.mobilesentrix.ca/replacement-parts/apple/iphone-parts/iphone-6,False,False,2026-09-07T04:46:44+00:00,,,,,,same_name_different_url
MobileSentrix Canada,https://www.mobilesentrix.ca/,Apple,,1,click,iPhone,,2,dom-inspection,iPhone SE (2016),https://www.mobilesentrix.ca/replacement-parts/apple/iphone-parts/iphone-5se,45,1,45,3,dom-inspection,ul.level0.slayouts-menu > li > ul.sview-inul > li.sview-row > ul > li > a,https://www.mobilesentrix.ca/replacement-parts/apple/iphone-parts/iphone-5se,False,False,2026-09-07T04:46:44+00:00,,,,,,same_name_different_url
MobileSentrix Canada,https://www.mobilesentrix.ca/,Apple,,1,click,iPhone,,2,dom-inspection,iPhone 5S,https://www.mobilesentrix.ca/replacement-parts/apple/iphone-parts/iphone-5s,46,1,46,3,dom-inspection,ul.level0.slayouts-menu > li > ul.sview-inul > li.sview-row > ul > li > a,https://www.mobilesentrix.ca/replacement-parts/apple/iphone-parts/iphone-5s,False,False,2026-09-07T04:46:44+00:00,,,,,,same_name_different_url
MobileSentrix Canada,https://www.mobilesentrix.ca/,Apple,,1,click,iPhone,,2,dom-inspection,iPhone 5C,https://www.mobilesentrix.ca/replacement-parts/apple/iphone-parts/iphone-5c,47,1,47,3,dom-inspection,ul.level0.slayouts-menu > li > ul.sview-inul > li.sview-row > ul > li > a,https://www.mobilesentrix.ca/replacement-parts/apple/iphone-parts/iphone-5c,False,False,2026-09-07T04:46:44+00:00,,,,,,same_name_different_url
MobileSentrix Canada,https://www.mobilesentrix.ca/,Apple,,1,click,iPhone,,2,dom-inspection,iPhone 5,https://www.mobilesentrix.ca/replacement-parts/apple/iphone-parts/iphone-5,48,1,48,3,dom-inspection,ul.level0.slayouts-menu > li > ul.sview-inul > li.sview-row > ul > li > a,https://www.mobilesentrix.ca/replacement-parts/apple/iphone-parts/iphone-5,False,False,2026-09-07T04:46:44+00:00,,,,,,same_name_different_url
MobileSentrix Canada,https://www.mobilesentrix.ca/,Apple,,1,click,iPad,,3,dom-inspection,"iPad Pro 13"" 8th Gen (2025)",https://www.mobilesentrix.ca/replacement-parts/apple/ipad-parts/ipad-pro/ipad-pro-13-8th-gen-2025,1,1,1,3,dom-inspection,ul.level0.slayouts-menu > li > ul.sview-inul > li.sview-row > ul > li > a,https://www.mobilesentrix.ca/replacement-parts/apple/ipad-parts/ipad-pro/ipad-pro-13-8th-gen-2025,False,False,2026-09-07T04:46:44+00:00,,,,,,same_name_different_url
MobileSentrix Canada,https://www.mobilesentrix.ca/,Apple,,1,click,iPad,,3,dom-inspection,"iPad Pro 11"" 6th Gen (2025)",https://www.mobilesentrix.ca/replacement-parts/apple/ipad-parts/ipad-pro/ipad-pro-11-8th-gen-2025,2,1,2,3,dom-inspection,ul.level0.slayouts-menu > li > ul.sview-inul > li.sview-row > ul > li > a,https://www.mobilesentrix.ca/replacement-parts/apple/ipad-parts/ipad-pro/ipad-pro-11-8th-gen-2025,False,False,2026-09-07T04:46:44+00:00,,,,,,same_name_different_url
MobileSentrix Canada,https://www.mobilesentrix.ca/,Apple,,1,click,iPad,,3,dom-inspection,"iPad Pro 13"" 7th Gen (2024)",https://www.mobilesentrix.ca/replacement-parts/apple/ipad-parts/ipad-pro/ipad-pro-13-7th-gen-2024,3,1,3,3,dom-inspection,ul.level0.slayouts-menu > li > ul.sview-inul > li.sview-row > ul > li > a,https://www.mobilesentrix.ca/replacement-parts/apple/ipad-parts/ipad-pro/ipad-pro-13-7th-gen-2024,False,False,2026-09-07T04:46:44+00:00,,,,,,same_name_different_url
MobileSentrix Canada,https://www.mobilesentrix.ca/,Apple,,1,click,iPad,,3,dom-inspection,"iPad Pro 12.9"" 6th Gen (2022)",https://www.mobilesentrix.ca/replacement-parts/apple/ipad-parts/ipad-pro/ipad-pro-12-9-6th-gen-2022,4,1,4,3,dom-inspection,ul.level0.slayouts-menu > li > ul.sview-inul > li.sview-row > ul > li > a,https://www.mobilesentrix.ca/replacement-parts/apple/ipad-parts/ipad-pro/ipad-pro-12-9-6th-gen-2022,False,False,2026-09-07T04:46:44+00:00,,,,,,same_name_different_url
MobileSentrix Canada,https://www.mobilesentrix.ca/,Apple,,1,click,iPad,,3,dom-inspection,"iPad Pro 12.9"" 5th Gen (2021)",https://www.mobilesentrix.ca/replacement-parts/apple/ipad-parts/ipad-pro/ipad-pro-12-9-5th-gen-2021,5,1,5,3,dom-inspection,ul.level0.slayouts-menu > li > ul.sview-inul > li.sview-row > ul > li > a,https://www.mobilesentrix.ca/replacement-parts/apple/ipad-parts/ipad-pro/ipad-pro-12-9-5th-gen-2021,False,False,2026-09-07T04:46:44+00:00,,,,,,same_name_different_url
MobileSentrix Canada,https://www.mobilesentrix.ca/,Apple,,1,click,iPad,,3,dom-inspection,"iPad Pro 12.9"" 4th Gen (2020)",https://www.mobilesentrix.ca/replacement-parts/apple/ipad-parts/ipad-pro/ipad-pro-12-9-4th-gen,6,1,6,3,dom-inspection,ul.level0.slayouts-menu > li > ul.sview-inul > li.sview-row > ul > li > a,https://www.mobilesentrix.ca/replacement-parts/apple/ipad-parts/ipad-pro/ipad-pro-12-9-4th-gen,False,False,2026-09-07T04:46:44+00:00,,,,,,same_name_different_url
MobileSentrix Canada,https://www.mobilesentrix.ca/,Apple,,1,click,iPad,,3,dom-inspection,"iPad Pro 12.9"" 3rd Gen (2018)",https://www.mobilesentrix.ca/replacement-parts/apple/ipad-parts/ipad-pro/ipad-pro-12-9-3rd-gen,7,1,7,3,dom-inspection,ul.level0.slayouts-menu > li > ul.sview-inul > li.sview-row > ul > li > a,https://www.mobilesentrix.ca/replacement-parts/apple/ipad-parts/ipad-pro/ipad-pro-12-9-3rd-gen,False,False,2026-09-07T04:46:44+00:00,,,,,,same_name_different_url
MobileSentrix Canada,https://www.mobilesentrix.ca/,Apple,,1,click,iPad,,3,dom-inspection,"iPad Pro 12.9"" 2nd Gen (2017)",https://www.mobilesentrix.ca/replacement-parts/apple/ipad-parts/ipad-pro/ipad-pro-12-9-2nd-gen,8,1,8,3,dom-inspection,ul.level0.slayouts-menu > li > ul.sview-inul > li.sview-row > ul > li > a,https://www.mobilesentrix.ca/replacement-parts/apple/ipad-parts/ipad-pro/ipad-pro-12-9-2nd-gen,False,False,2026-09-07T04:46:44+00:00,,,,,,same_name_different_url
MobileSentrix Canada,https://www.mobilesentrix.ca/,Apple,,1,click,iPad,,3,dom-inspection,"iPad Pro 12.9"" 1st Gen (2015)",https://www.mobilesentrix.ca/replacement-parts/apple/ipad-parts/ipad-pro/ipad-pro-12-9-1st-gen,9,1,9,3,dom-inspection,ul.level0.slayouts-menu > li > ul.sview-inul > li.sview-row > ul > li > a,https://www.mobilesentrix.ca/replacement-parts/apple/ipad-parts/ipad-pro/ipad-pro-12-9-1st-gen,False,False,2026-09-07T04:46:44+00:00,,,,,,same_name_different_url
MobileSentrix Canada,https://www.mobilesentrix.ca/,Apple,,1,click,iPad,,3,dom-inspection,"iPad Pro 11"" 5th Gen (2024)",https://www.mobilesentrix.ca/replacement-parts/apple/ipad-parts/ipad-pro/ipad-pro-11-5th-gen-2024,10,1,10,3,dom-inspection,ul.level0.slayouts-menu > li > ul.sview-inul > li.sview-row > ul > li > a,https://www.mobilesentrix.ca/replacement-parts/apple/ipad-parts/ipad-pro/ipad-pro-11-5th-gen-2024,False,False,2026-09-07T04:46:44+00:00,,,,,,same_name_different_url
MobileSentrix Canada,https://www.mobilesentrix.ca/,Apple,,1,click,iPad,,3,dom-inspection,"iPad Pro 11"" 4th Gen (2022)",https://www.mobilesentrix.ca/replacement-parts/apple/ipad-parts/ipad-pro/ipad-pro-11-4th-gen-2022,11,1,11,3,dom-inspection,ul.level0.slayouts-menu > li > ul.sview-inul > li.sview-row > ul > li > a,https://www.mobilesentrix.ca/replacement-parts/apple/ipad-parts/ipad-pro/ipad-pro-11-4th-gen-2022,False,False,2026-09-07T04:46:44+00:00,,,,,,same_name_different_url
MobileSentrix Canada,https://www.mobilesentrix.ca/,Apple,,1,click,iPad,,3,dom-inspection,"iPad Pro 11"" 3rd Gen (2021)",https://www.mobilesentrix.ca/replacement-parts/apple/ipad-parts/ipad-pro/ipad-pro-11-3rd-gen-2021,12,1,12,3,dom-inspection,ul.level0.slayouts-menu > li > ul.sview-inul > li.sview-row > ul > li > a,https://www.mobilesentrix.ca/replacement-parts/apple/ipad-parts/ipad-pro/ipad-pro-11-3rd-gen-2021,False,False,2026-09-07T04:46:44+00:00,,,,,,same_name_different_url
MobileSentrix Canada,https://www.mobilesentrix.ca/,Apple,,1,click,iPad,,3,dom-inspection,"iPad Pro 11"" 2nd Gen (2020)",https://www.mobilesentrix.ca/replacement-parts/apple/ipad-parts/ipad-pro/ipad-pro-11-2020,13,1,13,3,dom-inspection,ul.level0.slayouts-menu > li > ul.sview-inul > li.sview-row > ul > li > a,https://www.mobilesentrix.ca/replacement-parts/apple/ipad-parts/ipad-pro/ipad-pro-11-2020,False,False,2026-09-07T04:46:44+00:00,,,,,,same_name_different_url
MobileSentrix Canada,https://www.mobilesentrix.ca/,Apple,,1,click,iPad,,3,dom-inspection,"iPad Pro 11"" 1st Gen (2018)",https://www.mobilesentrix.ca/replacement-parts/apple/ipad-parts/ipad-pro/ipad-pro-11-2018,14,1,14,3,dom-inspection,ul.level0.slayouts-menu > li > ul.sview-inul > li.sview-row > ul > li > a,https://www.mobilesentrix.ca/replacement-parts/apple/ipad-parts/ipad-pro/ipad-pro-11-2018,False,False,2026-09-07T04:46:44+00:00,,,,,,same_name_different_url
MobileSentrix Canada,https://www.mobilesentrix.ca/,Apple,,1,click,iPad,,3,dom-inspection,"iPad Pro 10.5"" (2017)",https://www.mobilesentrix.ca/replacement-parts/apple/ipad-parts/ipad-pro/ipad-pro-10-5,15,1,15,3,dom-inspection,ul.level0.slayouts-menu > li > ul.sview-inul > li.sview-row > ul > li > a,https://www.mobilesentrix.ca/replacement-parts/apple/ipad-parts/ipad-pro/ipad-pro-10-5,False,False,2026-09-07T04:46:44+00:00,,,,,,same_name_different_url
MobileSentrix Canada,https://www.mobilesentrix.ca/,Apple,,1,click,iPad,,3,dom-inspection,"iPad Pro 9.7"" (2016)",https://www.mobilesentrix.ca/replacement-parts/apple/ipad-parts/ipad-pro/ipad-pro-9-7-1st-gen,16,1,16,3,dom-inspection,ul.level0.slayouts-menu > li > ul.sview-inul > li.sview-row > ul > li > a,https://www.mobilesentrix.ca/replacement-parts/apple/ipad-parts/ipad-pro/ipad-pro-9-7-1st-gen,False,False,2026-09-07T04:46:44+00:00,,,,,,same_name_different_url
MobileSentrix Canada,https://www.mobilesentrix.ca/,Apple,,1,click,iPad,,3,dom-inspection,"iPad Air 13"" (2026)",https://www.mobilesentrix.ca/replacement-parts/apple/ipad-parts/ipad-air/ipad-air-13-2026,17,1,17,3,dom-inspection,ul.level0.slayouts-menu > li > ul.sview-inul > li.sview-row > ul > li > a.nlabel-f,https://www.mobilesentrix.ca/replacement-parts/apple/ipad-parts/ipad-air/ipad-air-13-2026,False,False,2026-09-07T04:46:44+00:00,,,,,,same_name_different_url
MobileSentrix Canada,https://www.mobilesentrix.ca/,Apple,,1,click,iPad,,3,dom-inspection,"iPad Air 11"" (2026)",https://www.mobilesentrix.ca/replacement-parts/apple/ipad-parts/ipad-air/ipad-air-11-2026,18,1,18,3,dom-inspection,ul.level0.slayouts-menu > li > ul.sview-inul > li.sview-row > ul > li > a.nlabel-f,https://www.mobilesentrix.ca/replacement-parts/apple/ipad-parts/ipad-air/ipad-air-11-2026,False,False,2026-09-07T04:46:44+00:00,,,,,,same_name_different_url
MobileSentrix Canada,https://www.mobilesentrix.ca/,Apple,,1,click,iPad,,3,dom-inspection,"iPad Air 13"" (2025)",https://www.mobilesentrix.ca/replacement-parts/apple/ipad-parts/ipad-air/ipad-air-13-2025,19,1,19,3,dom-inspection,ul.level0.slayouts-menu > li > ul.sview-inul > li.sview-row > ul > li > a.nlabel-f,https://www.mobilesentrix.ca/replacement-parts/apple/ipad-parts/ipad-air/ipad-air-13-2025,False,False,2026-09-07T04:46:44+00:00,,,,,,same_name_different_url
MobileSentrix Canada,https://www.mobilesentrix.ca/,Apple,,1,click,iPad,,3,dom-inspection,"iPad Air 11"" (2025)",https://www.mobilesentrix.ca/replacement-parts/apple/ipad-parts/ipad-air/ipad-air-11-2025,20,1,20,3,dom-inspection,ul.level0.slayouts-menu > li > ul.sview-inul > li.sview-row > ul > li > a.nlabel-f,https://www.mobilesentrix.ca/replacement-parts/apple/ipad-parts/ipad-air/ipad-air-11-2025,False,False,2026-09-07T04:46:44+00:00,,,,,,same_name_different_url
MobileSentrix Canada,https://www.mobilesentrix.ca/,Apple,,1,click,iPad,,3,dom-inspection,"iPad Air 13"" (2024)",https://www.mobilesentrix.ca/replacement-parts/apple/ipad-parts/ipad-air/ipad-air-13-2024,21,1,21,3,dom-inspection,ul.level0.slayouts-menu > li > ul.sview-inul > li.sview-row > ul > li > a,https://www.mobilesentrix.ca/replacement-parts/apple/ipad-parts/ipad-air/ipad-air-13-2024,False,False,2026-09-07T04:46:44+00:00,,,,,,same_name_different_url
MobileSentrix Canada,https://www.mobilesentrix.ca/,Apple,,1,click,iPad,,3,dom-inspection,"iPad Air 11"" (2024)",https://www.mobilesentrix.ca/replacement-parts/apple/ipad-parts/ipad-air/ipad-air-11-2024,22,1,22,3,dom-inspection,ul.level0.slayouts-menu > li > ul.sview-inul > li.sview-row > ul > li > a,https://www.mobilesentrix.ca/replacement-parts/apple/ipad-parts/ipad-air/ipad-air-11-2024,False,False,2026-09-07T04:46:44+00:00,,,,,,same_name_different_url
MobileSentrix Canada,https://www.mobilesentrix.ca/,Apple,,1,click,iPad,,3,dom-inspection,iPad Air 5 (2022),https://www.mobilesentrix.ca/replacement-parts/apple/ipad-parts/ipad-air/ipad-air-5,23,1,23,3,dom-inspection,ul.level0.slayouts-menu > li > ul.sview-inul > li.sview-row > ul > li > a,https://www.mobilesentrix.ca/replacement-parts/apple/ipad-parts/ipad-air/ipad-air-5,False,False,2026-09-07T04:46:44+00:00,,,,,,same_name_different_url
MobileSentrix Canada,https://www.mobilesentrix.ca/,Apple,,1,click,iPad,,3,dom-inspection,iPad Air 4 (2020),https://www.mobilesentrix.ca/replacement-parts/apple/ipad-parts/ipad-air/ipad-air-4,24,1,24,3,dom-inspection,ul.level0.slayouts-menu > li > ul.sview-inul > li.sview-row > ul > li > a,https://www.mobilesentrix.ca/replacement-parts/apple/ipad-parts/ipad-air/ipad-air-4,False,False,2026-09-07T04:46:44+00:00,,,,,,same_name_different_url
MobileSentrix Canada,https://www.mobilesentrix.ca/,Apple,,1,click,iPad,,3,dom-inspection,iPad Air 3 (2019),https://www.mobilesentrix.ca/replacement-parts/apple/ipad-parts/ipad-air/ipad-air-3,25,1,25,3,dom-inspection,ul.level0.slayouts-menu > li > ul.sview-inul > li.sview-row > ul > li > a,https://www.mobilesentrix.ca/replacement-parts/apple/ipad-parts/ipad-air/ipad-air-3,False,False,2026-09-07T04:46:44+00:00,,,,,,same_name_different_url
MobileSentrix Canada,https://www.mobilesentrix.ca/,Apple,,1,click,iPad,,3,dom-inspection,iPad Air 2 (2014),https://www.mobilesentrix.ca/replacement-parts/apple/ipad-parts/ipad-air/ipad-air-2-a1567,26,1,26,3,dom-inspection,ul.level0.slayouts-menu > li > ul.sview-inul > li.sview-row > ul > li > a,https://www.mobilesentrix.ca/replacement-parts/apple/ipad-parts/ipad-air/ipad-air-2-a1567,False,False,2026-09-07T04:46:44+00:00,,,,,,same_name_different_url
MobileSentrix Canada,https://www.mobilesentrix.ca/,Apple,,1,click,iPad,,3,dom-inspection,iPad Air 1 (2013),https://www.mobilesentrix.ca/replacement-parts/apple/ipad-parts/ipad-air/ipad-air-1,27,1,27,3,dom-inspection,ul.level0.slayouts-menu > li > ul.sview-inul > li.sview-row > ul > li > a,https://www.mobilesentrix.ca/replacement-parts/apple/ipad-parts/ipad-air/ipad-air-1,False,False,2026-09-07T04:46:44+00:00,,,,,,same_name_different_url
MobileSentrix Canada,https://www.mobilesentrix.ca/,Apple,,1,click,iPad,,3,dom-inspection,iPad 11 (2025),https://www.mobilesentrix.ca/replacement-parts/apple/ipad-parts/ipad/ipad-11-2025,28,1,28,3,dom-inspection,ul.level0.slayouts-menu > li > ul.sview-inul > li.sview-row > ul > li > a.nlabel-f,https://www.mobilesentrix.ca/replacement-parts/apple/ipad-parts/ipad/ipad-11-2025,False,False,2026-09-07T04:46:44+00:00,,,,,,same_name_different_url
MobileSentrix Canada,https://www.mobilesentrix.ca/,Apple,,1,click,iPad,,3,dom-inspection,iPad 10 (2022),https://www.mobilesentrix.ca/replacement-parts/apple/ipad-parts/ipad/ipad-10-2022,29,1,29,3,dom-inspection,ul.level0.slayouts-menu > li > ul.sview-inul > li.sview-row > ul > li > a,https://www.mobilesentrix.ca/replacement-parts/apple/ipad-parts/ipad/ipad-10-2022,False,False,2026-09-07T04:46:44+00:00,,,,,,same_name_different_url
MobileSentrix Canada,https://www.mobilesentrix.ca/,Apple,,1,click,iPad,,3,dom-inspection,iPad 9 (2021),https://www.mobilesentrix.ca/replacement-parts/apple/ipad-parts/ipad/ipad-9,30,1,30,3,dom-inspection,ul.level0.slayouts-menu > li > ul.sview-inul > li.sview-row > ul > li > a,https://www.mobilesentrix.ca/replacement-parts/apple/ipad-parts/ipad/ipad-9,False,False,2026-09-07T04:46:44+00:00,,,,,,same_name_different_url
MobileSentrix Canada,https://www.mobilesentrix.ca/,Apple,,1,click,iPad,,3,dom-inspection,iPad 8 (2020),https://www.mobilesentrix.ca/replacement-parts/apple/ipad-parts/ipad/ipad-8-2020,31,1,31,3,dom-inspection,ul.level0.slayouts-menu > li > ul.sview-inul > li.sview-row > ul > li > a,https://www.mobilesentrix.ca/replacement-parts/apple/ipad-parts/ipad/ipad-8-2020,False,False,2026-09-07T04:46:44+00:00,,,,,,same_name_different_url
MobileSentrix Canada,https://www.mobilesentrix.ca/,Apple,,1,click,iPad,,3,dom-inspection,iPad 7 (2019),https://www.mobilesentrix.ca/replacement-parts/apple/ipad-parts/ipad/ipad-7-2019,32,1,32,3,dom-inspection,ul.level0.slayouts-menu > li > ul.sview-inul > li.sview-row > ul > li > a,https://www.mobilesentrix.ca/replacement-parts/apple/ipad-parts/ipad/ipad-7-2019,False,False,2026-09-07T04:46:44+00:00,,,,,,same_name_different_url
MobileSentrix Canada,https://www.mobilesentrix.ca/,Apple,,1,click,iPad,,3,dom-inspection,iPad 6 (2018),https://www.mobilesentrix.ca/replacement-parts/apple/ipad-parts/ipad/ipad-6-2018,33,1,33,3,dom-inspection,ul.level0.slayouts-menu > li > ul.sview-inul > li.sview-row > ul > li > a,https://www.mobilesentrix.ca/replacement-parts/apple/ipad-parts/ipad/ipad-6-2018,False,False,2026-09-07T04:46:44+00:00,,,,,,same_name_different_url
MobileSentrix Canada,https://www.mobilesentrix.ca/,Apple,,1,click,iPad,,3,dom-inspection,iPad 5 (2017),https://www.mobilesentrix.ca/replacement-parts/apple/ipad-parts/ipad/ipad-5-2017,34,1,34,3,dom-inspection,ul.level0.slayouts-menu > li > ul.sview-inul > li.sview-row > ul > li > a,https://www.mobilesentrix.ca/replacement-parts/apple/ipad-parts/ipad/ipad-5-2017,False,False,2026-09-07T04:46:44+00:00,,,,,,same_name_different_url
MobileSentrix Canada,https://www.mobilesentrix.ca/,Apple,,1,click,iPad,,3,dom-inspection,iPad 4 (2012),https://www.mobilesentrix.ca/replacement-parts/apple/ipad-parts/ipad/ipad-4,35,1,35,3,dom-inspection,ul.level0.slayouts-menu > li > ul.sview-inul > li.sview-row > ul > li > a,https://www.mobilesentrix.ca/replacement-parts/apple/ipad-parts/ipad/ipad-4,False,False,2026-09-07T04:46:44+00:00,,,,,,same_name_different_url
MobileSentrix Canada,https://www.mobilesentrix.ca/,Apple,,1,click,iPad,,3,dom-inspection,iPad 3 (2012),https://www.mobilesentrix.ca/replacement-parts/apple/ipad-parts/ipad/ipad-3,36,1,36,3,dom-inspection,ul.level0.slayouts-menu > li > ul.sview-inul > li.sview-row > ul > li > a,https://www.mobilesentrix.ca/replacement-parts/apple/ipad-parts/ipad/ipad-3,False,False,2026-09-07T04:46:44+00:00,,,,,,same_name_different_url
MobileSentrix Canada,https://www.mobilesentrix.ca/,Apple,,1,click,iPad,,3,dom-inspection,iPad 2 (2011),https://www.mobilesentrix.ca/replacement-parts/apple/ipad-parts/ipad/ipad-2,37,1,37,3,dom-inspection,ul.level0.slayouts-menu > li > ul.sview-inul > li.sview-row > ul > li > a,https://www.mobilesentrix.ca/replacement-parts/apple/ipad-parts/ipad/ipad-2,False,False,2026-09-07T04:46:44+00:00,,,,,,same_name_different_url
MobileSentrix Canada,https://www.mobilesentrix.ca/,Apple,,1,click,iPad,,3,dom-inspection,iPad Mini 7 (2024),https://www.mobilesentrix.ca/replacement-parts/apple/ipad-parts/ipad-mini/ipad-mini-7-2024,38,1,38,3,dom-inspection,ul.level0.slayouts-menu > li > ul.sview-inul > li.sview-row > ul > li > a,https://www.mobilesentrix.ca/replacement-parts/apple/ipad-parts/ipad-mini/ipad-mini-7-2024,False,False,2026-09-07T04:46:44+00:00,,,,,,same_name_different_url
MobileSentrix Canada,https://www.mobilesentrix.ca/,Apple,,1,click,iPad,,3,dom-inspection,iPad Mini 6 (2021),https://www.mobilesentrix.ca/replacement-parts/apple/ipad-parts/ipad-mini/ipad-mini-6,39,1,39,3,dom-inspection,ul.level0.slayouts-menu > li > ul.sview-inul > li.sview-row > ul > li > a,https://www.mobilesentrix.ca/replacement-parts/apple/ipad-parts/ipad-mini/ipad-mini-6,False,False,2026-09-07T04:46:44+00:00,,,,,,same_name_different_url
MobileSentrix Canada,https://www.mobilesentrix.ca/,Apple,,1,click,iPad,,3,dom-inspection,iPad Mini 5 (2019),https://www.mobilesentrix.ca/replacement-parts/apple/ipad-parts/ipad-mini/ipad-mini-5,40,1,40,3,dom-inspection,ul.level0.slayouts-menu > li > ul.sview-inul > li.sview-row > ul > li > a,https://www.mobilesentrix.ca/replacement-parts/apple/ipad-parts/ipad-mini/ipad-mini-5,False,False,2026-09-07T04:46:44+00:00,,,,,,same_name_different_url
MobileSentrix Canada,https://www.mobilesentrix.ca/,Apple,,1,click,iPad,,3,dom-inspection,iPad Mini 4 (2015),https://www.mobilesentrix.ca/replacement-parts/apple/ipad-parts/ipad-mini/ipad-mini-4,41,1,41,3,dom-inspection,ul.level0.slayouts-menu > li > ul.sview-inul > li.sview-row > ul > li > a,https://www.mobilesentrix.ca/replacement-parts/apple/ipad-parts/ipad-mini/ipad-mini-4,False,False,2026-09-07T04:46:44+00:00,,,,,,same_name_different_url
MobileSentrix Canada,https://www.mobilesentrix.ca/,Apple,,1,click,iPad,,3,dom-inspection,iPad Mini 3 (2014),https://www.mobilesentrix.ca/replacement-parts/apple/ipad-parts/ipad-mini/ipad-mini-3,42,1,42,3,dom-inspection,ul.level0.slayouts-menu > li > ul.sview-inul > li.sview-row > ul > li > a,https://www.mobilesentrix.ca/replacement-parts/apple/ipad-parts/ipad-mini/ipad-mini-3,False,False,2026-09-07T04:46:44+00:00,,,,,,same_name_different_url
MobileSentrix Canada,https://www.mobilesentrix.ca/,Apple,,1,click,iPad,,3,dom-inspection,iPad Mini 2 (2013),https://www.mobilesentrix.ca/replacement-parts/apple/ipad-parts/ipad-mini/ipad-mini-2,43,1,43,3,dom-inspection,ul.level0.slayouts-menu > li > ul.sview-inul > li.sview-row > ul > li > a,https://www.mobilesentrix.ca/replacement-parts/apple/ipad-parts/ipad-mini/ipad-mini-2,False,False,2026-09-07T04:46:44+00:00,,,,,,same_name_different_url
MobileSentrix Canada,https://www.mobilesentrix.ca/,Apple,,1,click,iPad,,3,dom-inspection,iPad Mini 1 (2012),https://www.mobilesentrix.ca/replacement-parts/apple/ipad-parts/ipad-mini/ipad-mini,44,1,44,3,dom-inspection,ul.level0.slayouts-menu > li > ul.sview-inul > li.sview-row > ul > li > a,https://www.mobilesentrix.ca/replacement-parts/apple/ipad-parts/ipad-mini/ipad-mini,False,False,2026-09-07T04:46:44+00:00,,,,,,same_name_different_url
MobileSentrix Canada,https://www.mobilesentrix.ca/,Apple,,1,click,MacBook Neo,,12,dom-inspection,MacBook Neo (2026),https://www.mobilesentrix.ca/replacement-parts/apple/macbook-neo/macbook-neo-2026,1,1,1,3,dom-inspection,ul.level0.slayouts-menu > li > ul.sview-inul > li.sview-row > ul > li > a,https://www.mobilesentrix.ca/replacement-parts/apple/macbook-neo/macbook-neo-2026,False,False,2026-09-07T04:46:44+00:00,,,,,,same_name_different_url
MobileSentrix Canada,https://www.mobilesentrix.ca/,Samsung,,2,click,S Series,,1,dom-inspection,Galaxy S26 Ultra,https://www.mobilesentrix.ca/replacement-parts/samsung/galaxy-s-series/galaxy-s26-ultra,1,1,1,3,dom-inspection,ul.level0.slayouts-menu > li > ul.sview-inul > li.sview-row > ul > li > a.nlabel-f,https://www.mobilesentrix.ca/replacement-parts/samsung/galaxy-s-series/galaxy-s26-ultra,False,False,2026-09-07T04:46:44+00:00,,,,,,same_name_different_url
MobileSentrix Canada,https://www.mobilesentrix.ca/,Samsung,,2,click,S Series,,1,dom-inspection,Galaxy S26 Plus,https://www.mobilesentrix.ca/replacement-parts/samsung/galaxy-s-series/galaxy-s26-plus,2,1,2,3,dom-inspection,ul.level0.slayouts-menu > li > ul.sview-inul > li.sview-row > ul > li > a.nlabel-f,https://www.mobilesentrix.ca/replacement-parts/samsung/galaxy-s-series/galaxy-s26-plus,False,False,2026-09-07T04:46:44+00:00,,,,,,same_name_different_url
MobileSentrix Canada,https://www.mobilesentrix.ca/,Samsung,,2,click,S Series,,1,dom-inspection,Galaxy S26,https://www.mobilesentrix.ca/replacement-parts/samsung/galaxy-s-series/galaxy-s26-5g,3,1,3,3,dom-inspection,ul.level0.slayouts-menu > li > ul.sview-inul > li.sview-row > ul > li > a.nlabel-f,https://www.mobilesentrix.ca/replacement-parts/samsung/galaxy-s-series/galaxy-s26-5g,False,False,2026-09-07T04:46:44+00:00,,,,,,same_name_different_url
MobileSentrix Canada,https://www.mobilesentrix.ca/,Samsung,,2,click,S Series,,1,dom-inspection,Galaxy S25 FE,https://www.mobilesentrix.ca/replacement-parts/samsung/galaxy-s-series/galaxy-s25-fe,4,1,4,3,dom-inspection,ul.level0.slayouts-menu > li > ul.sview-inul > li.sview-row > ul > li > a.nlabel-f,https://www.mobilesentrix.ca/replacement-parts/samsung/galaxy-s-series/galaxy-s25-fe,False,False,2026-09-07T04:46:44+00:00,,,,,,same_name_different_url
MobileSentrix Canada,https://www.mobilesentrix.ca/,Samsung,,2,click,S Series,,1,dom-inspection,Galaxy S25 Edge,https://www.mobilesentrix.ca/replacement-parts/samsung/galaxy-s-series/galaxy-s25-edge,5,1,5,3,dom-inspection,ul.level0.slayouts-menu > li > ul.sview-inul > li.sview-row > ul > li > a.nlabel-f,https://www.mobilesentrix.ca/replacement-parts/samsung/galaxy-s-series/galaxy-s25-edge,False,False,2026-09-07T04:46:44+00:00,,,,,,same_name_different_url
MobileSentrix Canada,https://www.mobilesentrix.ca/,Samsung,,2,click,S Series,,1,dom-inspection,Galaxy S25 Ultra,https://www.mobilesentrix.ca/replacement-parts/samsung/galaxy-s-series/galaxy-s25-ultra,6,1,6,3,dom-inspection,ul.level0.slayouts-menu > li > ul.sview-inul > li.sview-row > ul > li > a,https://www.mobilesentrix.ca/replacement-parts/samsung/galaxy-s-series/galaxy-s25-ultra,False,False,2026-09-07T04:46:44+00:00,,,,,,same_name_different_url
MobileSentrix Canada,https://www.mobilesentrix.ca/,Samsung,,2,click,S Series,,1,dom-inspection,Galaxy S25 Plus,https://www.mobilesentrix.ca/replacement-parts/samsung/galaxy-s-series/galaxy-s25-plus,7,1,7,3,dom-inspection,ul.level0.slayouts-menu > li > ul.sview-inul > li.sview-row > ul > li > a,https://www.mobilesentrix.ca/replacement-parts/samsung/galaxy-s-series/galaxy-s25-plus,False,False,2026-09-07T04:46:44+00:00,,,,,,same_name_different_url
MobileSentrix Canada,https://www.mobilesentrix.ca/,Samsung,,2,click,S Series,,1,dom-inspection,Galaxy S25,https://www.mobilesentrix.ca/replacement-parts/samsung/galaxy-s-series/galaxy-s25,8,1,8,3,dom-inspection,ul.level0.slayouts-menu > li > ul.sview-inul > li.sview-row > ul > li > a,https://www.mobilesentrix.ca/replacement-parts/samsung/galaxy-s-series/galaxy-s25,False,False,2026-09-07T04:46:44+00:00,,,,,,same_name_different_url
MobileSentrix Canada,https://www.mobilesentrix.ca/,Samsung,,2,click,S Series,,1,dom-inspection,Galaxy S24 FE,https://www.mobilesentrix.ca/replacement-parts/samsung/galaxy-s-series/galaxy-s24-fe-5g,9,1,9,3,dom-inspection,ul.level0.slayouts-menu > li > ul.sview-inul > li.sview-row > ul > li > a,https://www.mobilesentrix.ca/replacement-parts/samsung/galaxy-s-series/galaxy-s24-fe-5g,False,False,2026-09-07T04:46:44+00:00,,,,,,same_name_different_url
MobileSentrix Canada,https://www.mobilesentrix.ca/,Samsung,,2,click,S Series,,1,dom-inspection,Galaxy S24 Ultra,https://www.mobilesentrix.ca/replacement-parts/samsung/galaxy-s-series/galaxy-s24-ultra-5g,10,1,10,3,dom-inspection,ul.level0.slayouts-menu > li > ul.sview-inul > li.sview-row > ul > li > a,https://www.mobilesentrix.ca/replacement-parts/samsung/galaxy-s-series/galaxy-s24-ultra-5g,False,False,2026-09-07T04:46:44+00:00,,,,,,same_name_different_url
MobileSentrix Canada,https://www.mobilesentrix.ca/,Samsung,,2,click,S Series,,1,dom-inspection,Galaxy S24 Plus,https://www.mobilesentrix.ca/replacement-parts/samsung/galaxy-s-series/galaxy-s24-plus-5g,11,1,11,3,dom-inspection,ul.level0.slayouts-menu > li > ul.sview-inul > li.sview-row > ul > li > a,https://www.mobilesentrix.ca/replacement-parts/samsung/galaxy-s-series/galaxy-s24-plus-5g,False,False,2026-09-07T04:46:44+00:00,,,,,,same_name_different_url
MobileSentrix Canada,https://www.mobilesentrix.ca/,Samsung,,2,click,S Series,,1,dom-inspection,Galaxy S24,https://www.mobilesentrix.ca/replacement-parts/samsung/galaxy-s-series/galaxy-s24-5g,12,1,12,3,dom-inspection,ul.level0.slayouts-menu > li > ul.sview-inul > li.sview-row > ul > li > a,https://www.mobilesentrix.ca/replacement-parts/samsung/galaxy-s-series/galaxy-s24-5g,False,False,2026-09-07T04:46:44+00:00,,,,,,same_name_different_url
MobileSentrix Canada,https://www.mobilesentrix.ca/,Samsung,,2,click,S Series,,1,dom-inspection,Galaxy S23 FE,https://www.mobilesentrix.ca/replacement-parts/samsung/galaxy-s-series/galaxy-s23-fe-5g,13,1,13,3,dom-inspection,ul.level0.slayouts-menu > li > ul.sview-inul > li.sview-row > ul > li > a,https://www.mobilesentrix.ca/replacement-parts/samsung/galaxy-s-series/galaxy-s23-fe-5g,False,False,2026-09-07T04:46:44+00:00,,,,,,same_name_different_url
MobileSentrix Canada,https://www.mobilesentrix.ca/,Samsung,,2,click,S Series,,1,dom-inspection,Galaxy S23 Ultra,https://www.mobilesentrix.ca/replacement-parts/samsung/galaxy-s-series/galaxy-s23-ultra-5g,14,1,14,3,dom-inspection,ul.level0.slayouts-menu > li > ul.sview-inul > li.sview-row > ul > li > a,https://www.mobilesentrix.ca/replacement-parts/samsung/galaxy-s-series/galaxy-s23-ultra-5g,False,False,2026-09-07T04:46:44+00:00,,,,,,same_name_different_url
MobileSentrix Canada,https://www.mobilesentrix.ca/,Samsung,,2,click,S Series,,1,dom-inspection,Galaxy S23 Plus,https://www.mobilesentrix.ca/replacement-parts/samsung/galaxy-s-series/galaxy-s23-plus-5g,15,1,15,3,dom-inspection,ul.level0.slayouts-menu > li > ul.sview-inul > li.sview-row > ul > li > a,https://www.mobilesentrix.ca/replacement-parts/samsung/galaxy-s-series/galaxy-s23-plus-5g,False,False,2026-09-07T04:46:44+00:00,,,,,,same_name_different_url
MobileSentrix Canada,https://www.mobilesentrix.ca/,Samsung,,2,click,S Series,,1,dom-inspection,Galaxy S23,https://www.mobilesentrix.ca/replacement-parts/samsung/galaxy-s-series/galaxy-s23-5g,16,1,16,3,dom-inspection,ul.level0.slayouts-menu > li > ul.sview-inul > li.sview-row > ul > li > a,https://www.mobilesentrix.ca/replacement-parts/samsung/galaxy-s-series/galaxy-s23-5g,False,False,2026-09-07T04:46:44+00:00,,,,,,same_name_different_url
MobileSentrix Canada,https://www.mobilesentrix.ca/,Samsung,,2,click,S Series,,1,dom-inspection,Galaxy S22 Ultra,https://www.mobilesentrix.ca/replacement-parts/samsung/galaxy-s-series/galaxy-s22-ultra,17,1,17,3,dom-inspection,ul.level0.slayouts-menu > li > ul.sview-inul > li.sview-row > ul > li > a,https://www.mobilesentrix.ca/replacement-parts/samsung/galaxy-s-series/galaxy-s22-ultra,False,False,2026-09-07T04:46:44+00:00,,,,,,same_name_different_url
MobileSentrix Canada,https://www.mobilesentrix.ca/,Samsung,,2,click,S Series,,1,dom-inspection,Galaxy S22 Plus,https://www.mobilesentrix.ca/replacement-parts/samsung/galaxy-s-series/galaxy-s22-plus,18,1,18,3,dom-inspection,ul.level0.slayouts-menu > li > ul.sview-inul > li.sview-row > ul > li > a,https://www.mobilesentrix.ca/replacement-parts/samsung/galaxy-s-series/galaxy-s22-plus,False,False,2026-09-07T04:46:44+00:00,,,,,,same_name_different_url
MobileSentrix Canada,https://www.mobilesentrix.ca/,Samsung,,2,click,S Series,,1,dom-inspection,Galaxy S22,https://www.mobilesentrix.ca/replacement-parts/samsung/galaxy-s-series/galaxy-s22,19,1,19,3,dom-inspection,ul.level0.slayouts-menu > li > ul.sview-inul > li.sview-row > ul > li > a,https://www.mobilesentrix.ca/replacement-parts/samsung/galaxy-s-series/galaxy-s22,False,False,2026-09-07T04:46:44+00:00,,,,,,same_name_different_url
MobileSentrix Canada,https://www.mobilesentrix.ca/,Samsung,,2,click,S Series,,1,dom-inspection,Galaxy S21 FE,https://www.mobilesentrix.ca/replacement-parts/samsung/galaxy-s-series/galaxy-s21-fe-5g,20,1,20,3,dom-inspection,ul.level0.slayouts-menu > li > ul.sview-inul > li.sview-row > ul > li > a,https://www.mobilesentrix.ca/replacement-parts/samsung/galaxy-s-series/galaxy-s21-fe-5g,False,False,2026-09-07T04:46:44+00:00,,,,,,same_name_different_url
MobileSentrix Canada,https://www.mobilesentrix.ca/,Samsung,,2,click,S Series,,1,dom-inspection,Galaxy S21 Ultra,https://www.mobilesentrix.ca/replacement-parts/samsung/galaxy-s-series/galaxy-s21-ultra,21,1,21,3,dom-inspection,ul.level0.slayouts-menu > li > ul.sview-inul > li.sview-row > ul > li > a,https://www.mobilesentrix.ca/replacement-parts/samsung/galaxy-s-series/galaxy-s21-ultra,False,False,2026-09-07T04:46:44+00:00,,,,,,same_name_different_url
MobileSentrix Canada,https://www.mobilesentrix.ca/,Samsung,,2,click,S Series,,1,dom-inspection,Galaxy S21 Plus,https://www.mobilesentrix.ca/replacement-parts/samsung/galaxy-s-series/galaxy-s21-plus,22,1,22,3,dom-inspection,ul.level0.slayouts-menu > li > ul.sview-inul > li.sview-row > ul > li > a,https://www.mobilesentrix.ca/replacement-parts/samsung/galaxy-s-series/galaxy-s21-plus,False,False,2026-09-07T04:46:44+00:00,,,,,,same_name_different_url
MobileSentrix Canada,https://www.mobilesentrix.ca/,Samsung,,2,click,S Series,,1,dom-inspection,Galaxy S21,https://www.mobilesentrix.ca/replacement-parts/samsung/galaxy-s-series/galaxy-s21,23,1,23,3,dom-inspection,ul.level0.slayouts-menu > li > ul.sview-inul > li.sview-row > ul > li > a,https://www.mobilesentrix.ca/replacement-parts/samsung/galaxy-s-series/galaxy-s21,False,False,2026-09-07T04:46:44+00:00,,,,,,same_name_different_url
MobileSentrix Canada,https://www.mobilesentrix.ca/,Samsung,,2,click,S Series,,1,dom-inspection,Galaxy S20 FE,https://www.mobilesentrix.ca/replacement-parts/samsung/galaxy-s-series/galaxy-s20-fe-5g,24,1,24,3,dom-inspection,ul.level0.slayouts-menu > li > ul.sview-inul > li.sview-row > ul > li > a,https://www.mobilesentrix.ca/replacement-parts/samsung/galaxy-s-series/galaxy-s20-fe-5g,False,False,2026-09-07T04:46:44+00:00,,,,,,same_name_different_url
MobileSentrix Canada,https://www.mobilesentrix.ca/,Samsung,,2,click,S Series,,1,dom-inspection,Galaxy S20 Ultra,https://www.mobilesentrix.ca/replacement-parts/samsung/galaxy-s-series/galaxy-s20-ultra,25,1,25,3,dom-inspection,ul.level0.slayouts-menu > li > ul.sview-inul > li.sview-row > ul > li > a,https://www.mobilesentrix.ca/replacement-parts/samsung/galaxy-s-series/galaxy-s20-ultra,False,False,2026-09-07T04:46:44+00:00,,,,,,same_name_different_url
MobileSentrix Canada,https://www.mobilesentrix.ca/,Samsung,,2,click,S Series,,1,dom-inspection,Galaxy S20 Plus,https://www.mobilesentrix.ca/replacement-parts/samsung/galaxy-s-series/galaxy-s20-plus,26,1,26,3,dom-inspection,ul.level0.slayouts-menu > li > ul.sview-inul > li.sview-row > ul > li > a,https://www.mobilesentrix.ca/replacement-parts/samsung/galaxy-s-series/galaxy-s20-plus,False,False,2026-09-07T04:46:44+00:00,,,,,,same_name_different_url
MobileSentrix Canada,https://www.mobilesentrix.ca/,Samsung,,2,click,S Series,,1,dom-inspection,Galaxy S20,https://www.mobilesentrix.ca/replacement-parts/samsung/galaxy-s-series/samsung-galaxy-s20,27,1,27,3,dom-inspection,ul.level0.slayouts-menu > li > ul.sview-inul > li.sview-row > ul > li > a,https://www.mobilesentrix.ca/replacement-parts/samsung/galaxy-s-series/samsung-galaxy-s20,False,False,2026-09-07T04:46:44+00:00,,,,,,same_name_different_url
MobileSentrix Canada,https://www.mobilesentrix.ca/,Samsung,,2,click,S Series,,1,dom-inspection,Galaxy S10 Lite,https://www.mobilesentrix.ca/replacement-parts/samsung/galaxy-s-series/samsung-galaxy-s10-lite,28,1,28,3,dom-inspection,ul.level0.slayouts-menu > li > ul.sview-inul > li.sview-row > ul > li > a,https://www.mobilesentrix.ca/replacement-parts/samsung/galaxy-s-series/samsung-galaxy-s10-lite,False,False,2026-09-07T04:46:44+00:00,,,,,,same_name_different_url
MobileSentrix Canada,https://www.mobilesentrix.ca/,Samsung,,2,click,S Series,,1,dom-inspection,Galaxy S10 5G,https://www.mobilesentrix.ca/replacement-parts/samsung/galaxy-s-series/samsung-galaxy-s10-5g,29,1,29,3,dom-inspection,ul.level0.slayouts-menu > li > ul.sview-inul > li.sview-row > ul > li > a,https://www.mobilesentrix.ca/replacement-parts/samsung/galaxy-s-series/samsung-galaxy-s10-5g,False,False,2026-09-07T04:46:44+00:00,,,,,,same_name_different_url
MobileSentrix Canada,https://www.mobilesentrix.ca/,Samsung,,2,click,S Series,,1,dom-inspection,Galaxy S10 Plus,https://www.mobilesentrix.ca/replacement-parts/samsung/galaxy-s-series/samsung-galaxy-s10-plus,30,1,30,3,dom-inspection,ul.level0.slayouts-menu > li > ul.sview-inul > li.sview-row > ul > li > a,https://www.mobilesentrix.ca/replacement-parts/samsung/galaxy-s-series/samsung-galaxy-s10-plus,False,False,2026-09-07T04:46:44+00:00,,,,,,same_name_different_url
MobileSentrix Canada,https://www.mobilesentrix.ca/,Samsung,,2,click,S Series,,1,dom-inspection,Galaxy S10,https://www.mobilesentrix.ca/replacement-parts/samsung/galaxy-s-series/samsung-galaxy-s10,31,1,31,3,dom-inspection,ul.level0.slayouts-menu > li > ul.sview-inul > li.sview-row > ul > li > a,https://www.mobilesentrix.ca/replacement-parts/samsung/galaxy-s-series/samsung-galaxy-s10,False,False,2026-09-07T04:46:44+00:00,,,,,,same_name_different_url
MobileSentrix Canada,https://www.mobilesentrix.ca/,Samsung,,2,click,S Series,,1,dom-inspection,Galaxy S10e,https://www.mobilesentrix.ca/replacement-parts/samsung/galaxy-s-series/samsung-galaxy-s10e,32,1,32,3,dom-inspection,ul.level0.slayouts-menu > li > ul.sview-inul > li.sview-row > ul > li > a,https://www.mobilesentrix.ca/replacement-parts/samsung/galaxy-s-series/samsung-galaxy-s10e,False,False,2026-09-07T04:46:44+00:00,,,,,,same_name_different_url
MobileSentrix Canada,https://www.mobilesentrix.ca/,Samsung,,2,click,S Series,,1,dom-inspection,Galaxy S9 Plus,https://www.mobilesentrix.ca/replacement-parts/samsung/galaxy-s-series/samsung-galaxy-s9-plus,33,1,33,3,dom-inspection,ul.level0.slayouts-menu > li > ul.sview-inul > li.sview-row > ul > li > a,https://www.mobilesentrix.ca/replacement-parts/samsung/galaxy-s-series/samsung-galaxy-s9-plus,False,False,2026-09-07T04:46:44+00:00,,,,,,same_name_different_url
MobileSentrix Canada,https://www.mobilesentrix.ca/,Samsung,,2,click,S Series,,1,dom-inspection,Galaxy S9,https://www.mobilesentrix.ca/replacement-parts/samsung/galaxy-s-series/samsung-galaxy-s9,34,1,34,3,dom-inspection,ul.level0.slayouts-menu > li > ul.sview-inul > li.sview-row > ul > li > a,https://www.mobilesentrix.ca/replacement-parts/samsung/galaxy-s-series/samsung-galaxy-s9,False,False,2026-09-07T04:46:44+00:00,,,,,,same_name_different_url
MobileSentrix Canada,https://www.mobilesentrix.ca/,Samsung,,2,click,S Series,,1,dom-inspection,Galaxy S8 Plus,https://www.mobilesentrix.ca/replacement-parts/samsung/galaxy-s-series/samsung-galaxy-s8-plus,35,1,35,3,dom-inspection,ul.level0.slayouts-menu > li > ul.sview-inul > li.sview-row > ul > li > a,https://www.mobilesentrix.ca/replacement-parts/samsung/galaxy-s-series/samsung-galaxy-s8-plus,False,False,2026-09-07T04:46:44+00:00,,,,,,same_name_different_url
MobileSentrix Canada,https://www.mobilesentrix.ca/,Samsung,,2,click,S Series,,1,dom-inspection,Galaxy S8,https://www.mobilesentrix.ca/replacement-parts/samsung/galaxy-s-series/samsung-galaxy-s8,37,1,37,3,dom-inspection,ul.level0.slayouts-menu > li > ul.sview-inul > li.sview-row > ul > li > a,https://www.mobilesentrix.ca/replacement-parts/samsung/galaxy-s-series/samsung-galaxy-s8,False,False,2026-09-07T04:46:44+00:00,,,,,,same_name_different_url
MobileSentrix Canada,https://www.mobilesentrix.ca/,Samsung,,2,click,S Series,,1,dom-inspection,Galaxy S7 Edge,https://www.mobilesentrix.ca/replacement-parts/samsung/galaxy-s-series/samsung-galaxy-s7-edge,38,1,38,3,dom-inspection,ul.level0.slayouts-menu > li > ul.sview-inul > li.sview-row > ul > li > a,https://www.mobilesentrix.ca/replacement-parts/samsung/galaxy-s-series/samsung-galaxy-s7-edge,False,False,2026-09-07T04:46:44+00:00,,,,,,same_name_different_url
MobileSentrix Canada,https://www.mobilesentrix.ca/,Samsung,,2,click,S Series,,1,dom-inspection,Galaxy S7,https://www.mobilesentrix.ca/replacement-parts/samsung/galaxy-s-series/samsung-galaxy-s7,40,1,40,3,dom-inspection,ul.level0.slayouts-menu > li > ul.sview-inul > li.sview-row > ul > li > a,https://www.mobilesentrix.ca/replacement-parts/samsung/galaxy-s-series/samsung-galaxy-s7,False,False,2026-09-07T04:46:44+00:00,,,,,,same_name_different_url
MobileSentrix Canada,https://www.mobilesentrix.ca/,Samsung,,2,click,S Series,,1,dom-inspection,Galaxy S6 Edge Plus,https://www.mobilesentrix.ca/replacement-parts/samsung/galaxy-s-series/samsung-galaxy-s6-edge-plus,41,1,41,3,dom-inspection,ul.level0.slayouts-menu > li > ul.sview-inul > li.sview-row > ul > li > a,https://www.mobilesentrix.ca/replacement-parts/samsung/galaxy-s-series/samsung-galaxy-s6-edge-plus,False,False,2026-09-07T04:46:44+00:00,,,,,,same_name_different_url
MobileSentrix Canada,https://www.mobilesentrix.ca/,Samsung,,2,click,S Series,,1,dom-inspection,Galaxy S6 Edge,https://www.mobilesentrix.ca/replacement-parts/samsung/galaxy-s-series/samsung-galaxy-s6-edge,42,1,42,3,dom-inspection,ul.level0.slayouts-menu > li > ul.sview-inul > li.sview-row > ul > li > a,https://www.mobilesentrix.ca/replacement-parts/samsung/galaxy-s-series/samsung-galaxy-s6-edge,False,False,2026-09-07T04:46:44+00:00,,,,,,same_name_different_url
MobileSentrix Canada,https://www.mobilesentrix.ca/,Samsung,,2,click,S Series,,1,dom-inspection,Galaxy S6,https://www.mobilesentrix.ca/replacement-parts/samsung/galaxy-s-series/samsung-galaxy-s6,44,1,44,3,dom-inspection,ul.level0.slayouts-menu > li > ul.sview-inul > li.sview-row > ul > li > a,https://www.mobilesentrix.ca/replacement-parts/samsung/galaxy-s-series/samsung-galaxy-s6,False,False,2026-09-07T04:46:44+00:00,,,,,,same_name_different_url
MobileSentrix Canada,https://www.mobilesentrix.ca/,Samsung,,2,click,S Series,,1,dom-inspection,Galaxy S5,https://www.mobilesentrix.ca/replacement-parts/samsung/galaxy-s-series/samsung-galaxy-s5,47,1,47,3,dom-inspection,ul.level0.slayouts-menu > li > ul.sview-inul > li.sview-row > ul > li > a,https://www.mobilesentrix.ca/replacement-parts/samsung/galaxy-s-series/samsung-galaxy-s5,False,False,2026-09-07T04:46:44+00:00,,,,,,same_name_different_url
MobileSentrix Canada,https://www.mobilesentrix.ca/,Samsung,,2,click,S Series,,1,dom-inspection,Galaxy S4,https://www.mobilesentrix.ca/replacement-parts/samsung/galaxy-s-series/samsung-galaxy-s4,50,1,50,3,dom-inspection,ul.level0.slayouts-menu > li > ul.sview-inul > li.sview-row > ul > li > a,https://www.mobilesentrix.ca/replacement-parts/samsung/galaxy-s-series/samsung-galaxy-s4,False,False,2026-09-07T04:46:44+00:00,,,,,,same_name_different_url
MobileSentrix Canada,https://www.mobilesentrix.ca/,Samsung,,2,click,S Series,,1,dom-inspection,Galaxy S3,https://www.mobilesentrix.ca/replacement-parts/samsung/galaxy-s-series/samsung-galaxy-s3,52,1,52,3,dom-inspection,ul.level0.slayouts-menu > li > ul.sview-inul > li.sview-row > ul > li > a,https://www.mobilesentrix.ca/replacement-parts/samsung/galaxy-s-series/samsung-galaxy-s3,False,False,2026-09-07T04:46:44+00:00,,,,,,same_name_different_url
MobileSentrix Canada,https://www.mobilesentrix.ca/,Samsung,,2,click,Note Series,,2,dom-inspection,Galaxy Note 20 Ultra,https://www.mobilesentrix.ca/replacement-parts/samsung/galaxy-note-series/galaxy-note-20-ultra,1,1,1,3,dom-inspection,ul.level0.slayouts-menu > li > ul.sview-inul > li.sview-row > ul > li > a,https://www.mobilesentrix.ca/replacement-parts/samsung/galaxy-note-series/galaxy-note-20-ultra,False,False,2026-09-07T04:46:44+00:00,,,,,,same_name_different_url
MobileSentrix Canada,https://www.mobilesentrix.ca/,Samsung,,2,click,Note Series,,2,dom-inspection,Galaxy Note 20,https://www.mobilesentrix.ca/replacement-parts/samsung/galaxy-note-series/galaxy-note-20,2,1,2,3,dom-inspection,ul.level0.slayouts-menu > li > ul.sview-inul > li.sview-row > ul > li > a,https://www.mobilesentrix.ca/replacement-parts/samsung/galaxy-note-series/galaxy-note-20,False,False,2026-09-07T04:46:44+00:00,,,,,,same_name_different_url
MobileSentrix Canada,https://www.mobilesentrix.ca/,Samsung,,2,click,Note Series,,2,dom-inspection,Galaxy Note 10 Plus,https://www.mobilesentrix.ca/replacement-parts/samsung/galaxy-note-series/galaxy-note-10-plus,3,1,3,3,dom-inspection,ul.level0.slayouts-menu > li > ul.sview-inul > li.sview-row > ul > li > a,https://www.mobilesentrix.ca/replacement-parts/samsung/galaxy-note-series/galaxy-note-10-plus,False,False,2026-09-07T04:46:44+00:00,,,,,,same_name_different_url
MobileSentrix Canada,https://www.mobilesentrix.ca/,Samsung,,2,click,Note Series,,2,dom-inspection,Galaxy Note 10 Lite,https://www.mobilesentrix.ca/replacement-parts/samsung/galaxy-note-series/samsung-galaxy-note-10-lite,4,1,4,3,dom-inspection,ul.level0.slayouts-menu > li > ul.sview-inul > li.sview-row > ul > li > a,https://www.mobilesentrix.ca/replacement-parts/samsung/galaxy-note-series/samsung-galaxy-note-10-lite,False,False,2026-09-07T04:46:44+00:00,,,,,,same_name_different_url
MobileSentrix Canada,https://www.mobilesentrix.ca/,Samsung,,2,click,Note Series,,2,dom-inspection,Galaxy Note 10,https://www.mobilesentrix.ca/replacement-parts/samsung/galaxy-note-series/galaxy-note-10,5,1,5,3,dom-inspection,ul.level0.slayouts-menu > li > ul.sview-inul > li.sview-row > ul > li > a,https://www.mobilesentrix.ca/replacement-parts/samsung/galaxy-note-series/galaxy-note-10,False,False,2026-09-07T04:46:44+00:00,,,,,,same_name_different_url
MobileSentrix Canada,https://www.mobilesentrix.ca/,Samsung,,2,click,Note Series,,2,dom-inspection,Galaxy Note 9,https://www.mobilesentrix.ca/replacement-parts/samsung/galaxy-note-series/galaxy-note-9,6,1,6,3,dom-inspection,ul.level0.slayouts-menu > li > ul.sview-inul > li.sview-row > ul > li > a,https://www.mobilesentrix.ca/replacement-parts/samsung/galaxy-note-series/galaxy-note-9,False,False,2026-09-07T04:46:44+00:00,,,,,,same_name_different_url
MobileSentrix Canada,https://www.mobilesentrix.ca/,Samsung,,2,click,Note Series,,2,dom-inspection,Galaxy Note 8,https://www.mobilesentrix.ca/replacement-parts/samsung/galaxy-note-series/samsung-note-8,7,1,7,3,dom-inspection,ul.level0.slayouts-menu > li > ul.sview-inul > li.sview-row > ul > li > a,https://www.mobilesentrix.ca/replacement-parts/samsung/galaxy-note-series/samsung-note-8,False,False,2026-09-07T04:46:44+00:00,,,,,,same_name_different_url
MobileSentrix Canada,https://www.mobilesentrix.ca/,Samsung,,2,click,Note Series,,2,dom-inspection,Galaxy Note 5,https://www.mobilesentrix.ca/replacement-parts/samsung/galaxy-note-series/samsung-note-5,9,1,9,3,dom-inspection,ul.level0.slayouts-menu > li > ul.sview-inul > li.sview-row > ul > li > a,https://www.mobilesentrix.ca/replacement-parts/samsung/galaxy-note-series/samsung-note-5,False,False,2026-09-07T04:46:44+00:00,,,,,,same_name_different_url
MobileSentrix Canada,https://www.mobilesentrix.ca/,Samsung,,2,click,Note Series,,2,dom-inspection,Galaxy Note 4,https://www.mobilesentrix.ca/replacement-parts/samsung/galaxy-note-series/samsung-note4,10,1,10,3,dom-inspection,ul.level0.slayouts-menu > li > ul.sview-inul > li.sview-row > ul > li > a,https://www.mobilesentrix.ca/replacement-parts/samsung/galaxy-note-series/samsung-note4,False,False,2026-09-07T04:46:44+00:00,,,,,,same_name_different_url
MobileSentrix Canada,https://www.mobilesentrix.ca/,Samsung,,2,click,Note Series,,2,dom-inspection,Galaxy Note 3,https://www.mobilesentrix.ca/replacement-parts/samsung/galaxy-note-series/samsung-note3,11,1,11,3,dom-inspection,ul.level0.slayouts-menu > li > ul.sview-inul > li.sview-row > ul > li > a,https://www.mobilesentrix.ca/replacement-parts/samsung/galaxy-note-series/samsung-note3,False,False,2026-09-07T04:46:44+00:00,,,,,,same_name_different_url
MobileSentrix Canada,https://www.mobilesentrix.ca/,Samsung,,2,click,Note Series,,2,dom-inspection,Galaxy Note 2,https://www.mobilesentrix.ca/replacement-parts/samsung/galaxy-note-series/samsung-note2,14,1,14,3,dom-inspection,ul.level0.slayouts-menu > li > ul.sview-inul > li.sview-row > ul > li > a,https://www.mobilesentrix.ca/replacement-parts/samsung/galaxy-note-series/samsung-note2,False,False,2026-09-07T04:46:44+00:00,,,,,,same_name_different_url
MobileSentrix Canada,https://www.mobilesentrix.ca/,Samsung,,2,click,A Series,,3,dom-inspection,A9 Pro (A910 / 2016),https://www.mobilesentrix.ca/replacement-parts/samsung/galaxy-a-series/a9-a910-2016,2,1,2,3,dom-inspection,ul.level0.slayouts-menu > li > ul.sview-inul > li.sview-row > ul > li > a,https://www.mobilesentrix.ca/replacement-parts/samsung/galaxy-a-series/a9-a910-2016,False,False,2026-09-07T04:46:44+00:00,,,,,,same_name_different_url
MobileSentrix Canada,https://www.mobilesentrix.ca/,Samsung,,2,click,A Series,,3,dom-inspection,A80 (A805 / 2019),https://www.mobilesentrix.ca/replacement-parts/samsung/galaxy-a-series/a80-2019,4,1,4,3,dom-inspection,ul.level0.slayouts-menu > li > ul.sview-inul > li.sview-row > ul > li > a,https://www.mobilesentrix.ca/replacement-parts/samsung/galaxy-a-series/a80-2019,False,False,2026-09-07T04:46:44+00:00,,,,,,same_name_different_url
MobileSentrix Canada,https://www.mobilesentrix.ca/,Samsung,,2,click,A Series,,3,dom-inspection,A8 Star (G885 / 2018),https://www.mobilesentrix.ca/replacement-parts/samsung/galaxy-a-series/a8-star-g885-2018,7,1,7,3,dom-inspection,ul.level0.slayouts-menu > li > ul.sview-inul > li.sview-row > ul > li > a,https://www.mobilesentrix.ca/replacement-parts/samsung/galaxy-a-series/a8-star-g885-2018,False,False,2026-09-07T04:46:44+00:00,,,,,,same_name_different_url
MobileSentrix Canada,https://www.mobilesentrix.ca/,Samsung,,2,click,A Series,,3,dom-inspection,A8 (A530 / 2018),https://www.mobilesentrix.ca/replacement-parts/samsung/galaxy-a-series/a8-a530-2018,9,1,9,3,dom-inspection,ul.level0.slayouts-menu > li > ul.sview-inul > li.sview-row > ul > li > a,https://www.mobilesentrix.ca/replacement-parts/samsung/galaxy-a-series/a8-a530-2018,False,False,2026-09-07T04:46:44+00:00,,,,,,same_name_different_url
MobileSentrix Canada,https://www.mobilesentrix.ca/,Samsung,,2,click,A Series,,3,dom-inspection,A70 (A705 / 2019),https://www.mobilesentrix.ca/replacement-parts/samsung/galaxy-a-series/a70-2019,16,1,16,3,dom-inspection,ul.level0.slayouts-menu > li > ul.sview-inul > li.sview-row > ul > li > a,https://www.mobilesentrix.ca/replacement-parts/samsung/galaxy-a-series/a70-2019,False,False,2026-09-07T04:46:44+00:00,,,,,,same_name_different_url
MobileSentrix Canada,https://www.mobilesentrix.ca/,Samsung,,2,click,A Series,,3,dom-inspection,A7 (A720 / 2017),https://www.mobilesentrix.ca/replacement-parts/samsung/galaxy-a-series/a7-a720-2017,18,1,18,3,dom-inspection,ul.level0.slayouts-menu > li > ul.sview-inul > li.sview-row > ul > li > a,https://www.mobilesentrix.ca/replacement-parts/samsung/galaxy-a-series/a7-a720-2017,False,False,2026-09-07T04:46:44+00:00,,,,,,same_name_different_url
MobileSentrix Canada,https://www.mobilesentrix.ca/,Samsung,,2,click,A Series,,3,dom-inspection,A7 (A710 / 2016),https://www.mobilesentrix.ca/replacement-parts/samsung/galaxy-a-series/a7-a710-2016,19,1,19,3,dom-inspection,ul.level0.slayouts-menu > li > ul.sview-inul > li.sview-row > ul > li > a,https://www.mobilesentrix.ca/replacement-parts/samsung/galaxy-a-series/a7-a710-2016,False,False,2026-09-07T04:46:44+00:00,,,,,,same_name_different_url
MobileSentrix Canada,https://www.mobilesentrix.ca/,Samsung,,2,click,A Series,,3,dom-inspection,A6 Plus (A605 / 2018),https://www.mobilesentrix.ca/replacement-parts/samsung/galaxy-a-series/galaxy-a6-plus-a605g-2018,21,1,21,3,dom-inspection,ul.level0.slayouts-menu > li > ul.sview-inul > li.sview-row > ul > li > a,https://www.mobilesentrix.ca/replacement-parts/samsung/galaxy-a-series/galaxy-a6-plus-a605g-2018,False,False,2026-09-07T04:46:44+00:00,,,,,,same_name_different_url
MobileSentrix Canada,https://www.mobilesentrix.ca/,Samsung,,2,click,A Series,,3,dom-inspection,A57 5G (A576 / 2026),https://www.mobilesentrix.ca/replacement-parts/samsung/galaxy-a-series/a57-5g-a576-2026,23,1,23,3,dom-inspection,ul.level0.slayouts-menu > li > ul.sview-inul > li.sview-row > ul > li > a.nlabel-f,https://www.mobilesentrix.ca/replacement-parts/samsung/galaxy-a-series/a57-5g-a576-2026,False,False,2026-09-07T04:46:44+00:00,,,,,,same_name_different_url
MobileSentrix Canada,https://www.mobilesentrix.ca/,Samsung,,2,click,A Series,,3,dom-inspection,A56 5G (A566 / 2025),https://www.mobilesentrix.ca/replacement-parts/samsung/galaxy-a-series/a56-5g-a566-2025,24,1,24,3,dom-inspection,ul.level0.slayouts-menu > li > ul.sview-inul > li.sview-row > ul > li > a.nlabel-f,https://www.mobilesentrix.ca/replacement-parts/samsung/galaxy-a-series/a56-5g-a566-2025,False,False,2026-09-07T04:46:44+00:00,,,,,,same_name_different_url
MobileSentrix Canada,https://www.mobilesentrix.ca/,Samsung,,2,click,A Series,,3,dom-inspection,A54 5G (A546 / 2023),https://www.mobilesentrix.ca/replacement-parts/samsung/galaxy-a-series/a54-5g,26,1,26,3,dom-inspection,ul.level0.slayouts-menu > li > ul.sview-inul > li.sview-row > ul > li > a,https://www.mobilesentrix.ca/replacement-parts/samsung/galaxy-a-series/a54-5g,False,False,2026-09-07T04:46:44+00:00,,,,,,same_name_different_url
MobileSentrix Canada,https://www.mobilesentrix.ca/,Samsung,,2,click,A Series,,3,dom-inspection,A53 5G (A536 / 2022),https://www.mobilesentrix.ca/replacement-parts/samsung/galaxy-a-series/a53-5g-a536b-2022,27,1,27,3,dom-inspection,ul.level0.slayouts-menu > li > ul.sview-inul > li.sview-row > ul > li > a,https://www.mobilesentrix.ca/replacement-parts/samsung/galaxy-a-series/a53-5g-a536b-2022,False,False,2026-09-07T04:46:44+00:00,,,,,,same_name_different_url
MobileSentrix Canada,https://www.mobilesentrix.ca/,Samsung,,2,click,A Series,,3,dom-inspection,A52s (A528 / 2021),https://www.mobilesentrix.ca/replacement-parts/samsung/galaxy-a-series/a52s-a528-2021,28,1,28,3,dom-inspection,ul.level0.slayouts-menu > li > ul.sview-inul > li.sview-row > ul > li > a,https://www.mobilesentrix.ca/replacement-parts/samsung/galaxy-a-series/a52s-a528-2021,False,False,2026-09-07T04:46:44+00:00,,,,,,same_name_different_url
MobileSentrix Canada,https://www.mobilesentrix.ca/,Samsung,,2,click,A Series,,3,dom-inspection,A52 5G (A526 / 2021),https://www.mobilesentrix.ca/replacement-parts/samsung/galaxy-a-series/a52-a525,29,1,29,3,dom-inspection,ul.level0.slayouts-menu > li > ul.sview-inul > li.sview-row > ul > li > a,https://www.mobilesentrix.ca/replacement-parts/samsung/galaxy-a-series/a52-a525,False,False,2026-09-07T04:46:44+00:00,,,,,,same_name_different_url
MobileSentrix Canada,https://www.mobilesentrix.ca/,Samsung,,2,click,A Series,,3,dom-inspection,A51 5G (A516 / 2020),https://www.mobilesentrix.ca/replacement-parts/samsung/galaxy-a-series/a51-a516-2019,31,1,31,3,dom-inspection,ul.level0.slayouts-menu > li > ul.sview-inul > li.sview-row > ul > li > a,https://www.mobilesentrix.ca/replacement-parts/samsung/galaxy-a-series/a51-a516-2019,False,False,2026-09-07T04:46:44+00:00,,,,,,same_name_different_url
MobileSentrix Canada,https://www.mobilesentrix.ca/,Samsung,,2,click,A Series,,3,dom-inspection,A51 4G (A515 / 2019),https://www.mobilesentrix.ca/replacement-parts/samsung/galaxy-a-series/a51-a515,32,1,32,3,dom-inspection,ul.level0.slayouts-menu > li > ul.sview-inul > li.sview-row > ul > li > a,https://www.mobilesentrix.ca/replacement-parts/samsung/galaxy-a-series/a51-a515,False,False,2026-09-07T04:46:44+00:00,,,,,,same_name_different_url
MobileSentrix Canada,https://www.mobilesentrix.ca/,Samsung,,2,click,A Series,,3,dom-inspection,A50 (A505 / 2019),https://www.mobilesentrix.ca/replacement-parts/samsung/galaxy-a-series/samsung-a50,34,1,34,3,dom-inspection,ul.level0.slayouts-menu > li > ul.sview-inul > li.sview-row > ul > li > a,https://www.mobilesentrix.ca/replacement-parts/samsung/galaxy-a-series/samsung-a50,False,False,2026-09-07T04:46:44+00:00,,,,,,same_name_different_url
MobileSentrix Canada,https://www.mobilesentrix.ca/,Samsung,,2,click,A Series,,3,dom-inspection,A5 (A510 / 2016),https://www.mobilesentrix.ca/replacement-parts/samsung/galaxy-a-series/a5-a510-2016,36,1,36,3,dom-inspection,ul.level0.slayouts-menu > li > ul.sview-inul > li.sview-row > ul > li > a,https://www.mobilesentrix.ca/replacement-parts/samsung/galaxy-a-series/a5-a510-2016,False,False,2026-09-07T04:46:44+00:00,,,,,,same_name_different_url
MobileSentrix Canada,https://www.mobilesentrix.ca/,Samsung,,2,click,A Series,,3,dom-inspection,A5 (A500 / 2015),https://www.mobilesentrix.ca/replacement-parts/samsung/galaxy-a-series/a5-a500-2015,37,1,37,3,dom-inspection,ul.level0.slayouts-menu > li > ul.sview-inul > li.sview-row > ul > li > a,https://www.mobilesentrix.ca/replacement-parts/samsung/galaxy-a-series/a5-a500-2015,False,False,2026-09-07T04:46:44+00:00,,,,,,same_name_different_url
MobileSentrix Canada,https://www.mobilesentrix.ca/,Samsung,,2,click,A Series,,3,dom-inspection,A42 5G (A426 / 2020),https://www.mobilesentrix.ca/replacement-parts/samsung/galaxy-a-series/a42-5g-a426,38,1,38,3,dom-inspection,ul.level0.slayouts-menu > li > ul.sview-inul > li.sview-row > ul > li > a,https://www.mobilesentrix.ca/replacement-parts/samsung/galaxy-a-series/a42-5g-a426,False,False,2026-09-07T04:46:44+00:00,,,,,,same_name_different_url
MobileSentrix Canada,https://www.mobilesentrix.ca/,Samsung,,2,click,A Series,,3,dom-inspection,A37 5G (A376 / 2026),https://www.mobilesentrix.ca/replacement-parts/samsung/galaxy-a-series/a37-5g-a376-2026,42,1,42,3,dom-inspection,ul.level0.slayouts-menu > li > ul.sview-inul > li.sview-row > ul > li > a,https://www.mobilesentrix.ca/replacement-parts/samsung/galaxy-a-series/a37-5g-a376-2026,False,False,2026-09-07T04:46:44+00:00,,,,,,same_name_different_url
MobileSentrix Canada,https://www.mobilesentrix.ca/,Samsung,,2,click,A Series,,3,dom-inspection,A36 5G (A366 / 2025),https://www.mobilesentrix.ca/replacement-parts/samsung/galaxy-a-series/a36-5g-a366-2025,43,1,43,3,dom-inspection,ul.level0.slayouts-menu > li > ul.sview-inul > li.sview-row > ul > li > a,https://www.mobilesentrix.ca/replacement-parts/samsung/galaxy-a-series/a36-5g-a366-2025,False,False,2026-09-07T04:46:44+00:00,,,,,,same_name_different_url
MobileSentrix Canada,https://www.mobilesentrix.ca/,Samsung,,2,click,A Series,,3,dom-inspection,A35 5G (A356 / 2024),https://www.mobilesentrix.ca/replacement-parts/samsung/galaxy-a-series/a35-5g-a356-2024,44,1,44,3,dom-inspection,ul.level0.slayouts-menu > li > ul.sview-inul > li.sview-row > ul > li > a,https://www.mobilesentrix.ca/replacement-parts/samsung/galaxy-a-series/a35-5g-a356-2024,False,False,2026-09-07T04:46:44+00:00,,,,,,same_name_different_url
MobileSentrix Canada,https://www.mobilesentrix.ca/,Samsung,,2,click,A Series,,3,dom-inspection,A34 5G (A346 / 2023),https://www.mobilesentrix.ca/replacement-parts/samsung/galaxy-a-series/a34-5g,45,1,45,3,dom-inspection,ul.level0.slayouts-menu > li > ul.sview-inul > li.sview-row > ul > li > a,https://www.mobilesentrix.ca/replacement-parts/samsung/galaxy-a-series/a34-5g,False,False,2026-09-07T04:46:44+00:00,,,,,,same_name_different_url
MobileSentrix Canada,https://www.mobilesentrix.ca/,Samsung,,2,click,A Series,,3,dom-inspection,A32 5G (A326 / 2021),https://www.mobilesentrix.ca/replacement-parts/samsung/galaxy-a-series/a32-5g-a326,47,1,47,3,dom-inspection,ul.level0.slayouts-menu > li > ul.sview-inul > li.sview-row > ul > li > a,https://www.mobilesentrix.ca/replacement-parts/samsung/galaxy-a-series/a32-5g-a326,False,False,2026-09-07T04:46:44+00:00,,,,,,same_name_different_url
MobileSentrix Canada,https://www.mobilesentrix.ca/,Samsung,,2,click,A Series,,3,dom-inspection,A31 (A315 / 2020),https://www.mobilesentrix.ca/replacement-parts/samsung/galaxy-a-series/a31-a315-2020,49,1,49,3,dom-inspection,ul.level0.slayouts-menu > li > ul.sview-inul > li.sview-row > ul > li > a,https://www.mobilesentrix.ca/replacement-parts/samsung/galaxy-a-series/a31-a315-2020,False,False,2026-09-07T04:46:44+00:00,,,,,,same_name_different_url
MobileSentrix Canada,https://www.mobilesentrix.ca/,Samsung,,2,click,A Series,,3,dom-inspection,A30 (A305 / 2019),https://www.mobilesentrix.ca/replacement-parts/samsung/galaxy-a-series/a30-a305-2019,51,1,51,3,dom-inspection,ul.level0.slayouts-menu > li > ul.sview-inul > li.sview-row > ul > li > a,https://www.mobilesentrix.ca/replacement-parts/samsung/galaxy-a-series/a30-a305-2019,False,False,2026-09-07T04:46:44+00:00,,,,,,same_name_different_url
MobileSentrix Canada,https://www.mobilesentrix.ca/,Samsung,,2,click,A Series,,3,dom-inspection,A3 (A310 / 2016),https://www.mobilesentrix.ca/replacement-parts/samsung/galaxy-a-series/a310,53,1,53,3,dom-inspection,ul.level0.slayouts-menu > li > ul.sview-inul > li.sview-row > ul > li > a,https://www.mobilesentrix.ca/replacement-parts/samsung/galaxy-a-series/a310,False,False,2026-09-07T04:46:44+00:00,,,,,,same_name_different_url
MobileSentrix Canada,https://www.mobilesentrix.ca/,Samsung,,2,click,A Series,,3,dom-inspection,A26 5G (A266 / 2025),https://www.mobilesentrix.ca/replacement-parts/samsung/galaxy-a-series/a26-5g-a266-2024,56,1,56,3,dom-inspection,ul.level0.slayouts-menu > li > ul.sview-inul > li.sview-row > ul > li > a,https://www.mobilesentrix.ca/replacement-parts/samsung/galaxy-a-series/a26-5g-a266-2024,False,False,2026-09-07T04:46:44+00:00,,,,,,same_name_different_url
MobileSentrix Canada,https://www.mobilesentrix.ca/,Samsung,,2,click,A Series,,3,dom-inspection,A25 5G (A256 / 2023),https://www.mobilesentrix.ca/replacement-parts/samsung/galaxy-a-series/a25-5g-a256-2023,57,1,57,3,dom-inspection,ul.level0.slayouts-menu > li > ul.sview-inul > li.sview-row > ul > li > a,https://www.mobilesentrix.ca/replacement-parts/samsung/galaxy-a-series/a25-5g-a256-2023,False,False,2026-09-07T04:46:44+00:00,,,,,,same_name_different_url
MobileSentrix Canada,https://www.mobilesentrix.ca/,Samsung,,2,click,A Series,,3,dom-inspection,A22 5G (A226 / 2021),https://www.mobilesentrix.ca/replacement-parts/samsung/galaxy-a-series/galaxy-a22-5g-a226-2021,61,1,61,3,dom-inspection,ul.level0.slayouts-menu > li > ul.sview-inul > li.sview-row > ul > li > a,https://www.mobilesentrix.ca/replacement-parts/samsung/galaxy-a-series/galaxy-a22-5g-a226-2021,False,False,2026-09-07T04:46:44+00:00,,,,,,same_name_different_url
MobileSentrix Canada,https://www.mobilesentrix.ca/,Samsung,,2,click,A Series,,3,dom-inspection,A17 5G (A176 / 2025),https://www.mobilesentrix.ca/replacement-parts/samsung/galaxy-a-series/a17-5g-a176-2025,68,1,68,3,dom-inspection,ul.level0.slayouts-menu > li > ul.sview-inul > li.sview-row > ul > li > a,https://www.mobilesentrix.ca/replacement-parts/samsung/galaxy-a-series/a17-5g-a176-2025,False,False,2026-09-07T04:46:44+00:00,,,,,,same_name_different_url
MobileSentrix Canada,https://www.mobilesentrix.ca/,Samsung,,2,click,A Series,,3,dom-inspection,A16 5G (A166 / 2024),https://www.mobilesentrix.ca/replacement-parts/samsung/galaxy-a-series/a16-5g-a166-2024,70,1,70,3,dom-inspection,ul.level0.slayouts-menu > li > ul.sview-inul > li.sview-row > ul > li > a,https://www.mobilesentrix.ca/replacement-parts/samsung/galaxy-a-series/a16-5g-a166-2024,False,False,2026-09-07T04:46:44+00:00,,,,,,same_name_different_url
MobileSentrix Canada,https://www.mobilesentrix.ca/,Samsung,,2,click,A Series,,3,dom-inspection,A15 5G (A156 / 2023),https://www.mobilesentrix.ca/replacement-parts/samsung/galaxy-a-series/a15-5g-a156-2023,72,1,72,3,dom-inspection,ul.level0.slayouts-menu > li > ul.sview-inul > li.sview-row > ul > li > a,https://www.mobilesentrix.ca/replacement-parts/samsung/galaxy-a-series/a15-5g-a156-2023,False,False,2026-09-07T04:46:44+00:00,,,,,,same_name_different_url
MobileSentrix Canada,https://www.mobilesentrix.ca/,Samsung,,2,click,A Series,,3,dom-inspection,A14 5G (A146 / 2023),https://www.mobilesentrix.ca/replacement-parts/samsung/galaxy-a-series/a14-5g-a146-2023,74,1,74,3,dom-inspection,ul.level0.slayouts-menu > li > ul.sview-inul > li.sview-row > ul > li > a,https://www.mobilesentrix.ca/replacement-parts/samsung/galaxy-a-series/a14-5g-a146-2023,False,False,2026-09-07T04:46:44+00:00,,,,,,same_name_different_url
MobileSentrix Canada,https://www.mobilesentrix.ca/,Samsung,,2,click,A Series,,3,dom-inspection,A13 5G (A136 / 2021),https://www.mobilesentrix.ca/replacement-parts/samsung/galaxy-a-series/a13-5g-a136u-2021,77,1,77,3,dom-inspection,ul.level0.slayouts-menu > li > ul.sview-inul > li.sview-row > ul > li > a,https://www.mobilesentrix.ca/replacement-parts/samsung/galaxy-a-series/a13-5g-a136u-2021,False,False,2026-09-07T04:46:44+00:00,,,,,,same_name_different_url
MobileSentrix Canada,https://www.mobilesentrix.ca/,Samsung,,2,click,A Series,,3,dom-inspection,A12 Nacho (A127 / 2021),https://www.mobilesentrix.ca/replacement-parts/samsung/galaxy-a-series/galaxy-a12-nacho-a127-2021,79,1,79,3,dom-inspection,ul.level0.slayouts-menu > li > ul.sview-inul > li.sview-row > ul > li > a,https://www.mobilesentrix.ca/replacement-parts/samsung/galaxy-a-series/galaxy-a12-nacho-a127-2021,False,False,2026-09-07T04:46:44+00:00,,,,,,same_name_different_url
MobileSentrix Canada,https://www.mobilesentrix.ca/,Samsung,,2,click,A Series,,3,dom-inspection,A07 5G (A076 / 2026),https://www.mobilesentrix.ca/replacement-parts/samsung/galaxy-a-series/a07-5g-a076-2026,85,1,85,3,dom-inspection,ul.level0.slayouts-menu > li > ul.sview-inul > li.sview-row > ul > li > a,https://www.mobilesentrix.ca/replacement-parts/samsung/galaxy-a-series/a07-5g-a076-2026,False,False,2026-09-07T04:46:44+00:00,,,,,,same_name_different_url
MobileSentrix Canada,https://www.mobilesentrix.ca/,Samsung,,2,click,A Series,,3,dom-inspection,A05S (A057 / 2023),https://www.mobilesentrix.ca/replacement-parts/samsung/galaxy-a-series/a05s-2023,89,1,89,3,dom-inspection,ul.level0.slayouts-menu > li > ul.sview-inul > li.sview-row > ul > li > a,https://www.mobilesentrix.ca/replacement-parts/samsung/galaxy-a-series/a05s-2023,False,False,2026-09-07T04:46:44+00:00,,,,,,same_name_different_url
MobileSentrix Canada,https://www.mobilesentrix.ca/,Samsung,,2,click,A Series,,3,dom-inspection,A03s (A037 / 2021),https://www.mobilesentrix.ca/replacement-parts/samsung/galaxy-a-series/galaxy-a03s,94,1,94,3,dom-inspection,ul.level0.slayouts-menu > li > ul.sview-inul > li.sview-row > ul > li > a,https://www.mobilesentrix.ca/replacement-parts/samsung/galaxy-a-series/galaxy-a03s,False,False,2026-09-07T04:46:44+00:00,,,,,,same_name_different_url
MobileSentrix Canada,https://www.mobilesentrix.ca/,Samsung,,2,click,A Series,,3,dom-inspection,A02s (A025 / 2020),https://www.mobilesentrix.ca/replacement-parts/samsung/galaxy-a-series/a02-2020,97,1,97,3,dom-inspection,ul.level0.slayouts-menu > li > ul.sview-inul > li.sview-row > ul > li > a,https://www.mobilesentrix.ca/replacement-parts/samsung/galaxy-a-series/a02-2020,False,False,2026-09-07T04:46:44+00:00,,,,,,same_name_different_url
MobileSentrix Canada,https://www.mobilesentrix.ca/,Samsung,,2,click,J Series,,5,dom-inspection,J8 (J810 / 2018),https://www.mobilesentrix.ca/replacement-parts/samsung/galaxy-j-series/galaxy-j8-j810-2018,2,1,2,3,dom-inspection,ul.level0.slayouts-menu > li > ul.sview-inul > li.sview-row > ul > li > a,https://www.mobilesentrix.ca/replacement-parts/samsung/galaxy-j-series/galaxy-j8-j810-2018,False,False,2026-09-07T04:46:44+00:00,,,,,,same_name_different_url
MobileSentrix Canada,https://www.mobilesentrix.ca/,Samsung,,2,click,J Series,,5,dom-inspection,J7 Pro (J730 / 2017),https://www.mobilesentrix.ca/replacement-parts/samsung/galaxy-j-series/galaxy-j7-pro-j730-2017,4,1,4,3,dom-inspection,ul.level0.slayouts-menu > li > ul.sview-inul > li.sview-row > ul > li > a,https://www.mobilesentrix.ca/replacement-parts/samsung/galaxy-j-series/galaxy-j7-pro-j730-2017,False,False,2026-09-07T04:46:44+00:00,,,,,,same_name_different_url
MobileSentrix Canada,https://www.mobilesentrix.ca/,Samsung,,2,click,J Series,,5,dom-inspection,J7 Prime (G610 / 2016),https://www.mobilesentrix.ca/replacement-parts/samsung/galaxy-j-series/samsung-galaxy-j7-prime-g610,5,1,5,3,dom-inspection,ul.level0.slayouts-menu > li > ul.sview-inul > li.sview-row > ul > li > a,https://www.mobilesentrix.ca/replacement-parts/samsung/galaxy-j-series/samsung-galaxy-j7-prime-g610,False,False,2026-09-07T04:46:44+00:00,,,,,,same_name_different_url
MobileSentrix Canada,https://www.mobilesentrix.ca/,Samsung,,2,click,J Series,,5,dom-inspection,J7 (J727 / 2017),https://www.mobilesentrix.ca/replacement-parts/samsung/galaxy-j-series/samsung-galaxy-j7,6,1,6,3,dom-inspection,ul.level0.slayouts-menu > li > ul.sview-inul > li.sview-row > ul > li > a,https://www.mobilesentrix.ca/replacement-parts/samsung/galaxy-j-series/samsung-galaxy-j7,False,False,2026-09-07T04:46:44+00:00,,,,,,same_name_different_url
MobileSentrix Canada,https://www.mobilesentrix.ca/,Samsung,,2,click,J Series,,5,dom-inspection,J7 (J700 / 2015),https://www.mobilesentrix.ca/replacement-parts/samsung/galaxy-j-series/samsung-galaxy-j7-j700,9,1,9,3,dom-inspection,ul.level0.slayouts-menu > li > ul.sview-inul > li.sview-row > ul > li > a,https://www.mobilesentrix.ca/replacement-parts/samsung/galaxy-j-series/samsung-galaxy-j7-j700,False,False,2026-09-07T04:46:44+00:00,,,,,,same_name_different_url
MobileSentrix Canada,https://www.mobilesentrix.ca/,Samsung,,2,click,J Series,,5,dom-inspection,J4 (J400 / 2018),https://www.mobilesentrix.ca/replacement-parts/samsung/galaxy-j-series/galaxy-j4-j400-2018,17,1,17,3,dom-inspection,ul.level0.slayouts-menu > li > ul.sview-inul > li.sview-row > ul > li > a,https://www.mobilesentrix.ca/replacement-parts/samsung/galaxy-j-series/galaxy-j4-j400-2018,False,False,2026-09-07T04:46:44+00:00,,,,,,same_name_different_url
MobileSentrix Canada,https://www.mobilesentrix.ca/,Samsung,,2,click,J Series,,5,dom-inspection,J3 (J320 / 2016),https://www.mobilesentrix.ca/replacement-parts/samsung/galaxy-j-series/samsung-galaxy-j3-2016-j320,21,1,21,3,dom-inspection,ul.level0.slayouts-menu > li > ul.sview-inul > li.sview-row > ul > li > a,https://www.mobilesentrix.ca/replacement-parts/samsung/galaxy-j-series/samsung-galaxy-j3-2016-j320,False,False,2026-09-07T04:46:44+00:00,,,,,,same_name_different_url
MobileSentrix Canada,https://www.mobilesentrix.ca/,Samsung,,2,click,J Series,,5,dom-inspection,J2 (J200 / 2015),https://www.mobilesentrix.ca/replacement-parts/samsung/galaxy-j-series/galaxy-j2-j200-2015,24,1,24,3,dom-inspection,ul.level0.slayouts-menu > li > ul.sview-inul > li.sview-row > ul > li > a,https://www.mobilesentrix.ca/replacement-parts/samsung/galaxy-j-series/galaxy-j2-j200-2015,False,False,2026-09-07T04:46:44+00:00,,,,,,same_name_different_url
MobileSentrix Canada,https://www.mobilesentrix.ca/,Samsung,,2,click,J Series,,5,dom-inspection,J1 Ace (J110 / 2016),https://www.mobilesentrix.ca/replacement-parts/samsung/galaxy-j-series/samsung-galaxy-j1-ace-j110,25,1,25,3,dom-inspection,ul.level0.slayouts-menu > li > ul.sview-inul > li.sview-row > ul > li > a,https://www.mobilesentrix.ca/replacement-parts/samsung/galaxy-j-series/samsung-galaxy-j1-ace-j110,False,False,2026-09-07T04:46:44+00:00,,,,,,same_name_different_url
MobileSentrix Canada,https://www.mobilesentrix.ca/,Samsung,,2,click,Tab A Series,,6,dom-inspection,"Tab A7 10.4"" (2020)",https://www.mobilesentrix.ca/replacement-parts/samsung/tab-a-series/galaxy-tab-a7-10-4,8,1,8,3,dom-inspection,ul.level0.slayouts-menu > li > ul.sview-inul > li.sview-row > ul > li > a,https://www.mobilesentrix.ca/replacement-parts/samsung/tab-a-series/galaxy-tab-a7-10-4,False,False,2026-09-07T04:46:44+00:00,,,,,,same_name_different_url
MobileSentrix Canada,https://www.mobilesentrix.ca/,Samsung,,2,click,Tab A Series,,6,dom-inspection,"Tab A 8.4"" (2020)",https://www.mobilesentrix.ca/replacement-parts/samsung/tab-a-series/galaxy-tab-a-8-4,9,1,9,3,dom-inspection,ul.level0.slayouts-menu > li > ul.sview-inul > li.sview-row > ul > li > a,https://www.mobilesentrix.ca/replacement-parts/samsung/tab-a-series/galaxy-tab-a-8-4,False,False,2026-09-07T04:46:44+00:00,,,,,,same_name_different_url
MobileSentrix Canada,https://www.mobilesentrix.ca/,Samsung,,2,click,Tab A Series,,6,dom-inspection,"Tab A 10.1"" (2019)",https://www.mobilesentrix.ca/replacement-parts/samsung/tab-a-series/galaxy-tab-a-10-1-t510-t515-2019,10,1,10,3,dom-inspection,ul.level0.slayouts-menu > li > ul.sview-inul > li.sview-row > ul > li > a,https://www.mobilesentrix.ca/replacement-parts/samsung/tab-a-series/galaxy-tab-a-10-1-t510-t515-2019,False,False,2026-09-07T04:46:44+00:00,,,,,,same_name_different_url
MobileSentrix Canada,https://www.mobilesentrix.ca/,Samsung,,2,click,Tab A Series,,6,dom-inspection,"Tab A 8.0"" (2018)",https://www.mobilesentrix.ca/replacement-parts/samsung/tab-a-series/galaxy-tab-a-8-0-2018-t387w-t387v,13,1,13,3,dom-inspection,ul.level0.slayouts-menu > li > ul.sview-inul > li.sview-row > ul > li > a,https://www.mobilesentrix.ca/replacement-parts/samsung/tab-a-series/galaxy-tab-a-8-0-2018-t387w-t387v,False,False,2026-09-07T04:46:44+00:00,,,,,,same_name_different_url
MobileSentrix Canada,https://www.mobilesentrix.ca/,Samsung,,2,click,Tab Series,,9,dom-inspection,"Tab 4 7.0"" (2014)",https://www.mobilesentrix.ca/replacement-parts/samsung/tab-series/galaxy-tab-series/galaxy-tab-4-7-0,4,1,4,3,dom-inspection,ul.level0.slayouts-menu > li > ul.sview-inul > li.sview-row > ul > li > a,https://www.mobilesentrix.ca/replacement-parts/samsung/tab-series/galaxy-tab-series/galaxy-tab-4-7-0,False,False,2026-09-07T04:46:44+00:00,,,,,,same_name_different_url
MobileSentrix Canada,https://www.mobilesentrix.ca/,Samsung,,2,click,Core Series,,14,dom-inspection,Galaxy Core Prime,https://www.mobilesentrix.ca/replacement-parts/samsung/core-series/galaxy-core-prime,3,1,3,3,dom-inspection,ul.level0.slayouts-menu > li > ul.sview-inul > li.sview-row > ul > li > a,https://www.mobilesentrix.ca/replacement-parts/samsung/core-series/galaxy-core-prime,False,False,2026-09-07T04:46:44+00:00,,,,,,same_name_different_url
MobileSentrix Canada,https://www.mobilesentrix.ca/,Google,,4,click,Pixel,,1,dom-inspection,Pixel 10a,https://www.mobilesentrix.ca/replacement-parts/google-pixel/pixel/pixel-10a,1,1,1,3,dom-inspection,ul.level0.slayouts-menu > li > ul.sview-inul > li.sview-row > ul > li > a.nlabel-f,https://www.mobilesentrix.ca/replacement-parts/google-pixel/pixel/pixel-10a,False,False,2026-09-07T04:46:44+00:00,,,,,,same_name_different_url
MobileSentrix Canada,https://www.mobilesentrix.ca/,Google,,4,click,Pixel,,1,dom-inspection,Pixel 10 Pro XL,https://www.mobilesentrix.ca/replacement-parts/google-pixel/pixel/pixel-10-pro-xl,3,1,3,3,dom-inspection,ul.level0.slayouts-menu > li > ul.sview-inul > li.sview-row > ul > li > a.nlabel-f,https://www.mobilesentrix.ca/replacement-parts/google-pixel/pixel/pixel-10-pro-xl,False,False,2026-09-07T04:46:44+00:00,,,,,,same_name_different_url
MobileSentrix Canada,https://www.mobilesentrix.ca/,Google,,4,click,Pixel,,1,dom-inspection,Pixel 10 Pro,https://www.mobilesentrix.ca/replacement-parts/google-pixel/pixel/pixel-10-pro,4,1,4,3,dom-inspection,ul.level0.slayouts-menu > li > ul.sview-inul > li.sview-row > ul > li > a.nlabel-f,https://www.mobilesentrix.ca/replacement-parts/google-pixel/pixel/pixel-10-pro,False,False,2026-09-07T04:46:44+00:00,,,,,,same_name_different_url
MobileSentrix Canada,https://www.mobilesentrix.ca/,Google,,4,click,Pixel,,1,dom-inspection,Pixel 10,https://www.mobilesentrix.ca/replacement-parts/google-pixel/pixel/pixel-10,5,1,5,3,dom-inspection,ul.level0.slayouts-menu > li > ul.sview-inul > li.sview-row > ul > li > a.nlabel-f,https://www.mobilesentrix.ca/replacement-parts/google-pixel/pixel/pixel-10,False,False,2026-09-07T04:46:44+00:00,,,,,,same_name_different_url
MobileSentrix Canada,https://www.mobilesentrix.ca/,Google,,4,click,Pixel,,1,dom-inspection,Pixel 9a,https://www.mobilesentrix.ca/replacement-parts/google-pixel/pixel/pixel-9a,6,1,6,3,dom-inspection,ul.level0.slayouts-menu > li > ul.sview-inul > li.sview-row > ul > li > a,https://www.mobilesentrix.ca/replacement-parts/google-pixel/pixel/pixel-9a,False,False,2026-09-07T04:46:44+00:00,,,,,,same_name_different_url
MobileSentrix Canada,https://www.mobilesentrix.ca/,Google,,4,click,Pixel,,1,dom-inspection,Pixel 9 Pro XL,https://www.mobilesentrix.ca/replacement-parts/google-pixel/pixel/pixel-9-pro-xl,7,1,7,3,dom-inspection,ul.level0.slayouts-menu > li > ul.sview-inul > li.sview-row > ul > li > a,https://www.mobilesentrix.ca/replacement-parts/google-pixel/pixel/pixel-9-pro-xl,False,False,2026-09-07T04:46:44+00:00,,,,,,same_name_different_url
MobileSentrix Canada,https://www.mobilesentrix.ca/,Google,,4,click,Pixel,,1,dom-inspection,Pixel 9 Pro,https://www.mobilesentrix.ca/replacement-parts/google-pixel/pixel/pixel-9-pro,9,1,9,3,dom-inspection,ul.level0.slayouts-menu > li > ul.sview-inul > li.sview-row > ul > li > a,https://www.mobilesentrix.ca/replacement-parts/google-pixel/pixel/pixel-9-pro,False,False,2026-09-07T04:46:44+00:00,,,,,,same_name_different_url
MobileSentrix Canada,https://www.mobilesentrix.ca/,Google,,4,click,Pixel,,1,dom-inspection,Pixel 9,https://www.mobilesentrix.ca/replacement-parts/google-pixel/pixel/pixel-9,10,1,10,3,dom-inspection,ul.level0.slayouts-menu > li > ul.sview-inul > li.sview-row > ul > li > a,https://www.mobilesentrix.ca/replacement-parts/google-pixel/pixel/pixel-9,False,False,2026-09-07T04:46:44+00:00,,,,,,same_name_different_url
MobileSentrix Canada,https://www.mobilesentrix.ca/,Google,,4,click,Pixel,,1,dom-inspection,Pixel 8a,https://www.mobilesentrix.ca/replacement-parts/google-pixel/pixel/pixel-8a,11,1,11,3,dom-inspection,ul.level0.slayouts-menu > li > ul.sview-inul > li.sview-row > ul > li > a,https://www.mobilesentrix.ca/replacement-parts/google-pixel/pixel/pixel-8a,False,False,2026-09-07T04:46:44+00:00,,,,,,same_name_different_url
MobileSentrix Canada,https://www.mobilesentrix.ca/,Google,,4,click,Pixel,,1,dom-inspection,Pixel 8 Pro,https://www.mobilesentrix.ca/replacement-parts/google-pixel/pixel/pixel-8-pro,12,1,12,3,dom-inspection,ul.level0.slayouts-menu > li > ul.sview-inul > li.sview-row > ul > li > a,https://www.mobilesentrix.ca/replacement-parts/google-pixel/pixel/pixel-8-pro,False,False,2026-09-07T04:46:44+00:00,,,,,,same_name_different_url
MobileSentrix Canada,https://www.mobilesentrix.ca/,Google,,4,click,Pixel,,1,dom-inspection,Pixel 8,https://www.mobilesentrix.ca/replacement-parts/google-pixel/pixel/pixel-8,13,1,13,3,dom-inspection,ul.level0.slayouts-menu > li > ul.sview-inul > li.sview-row > ul > li > a,https://www.mobilesentrix.ca/replacement-parts/google-pixel/pixel/pixel-8,False,False,2026-09-07T04:46:44+00:00,,,,,,same_name_different_url
MobileSentrix Canada,https://www.mobilesentrix.ca/,Google,,4,click,Pixel,,1,dom-inspection,Pixel 7a,https://www.mobilesentrix.ca/replacement-parts/google-pixel/pixel/pixel-7a,15,1,15,3,dom-inspection,ul.level0.slayouts-menu > li > ul.sview-inul > li.sview-row > ul > li > a,https://www.mobilesentrix.ca/replacement-parts/google-pixel/pixel/pixel-7a,False,False,2026-09-07T04:46:44+00:00,,,,,,same_name_different_url
MobileSentrix Canada,https://www.mobilesentrix.ca/,Google,,4,click,Pixel,,1,dom-inspection,Pixel 7 Pro,https://www.mobilesentrix.ca/replacement-parts/google-pixel/pixel/pixel-7-pro,16,1,16,3,dom-inspection,ul.level0.slayouts-menu > li > ul.sview-inul > li.sview-row > ul > li > a,https://www.mobilesentrix.ca/replacement-parts/google-pixel/pixel/pixel-7-pro,False,False,2026-09-07T04:46:44+00:00,,,,,,same_name_different_url
MobileSentrix Canada,https://www.mobilesentrix.ca/,Google,,4,click,Pixel,,1,dom-inspection,Pixel 7,https://www.mobilesentrix.ca/replacement-parts/google-pixel/pixel/pixel-7,17,1,17,3,dom-inspection,ul.level0.slayouts-menu > li > ul.sview-inul > li.sview-row > ul > li > a,https://www.mobilesentrix.ca/replacement-parts/google-pixel/pixel/pixel-7,False,False,2026-09-07T04:46:44+00:00,,,,,,same_name_different_url
MobileSentrix Canada,https://www.mobilesentrix.ca/,Google,,4,click,Pixel,,1,dom-inspection,Pixel 6a,https://www.mobilesentrix.ca/replacement-parts/google-pixel/pixel/pixel-6a,18,1,18,3,dom-inspection,ul.level0.slayouts-menu > li > ul.sview-inul > li.sview-row > ul > li > a,https://www.mobilesentrix.ca/replacement-parts/google-pixel/pixel/pixel-6a,False,False,2026-09-07T04:46:44+00:00,,,,,,same_name_different_url
MobileSentrix Canada,https://www.mobilesentrix.ca/,Google,,4,click,Pixel,,1,dom-inspection,Pixel 6 Pro,https://www.mobilesentrix.ca/replacement-parts/google-pixel/pixel/pixel-6-pro,19,1,19,3,dom-inspection,ul.level0.slayouts-menu > li > ul.sview-inul > li.sview-row > ul > li > a,https://www.mobilesentrix.ca/replacement-parts/google-pixel/pixel/pixel-6-pro,False,False,2026-09-07T04:46:44+00:00,,,,,,same_name_different_url
MobileSentrix Canada,https://www.mobilesentrix.ca/,Google,,4,click,Pixel,,1,dom-inspection,Pixel 6,https://www.mobilesentrix.ca/replacement-parts/google-pixel/pixel/pixel-6,20,1,20,3,dom-inspection,ul.level0.slayouts-menu > li > ul.sview-inul > li.sview-row > ul > li > a,https://www.mobilesentrix.ca/replacement-parts/google-pixel/pixel/pixel-6,False,False,2026-09-07T04:46:44+00:00,,,,,,same_name_different_url
MobileSentrix Canada,https://www.mobilesentrix.ca/,Google,,4,click,Pixel,,1,dom-inspection,Pixel 4 XL,https://www.mobilesentrix.ca/replacement-parts/google-pixel/pixel/google-pixel-4-xl,25,1,25,3,dom-inspection,ul.level0.slayouts-menu > li > ul.sview-inul > li.sview-row > ul > li > a,https://www.mobilesentrix.ca/replacement-parts/google-pixel/pixel/google-pixel-4-xl,False,False,2026-09-07T04:46:44+00:00,,,,,,same_name_different_url
MobileSentrix Canada,https://www.mobilesentrix.ca/,Google,,4,click,Pixel,,1,dom-inspection,Pixel 3a XL,https://www.mobilesentrix.ca/replacement-parts/google-pixel/pixel/google-pixel-3a-xl,27,1,27,3,dom-inspection,ul.level0.slayouts-menu > li > ul.sview-inul > li.sview-row > ul > li > a,https://www.mobilesentrix.ca/replacement-parts/google-pixel/pixel/google-pixel-3a-xl,False,False,2026-09-07T04:46:44+00:00,,,,,,same_name_different_url
MobileSentrix Canada,https://www.mobilesentrix.ca/,Google,,4,click,Pixel,,1,dom-inspection,Pixel 3a,https://www.mobilesentrix.ca/replacement-parts/google-pixel/pixel/google-pixel-3a,28,1,28,3,dom-inspection,ul.level0.slayouts-menu > li > ul.sview-inul > li.sview-row > ul > li > a,https://www.mobilesentrix.ca/replacement-parts/google-pixel/pixel/google-pixel-3a,False,False,2026-09-07T04:46:44+00:00,,,,,,same_name_different_url
MobileSentrix Canada,https://www.mobilesentrix.ca/,Google,,4,click,Pixel,,1,dom-inspection,Pixel 3 XL,https://www.mobilesentrix.ca/replacement-parts/google-pixel/pixel/google-pixel-3-xl-6-3,29,1,29,3,dom-inspection,ul.level0.slayouts-menu > li > ul.sview-inul > li.sview-row > ul > li > a,https://www.mobilesentrix.ca/replacement-parts/google-pixel/pixel/google-pixel-3-xl-6-3,False,False,2026-09-07T04:46:44+00:00,,,,,,same_name_different_url
MobileSentrix Canada,https://www.mobilesentrix.ca/,Google,,4,click,Pixel,,1,dom-inspection,Pixel 3,https://www.mobilesentrix.ca/replacement-parts/google-pixel/pixel/google-pixel-3-5-5,30,1,30,3,dom-inspection,ul.level0.slayouts-menu > li > ul.sview-inul > li.sview-row > ul > li > a,https://www.mobilesentrix.ca/replacement-parts/google-pixel/pixel/google-pixel-3-5-5,False,False,2026-09-07T04:46:44+00:00,,,,,,same_name_different_url
MobileSentrix Canada,https://www.mobilesentrix.ca/,Google,,4,click,Pixel,,1,dom-inspection,Pixel 2 XL,https://www.mobilesentrix.ca/replacement-parts/google-pixel/pixel/google-pixel-2-xl,31,1,31,3,dom-inspection,ul.level0.slayouts-menu > li > ul.sview-inul > li.sview-row > ul > li > a,https://www.mobilesentrix.ca/replacement-parts/google-pixel/pixel/google-pixel-2-xl,False,False,2026-09-07T04:46:44+00:00,,,,,,same_name_different_url
MobileSentrix Canada,https://www.mobilesentrix.ca/,Google,,4,click,Pixel,,1,dom-inspection,Pixel 2,https://www.mobilesentrix.ca/replacement-parts/google-pixel/pixel/google-pixel-2,32,1,32,3,dom-inspection,ul.level0.slayouts-menu > li > ul.sview-inul > li.sview-row > ul > li > a,https://www.mobilesentrix.ca/replacement-parts/google-pixel/pixel/google-pixel-2,False,False,2026-09-07T04:46:44+00:00,,,,,,same_name_different_url
MobileSentrix Canada,https://www.mobilesentrix.ca/,Google,,4,click,Pixel,,1,dom-inspection,Pixel XL,https://www.mobilesentrix.ca/replacement-parts/google-pixel/pixel/pixel-5-5,33,1,33,3,dom-inspection,ul.level0.slayouts-menu > li > ul.sview-inul > li.sview-row > ul > li > a,https://www.mobilesentrix.ca/replacement-parts/google-pixel/pixel/pixel-5-5,False,False,2026-09-07T04:46:44+00:00,,,,,,same_name_different_url
MobileSentrix Canada,https://www.mobilesentrix.ca/,Xiaomi,,5,click,Redmi Series,,3,dom-inspection,Redmi 10,https://www.mobilesentrix.ca/replacement-parts/others-brands-parts/xiaomi/xiaomi-redmi-series/redmi-10,31,1,31,3,dom-inspection,ul.level0.slayouts-menu > li > ul.sview-inul > li.sview-row > ul > li > a,https://www.mobilesentrix.ca/replacement-parts/others-brands-parts/xiaomi/xiaomi-redmi-series/redmi-10,False,False,2026-09-07T04:46:44+00:00,,,,,,same_name_different_url
MobileSentrix Canada,https://www.mobilesentrix.ca/,Xiaomi,,5,click,Redmi Series,,3,dom-inspection,Redmi 10,https://www.mobilesentrix.ca/replacement-parts/others-brands-parts/xiaomi/xiaomi-redmi-series/redmi-10-2021,32,1,32,3,dom-inspection,ul.level0.slayouts-menu > li > ul.sview-inul > li.sview-row > ul > li > a,https://www.mobilesentrix.ca/replacement-parts/others-brands-parts/xiaomi/xiaomi-redmi-series/redmi-10-2021,False,False,2026-09-07T04:46:44+00:00,,,,,,same_name_different_url
MobileSentrix Canada,https://www.mobilesentrix.ca/,Xiaomi,,5,click,Redmi Note Series,,6,dom-inspection,Redmi Note 10 Pro 5G,https://www.mobilesentrix.ca/replacement-parts/others-brands-parts/xiaomi/redmi-note-series/redmi-note-10-pro-5g,43,1,43,3,dom-inspection,ul.level0.slayouts-menu > li > ul.sview-inul > li.sview-row > ul > li > a,https://www.mobilesentrix.ca/replacement-parts/others-brands-parts/xiaomi/redmi-note-series/redmi-note-10-pro-5g,False,False,2026-09-07T04:46:44+00:00,,,,,,same_name_different_url
MobileSentrix Canada,https://www.mobilesentrix.ca/,Xiaomi,,5,click,Redmi Note Series,,6,dom-inspection,Redmi Note 10 Pro 5G,https://www.mobilesentrix.ca/replacement-parts/others-brands-parts/xiaomi/redmi-note-series/redmi-note-10-pro,44,1,44,3,dom-inspection,ul.level0.slayouts-menu > li > ul.sview-inul > li.sview-row > ul > li > a,https://www.mobilesentrix.ca/replacement-parts/others-brands-parts/xiaomi/redmi-note-series/redmi-note-10-pro,False,False,2026-09-07T04:46:44+00:00,,,,,,same_name_different_url
MobileSentrix Canada,https://www.mobilesentrix.ca/,Xiaomi,,5,click,Redmi Note Series,,6,dom-inspection,Redmi Note 9T,https://www.mobilesentrix.ca/replacement-parts/others-brands-parts/xiaomi/redmi-note-series/redmi-note-9t,53,1,53,3,dom-inspection,ul.level0.slayouts-menu > li > ul.sview-inul > li.sview-row > ul > li > a,https://www.mobilesentrix.ca/replacement-parts/others-brands-parts/xiaomi/redmi-note-series/redmi-note-9t,False,True,2026-09-07T04:46:44+00:00,,,,,,exact
MobileSentrix Canada,https://www.mobilesentrix.ca/,Xiaomi,,5,click,Redmi Note Series,,6,dom-inspection,Redmi Note 9T,https://www.mobilesentrix.ca/replacement-parts/others-brands-parts/xiaomi/redmi-note-series/redmi-note-9t,54,1,54,3,dom-inspection,ul.level0.slayouts-menu > li > ul.sview-inul > li.sview-row > ul > li > a,https://www.mobilesentrix.ca/replacement-parts/others-brands-parts/xiaomi/redmi-note-series/redmi-note-9t,False,True,2026-09-07T04:46:44+00:00,,,,,,exact
MobileSentrix Canada,https://www.mobilesentrix.ca/,Other Parts,,6,click,Asus,,3,dom-inspection,ZenFone 3 Max,https://www.mobilesentrix.ca/replacement-parts/others-brands-parts/asus-zenfone/zenfone-series/asus-zenfone-3-max,21,1,21,3,dom-inspection,ul.level0.slayouts-menu > li > ul.sview-inul > li.sview-row.no-responsive-margin > ul > li > a,https://www.mobilesentrix.ca/replacement-parts/others-brands-parts/asus-zenfone/zenfone-series/asus-zenfone-3-max,False,False,2026-09-07T04:46:44+00:00,,,,,,same_name_different_url
MobileSentrix Canada,https://www.mobilesentrix.ca/,Other Parts,,6,click,Asus,,3,dom-inspection,ZenFone 3 Max,https://www.mobilesentrix.ca/replacement-parts/others-brands-parts/asus-zenfone/zenfone-series/asus-zenfone-3-max-5-2,22,1,22,3,dom-inspection,ul.level0.slayouts-menu > li > ul.sview-inul > li.sview-row.no-responsive-margin > ul > li > a,https://www.mobilesentrix.ca/replacement-parts/others-brands-parts/asus-zenfone/zenfone-series/asus-zenfone-3-max-5-2,False,False,2026-09-07T04:46:44+00:00,,,,,,same_name_different_url
MobileSentrix Canada,https://www.mobilesentrix.ca/,Other Parts,,6,click,LG,,20,dom-inspection,V30,https://www.mobilesentrix.ca/replacement-parts/others-brands-parts/lg/v-series/lg-v30,64,1,64,3,dom-inspection,ul.level0.slayouts-menu > li > ul.sview-inul.lg-menu-li > li.sview-row > ul > li > a,https://www.mobilesentrix.ca/replacement-parts/others-brands-parts/lg/v-series/lg-v30,False,False,2026-09-07T04:46:44+00:00,,,,,,same_name_different_url
MobileSentrix Canada,https://www.mobilesentrix.ca/,Other Parts,,6,click,LG,,20,dom-inspection,V20,https://www.mobilesentrix.ca/replacement-parts/others-brands-parts/lg/v-series/v20,66,1,66,3,dom-inspection,ul.level0.slayouts-menu > li > ul.sview-inul.lg-menu-li > li.sview-row > ul > li > a,https://www.mobilesentrix.ca/replacement-parts/others-brands-parts/lg/v-series/v20,False,False,2026-09-07T04:46:44+00:00,,,,,,same_name_different_url
MobileSentrix Canada,https://www.mobilesentrix.ca/,Other Parts,,6,click,HP,,21,dom-inspection,EliteBook 830 G6,https://www.mobilesentrix.ca/replacement-parts/others-brands-parts/hp/elitebook-series/elitebook-830-g6,7,1,7,3,dom-inspection,ul.level0.slayouts-menu > li > ul.sview-inul > li.sview-row > ul > li > a,https://www.mobilesentrix.ca/replacement-parts/others-brands-parts/hp/elitebook-series/elitebook-830-g6,False,True,2026-09-07T04:46:44+00:00,,,,,,exact
MobileSentrix Canada,https://www.mobilesentrix.ca/,Other Parts,,6,click,HP,,21,dom-inspection,EliteBook 830 G6,https://www.mobilesentrix.ca/replacement-parts/others-brands-parts/hp/elitebook-series/elitebook-830-g6,8,1,8,3,dom-inspection,ul.level0.slayouts-menu > li > ul.sview-inul > li.sview-row > ul > li > a,https://www.mobilesentrix.ca/replacement-parts/others-brands-parts/hp/elitebook-series/elitebook-830-g6,False,True,2026-09-07T04:46:44+00:00,,,,,,exact
MobileSentrix Canada,https://www.mobilesentrix.ca/,Other Parts,,6,click,Honor,,22,dom-inspection,Honor Magic6 Pro (2024),https://www.mobilesentrix.ca/replacement-parts/others-brands-parts/honor-parts/magic-v-series/honor-magic8-lite-2025,128,1,128,3,dom-inspection,ul.level0.slayouts-menu > li > ul.sview-inul > li.sview-row > ul > li > a,https://www.mobilesentrix.ca/replacement-parts/others-brands-parts/honor-parts/magic-v-series/honor-magic8-lite-2025,False,False,2026-09-07T04:46:44+00:00,,,,,,same_name_different_url
MobileSentrix Canada,https://www.mobilesentrix.ca/,Other Parts,,6,click,Honor,,22,dom-inspection,Honor Magic6 Pro (2024),https://www.mobilesentrix.ca/replacement-parts/others-brands-parts/honor-parts/magic-v-series/honor-magic-6-pro,130,1,130,3,dom-inspection,ul.level0.slayouts-menu > li > ul.sview-inul > li.sview-row > ul > li > a,https://www.mobilesentrix.ca/replacement-parts/others-brands-parts/honor-parts/magic-v-series/honor-magic-6-pro,False,False,2026-09-07T04:46:44+00:00,,,,,,same_name_different_url
MobileSentrix Canada,https://www.mobilesentrix.ca/,Other Parts,,6,click,Huawei,,24,dom-inspection,Nova P8 Lite,https://www.mobilesentrix.ca/replacement-parts/others-brands-parts/huawei/p-series/p8-lite-2017,24,1,24,3,dom-inspection,ul.level0.slayouts-menu > li > ul.sview-inul.lg-menu-li > li.sview-row > ul > li > a,https://www.mobilesentrix.ca/replacement-parts/others-brands-parts/huawei/p-series/p8-lite-2017,False,False,2026-09-07T04:46:44+00:00,,,,,,same_name_different_url
MobileSentrix Canada,https://www.mobilesentrix.ca/,Other Parts,,6,click,Huawei,,24,dom-inspection,Nova P8 Lite,https://www.mobilesentrix.ca/replacement-parts/others-brands-parts/huawei/p-series/huawei-p8-lite,25,1,25,3,dom-inspection,ul.level0.slayouts-menu > li > ul.sview-inul.lg-menu-li > li.sview-row > ul > li > a,https://www.mobilesentrix.ca/replacement-parts/others-brands-parts/huawei/p-series/huawei-p8-lite,False,False,2026-09-07T04:46:44+00:00,,,,,,same_name_different_url
MobileSentrix Canada,https://www.mobilesentrix.ca/,Other Parts,,6,click,Huawei,,24,dom-inspection,P Smart Plus (2019),https://www.mobilesentrix.ca/replacement-parts/others-brands-parts/huawei/p-smart-series/huawei-p-smart-plus-2019,33,1,33,3,dom-inspection,ul.level0.slayouts-menu > li > ul.sview-inul.lg-menu-li > li.sview-row > ul > li > a,https://www.mobilesentrix.ca/replacement-parts/others-brands-parts/huawei/p-smart-series/huawei-p-smart-plus-2019,False,False,2026-09-07T04:46:44+00:00,,,,,,same_name_different_url
MobileSentrix Canada,https://www.mobilesentrix.ca/,Other Parts,,6,click,Huawei,,24,dom-inspection,P Smart Plus (2019),https://www.mobilesentrix.ca/replacement-parts/others-brands-parts/huawei/p-smart-series/huawei-p-smart-plus-2018,34,1,34,3,dom-inspection,ul.level0.slayouts-menu > li > ul.sview-inul.lg-menu-li > li.sview-row > ul > li > a,https://www.mobilesentrix.ca/replacement-parts/others-brands-parts/huawei/p-smart-series/huawei-p-smart-plus-2018,False,False,2026-09-07T04:46:44+00:00,,,,,,same_name_different_url
MobileSentrix Canada,https://www.mobilesentrix.ca/,Other Parts,,6,click,Oppo,,35,dom-inspection,A9 (2020),https://www.mobilesentrix.ca/replacement-parts/others-brands-parts/oppo/a-series/a9,12,1,12,3,dom-inspection,ul.level0.slayouts-menu > li.r-ui-mobile > ul.sview-inul > li.sview-row > ul > li > a,https://www.mobilesentrix.ca/replacement-parts/others-brands-parts/oppo/a-series/a9,False,False,2026-09-07T04:46:44+00:00,,,,,,cross_hierarchy_url
MobileSentrix Canada,https://www.mobilesentrix.ca/,Other Parts,,6,click,Oppo,,35,dom-inspection,A9 (2019),https://www.mobilesentrix.ca/replacement-parts/others-brands-parts/oppo/a-series/a9,13,1,13,3,dom-inspection,ul.level0.slayouts-menu > li.r-ui-mobile > ul.sview-inul > li.sview-row > ul > li > a,https://www.mobilesentrix.ca/replacement-parts/others-brands-parts/oppo/a-series/a9,False,False,2026-09-07T04:46:44+00:00,,,,,,cross_hierarchy_url
MobileSentrix Canada,https://www.mobilesentrix.ca/,Other Parts,,6,click,Revvl,,38,dom-inspection,T-Mobile Revvl V+ 5G,https://www.mobilesentrix.ca/replacement-parts/others-brands-parts/revvl/t-mobile-revvl-v-5g,8,1,8,3,dom-inspection,ul.level0.slayouts-menu > li.r-ui-mobile > ul.sview-inul > li.sview-row > ul > li > a,https://www.mobilesentrix.ca/replacement-parts/others-brands-parts/revvl/t-mobile-revvl-v-5g,False,False,2026-09-07T04:46:44+00:00,,,,,,same_name_different_url
MobileSentrix Canada,https://www.mobilesentrix.ca/,Other Parts,,6,click,Revvl,,38,dom-inspection,T-Mobile Revvl 5G,https://www.mobilesentrix.ca/replacement-parts/others-brands-parts/revvl/revvl-5g,10,1,10,3,dom-inspection,ul.level0.slayouts-menu > li.r-ui-mobile > ul.sview-inul > li.sview-row > ul > li > a,https://www.mobilesentrix.ca/replacement-parts/others-brands-parts/revvl/revvl-5g,False,False,2026-09-07T04:46:44+00:00,,,,,,same_name_different_url
MobileSentrix Canada,https://www.mobilesentrix.ca/,Other Parts,,6,click,TCL,,40,dom-inspection,TCL 30 SE,https://www.mobilesentrix.ca/replacement-parts/others-brands-parts/tcl/tcl-series/tcl-30-se,20,1,20,3,dom-inspection,ul.level0.slayouts-menu > li.r-ui-mobile > ul.sview-inul > li.sview-row > ul > li > a,https://www.mobilesentrix.ca/replacement-parts/others-brands-parts/tcl/tcl-series/tcl-30-se,False,False,2026-09-07T04:46:44+00:00,,,,,,same_name_different_url
MobileSentrix Canada,https://www.mobilesentrix.ca/,Other Parts,,6,click,Vivo,,43,dom-inspection,V30,https://www.mobilesentrix.ca/replacement-parts/others-brands-parts/vivo-parts/v-series/v30,71,1,71,3,dom-inspection,ul.level0.slayouts-menu > li.r-ui-mobile > ul.sview-inul > li.sview-row > ul > li > a,https://www.mobilesentrix.ca/replacement-parts/others-brands-parts/vivo-parts/v-series/v30,False,False,2026-09-07T04:46:44+00:00,,,,,,same_name_different_url
MobileSentrix Canada,https://www.mobilesentrix.ca/,Other Parts,,6,click,Vivo,,43,dom-inspection,V20,https://www.mobilesentrix.ca/replacement-parts/others-brands-parts/vivo-parts/v-series/v20,74,1,74,3,dom-inspection,ul.level0.slayouts-menu > li.r-ui-mobile > ul.sview-inul > li.sview-row > ul > li > a,https://www.mobilesentrix.ca/replacement-parts/others-brands-parts/vivo-parts/v-series/v20,False,False,2026-09-07T04:46:44+00:00,,,,,,same_name_different_url
MobileSentrix Canada,https://www.mobilesentrix.ca/,Game Console,,7,click,Microsoft,,1,dom-inspection,Xbox Series X,https://www.mobilesentrix.ca/game-console-parts/microsoft/xbox-series-x,1,1,1,3,dom-inspection,ul.level0.slayouts-menu > li > ul.sview-inul > li.sview-row > ul > li > a,https://www.mobilesentrix.ca/game-console-parts/microsoft/xbox-series-x,False,False,2026-09-07T04:46:44+00:00,,,,,,same_name_different_url
MobileSentrix Canada,https://www.mobilesentrix.ca/,Game Console,,7,click,Microsoft,,1,dom-inspection,Xbox Series S,https://www.mobilesentrix.ca/game-console-parts/microsoft/xbox-series-s,2,1,2,3,dom-inspection,ul.level0.slayouts-menu > li > ul.sview-inul > li.sview-row > ul > li > a,https://www.mobilesentrix.ca/game-console-parts/microsoft/xbox-series-s,False,False,2026-09-07T04:46:44+00:00,,,,,,same_name_different_url
MobileSentrix Canada,https://www.mobilesentrix.ca/,Game Console,,7,click,Microsoft,,1,dom-inspection,Xbox One X,https://www.mobilesentrix.ca/game-console-parts/microsoft/xbox-one-x,3,1,3,3,dom-inspection,ul.level0.slayouts-menu > li > ul.sview-inul > li.sview-row > ul > li > a,https://www.mobilesentrix.ca/game-console-parts/microsoft/xbox-one-x,False,False,2026-09-07T04:46:44+00:00,,,,,,same_name_different_url
MobileSentrix Canada,https://www.mobilesentrix.ca/,Game Console,,7,click,Microsoft,,1,dom-inspection,Xbox One S,https://www.mobilesentrix.ca/game-console-parts/microsoft/xbox-one-s,4,1,4,3,dom-inspection,ul.level0.slayouts-menu > li > ul.sview-inul > li.sview-row > ul > li > a,https://www.mobilesentrix.ca/game-console-parts/microsoft/xbox-one-s,False,False,2026-09-07T04:46:44+00:00,,,,,,same_name_different_url
MobileSentrix Canada,https://www.mobilesentrix.ca/,Game Console,,7,click,Microsoft,,1,dom-inspection,Xbox One,https://www.mobilesentrix.ca/game-console-parts/microsoft/xbox-one,5,1,5,3,dom-inspection,ul.level0.slayouts-menu > li > ul.sview-inul > li.sview-row > ul > li > a,https://www.mobilesentrix.ca/game-console-parts/microsoft/xbox-one,False,False,2026-09-07T04:46:44+00:00,,,,,,same_name_different_url
MobileSentrix Canada,https://www.mobilesentrix.ca/,Game Console,,7,click,Microsoft,,1,dom-inspection,Xbox 360,https://www.mobilesentrix.ca/game-console-parts/microsoft/xbox-360,8,1,8,3,dom-inspection,ul.level0.slayouts-menu > li > ul.sview-inul > li.sview-row > ul > li > a,https://www.mobilesentrix.ca/game-console-parts/microsoft/xbox-360,False,False,2026-09-07T04:46:44+00:00,,,,,,same_name_different_url
MobileSentrix Canada,https://www.mobilesentrix.ca/,Game Console,,7,click,Sony,,2,dom-inspection,PlayStation 5,https://www.mobilesentrix.ca/game-console-parts/sony/playstation-5-ps5,4,1,4,3,dom-inspection,ul.level0.slayouts-menu > li > ul.sview-inul > li.sview-row > ul > li > a,https://www.mobilesentrix.ca/game-console-parts/sony/playstation-5-ps5,False,False,2026-09-07T04:46:44+00:00,,,,,,same_name_different_url
MobileSentrix Canada,https://www.mobilesentrix.ca/,Game Console,,7,click,Sony,,2,dom-inspection,PlayStation 4 Pro,https://www.mobilesentrix.ca/game-console-parts/sony/playstation-ps4-pro,5,1,5,3,dom-inspection,ul.level0.slayouts-menu > li > ul.sview-inul > li.sview-row > ul > li > a,https://www.mobilesentrix.ca/game-console-parts/sony/playstation-ps4-pro,False,False,2026-09-07T04:46:44+00:00,,,,,,same_name_different_url
MobileSentrix Canada,https://www.mobilesentrix.ca/,Game Console,,7,click,Sony,,2,dom-inspection,PlayStation 4 Slim,https://www.mobilesentrix.ca/game-console-parts/sony/playstation-ps4-slim,6,1,6,3,dom-inspection,ul.level0.slayouts-menu > li > ul.sview-inul > li.sview-row > ul > li > a,https://www.mobilesentrix.ca/game-console-parts/sony/playstation-ps4-slim,False,False,2026-09-07T04:46:44+00:00,,,,,,same_name_different_url
MobileSentrix Canada,https://www.mobilesentrix.ca/,Game Console,,7,click,Sony,,2,dom-inspection,PlayStation 4,https://www.mobilesentrix.ca/game-console-parts/sony/playstation-4,7,1,7,3,dom-inspection,ul.level0.slayouts-menu > li > ul.sview-inul > li.sview-row > ul > li > a,https://www.mobilesentrix.ca/game-console-parts/sony/playstation-4,False,False,2026-09-07T04:46:44+00:00,,,,,,same_name_different_url
MobileSentrix Canada,https://www.mobilesentrix.ca/,Game Console,,7,click,Sony,,2,dom-inspection,PlayStation 3,https://www.mobilesentrix.ca/game-console-parts/sony/playstation-3-ps3,10,1,10,3,dom-inspection,ul.level0.slayouts-menu > li > ul.sview-inul > li.sview-row > ul > li > a,https://www.mobilesentrix.ca/game-console-parts/sony/playstation-3-ps3,False,False,2026-09-07T04:46:44+00:00,,,,,,same_name_different_url
MobileSentrix Canada,https://www.mobilesentrix.ca/,Game Console,,7,click,Nintendo,,3,dom-inspection,Switch OLED,https://www.mobilesentrix.ca/game-console-parts/nintendo/switch-oled,2,1,2,3,dom-inspection,ul.level0.slayouts-menu > li > ul.sview-inul > li.sview-row > ul > li > a,https://www.mobilesentrix.ca/game-console-parts/nintendo/switch-oled,False,False,2026-09-07T04:46:44+00:00,,,,,,same_name_different_url
MobileSentrix Canada,https://www.mobilesentrix.ca/,Game Console,,7,click,Nintendo,,3,dom-inspection,Switch Lite,https://www.mobilesentrix.ca/game-console-parts/nintendo/switch-lite,4,1,4,3,dom-inspection,ul.level0.slayouts-menu > li > ul.sview-inul > li.sview-row > ul > li > a,https://www.mobilesentrix.ca/game-console-parts/nintendo/switch-lite,False,False,2026-09-07T04:46:44+00:00,,,,,,same_name_different_url
MobileSentrix Canada,https://www.mobilesentrix.ca/,Game Console,,7,click,Nintendo,,3,dom-inspection,Switch,https://www.mobilesentrix.ca/game-console-parts/nintendo/switch,5,1,5,3,dom-inspection,ul.level0.slayouts-menu > li > ul.sview-inul > li.sview-row > ul > li > a,https://www.mobilesentrix.ca/game-console-parts/nintendo/switch,False,False,2026-09-07T04:46:44+00:00,,,,,,same_name_different_url
MobileSentrix Canada,https://www.mobilesentrix.ca/,Game Console,,7,click,Nintendo,,3,dom-inspection,Wii U,https://www.mobilesentrix.ca/game-console-parts/nintendo/wii-u,7,1,7,3,dom-inspection,ul.level0.slayouts-menu > li > ul.sview-inul > li.sview-row > ul > li > a,https://www.mobilesentrix.ca/game-console-parts/nintendo/wii-u,False,False,2026-09-07T04:46:44+00:00,,,,,,same_name_different_url
MobileSentrix Canada,https://www.mobilesentrix.ca/,Game Console,,7,click,Board Components,,7,dom-inspection,Playstation 5,https://www.mobilesentrix.ca/game-console-parts/board-component/sony/playstation-5,1,1,1,3,dom-inspection,ul.submenu > li.mdrop-menu > ul.mdrop-menu-inner > li > ul.submenu > li > a,https://www.mobilesentrix.ca/game-console-parts/board-component/sony/playstation-5,False,False,2026-09-07T04:46:44+00:00,,,,,,same_name_different_url
MobileSentrix Canada,https://www.mobilesentrix.ca/,Game Console,,7,click,Board Components,,7,dom-inspection,Playstation 4 Pro,https://www.mobilesentrix.ca/game-console-parts/board-component/sony/playstation-4-pro,2,1,2,3,dom-inspection,ul.submenu > li.mdrop-menu > ul.mdrop-menu-inner > li > ul.submenu > li > a,https://www.mobilesentrix.ca/game-console-parts/board-component/sony/playstation-4-pro,False,False,2026-09-07T04:46:44+00:00,,,,,,same_name_different_url
MobileSentrix Canada,https://www.mobilesentrix.ca/,Game Console,,7,click,Board Components,,7,dom-inspection,Playstation 4 Slim,https://www.mobilesentrix.ca/game-console-parts/board-component/sony/playstation-4-slim,3,1,3,3,dom-inspection,ul.submenu > li.mdrop-menu > ul.mdrop-menu-inner > li > ul.submenu > li > a,https://www.mobilesentrix.ca/game-console-parts/board-component/sony/playstation-4-slim,False,False,2026-09-07T04:46:44+00:00,,,,,,same_name_different_url
MobileSentrix Canada,https://www.mobilesentrix.ca/,Game Console,,7,click,Board Components,,7,dom-inspection,Playstation 4,https://www.mobilesentrix.ca/game-console-parts/board-component/sony/playstation-4,4,1,4,3,dom-inspection,ul.submenu > li.mdrop-menu > ul.mdrop-menu-inner > li > ul.submenu > li > a,https://www.mobilesentrix.ca/game-console-parts/board-component/sony/playstation-4,False,False,2026-09-07T04:46:44+00:00,,,,,,same_name_different_url
MobileSentrix Canada,https://www.mobilesentrix.ca/,Game Console,,7,click,Board Components,,7,dom-inspection,PlayStation 3,https://www.mobilesentrix.ca/game-console-parts/board-component/sony/playstation-3,5,1,5,3,dom-inspection,ul.submenu > li.mdrop-menu > ul.mdrop-menu-inner > li > ul.submenu > li > a,https://www.mobilesentrix.ca/game-console-parts/board-component/sony/playstation-3,False,False,2026-09-07T04:46:44+00:00,,,,,,same_name_different_url
MobileSentrix Canada,https://www.mobilesentrix.ca/,Game Console,,7,click,Board Components,,7,dom-inspection,Xbox Series X,https://www.mobilesentrix.ca/game-console-parts/board-component/microsoft/xbox-series-x,6,1,6,3,dom-inspection,ul.submenu > li.mdrop-menu > ul.mdrop-menu-inner > li > ul.submenu > li > a,https://www.mobilesentrix.ca/game-console-parts/board-component/microsoft/xbox-series-x,False,False,2026-09-07T04:46:44+00:00,,,,,,same_name_different_url
MobileSentrix Canada,https://www.mobilesentrix.ca/,Game Console,,7,click,Board Components,,7,dom-inspection,Xbox Series S,https://www.mobilesentrix.ca/game-console-parts/board-component/microsoft/xbox-series-s,7,1,7,3,dom-inspection,ul.submenu > li.mdrop-menu > ul.mdrop-menu-inner > li > ul.submenu > li > a,https://www.mobilesentrix.ca/game-console-parts/board-component/microsoft/xbox-series-s,False,False,2026-09-07T04:46:44+00:00,,,,,,same_name_different_url
MobileSentrix Canada,https://www.mobilesentrix.ca/,Game Console,,7,click,Board Components,,7,dom-inspection,Xbox One S,https://www.mobilesentrix.ca/game-console-parts/board-component/microsoft/xbox-one-s,8,1,8,3,dom-inspection,ul.submenu > li.mdrop-menu > ul.mdrop-menu-inner > li > ul.submenu > li > a,https://www.mobilesentrix.ca/game-console-parts/board-component/microsoft/xbox-one-s,False,False,2026-09-07T04:46:44+00:00,,,,,,same_name_different_url
MobileSentrix Canada,https://www.mobilesentrix.ca/,Game Console,,7,click,Board Components,,7,dom-inspection,Xbox One X,https://www.mobilesentrix.ca/game-console-parts/board-component/microsoft/xbox-one-x,9,1,9,3,dom-inspection,ul.submenu > li.mdrop-menu > ul.mdrop-menu-inner > li > ul.submenu > li > a,https://www.mobilesentrix.ca/game-console-parts/board-component/microsoft/xbox-one-x,False,False,2026-09-07T04:46:44+00:00,,,,,,same_name_different_url
MobileSentrix Canada,https://www.mobilesentrix.ca/,Game Console,,7,click,Board Components,,7,dom-inspection,Xbox One,https://www.mobilesentrix.ca/game-console-parts/board-component/microsoft/xbox-one,10,1,10,3,dom-inspection,ul.submenu > li.mdrop-menu > ul.mdrop-menu-inner > li > ul.submenu > li > a,https://www.mobilesentrix.ca/game-console-parts/board-component/microsoft/xbox-one,False,False,2026-09-07T04:46:44+00:00,,,,,,same_name_different_url
MobileSentrix Canada,https://www.mobilesentrix.ca/,Game Console,,7,click,Board Components,,7,dom-inspection,Xbox 360,https://www.mobilesentrix.ca/game-console-parts/board-component/microsoft/xbox-360,11,1,11,3,dom-inspection,ul.submenu > li.mdrop-menu > ul.mdrop-menu-inner > li > ul.submenu > li > a,https://www.mobilesentrix.ca/game-console-parts/board-component/microsoft/xbox-360,False,False,2026-09-07T04:46:44+00:00,,,,,,same_name_different_url
MobileSentrix Canada,https://www.mobilesentrix.ca/,Game Console,,7,click,Board Components,,7,dom-inspection,Switch Lite,https://www.mobilesentrix.ca/game-console-parts/board-component/nintendo/switch-lite,12,1,12,3,dom-inspection,ul.submenu > li.mdrop-menu > ul.mdrop-menu-inner > li > ul.submenu > li > a,https://www.mobilesentrix.ca/game-console-parts/board-component/nintendo/switch-lite,False,False,2026-09-07T04:46:44+00:00,,,,,,same_name_different_url
MobileSentrix Canada,https://www.mobilesentrix.ca/,Game Console,,7,click,Board Components,,7,dom-inspection,Switch,https://www.mobilesentrix.ca/game-console-parts/board-component/nintendo/switch,13,1,13,3,dom-inspection,ul.submenu > li.mdrop-menu > ul.mdrop-menu-inner > li > ul.submenu > li > a,https://www.mobilesentrix.ca/game-console-parts/board-component/nintendo/switch,False,False,2026-09-07T04:46:44+00:00,,,,,,same_name_different_url
MobileSentrix Canada,https://www.mobilesentrix.ca/,Game Console,,7,click,Board Components,,7,dom-inspection,Wii U,https://www.mobilesentrix.ca/game-console-parts/board-component/nintendo/wiiu,14,1,14,3,dom-inspection,ul.submenu > li.mdrop-menu > ul.mdrop-menu-inner > li > ul.submenu > li > a,https://www.mobilesentrix.ca/game-console-parts/board-component/nintendo/wiiu,False,False,2026-09-07T04:46:44+00:00,,,,,,same_name_different_url
MobileSentrix Canada,https://www.mobilesentrix.ca/,Game Console,,7,click,Board Components,,7,dom-inspection,Switch OLED,https://www.mobilesentrix.ca/game-console-parts/board-component/nintendo/switch-oled,15,1,15,3,dom-inspection,ul.submenu > li.mdrop-menu > ul.mdrop-menu-inner > li > ul.submenu > li > a,https://www.mobilesentrix.ca/game-console-parts/board-component/nintendo/switch-oled,False,False,2026-09-07T04:46:44+00:00,,,,,,same_name_different_url
MobileSentrix Canada,https://www.mobilesentrix.ca/,Accessories,,8,click,Screen Protectors,,3,dom-inspection,Clear,https://www.mobilesentrix.ca/accessories/screen-protectors/shop-by-type-1/clear,4,1,4,3,dom-inspection,ul.level0.slayouts-menu > li > ul.sview-inul.lg-menu-li > li.sview-row > ul > li > a,https://www.mobilesentrix.ca/accessories/screen-protectors/shop-by-type-1/clear,False,False,2026-09-07T04:46:44+00:00,,,,,,same_name_different_url
MobileSentrix Canada,https://www.mobilesentrix.ca/,Accessories,,8,click,Screen Protectors,,3,dom-inspection,iPhone Air,https://www.mobilesentrix.ca/accessories/screen-protectors/shop-by-model/iphone/iphone-air,11,1,11,3,dom-inspection,ul.submenu > li.mdrop-menu > ul.mdrop-menu-inner > li > ul.submenu > li > a,https://www.mobilesentrix.ca/accessories/screen-protectors/shop-by-model/iphone/iphone-air,False,False,2026-09-07T04:46:44+00:00,,,,,,same_name_different_url
MobileSentrix Canada,https://www.mobilesentrix.ca/,Accessories,,8,click,Screen Protectors,,3,dom-inspection,iPhone 17e,https://www.mobilesentrix.ca/accessories/screen-protectors/shop-by-model/iphone/iphone-17e,12,1,12,3,dom-inspection,ul.submenu > li.mdrop-menu > ul.mdrop-menu-inner > li > ul.submenu > li > a,https://www.mobilesentrix.ca/accessories/screen-protectors/shop-by-model/iphone/iphone-17e,False,False,2026-09-07T04:46:44+00:00,,,,,,same_name_different_url
MobileSentrix Canada,https://www.mobilesentrix.ca/,Accessories,,8,click,Screen Protectors,,3,dom-inspection,iPhone 17 Pro Max,https://www.mobilesentrix.ca/accessories/screen-protectors/shop-by-model/iphone/iphone-17-pro-max,13,1,13,3,dom-inspection,ul.submenu > li.mdrop-menu > ul.mdrop-menu-inner > li > ul.submenu > li > a,https://www.mobilesentrix.ca/accessories/screen-protectors/shop-by-model/iphone/iphone-17-pro-max,False,False,2026-09-07T04:46:44+00:00,,,,,,same_name_different_url
MobileSentrix Canada,https://www.mobilesentrix.ca/,Accessories,,8,click,Screen Protectors,,3,dom-inspection,iPhone 17 Pro,https://www.mobilesentrix.ca/accessories/screen-protectors/shop-by-model/iphone/iphone-17-pro,14,1,14,3,dom-inspection,ul.submenu > li.mdrop-menu > ul.mdrop-menu-inner > li > ul.submenu > li > a,https://www.mobilesentrix.ca/accessories/screen-protectors/shop-by-model/iphone/iphone-17-pro,False,False,2026-09-07T04:46:44+00:00,,,,,,same_name_different_url
MobileSentrix Canada,https://www.mobilesentrix.ca/,Accessories,,8,click,Screen Protectors,,3,dom-inspection,iPhone 17,https://www.mobilesentrix.ca/accessories/screen-protectors/shop-by-model/iphone/iphone-17,15,1,15,3,dom-inspection,ul.submenu > li.mdrop-menu > ul.mdrop-menu-inner > li > ul.submenu > li > a,https://www.mobilesentrix.ca/accessories/screen-protectors/shop-by-model/iphone/iphone-17,False,False,2026-09-07T04:46:44+00:00,,,,,,same_name_different_url
MobileSentrix Canada,https://www.mobilesentrix.ca/,Accessories,,8,click,Screen Protectors,,3,dom-inspection,iPhone 16e,https://www.mobilesentrix.ca/accessories/screen-protectors/shop-by-model/iphone/iphone-16e,16,1,16,3,dom-inspection,ul.submenu > li.mdrop-menu > ul.mdrop-menu-inner > li > ul.submenu > li > a,https://www.mobilesentrix.ca/accessories/screen-protectors/shop-by-model/iphone/iphone-16e,False,False,2026-09-07T04:46:44+00:00,,,,,,same_name_different_url
MobileSentrix Canada,https://www.mobilesentrix.ca/,Accessories,,8,click,Screen Protectors,,3,dom-inspection,iPhone 16 Pro Max,https://www.mobilesentrix.ca/accessories/screen-protectors/shop-by-model/iphone/iphone-16-pro-max,17,1,17,3,dom-inspection,ul.submenu > li.mdrop-menu > ul.mdrop-menu-inner > li > ul.submenu > li > a,https://www.mobilesentrix.ca/accessories/screen-protectors/shop-by-model/iphone/iphone-16-pro-max,False,False,2026-09-07T04:46:44+00:00,,,,,,same_name_different_url
MobileSentrix Canada,https://www.mobilesentrix.ca/,Accessories,,8,click,Screen Protectors,,3,dom-inspection,iPhone 16 Pro,https://www.mobilesentrix.ca/accessories/screen-protectors/shop-by-model/iphone/iphone-16-pro,18,1,18,3,dom-inspection,ul.submenu > li.mdrop-menu > ul.mdrop-menu-inner > li > ul.submenu > li > a,https://www.mobilesentrix.ca/accessories/screen-protectors/shop-by-model/iphone/iphone-16-pro,False,False,2026-09-07T04:46:44+00:00,,,,,,same_name_different_url
MobileSentrix Canada,https://www.mobilesentrix.ca/,Accessories,,8,click,Screen Protectors,,3,dom-inspection,iPhone 16 Plus,https://www.mobilesentrix.ca/accessories/screen-protectors/shop-by-model/iphone/iphone-16-plus,19,1,19,3,dom-inspection,ul.submenu > li.mdrop-menu > ul.mdrop-menu-inner > li > ul.submenu > li > a,https://www.mobilesentrix.ca/accessories/screen-protectors/shop-by-model/iphone/iphone-16-plus,False,False,2026-09-07T04:46:44+00:00,,,,,,same_name_different_url
MobileSentrix Canada,https://www.mobilesentrix.ca/,Accessories,,8,click,Screen Protectors,,3,dom-inspection,iPhone 16,https://www.mobilesentrix.ca/accessories/screen-protectors/shop-by-model/iphone/iphone-16,20,1,20,3,dom-inspection,ul.submenu > li.mdrop-menu > ul.mdrop-menu-inner > li > ul.submenu > li > a,https://www.mobilesentrix.ca/accessories/screen-protectors/shop-by-model/iphone/iphone-16,False,False,2026-09-07T04:46:44+00:00,,,,,,same_name_different_url
MobileSentrix Canada,https://www.mobilesentrix.ca/,Accessories,,8,click,Screen Protectors,,3,dom-inspection,iPhone 15 Pro Max,https://www.mobilesentrix.ca/accessories/screen-protectors/shop-by-model/iphone/iphone-15-pro-max,21,1,21,3,dom-inspection,ul.submenu > li.mdrop-menu > ul.mdrop-menu-inner > li > ul.submenu > li > a,https://www.mobilesentrix.ca/accessories/screen-protectors/shop-by-model/iphone/iphone-15-pro-max,False,False,2026-09-07T04:46:44+00:00,,,,,,same_name_different_url
MobileSentrix Canada,https://www.mobilesentrix.ca/,Accessories,,8,click,Screen Protectors,,3,dom-inspection,iPhone 15 Pro,https://www.mobilesentrix.ca/accessories/screen-protectors/shop-by-model/iphone/iphone-15-pro,22,1,22,3,dom-inspection,ul.submenu > li.mdrop-menu > ul.mdrop-menu-inner > li > ul.submenu > li > a,https://www.mobilesentrix.ca/accessories/screen-protectors/shop-by-model/iphone/iphone-15-pro,False,False,2026-09-07T04:46:44+00:00,,,,,,same_name_different_url
MobileSentrix Canada,https://www.mobilesentrix.ca/,Accessories,,8,click,Screen Protectors,,3,dom-inspection,iPhone 15 Plus,https://www.mobilesentrix.ca/accessories/screen-protectors/shop-by-model/iphone/iphone-15-plus,23,1,23,3,dom-inspection,ul.submenu > li.mdrop-menu > ul.mdrop-menu-inner > li > ul.submenu > li > a,https://www.mobilesentrix.ca/accessories/screen-protectors/shop-by-model/iphone/iphone-15-plus,False,False,2026-09-07T04:46:44+00:00,,,,,,same_name_different_url
MobileSentrix Canada,https://www.mobilesentrix.ca/,Accessories,,8,click,Screen Protectors,,3,dom-inspection,iPhone 14 Pro Max,https://www.mobilesentrix.ca/accessories/screen-protectors/shop-by-model/iphone/iphone-14-pro-max,24,1,24,3,dom-inspection,ul.submenu > li.mdrop-menu > ul.mdrop-menu-inner > li > ul.submenu > li > a,https://www.mobilesentrix.ca/accessories/screen-protectors/shop-by-model/iphone/iphone-14-pro-max,False,False,2026-09-07T04:46:44+00:00,,,,,,same_name_different_url
MobileSentrix Canada,https://www.mobilesentrix.ca/,Accessories,,8,click,Screen Protectors,,3,dom-inspection,iPhone 14 Pro,https://www.mobilesentrix.ca/accessories/screen-protectors/shop-by-model/iphone/iphone-14-pro,25,1,25,3,dom-inspection,ul.submenu > li.mdrop-menu > ul.mdrop-menu-inner > li > ul.mt-top > li > a,https://www.mobilesentrix.ca/accessories/screen-protectors/shop-by-model/iphone/iphone-14-pro,False,False,2026-09-07T04:46:44+00:00,,,,,,same_name_different_url
MobileSentrix Canada,https://www.mobilesentrix.ca/,Accessories,,8,click,Screen Protectors,,3,dom-inspection,iPhone 14 Plus,https://www.mobilesentrix.ca/accessories/screen-protectors/shop-by-model/iphone/iphone-14-plus,26,1,26,3,dom-inspection,ul.submenu > li.mdrop-menu > ul.mdrop-menu-inner > li > ul.mt-top > li > a,https://www.mobilesentrix.ca/accessories/screen-protectors/shop-by-model/iphone/iphone-14-plus,False,False,2026-09-07T04:46:44+00:00,,,,,,same_name_different_url
MobileSentrix Canada,https://www.mobilesentrix.ca/,Accessories,,8,click,Screen Protectors,,3,dom-inspection,iPhone 14,https://www.mobilesentrix.ca/accessories/screen-protectors/shop-by-model/iphone/iphone-14,27,1,27,3,dom-inspection,ul.submenu > li.mdrop-menu > ul.mdrop-menu-inner > li > ul.mt-top > li > a,https://www.mobilesentrix.ca/accessories/screen-protectors/shop-by-model/iphone/iphone-14,False,False,2026-09-07T04:46:44+00:00,,,,,,same_name_different_url
MobileSentrix Canada,https://www.mobilesentrix.ca/,Accessories,,8,click,Screen Protectors,,3,dom-inspection,iPhone 13 Pro Max,https://www.mobilesentrix.ca/accessories/screen-protectors/shop-by-model/iphone/iphone-13-pro-max,28,1,28,3,dom-inspection,ul.submenu > li.mdrop-menu > ul.mdrop-menu-inner > li > ul.mt-top > li > a,https://www.mobilesentrix.ca/accessories/screen-protectors/shop-by-model/iphone/iphone-13-pro-max,False,False,2026-09-07T04:46:44+00:00,,,,,,same_name_different_url
MobileSentrix Canada,https://www.mobilesentrix.ca/,Accessories,,8,click,Screen Protectors,,3,dom-inspection,iPhone 13 Pro,https://www.mobilesentrix.ca/accessories/screen-protectors/shop-by-model/iphone/iphone-13-pro,29,1,29,3,dom-inspection,ul.submenu > li.mdrop-menu > ul.mdrop-menu-inner > li > ul.mt-top > li > a,https://www.mobilesentrix.ca/accessories/screen-protectors/shop-by-model/iphone/iphone-13-pro,False,False,2026-09-07T04:46:44+00:00,,,,,,same_name_different_url
MobileSentrix Canada,https://www.mobilesentrix.ca/,Accessories,,8,click,Screen Protectors,,3,dom-inspection,iPhone 13,https://www.mobilesentrix.ca/accessories/screen-protectors/shop-by-model/iphone/iphone-13,30,1,30,3,dom-inspection,ul.submenu > li.mdrop-menu > ul.mdrop-menu-inner > li > ul.mt-top > li > a,https://www.mobilesentrix.ca/accessories/screen-protectors/shop-by-model/iphone/iphone-13,False,False,2026-09-07T04:46:44+00:00,,,,,,same_name_different_url
MobileSentrix Canada,https://www.mobilesentrix.ca/,Accessories,,8,click,Screen Protectors,,3,dom-inspection,iPhone 13 Mini,https://www.mobilesentrix.ca/accessories/screen-protectors/shop-by-model/iphone/iphone-13-mini,31,1,31,3,dom-inspection,ul.submenu > li.mdrop-menu > ul.mdrop-menu-inner > li > ul.mt-top > li > a,https://www.mobilesentrix.ca/accessories/screen-protectors/shop-by-model/iphone/iphone-13-mini,False,False,2026-09-07T04:46:44+00:00,,,,,,same_name_different_url
MobileSentrix Canada,https://www.mobilesentrix.ca/,Accessories,,8,click,Screen Protectors,,3,dom-inspection,iPhone SE (2022),https://www.mobilesentrix.ca/accessories/screen-protectors/shop-by-model/iphone/iphone-se-2022,32,1,32,3,dom-inspection,ul.submenu > li.mdrop-menu > ul.mdrop-menu-inner > li > ul.mt-top > li > a,https://www.mobilesentrix.ca/accessories/screen-protectors/shop-by-model/iphone/iphone-se-2022,False,False,2026-09-07T04:46:44+00:00,,,,,,same_name_different_url
MobileSentrix Canada,https://www.mobilesentrix.ca/,Accessories,,8,click,Screen Protectors,,3,dom-inspection,iPhone 12 Pro Max,https://www.mobilesentrix.ca/accessories/screen-protectors/shop-by-model/iphone/iphone-12-pro-max,33,1,33,3,dom-inspection,ul.submenu > li.mdrop-menu > ul.mdrop-menu-inner > li > ul.mt-top > li > a,https://www.mobilesentrix.ca/accessories/screen-protectors/shop-by-model/iphone/iphone-12-pro-max,False,False,2026-09-07T04:46:44+00:00,,,,,,same_name_different_url
MobileSentrix Canada,https://www.mobilesentrix.ca/,Accessories,,8,click,Screen Protectors,,3,dom-inspection,iPhone 12 Pro,https://www.mobilesentrix.ca/accessories/screen-protectors/shop-by-model/iphone/iphone-12-pro,34,1,34,3,dom-inspection,ul.submenu > li.mdrop-menu > ul.mdrop-menu-inner > li > ul.mt-top > li > a,https://www.mobilesentrix.ca/accessories/screen-protectors/shop-by-model/iphone/iphone-12-pro,False,False,2026-09-07T04:46:44+00:00,,,,,,same_name_different_url
MobileSentrix Canada,https://www.mobilesentrix.ca/,Accessories,,8,click,Screen Protectors,,3,dom-inspection,iPhone 12,https://www.mobilesentrix.ca/accessories/screen-protectors/shop-by-model/iphone/iphone-12,35,1,35,3,dom-inspection,ul.submenu > li.mdrop-menu > ul.mdrop-menu-inner > li > ul.mt-top > li > a,https://www.mobilesentrix.ca/accessories/screen-protectors/shop-by-model/iphone/iphone-12,False,False,2026-09-07T04:46:44+00:00,,,,,,same_name_different_url
MobileSentrix Canada,https://www.mobilesentrix.ca/,Accessories,,8,click,Screen Protectors,,3,dom-inspection,iPhone 12 Mini,https://www.mobilesentrix.ca/accessories/screen-protectors/shop-by-model/iphone/iphone-12-mini,36,1,36,3,dom-inspection,ul.submenu > li.mdrop-menu > ul.mdrop-menu-inner > li > ul.mt-top > li > a,https://www.mobilesentrix.ca/accessories/screen-protectors/shop-by-model/iphone/iphone-12-mini,False,False,2026-09-07T04:46:44+00:00,,,,,,same_name_different_url
MobileSentrix Canada,https://www.mobilesentrix.ca/,Accessories,,8,click,Screen Protectors,,3,dom-inspection,iPhone 11 Pro Max,https://www.mobilesentrix.ca/accessories/screen-protectors/shop-by-model/iphone/iphone-11-pro-max,37,1,37,3,dom-inspection,ul.submenu > li.mdrop-menu > ul.mdrop-menu-inner > li > ul.mt-top > li > a,https://www.mobilesentrix.ca/accessories/screen-protectors/shop-by-model/iphone/iphone-11-pro-max,False,False,2026-09-07T04:46:44+00:00,,,,,,same_name_different_url
MobileSentrix Canada,https://www.mobilesentrix.ca/,Accessories,,8,click,Screen Protectors,,3,dom-inspection,iPhone 11 Pro,https://www.mobilesentrix.ca/accessories/screen-protectors/shop-by-model/iphone/iphone-11-pro,38,1,38,3,dom-inspection,ul.submenu > li.mdrop-menu > ul.mdrop-menu-inner > li > ul.mt-top > li > a,https://www.mobilesentrix.ca/accessories/screen-protectors/shop-by-model/iphone/iphone-11-pro,False,False,2026-09-07T04:46:44+00:00,,,,,,same_name_different_url
MobileSentrix Canada,https://www.mobilesentrix.ca/,Accessories,,8,click,Screen Protectors,,3,dom-inspection,iPhone 11,https://www.mobilesentrix.ca/accessories/screen-protectors/shop-by-model/iphone/iphone-11,39,1,39,3,dom-inspection,ul.submenu > li.mdrop-menu > ul.mdrop-menu-inner > li > ul.mt-top > li > a,https://www.mobilesentrix.ca/accessories/screen-protectors/shop-by-model/iphone/iphone-11,False,False,2026-09-07T04:46:44+00:00,,,,,,same_name_different_url
MobileSentrix Canada,https://www.mobilesentrix.ca/,Accessories,,8,click,Screen Protectors,,3,dom-inspection,iPhone XS Max,https://www.mobilesentrix.ca/accessories/screen-protectors/shop-by-model/iphone/iphone-xs-max,40,1,40,3,dom-inspection,ul.submenu > li.mdrop-menu > ul.mdrop-menu-inner > li > ul.mt-top > li > a,https://www.mobilesentrix.ca/accessories/screen-protectors/shop-by-model/iphone/iphone-xs-max,False,False,2026-09-07T04:46:44+00:00,,,,,,same_name_different_url
MobileSentrix Canada,https://www.mobilesentrix.ca/,Accessories,,8,click,Screen Protectors,,3,dom-inspection,iPhone XS,https://www.mobilesentrix.ca/accessories/screen-protectors/shop-by-model/iphone/iphone-xs,41,1,41,3,dom-inspection,ul.submenu > li.mdrop-menu > ul.mdrop-menu-inner > li > ul.mt-top > li > a,https://www.mobilesentrix.ca/accessories/screen-protectors/shop-by-model/iphone/iphone-xs,False,False,2026-09-07T04:46:44+00:00,,,,,,same_name_different_url
MobileSentrix Canada,https://www.mobilesentrix.ca/,Accessories,,8,click,Screen Protectors,,3,dom-inspection,iPhone XR,https://www.mobilesentrix.ca/accessories/screen-protectors/shop-by-model/iphone/iphone-xr,42,1,42,3,dom-inspection,ul.submenu > li.mdrop-menu > ul.mdrop-menu-inner > li > ul.mt-top > li > a,https://www.mobilesentrix.ca/accessories/screen-protectors/shop-by-model/iphone/iphone-xr,False,False,2026-09-07T04:46:44+00:00,,,,,,same_name_different_url
MobileSentrix Canada,https://www.mobilesentrix.ca/,Accessories,,8,click,Screen Protectors,,3,dom-inspection,iPhone 8 Plus,https://www.mobilesentrix.ca/accessories/screen-protectors/shop-by-model/iphone/iphone-8-plus,43,1,43,3,dom-inspection,ul.submenu > li.mdrop-menu > ul.mdrop-menu-inner > li > ul.mt-top > li > a,https://www.mobilesentrix.ca/accessories/screen-protectors/shop-by-model/iphone/iphone-8-plus,False,False,2026-09-07T04:46:44+00:00,,,,,,same_name_different_url
MobileSentrix Canada,https://www.mobilesentrix.ca/,Accessories,,8,click,Screen Protectors,,3,dom-inspection,iPhone 8,https://www.mobilesentrix.ca/accessories/screen-protectors/shop-by-model/iphone/iphone-8,44,1,44,3,dom-inspection,ul.submenu > li.mdrop-menu > ul.mdrop-menu-inner > li > ul.mt-top > li > a,https://www.mobilesentrix.ca/accessories/screen-protectors/shop-by-model/iphone/iphone-8,False,False,2026-09-07T04:46:44+00:00,,,,,,same_name_different_url
MobileSentrix Canada,https://www.mobilesentrix.ca/,Accessories,,8,click,Screen Protectors,,3,dom-inspection,iPhone 7 Plus,https://www.mobilesentrix.ca/accessories/screen-protectors/shop-by-model/iphone/iphone-7-plus,45,1,45,3,dom-inspection,ul.submenu > li.mdrop-menu > ul.mdrop-menu-inner > li > ul.mt-top > li > a,https://www.mobilesentrix.ca/accessories/screen-protectors/shop-by-model/iphone/iphone-7-plus,False,False,2026-09-07T04:46:44+00:00,,,,,,same_name_different_url
MobileSentrix Canada,https://www.mobilesentrix.ca/,Accessories,,8,click,Screen Protectors,,3,dom-inspection,iPhone 7,https://www.mobilesentrix.ca/accessories/screen-protectors/shop-by-model/iphone/iphone-7,46,1,46,3,dom-inspection,ul.submenu > li.mdrop-menu > ul.mdrop-menu-inner > li > ul.mt-top > li > a,https://www.mobilesentrix.ca/accessories/screen-protectors/shop-by-model/iphone/iphone-7,False,False,2026-09-07T04:46:44+00:00,,,,,,same_name_different_url
MobileSentrix Canada,https://www.mobilesentrix.ca/,Accessories,,8,click,Screen Protectors,,3,dom-inspection,iPhone 6S Plus,https://www.mobilesentrix.ca/accessories/screen-protectors/shop-by-model/iphone/iphone-6s-plus,47,1,47,3,dom-inspection,ul.submenu > li.mdrop-menu > ul.mdrop-menu-inner > li > ul.mt-top > li > a,https://www.mobilesentrix.ca/accessories/screen-protectors/shop-by-model/iphone/iphone-6s-plus,False,False,2026-09-07T04:46:44+00:00,,,,,,same_name_different_url
MobileSentrix Canada,https://www.mobilesentrix.ca/,Accessories,,8,click,Screen Protectors,,3,dom-inspection,iPhone 6S,https://www.mobilesentrix.ca/accessories/screen-protectors/shop-by-model/iphone/iphone-6s,48,1,48,3,dom-inspection,ul.submenu > li.mdrop-menu > ul.mdrop-menu-inner > li > ul.mt-top > li > a,https://www.mobilesentrix.ca/accessories/screen-protectors/shop-by-model/iphone/iphone-6s,False,False,2026-09-07T04:46:44+00:00,,,,,,same_name_different_url
MobileSentrix Canada,https://www.mobilesentrix.ca/,Accessories,,8,click,Screen Protectors,,3,dom-inspection,iPhone 6 Plus,https://www.mobilesentrix.ca/accessories/screen-protectors/shop-by-model/iphone/iphone-6-plus,49,1,49,3,dom-inspection,ul.submenu > li.mdrop-menu > ul.mdrop-menu-inner > li > ul.mt-top > li > a,https://www.mobilesentrix.ca/accessories/screen-protectors/shop-by-model/iphone/iphone-6-plus,False,False,2026-09-07T04:46:44+00:00,,,,,,same_name_different_url
MobileSentrix Canada,https://www.mobilesentrix.ca/,Accessories,,8,click,Screen Protectors,,3,dom-inspection,iPhone SE (2020),https://www.mobilesentrix.ca/accessories/screen-protectors/shop-by-model/iphone/iphone-se-2020,50,1,50,3,dom-inspection,ul.submenu > li.mdrop-menu > ul.mdrop-menu-inner > li > ul.mt-top > li > a,https://www.mobilesentrix.ca/accessories/screen-protectors/shop-by-model/iphone/iphone-se-2020,False,False,2026-09-07T04:46:44+00:00,,,,,,same_name_different_url
MobileSentrix Canada,https://www.mobilesentrix.ca/,Accessories,,8,click,Screen Protectors,,3,dom-inspection,iPhone SE (2016),https://www.mobilesentrix.ca/accessories/screen-protectors/shop-by-model/iphone/iphone-se-2016,51,1,51,3,dom-inspection,ul.submenu > li.mdrop-menu > ul.mdrop-menu-inner > li > ul.mt-top > li > a,https://www.mobilesentrix.ca/accessories/screen-protectors/shop-by-model/iphone/iphone-se-2016,False,False,2026-09-07T04:46:44+00:00,,,,,,same_name_different_url
MobileSentrix Canada,https://www.mobilesentrix.ca/,Accessories,,8,click,Screen Protectors,,3,dom-inspection,iPhone 5S,https://www.mobilesentrix.ca/accessories/screen-protectors/shop-by-model/iphone/iphone-5s,52,1,52,3,dom-inspection,ul.submenu > li.mdrop-menu > ul.mdrop-menu-inner > li > ul.mt-top > li > a,https://www.mobilesentrix.ca/accessories/screen-protectors/shop-by-model/iphone/iphone-5s,False,False,2026-09-07T04:46:44+00:00,,,,,,same_name_different_url
MobileSentrix Canada,https://www.mobilesentrix.ca/,Accessories,,8,click,Screen Protectors,,3,dom-inspection,iPhone 5C,https://www.mobilesentrix.ca/accessories/screen-protectors/shop-by-model/iphone/iphone-5c,53,1,53,3,dom-inspection,ul.submenu > li.mdrop-menu > ul.mdrop-menu-inner > li > ul.mt-top > li > a,https://www.mobilesentrix.ca/accessories/screen-protectors/shop-by-model/iphone/iphone-5c,False,False,2026-09-07T04:46:44+00:00,,,,,,same_name_different_url
MobileSentrix Canada,https://www.mobilesentrix.ca/,Accessories,,8,click,Screen Protectors,,3,dom-inspection,iPhone 5,https://www.mobilesentrix.ca/accessories/screen-protectors/shop-by-model/iphone/iphone-5,54,1,54,3,dom-inspection,ul.submenu > li.mdrop-menu > ul.mdrop-menu-inner > li > ul.mt-top > li > a,https://www.mobilesentrix.ca/accessories/screen-protectors/shop-by-model/iphone/iphone-5,False,False,2026-09-07T04:46:44+00:00,,,,,,same_name_different_url
MobileSentrix Canada,https://www.mobilesentrix.ca/,Accessories,,8,click,Screen Protectors,,3,dom-inspection,"iPad Pro 13"" 7th Gen (2024)",https://www.mobilesentrix.ca/accessories/screen-protectors/shop-by-model/ipad/ipad-pro-12-9-7th-gen,55,1,55,3,dom-inspection,ul.submenu > li.mdrop-menu > ul.mdrop-menu-inner > li > ul.submenu > li > a,https://www.mobilesentrix.ca/accessories/screen-protectors/shop-by-model/ipad/ipad-pro-12-9-7th-gen,False,False,2026-09-07T04:46:44+00:00,,,,,,same_name_different_url
MobileSentrix Canada,https://www.mobilesentrix.ca/,Accessories,,8,click,Screen Protectors,,3,dom-inspection,"iPad Pro 12.9"" 6th Gen (2022)",https://www.mobilesentrix.ca/accessories/screen-protectors/shop-by-model/ipad/ipad-pro-12-9-6th-gen,56,1,56,3,dom-inspection,ul.submenu > li.mdrop-menu > ul.mdrop-menu-inner > li > ul.submenu > li > a,https://www.mobilesentrix.ca/accessories/screen-protectors/shop-by-model/ipad/ipad-pro-12-9-6th-gen,False,False,2026-09-07T04:46:44+00:00,,,,,,same_name_different_url
MobileSentrix Canada,https://www.mobilesentrix.ca/,Accessories,,8,click,Screen Protectors,,3,dom-inspection,"iPad Pro 12.9"" 5th Gen (2021)",https://www.mobilesentrix.ca/accessories/screen-protectors/shop-by-model/ipad/ipad-pro-12-9-5th-gen,57,1,57,3,dom-inspection,ul.submenu > li.mdrop-menu > ul.mdrop-menu-inner > li > ul.submenu > li > a,https://www.mobilesentrix.ca/accessories/screen-protectors/shop-by-model/ipad/ipad-pro-12-9-5th-gen,False,False,2026-09-07T04:46:44+00:00,,,,,,same_name_different_url
MobileSentrix Canada,https://www.mobilesentrix.ca/,Accessories,,8,click,Screen Protectors,,3,dom-inspection,"iPad Pro 12.9"" 4th Gen (2020)",https://www.mobilesentrix.ca/accessories/screen-protectors/shop-by-model/ipad/ipad-pro-12-9-4th-gen,58,1,58,3,dom-inspection,ul.submenu > li.mdrop-menu > ul.mdrop-menu-inner > li > ul.submenu > li > a,https://www.mobilesentrix.ca/accessories/screen-protectors/shop-by-model/ipad/ipad-pro-12-9-4th-gen,False,False,2026-09-07T04:46:44+00:00,,,,,,same_name_different_url
MobileSentrix Canada,https://www.mobilesentrix.ca/,Accessories,,8,click,Screen Protectors,,3,dom-inspection,"iPad Pro 12.9"" 3rd Gen (2018)",https://www.mobilesentrix.ca/accessories/screen-protectors/shop-by-model/ipad/ipad-pro-12-9-3rd-gen,59,1,59,3,dom-inspection,ul.submenu > li.mdrop-menu > ul.mdrop-menu-inner > li > ul.submenu > li > a,https://www.mobilesentrix.ca/accessories/screen-protectors/shop-by-model/ipad/ipad-pro-12-9-3rd-gen,False,False,2026-09-07T04:46:44+00:00,,,,,,same_name_different_url
MobileSentrix Canada,https://www.mobilesentrix.ca/,Accessories,,8,click,Screen Protectors,,3,dom-inspection,"iPad Pro 12.9"" 2nd Gen (2017)",https://www.mobilesentrix.ca/accessories/screen-protectors/shop-by-model/ipad/ipad-pro-12-9-2nd-gen,60,1,60,3,dom-inspection,ul.submenu > li.mdrop-menu > ul.mdrop-menu-inner > li > ul.submenu > li > a,https://www.mobilesentrix.ca/accessories/screen-protectors/shop-by-model/ipad/ipad-pro-12-9-2nd-gen,False,False,2026-09-07T04:46:44+00:00,,,,,,same_name_different_url
MobileSentrix Canada,https://www.mobilesentrix.ca/,Accessories,,8,click,Screen Protectors,,3,dom-inspection,"iPad Pro 12.9"" 1st Gen (2015)",https://www.mobilesentrix.ca/accessories/screen-protectors/shop-by-model/ipad/ipad-pro-12-9-1st-gen,61,1,61,3,dom-inspection,ul.submenu > li.mdrop-menu > ul.mdrop-menu-inner > li > ul.submenu > li > a,https://www.mobilesentrix.ca/accessories/screen-protectors/shop-by-model/ipad/ipad-pro-12-9-1st-gen,False,False,2026-09-07T04:46:44+00:00,,,,,,same_name_different_url
MobileSentrix Canada,https://www.mobilesentrix.ca/,Accessories,,8,click,Screen Protectors,,3,dom-inspection,"iPad Pro 11"" 5th Gen (2024)",https://www.mobilesentrix.ca/accessories/screen-protectors/shop-by-model/ipad/ipad-pro-11-5th-gen,62,1,62,3,dom-inspection,ul.submenu > li.mdrop-menu > ul.mdrop-menu-inner > li > ul.submenu > li > a,https://www.mobilesentrix.ca/accessories/screen-protectors/shop-by-model/ipad/ipad-pro-11-5th-gen,False,False,2026-09-07T04:46:44+00:00,,,,,,same_name_different_url
MobileSentrix Canada,https://www.mobilesentrix.ca/,Accessories,,8,click,Screen Protectors,,3,dom-inspection,"iPad Pro 11"" 4th Gen (2022)",https://www.mobilesentrix.ca/accessories/screen-protectors/shop-by-model/ipad/ipad-pro-11-4th-gen,63,1,63,3,dom-inspection,ul.submenu > li.mdrop-menu > ul.mdrop-menu-inner > li > ul.submenu > li > a,https://www.mobilesentrix.ca/accessories/screen-protectors/shop-by-model/ipad/ipad-pro-11-4th-gen,False,False,2026-09-07T04:46:44+00:00,,,,,,same_name_different_url
MobileSentrix Canada,https://www.mobilesentrix.ca/,Accessories,,8,click,Screen Protectors,,3,dom-inspection,"iPad Pro 11"" 3rd Gen (2021)",https://www.mobilesentrix.ca/accessories/screen-protectors/shop-by-model/ipad/ipad-pro-11-3rd-gen,64,1,64,3,dom-inspection,ul.submenu > li.mdrop-menu > ul.mdrop-menu-inner > li > ul.submenu > li > a,https://www.mobilesentrix.ca/accessories/screen-protectors/shop-by-model/ipad/ipad-pro-11-3rd-gen,False,False,2026-09-07T04:46:44+00:00,,,,,,same_name_different_url
MobileSentrix Canada,https://www.mobilesentrix.ca/,Accessories,,8,click,Screen Protectors,,3,dom-inspection,"iPad Pro 11"" 2nd Gen (2020)",https://www.mobilesentrix.ca/accessories/screen-protectors/shop-by-model/ipad/ipad-pro-11-2nd-gen,65,1,65,3,dom-inspection,ul.submenu > li.mdrop-menu > ul.mdrop-menu-inner > li > ul.submenu > li > a,https://www.mobilesentrix.ca/accessories/screen-protectors/shop-by-model/ipad/ipad-pro-11-2nd-gen,False,False,2026-09-07T04:46:44+00:00,,,,,,same_name_different_url
MobileSentrix Canada,https://www.mobilesentrix.ca/,Accessories,,8,click,Screen Protectors,,3,dom-inspection,"iPad Pro 11"" 1st Gen (2018)",https://www.mobilesentrix.ca/accessories/screen-protectors/shop-by-model/ipad/ipad-pro-11-1st-gen,66,1,66,3,dom-inspection,ul.submenu > li.mdrop-menu > ul.mdrop-menu-inner > li > ul.submenu > li > a,https://www.mobilesentrix.ca/accessories/screen-protectors/shop-by-model/ipad/ipad-pro-11-1st-gen,False,False,2026-09-07T04:46:44+00:00,,,,,,same_name_different_url
MobileSentrix Canada,https://www.mobilesentrix.ca/,Accessories,,8,click,Screen Protectors,,3,dom-inspection,"iPad Pro 10.5"" (2017)",https://www.mobilesentrix.ca/accessories/screen-protectors/shop-by-model/ipad/ipad-pro-10-5,67,1,67,3,dom-inspection,ul.submenu > li.mdrop-menu > ul.mdrop-menu-inner > li > ul.submenu > li > a,https://www.mobilesentrix.ca/accessories/screen-protectors/shop-by-model/ipad/ipad-pro-10-5,False,False,2026-09-07T04:46:44+00:00,,,,,,same_name_different_url
MobileSentrix Canada,https://www.mobilesentrix.ca/,Accessories,,8,click,Screen Protectors,,3,dom-inspection,"iPad Pro 9.7"" (2016)",https://www.mobilesentrix.ca/accessories/screen-protectors/shop-by-model/ipad/ipad-pro-9-7,68,1,68,3,dom-inspection,ul.submenu > li.mdrop-menu > ul.mdrop-menu-inner > li > ul.submenu > li > a,https://www.mobilesentrix.ca/accessories/screen-protectors/shop-by-model/ipad/ipad-pro-9-7,False,False,2026-09-07T04:46:44+00:00,,,,,,same_name_different_url
MobileSentrix Canada,https://www.mobilesentrix.ca/,Accessories,,8,click,Screen Protectors,,3,dom-inspection,iPad 11 (2025),https://www.mobilesentrix.ca/accessories/screen-protectors/shop-by-model/ipad/ipad-11-2025,69,1,69,3,dom-inspection,ul.submenu > li.mdrop-menu > ul.mdrop-menu-inner > li > ul.submenu > li > a,https://www.mobilesentrix.ca/accessories/screen-protectors/shop-by-model/ipad/ipad-11-2025,False,False,2026-09-07T04:46:44+00:00,,,,,,same_name_different_url
MobileSentrix Canada,https://www.mobilesentrix.ca/,Accessories,,8,click,Screen Protectors,,3,dom-inspection,iPad 10 (2022),https://www.mobilesentrix.ca/accessories/screen-protectors/shop-by-model/ipad/ipad-10-2022,70,1,70,3,dom-inspection,ul.submenu > li.mdrop-menu > ul.mdrop-menu-inner > li > ul.submenu > li > a,https://www.mobilesentrix.ca/accessories/screen-protectors/shop-by-model/ipad/ipad-10-2022,False,False,2026-09-07T04:46:44+00:00,,,,,,same_name_different_url
MobileSentrix Canada,https://www.mobilesentrix.ca/,Accessories,,8,click,Screen Protectors,,3,dom-inspection,iPad 9 (2021),https://www.mobilesentrix.ca/accessories/screen-protectors/shop-by-model/ipad/ipad-9-2021,71,1,71,3,dom-inspection,ul.submenu > li.mdrop-menu > ul.mdrop-menu-inner > li > ul.submenu > li > a,https://www.mobilesentrix.ca/accessories/screen-protectors/shop-by-model/ipad/ipad-9-2021,False,False,2026-09-07T04:46:44+00:00,,,,,,same_name_different_url
MobileSentrix Canada,https://www.mobilesentrix.ca/,Accessories,,8,click,Screen Protectors,,3,dom-inspection,iPad 8 (2020),https://www.mobilesentrix.ca/accessories/screen-protectors/shop-by-model/ipad/ipad-8-2020,72,1,72,3,dom-inspection,ul.submenu > li.mdrop-menu > ul.mdrop-menu-inner > li > ul.submenu > li > a,https://www.mobilesentrix.ca/accessories/screen-protectors/shop-by-model/ipad/ipad-8-2020,False,False,2026-09-07T04:46:44+00:00,,,,,,same_name_different_url
MobileSentrix Canada,https://www.mobilesentrix.ca/,Accessories,,8,click,Screen Protectors,,3,dom-inspection,iPad 7 (2019),https://www.mobilesentrix.ca/accessories/screen-protectors/shop-by-model/ipad/ipad-7-2019,73,1,73,3,dom-inspection,ul.submenu > li.mdrop-menu > ul.mdrop-menu-inner > li > ul.submenu > li > a,https://www.mobilesentrix.ca/accessories/screen-protectors/shop-by-model/ipad/ipad-7-2019,False,False,2026-09-07T04:46:44+00:00,,,,,,same_name_different_url
MobileSentrix Canada,https://www.mobilesentrix.ca/,Accessories,,8,click,Screen Protectors,,3,dom-inspection,iPad 6 (2018),https://www.mobilesentrix.ca/accessories/screen-protectors/shop-by-model/ipad/ipad-6-2018,74,1,74,3,dom-inspection,ul.submenu > li.mdrop-menu > ul.mdrop-menu-inner > li > ul.submenu > li > a,https://www.mobilesentrix.ca/accessories/screen-protectors/shop-by-model/ipad/ipad-6-2018,False,False,2026-09-07T04:46:44+00:00,,,,,,same_name_different_url
MobileSentrix Canada,https://www.mobilesentrix.ca/,Accessories,,8,click,Screen Protectors,,3,dom-inspection,ipad 5 (2017),https://www.mobilesentrix.ca/accessories/screen-protectors/shop-by-model/ipad/ipad-5-2017,75,1,75,3,dom-inspection,ul.submenu > li.mdrop-menu > ul.mdrop-menu-inner > li > ul.submenu > li > a,https://www.mobilesentrix.ca/accessories/screen-protectors/shop-by-model/ipad/ipad-5-2017,False,False,2026-09-07T04:46:44+00:00,,,,,,same_name_different_url
MobileSentrix Canada,https://www.mobilesentrix.ca/,Accessories,,8,click,Screen Protectors,,3,dom-inspection,iPad 4 (2012),https://www.mobilesentrix.ca/accessories/screen-protectors/shop-by-model/ipad/ipad-4-2012,76,1,76,3,dom-inspection,ul.submenu > li.mdrop-menu > ul.mdrop-menu-inner > li > ul.submenu > li > a,https://www.mobilesentrix.ca/accessories/screen-protectors/shop-by-model/ipad/ipad-4-2012,False,False,2026-09-07T04:46:44+00:00,,,,,,same_name_different_url
MobileSentrix Canada,https://www.mobilesentrix.ca/,Accessories,,8,click,Screen Protectors,,3,dom-inspection,iPad 3 (2012),https://www.mobilesentrix.ca/accessories/screen-protectors/shop-by-model/ipad/ipad-3-2012,77,1,77,3,dom-inspection,ul.submenu > li.mdrop-menu > ul.mdrop-menu-inner > li > ul.mt-top > li > a,https://www.mobilesentrix.ca/accessories/screen-protectors/shop-by-model/ipad/ipad-3-2012,False,False,2026-09-07T04:46:44+00:00,,,,,,same_name_different_url
MobileSentrix Canada,https://www.mobilesentrix.ca/,Accessories,,8,click,Screen Protectors,,3,dom-inspection,iPad 2 (2011),https://www.mobilesentrix.ca/accessories/screen-protectors/shop-by-model/ipad/ipad-2-2011,78,1,78,3,dom-inspection,ul.submenu > li.mdrop-menu > ul.mdrop-menu-inner > li > ul.mt-top > li > a,https://www.mobilesentrix.ca/accessories/screen-protectors/shop-by-model/ipad/ipad-2-2011,False,False,2026-09-07T04:46:44+00:00,,,,,,same_name_different_url
MobileSentrix Canada,https://www.mobilesentrix.ca/,Accessories,,8,click,Screen Protectors,,3,dom-inspection,iPad Mini 7 (2024),https://www.mobilesentrix.ca/accessories/screen-protectors/shop-by-model/ipad/ipad-mini-7-2024,79,1,79,3,dom-inspection,ul.submenu > li.mdrop-menu > ul.mdrop-menu-inner > li > ul.mt-top > li > a,https://www.mobilesentrix.ca/accessories/screen-protectors/shop-by-model/ipad/ipad-mini-7-2024,False,False,2026-09-07T04:46:44+00:00,,,,,,same_name_different_url
MobileSentrix Canada,https://www.mobilesentrix.ca/,Accessories,,8,click,Screen Protectors,,3,dom-inspection,iPad Mini 6 (2021),https://www.mobilesentrix.ca/accessories/screen-protectors/shop-by-model/ipad/ipad-mini-6-2021,80,1,80,3,dom-inspection,ul.submenu > li.mdrop-menu > ul.mdrop-menu-inner > li > ul.mt-top > li > a,https://www.mobilesentrix.ca/accessories/screen-protectors/shop-by-model/ipad/ipad-mini-6-2021,False,False,2026-09-07T04:46:44+00:00,,,,,,same_name_different_url
MobileSentrix Canada,https://www.mobilesentrix.ca/,Accessories,,8,click,Screen Protectors,,3,dom-inspection,iPad Mini 5 (2019),https://www.mobilesentrix.ca/accessories/screen-protectors/shop-by-model/ipad/ipad-mini-5-2019,81,1,81,3,dom-inspection,ul.submenu > li.mdrop-menu > ul.mdrop-menu-inner > li > ul.mt-top > li > a,https://www.mobilesentrix.ca/accessories/screen-protectors/shop-by-model/ipad/ipad-mini-5-2019,False,False,2026-09-07T04:46:44+00:00,,,,,,same_name_different_url
MobileSentrix Canada,https://www.mobilesentrix.ca/,Accessories,,8,click,Screen Protectors,,3,dom-inspection,iPad Mini 4 (2015),https://www.mobilesentrix.ca/accessories/screen-protectors/shop-by-model/ipad/ipad-mini-4-2015,82,1,82,3,dom-inspection,ul.submenu > li.mdrop-menu > ul.mdrop-menu-inner > li > ul.mt-top > li > a,https://www.mobilesentrix.ca/accessories/screen-protectors/shop-by-model/ipad/ipad-mini-4-2015,False,False,2026-09-07T04:46:44+00:00,,,,,,same_name_different_url
MobileSentrix Canada,https://www.mobilesentrix.ca/,Accessories,,8,click,Screen Protectors,,3,dom-inspection,iPad Mini 3 (2014),https://www.mobilesentrix.ca/accessories/screen-protectors/shop-by-model/ipad/ipad-mini-3-2014,83,1,83,3,dom-inspection,ul.submenu > li.mdrop-menu > ul.mdrop-menu-inner > li > ul.mt-top > li > a,https://www.mobilesentrix.ca/accessories/screen-protectors/shop-by-model/ipad/ipad-mini-3-2014,False,False,2026-09-07T04:46:44+00:00,,,,,,same_name_different_url
MobileSentrix Canada,https://www.mobilesentrix.ca/,Accessories,,8,click,Screen Protectors,,3,dom-inspection,iPad Mini 2 (2013),https://www.mobilesentrix.ca/accessories/screen-protectors/shop-by-model/ipad/ipad-mini-2-2013,84,1,84,3,dom-inspection,ul.submenu > li.mdrop-menu > ul.mdrop-menu-inner > li > ul.mt-top > li > a,https://www.mobilesentrix.ca/accessories/screen-protectors/shop-by-model/ipad/ipad-mini-2-2013,False,False,2026-09-07T04:46:44+00:00,,,,,,same_name_different_url
MobileSentrix Canada,https://www.mobilesentrix.ca/,Accessories,,8,click,Screen Protectors,,3,dom-inspection,iPad Mini 1 (2012),https://www.mobilesentrix.ca/accessories/screen-protectors/shop-by-model/ipad/ipad-mini-1-2012,85,1,85,3,dom-inspection,ul.submenu > li.mdrop-menu > ul.mdrop-menu-inner > li > ul.mt-top > li > a,https://www.mobilesentrix.ca/accessories/screen-protectors/shop-by-model/ipad/ipad-mini-1-2012,False,False,2026-09-07T04:46:44+00:00,,,,,,same_name_different_url
MobileSentrix Canada,https://www.mobilesentrix.ca/,Accessories,,8,click,Screen Protectors,,3,dom-inspection,"iPad Air 13"" (2025)",https://www.mobilesentrix.ca/accessories/screen-protectors/shop-by-model/ipad/ipad-air-13-2025,86,1,86,3,dom-inspection,ul.submenu > li.mdrop-menu > ul.mdrop-menu-inner > li > ul.mt-top > li > a,https://www.mobilesentrix.ca/accessories/screen-protectors/shop-by-model/ipad/ipad-air-13-2025,False,False,2026-09-07T04:46:44+00:00,,,,,,same_name_different_url
MobileSentrix Canada,https://www.mobilesentrix.ca/,Accessories,,8,click,Screen Protectors,,3,dom-inspection,"iPad Air 11"" (2025)",https://www.mobilesentrix.ca/accessories/screen-protectors/shop-by-model/ipad/ipad-air-11-2025,87,1,87,3,dom-inspection,ul.submenu > li.mdrop-menu > ul.mdrop-menu-inner > li > ul.mt-top > li > a,https://www.mobilesentrix.ca/accessories/screen-protectors/shop-by-model/ipad/ipad-air-11-2025,False,False,2026-09-07T04:46:44+00:00,,,,,,same_name_different_url
MobileSentrix Canada,https://www.mobilesentrix.ca/,Accessories,,8,click,Screen Protectors,,3,dom-inspection,"iPad Air 13"" (2024)",https://www.mobilesentrix.ca/accessories/screen-protectors/shop-by-model/ipad/ipad-air-13-2024,88,1,88,3,dom-inspection,ul.submenu > li.mdrop-menu > ul.mdrop-menu-inner > li > ul.mt-top > li > a,https://www.mobilesentrix.ca/accessories/screen-protectors/shop-by-model/ipad/ipad-air-13-2024,False,False,2026-09-07T04:46:44+00:00,,,,,,same_name_different_url
MobileSentrix Canada,https://www.mobilesentrix.ca/,Accessories,,8,click,Screen Protectors,,3,dom-inspection,iPad Air 5 (2022),https://www.mobilesentrix.ca/accessories/screen-protectors/shop-by-model/ipad/ipad-air-5-2022,89,1,89,3,dom-inspection,ul.submenu > li.mdrop-menu > ul.mdrop-menu-inner > li > ul.mt-top > li > a,https://www.mobilesentrix.ca/accessories/screen-protectors/shop-by-model/ipad/ipad-air-5-2022,False,False,2026-09-07T04:46:44+00:00,,,,,,same_name_different_url
MobileSentrix Canada,https://www.mobilesentrix.ca/,Accessories,,8,click,Screen Protectors,,3,dom-inspection,iPad Air 4 (2020),https://www.mobilesentrix.ca/accessories/screen-protectors/shop-by-model/ipad/ipad-air-4-2020,90,1,90,3,dom-inspection,ul.submenu > li.mdrop-menu > ul.mdrop-menu-inner > li > ul.mt-top > li > a,https://www.mobilesentrix.ca/accessories/screen-protectors/shop-by-model/ipad/ipad-air-4-2020,False,False,2026-09-07T04:46:44+00:00,,,,,,same_name_different_url
MobileSentrix Canada,https://www.mobilesentrix.ca/,Accessories,,8,click,Screen Protectors,,3,dom-inspection,iPad Air 3 (2019),https://www.mobilesentrix.ca/accessories/screen-protectors/shop-by-model/ipad/ipad-air-3-2019,91,1,91,3,dom-inspection,ul.submenu > li.mdrop-menu > ul.mdrop-menu-inner > li > ul.mt-top > li > a,https://www.mobilesentrix.ca/accessories/screen-protectors/shop-by-model/ipad/ipad-air-3-2019,False,False,2026-09-07T04:46:44+00:00,,,,,,same_name_different_url
MobileSentrix Canada,https://www.mobilesentrix.ca/,Accessories,,8,click,Screen Protectors,,3,dom-inspection,iPad Air 2 (2014),https://www.mobilesentrix.ca/accessories/screen-protectors/shop-by-model/ipad/ipad-air-2-2014,92,1,92,3,dom-inspection,ul.submenu > li.mdrop-menu > ul.mdrop-menu-inner > li > ul.mt-top > li > a,https://www.mobilesentrix.ca/accessories/screen-protectors/shop-by-model/ipad/ipad-air-2-2014,False,False,2026-09-07T04:46:44+00:00,,,,,,same_name_different_url
MobileSentrix Canada,https://www.mobilesentrix.ca/,Accessories,,8,click,Screen Protectors,,3,dom-inspection,iPad Air 1 (2013),https://www.mobilesentrix.ca/accessories/screen-protectors/shop-by-model/ipad/ipad-air-1-2013,93,1,93,3,dom-inspection,ul.submenu > li.mdrop-menu > ul.mdrop-menu-inner > li > ul.mt-top > li > a,https://www.mobilesentrix.ca/accessories/screen-protectors/shop-by-model/ipad/ipad-air-1-2013,False,False,2026-09-07T04:46:44+00:00,,,,,,same_name_different_url
MobileSentrix Canada,https://www.mobilesentrix.ca/,Accessories,,8,click,Screen Protectors,,3,dom-inspection,Galaxy S26 Ultra,https://www.mobilesentrix.ca/accessories/screen-protectors/shop-by-model/samsung-galaxy/s-series/galaxy-s26-ultra,95,1,95,3,dom-inspection,ul.submenu > li.mdrop-menu > ul.mdrop-menu-inner > li > ul.submenu > li > a,https://www.mobilesentrix.ca/accessories/screen-protectors/shop-by-model/samsung-galaxy/s-series/galaxy-s26-ultra,False,False,2026-09-07T04:46:44+00:00,,,,,,same_name_different_url
MobileSentrix Canada,https://www.mobilesentrix.ca/,Accessories,,8,click,Screen Protectors,,3,dom-inspection,Galaxy S26 Plus,https://www.mobilesentrix.ca/accessories/screen-protectors/shop-by-model/samsung-galaxy/s-series/galaxy-s26-plus,96,1,96,3,dom-inspection,ul.submenu > li.mdrop-menu > ul.mdrop-menu-inner > li > ul.submenu > li > a,https://www.mobilesentrix.ca/accessories/screen-protectors/shop-by-model/samsung-galaxy/s-series/galaxy-s26-plus,False,False,2026-09-07T04:46:44+00:00,,,,,,same_name_different_url
MobileSentrix Canada,https://www.mobilesentrix.ca/,Accessories,,8,click,Screen Protectors,,3,dom-inspection,Galaxy S26,https://www.mobilesentrix.ca/accessories/screen-protectors/shop-by-model/samsung-galaxy/s-series/galaxy-s26,97,1,97,3,dom-inspection,ul.submenu > li.mdrop-menu > ul.mdrop-menu-inner > li > ul.submenu > li > a,https://www.mobilesentrix.ca/accessories/screen-protectors/shop-by-model/samsung-galaxy/s-series/galaxy-s26,False,False,2026-09-07T04:46:44+00:00,,,,,,same_name_different_url
MobileSentrix Canada,https://www.mobilesentrix.ca/,Accessories,,8,click,Screen Protectors,,3,dom-inspection,Galaxy S25 FE,https://www.mobilesentrix.ca/accessories/screen-protectors/shop-by-model/samsung-galaxy/s-series/galaxy-s25-fe,98,1,98,3,dom-inspection,ul.submenu > li.mdrop-menu > ul.mdrop-menu-inner > li > ul.submenu > li > a,https://www.mobilesentrix.ca/accessories/screen-protectors/shop-by-model/samsung-galaxy/s-series/galaxy-s25-fe,False,False,2026-09-07T04:46:44+00:00,,,,,,same_name_different_url
MobileSentrix Canada,https://www.mobilesentrix.ca/,Accessories,,8,click,Screen Protectors,,3,dom-inspection,Galaxy S25 Edge,https://www.mobilesentrix.ca/accessories/screen-protectors/shop-by-model/samsung-galaxy/s-series/galaxy-s25-edge,99,1,99,3,dom-inspection,ul.submenu > li.mdrop-menu > ul.mdrop-menu-inner > li > ul.submenu > li > a,https://www.mobilesentrix.ca/accessories/screen-protectors/shop-by-model/samsung-galaxy/s-series/galaxy-s25-edge,False,False,2026-09-07T04:46:44+00:00,,,,,,same_name_different_url
MobileSentrix Canada,https://www.mobilesentrix.ca/,Accessories,,8,click,Screen Protectors,,3,dom-inspection,Galaxy S25 Ultra,https://www.mobilesentrix.ca/accessories/screen-protectors/shop-by-model/samsung-galaxy/s-series/galaxy-s25-ultra,100,1,100,3,dom-inspection,ul.submenu > li.mdrop-menu > ul.mdrop-menu-inner > li > ul.submenu > li > a,https://www.mobilesentrix.ca/accessories/screen-protectors/shop-by-model/samsung-galaxy/s-series/galaxy-s25-ultra,False,False,2026-09-07T04:46:44+00:00,,,,,,same_name_different_url
MobileSentrix Canada,https://www.mobilesentrix.ca/,Accessories,,8,click,Screen Protectors,,3,dom-inspection,Galaxy S25 Plus,https://www.mobilesentrix.ca/accessories/screen-protectors/shop-by-model/samsung-galaxy/s-series/galaxy-s25-plus,101,1,101,3,dom-inspection,ul.submenu > li.mdrop-menu > ul.mdrop-menu-inner > li > ul.submenu > li > a,https://www.mobilesentrix.ca/accessories/screen-protectors/shop-by-model/samsung-galaxy/s-series/galaxy-s25-plus,False,False,2026-09-07T04:46:44+00:00,,,,,,same_name_different_url
MobileSentrix Canada,https://www.mobilesentrix.ca/,Accessories,,8,click,Screen Protectors,,3,dom-inspection,Galaxy S25,https://www.mobilesentrix.ca/accessories/screen-protectors/shop-by-model/samsung-galaxy/s-series/galaxy-s25,102,1,102,3,dom-inspection,ul.submenu > li.mdrop-menu > ul.mdrop-menu-inner > li > ul.submenu > li > a,https://www.mobilesentrix.ca/accessories/screen-protectors/shop-by-model/samsung-galaxy/s-series/galaxy-s25,False,False,2026-09-07T04:46:44+00:00,,,,,,same_name_different_url
MobileSentrix Canada,https://www.mobilesentrix.ca/,Accessories,,8,click,Screen Protectors,,3,dom-inspection,Galaxy S24 FE,https://www.mobilesentrix.ca/accessories/screen-protectors/shop-by-model/samsung-galaxy/s-series/galaxy-s24-fe,103,1,103,3,dom-inspection,ul.submenu > li.mdrop-menu > ul.mdrop-menu-inner > li > ul.submenu > li > a,https://www.mobilesentrix.ca/accessories/screen-protectors/shop-by-model/samsung-galaxy/s-series/galaxy-s24-fe,False,False,2026-09-07T04:46:44+00:00,,,,,,same_name_different_url
MobileSentrix Canada,https://www.mobilesentrix.ca/,Accessories,,8,click,Screen Protectors,,3,dom-inspection,Galaxy S24 Ultra,https://www.mobilesentrix.ca/accessories/screen-protectors/shop-by-model/samsung-galaxy/s-series/galaxy-s24-ultra,104,1,104,3,dom-inspection,ul.submenu > li.mdrop-menu > ul.mdrop-menu-inner > li > ul.submenu > li > a,https://www.mobilesentrix.ca/accessories/screen-protectors/shop-by-model/samsung-galaxy/s-series/galaxy-s24-ultra,False,False,2026-09-07T04:46:44+00:00,,,,,,same_name_different_url
MobileSentrix Canada,https://www.mobilesentrix.ca/,Accessories,,8,click,Screen Protectors,,3,dom-inspection,Galaxy S24 Plus,https://www.mobilesentrix.ca/accessories/screen-protectors/shop-by-model/samsung-galaxy/s-series/galaxy-s24-plus,105,1,105,3,dom-inspection,ul.submenu > li.mdrop-menu > ul.mdrop-menu-inner > li > ul.submenu > li > a,https://www.mobilesentrix.ca/accessories/screen-protectors/shop-by-model/samsung-galaxy/s-series/galaxy-s24-plus,False,False,2026-09-07T04:46:44+00:00,,,,,,same_name_different_url
MobileSentrix Canada,https://www.mobilesentrix.ca/,Accessories,,8,click,Screen Protectors,,3,dom-inspection,Galaxy S24,https://www.mobilesentrix.ca/accessories/screen-protectors/shop-by-model/samsung-galaxy/s-series/galaxy-s24,106,1,106,3,dom-inspection,ul.submenu > li.mdrop-menu > ul.mdrop-menu-inner > li > ul.submenu > li > a,https://www.mobilesentrix.ca/accessories/screen-protectors/shop-by-model/samsung-galaxy/s-series/galaxy-s24,False,False,2026-09-07T04:46:44+00:00,,,,,,same_name_different_url
MobileSentrix Canada,https://www.mobilesentrix.ca/,Accessories,,8,click,Screen Protectors,,3,dom-inspection,Galaxy S23 FE,https://www.mobilesentrix.ca/accessories/screen-protectors/shop-by-model/samsung-galaxy/s-series/galaxy-s23-fe,107,1,107,3,dom-inspection,ul.submenu > li.mdrop-menu > ul.mdrop-menu-inner > li > ul.submenu > li > a,https://www.mobilesentrix.ca/accessories/screen-protectors/shop-by-model/samsung-galaxy/s-series/galaxy-s23-fe,False,False,2026-09-07T04:46:44+00:00,,,,,,same_name_different_url
MobileSentrix Canada,https://www.mobilesentrix.ca/,Accessories,,8,click,Screen Protectors,,3,dom-inspection,Galaxy S23 Ultra,https://www.mobilesentrix.ca/accessories/screen-protectors/shop-by-model/samsung-galaxy/s-series/galaxy-s23-ultra,108,1,108,3,dom-inspection,ul.submenu > li.mdrop-menu > ul.mdrop-menu-inner > li > ul.submenu > li > a,https://www.mobilesentrix.ca/accessories/screen-protectors/shop-by-model/samsung-galaxy/s-series/galaxy-s23-ultra,False,False,2026-09-07T04:46:44+00:00,,,,,,same_name_different_url
MobileSentrix Canada,https://www.mobilesentrix.ca/,Accessories,,8,click,Screen Protectors,,3,dom-inspection,Galaxy S23 Plus,https://www.mobilesentrix.ca/accessories/screen-protectors/shop-by-model/samsung-galaxy/s-series/galaxy-s23-plus,109,1,109,3,dom-inspection,ul.submenu > li.mdrop-menu > ul.mdrop-menu-inner > li > ul.submenu > li > a,https://www.mobilesentrix.ca/accessories/screen-protectors/shop-by-model/samsung-galaxy/s-series/galaxy-s23-plus,False,False,2026-09-07T04:46:44+00:00,,,,,,same_name_different_url
MobileSentrix Canada,https://www.mobilesentrix.ca/,Accessories,,8,click,Screen Protectors,,3,dom-inspection,Galaxy S23,https://www.mobilesentrix.ca/accessories/screen-protectors/shop-by-model/samsung-galaxy/s-series/galaxy-s23,110,1,110,3,dom-inspection,ul.submenu > li.mdrop-menu > ul.mdrop-menu-inner > li > ul.submenu > li > a,https://www.mobilesentrix.ca/accessories/screen-protectors/shop-by-model/samsung-galaxy/s-series/galaxy-s23,False,False,2026-09-07T04:46:44+00:00,,,,,,same_name_different_url
MobileSentrix Canada,https://www.mobilesentrix.ca/,Accessories,,8,click,Screen Protectors,,3,dom-inspection,Galaxy S22 Ultra,https://www.mobilesentrix.ca/accessories/screen-protectors/shop-by-model/samsung-galaxy/s-series/galaxy-s22-ultra,111,1,111,3,dom-inspection,ul.submenu > li.mdrop-menu > ul.mdrop-menu-inner > li > ul.submenu > li > a,https://www.mobilesentrix.ca/accessories/screen-protectors/shop-by-model/samsung-galaxy/s-series/galaxy-s22-ultra,False,False,2026-09-07T04:46:44+00:00,,,,,,same_name_different_url
MobileSentrix Canada,https://www.mobilesentrix.ca/,Accessories,,8,click,Screen Protectors,,3,dom-inspection,Galaxy S22 Plus,https://www.mobilesentrix.ca/accessories/screen-protectors/shop-by-model/samsung-galaxy/s-series/galaxy-s22-plus,112,1,112,3,dom-inspection,ul.submenu > li.mdrop-menu > ul.mdrop-menu-inner > li > ul.mt-top > li > a,https://www.mobilesentrix.ca/accessories/screen-protectors/shop-by-model/samsung-galaxy/s-series/galaxy-s22-plus,False,False,2026-09-07T04:46:44+00:00,,,,,,same_name_different_url
MobileSentrix Canada,https://www.mobilesentrix.ca/,Accessories,,8,click,Screen Protectors,,3,dom-inspection,Galaxy S22,https://www.mobilesentrix.ca/accessories/screen-protectors/shop-by-model/samsung-galaxy/s-series/galaxy-s22,113,1,113,3,dom-inspection,ul.submenu > li.mdrop-menu > ul.mdrop-menu-inner > li > ul.mt-top > li > a,https://www.mobilesentrix.ca/accessories/screen-protectors/shop-by-model/samsung-galaxy/s-series/galaxy-s22,False,False,2026-09-07T04:46:44+00:00,,,,,,same_name_different_url
MobileSentrix Canada,https://www.mobilesentrix.ca/,Accessories,,8,click,Screen Protectors,,3,dom-inspection,Galaxy S21 FE,https://www.mobilesentrix.ca/accessories/screen-protectors/shop-by-model/samsung-galaxy/s-series/galaxy-s21-fe,114,1,114,3,dom-inspection,ul.submenu > li.mdrop-menu > ul.mdrop-menu-inner > li > ul.mt-top > li > a,https://www.mobilesentrix.ca/accessories/screen-protectors/shop-by-model/samsung-galaxy/s-series/galaxy-s21-fe,False,False,2026-09-07T04:46:44+00:00,,,,,,same_name_different_url
MobileSentrix Canada,https://www.mobilesentrix.ca/,Accessories,,8,click,Screen Protectors,,3,dom-inspection,Galaxy S21 Ultra,https://www.mobilesentrix.ca/accessories/screen-protectors/shop-by-model/samsung-galaxy/s-series/galaxy-s21-ultra,115,1,115,3,dom-inspection,ul.submenu > li.mdrop-menu > ul.mdrop-menu-inner > li > ul.mt-top > li > a,https://www.mobilesentrix.ca/accessories/screen-protectors/shop-by-model/samsung-galaxy/s-series/galaxy-s21-ultra,False,False,2026-09-07T04:46:44+00:00,,,,,,same_name_different_url
MobileSentrix Canada,https://www.mobilesentrix.ca/,Accessories,,8,click,Screen Protectors,,3,dom-inspection,Galaxy S21 Plus,https://www.mobilesentrix.ca/accessories/screen-protectors/shop-by-model/samsung-galaxy/s-series/galaxy-s21-plus,116,1,116,3,dom-inspection,ul.submenu > li.mdrop-menu > ul.mdrop-menu-inner > li > ul.mt-top > li > a,https://www.mobilesentrix.ca/accessories/screen-protectors/shop-by-model/samsung-galaxy/s-series/galaxy-s21-plus,False,False,2026-09-07T04:46:44+00:00,,,,,,same_name_different_url
MobileSentrix Canada,https://www.mobilesentrix.ca/,Accessories,,8,click,Screen Protectors,,3,dom-inspection,Galaxy S21,https://www.mobilesentrix.ca/accessories/screen-protectors/shop-by-model/samsung-galaxy/s-series/galaxy-s21,117,1,117,3,dom-inspection,ul.submenu > li.mdrop-menu > ul.mdrop-menu-inner > li > ul.mt-top > li > a,https://www.mobilesentrix.ca/accessories/screen-protectors/shop-by-model/samsung-galaxy/s-series/galaxy-s21,False,False,2026-09-07T04:46:44+00:00,,,,,,same_name_different_url
MobileSentrix Canada,https://www.mobilesentrix.ca/,Accessories,,8,click,Screen Protectors,,3,dom-inspection,Galaxy S20 FE,https://www.mobilesentrix.ca/accessories/screen-protectors/shop-by-model/samsung-galaxy/s-series/galaxy-s20-fe,118,1,118,3,dom-inspection,ul.submenu > li.mdrop-menu > ul.mdrop-menu-inner > li > ul.mt-top > li > a,https://www.mobilesentrix.ca/accessories/screen-protectors/shop-by-model/samsung-galaxy/s-series/galaxy-s20-fe,False,False,2026-09-07T04:46:44+00:00,,,,,,same_name_different_url
MobileSentrix Canada,https://www.mobilesentrix.ca/,Accessories,,8,click,Screen Protectors,,3,dom-inspection,Galaxy S20 Plus,https://www.mobilesentrix.ca/accessories/screen-protectors/shop-by-model/samsung-galaxy/s-series/galaxy-s20-plus,119,1,119,3,dom-inspection,ul.submenu > li.mdrop-menu > ul.mdrop-menu-inner > li > ul.mt-top > li > a,https://www.mobilesentrix.ca/accessories/screen-protectors/shop-by-model/samsung-galaxy/s-series/galaxy-s20-plus,False,False,2026-09-07T04:46:44+00:00,,,,,,same_name_different_url
MobileSentrix Canada,https://www.mobilesentrix.ca/,Accessories,,8,click,Screen Protectors,,3,dom-inspection,Galaxy S20,https://www.mobilesentrix.ca/accessories/screen-protectors/shop-by-model/samsung-galaxy/s-series/galaxy-s20,120,1,120,3,dom-inspection,ul.submenu > li.mdrop-menu > ul.mdrop-menu-inner > li > ul.mt-top > li > a,https://www.mobilesentrix.ca/accessories/screen-protectors/shop-by-model/samsung-galaxy/s-series/galaxy-s20,False,False,2026-09-07T04:46:44+00:00,,,,,,same_name_different_url
MobileSentrix Canada,https://www.mobilesentrix.ca/,Accessories,,8,click,Screen Protectors,,3,dom-inspection,Galaxy S10 Lite,https://www.mobilesentrix.ca/accessories/screen-protectors/shop-by-model/samsung-galaxy/s-series/galaxy-s10-lite,121,1,121,3,dom-inspection,ul.submenu > li.mdrop-menu > ul.mdrop-menu-inner > li > ul.mt-top > li > a,https://www.mobilesentrix.ca/accessories/screen-protectors/shop-by-model/samsung-galaxy/s-series/galaxy-s10-lite,False,False,2026-09-07T04:46:44+00:00,,,,,,same_name_different_url
MobileSentrix Canada,https://www.mobilesentrix.ca/,Accessories,,8,click,Screen Protectors,,3,dom-inspection,Galaxy S10 5G,https://www.mobilesentrix.ca/accessories/screen-protectors/shop-by-model/samsung-galaxy/s-series/galaxy-s10-5g,122,1,122,3,dom-inspection,ul.submenu > li.mdrop-menu > ul.mdrop-menu-inner > li > ul.mt-top > li > a,https://www.mobilesentrix.ca/accessories/screen-protectors/shop-by-model/samsung-galaxy/s-series/galaxy-s10-5g,False,False,2026-09-07T04:46:44+00:00,,,,,,same_name_different_url
MobileSentrix Canada,https://www.mobilesentrix.ca/,Accessories,,8,click,Screen Protectors,,3,dom-inspection,Galaxy S10 Plus,https://www.mobilesentrix.ca/accessories/screen-protectors/shop-by-model/samsung-galaxy/s-series/galaxy-s10-plus,123,1,123,3,dom-inspection,ul.submenu > li.mdrop-menu > ul.mdrop-menu-inner > li > ul.mt-top > li > a,https://www.mobilesentrix.ca/accessories/screen-protectors/shop-by-model/samsung-galaxy/s-series/galaxy-s10-plus,False,False,2026-09-07T04:46:44+00:00,,,,,,same_name_different_url
MobileSentrix Canada,https://www.mobilesentrix.ca/,Accessories,,8,click,Screen Protectors,,3,dom-inspection,Galaxy S10,https://www.mobilesentrix.ca/accessories/screen-protectors/shop-by-model/samsung-galaxy/s-series/galaxy-s10,124,1,124,3,dom-inspection,ul.submenu > li.mdrop-menu > ul.mdrop-menu-inner > li > ul.mt-top > li > a,https://www.mobilesentrix.ca/accessories/screen-protectors/shop-by-model/samsung-galaxy/s-series/galaxy-s10,False,False,2026-09-07T04:46:44+00:00,,,,,,same_name_different_url
MobileSentrix Canada,https://www.mobilesentrix.ca/,Accessories,,8,click,Screen Protectors,,3,dom-inspection,Galaxy S10e,https://www.mobilesentrix.ca/accessories/screen-protectors/shop-by-model/samsung-galaxy/s-series/galaxy-s10e,125,1,125,3,dom-inspection,ul.submenu > li.mdrop-menu > ul.mdrop-menu-inner > li > ul.mt-top > li > a,https://www.mobilesentrix.ca/accessories/screen-protectors/shop-by-model/samsung-galaxy/s-series/galaxy-s10e,False,False,2026-09-07T04:46:44+00:00,,,,,,same_name_different_url
MobileSentrix Canada,https://www.mobilesentrix.ca/,Accessories,,8,click,Screen Protectors,,3,dom-inspection,Galaxy S9 Plus,https://www.mobilesentrix.ca/accessories/screen-protectors/shop-by-model/samsung-galaxy/s-series/galaxy-s9-plus,126,1,126,3,dom-inspection,ul.submenu > li.mdrop-menu > ul.mdrop-menu-inner > li > ul.mt-top > li > a,https://www.mobilesentrix.ca/accessories/screen-protectors/shop-by-model/samsung-galaxy/s-series/galaxy-s9-plus,False,False,2026-09-07T04:46:44+00:00,,,,,,same_name_different_url
MobileSentrix Canada,https://www.mobilesentrix.ca/,Accessories,,8,click,Screen Protectors,,3,dom-inspection,Galaxy S9,https://www.mobilesentrix.ca/accessories/screen-protectors/shop-by-model/samsung-galaxy/s-series/galaxy-s9,127,1,127,3,dom-inspection,ul.submenu > li.mdrop-menu > ul.mdrop-menu-inner > li > ul.mt-top > li > a,https://www.mobilesentrix.ca/accessories/screen-protectors/shop-by-model/samsung-galaxy/s-series/galaxy-s9,False,False,2026-09-07T04:46:44+00:00,,,,,,same_name_different_url
MobileSentrix Canada,https://www.mobilesentrix.ca/,Accessories,,8,click,Screen Protectors,,3,dom-inspection,Galaxy S8 Plus,https://www.mobilesentrix.ca/accessories/screen-protectors/shop-by-model/samsung-galaxy/s-series/galaxy-s8-plus,128,1,128,3,dom-inspection,ul.submenu > li.mdrop-menu > ul.mdrop-menu-inner > li > ul.mt-top > li > a,https://www.mobilesentrix.ca/accessories/screen-protectors/shop-by-model/samsung-galaxy/s-series/galaxy-s8-plus,False,False,2026-09-07T04:46:44+00:00,,,,,,same_name_different_url
MobileSentrix Canada,https://www.mobilesentrix.ca/,Accessories,,8,click,Screen Protectors,,3,dom-inspection,Galaxy S8,https://www.mobilesentrix.ca/accessories/screen-protectors/shop-by-model/samsung-galaxy/s-series/galaxy-s8,129,1,129,3,dom-inspection,ul.submenu > li.mdrop-menu > ul.mdrop-menu-inner > li > ul.mt-top > li > a,https://www.mobilesentrix.ca/accessories/screen-protectors/shop-by-model/samsung-galaxy/s-series/galaxy-s8,False,False,2026-09-07T04:46:44+00:00,,,,,,same_name_different_url
MobileSentrix Canada,https://www.mobilesentrix.ca/,Accessories,,8,click,Screen Protectors,,3,dom-inspection,A57 5G (A576 / 2026),https://www.mobilesentrix.ca/accessories/screen-protectors/shop-by-model/samsung-galaxy/a-series/a57-5g-a576-2026,130,1,130,3,dom-inspection,ul.submenu > li.mdrop-menu > ul.mdrop-menu-inner > li > ul.submenu > li > a,https://www.mobilesentrix.ca/accessories/screen-protectors/shop-by-model/samsung-galaxy/a-series/a57-5g-a576-2026,False,False,2026-09-07T04:46:44+00:00,,,,,,same_name_different_url
MobileSentrix Canada,https://www.mobilesentrix.ca/,Accessories,,8,click,Screen Protectors,,3,dom-inspection,A37 5G (A376 / 2026),https://www.mobilesentrix.ca/accessories/screen-protectors/shop-by-model/samsung-galaxy/a-series/a37-5g-a376-2026,131,1,131,3,dom-inspection,ul.submenu > li.mdrop-menu > ul.mdrop-menu-inner > li > ul.submenu > li > a,https://www.mobilesentrix.ca/accessories/screen-protectors/shop-by-model/samsung-galaxy/a-series/a37-5g-a376-2026,False,False,2026-09-07T04:46:44+00:00,,,,,,same_name_different_url
MobileSentrix Canada,https://www.mobilesentrix.ca/,Accessories,,8,click,Screen Protectors,,3,dom-inspection,A07 5G (A076 / 2026),https://www.mobilesentrix.ca/accessories/screen-protectors/shop-by-model/samsung-galaxy/a-series/a07-5g-a076-2026,132,1,132,3,dom-inspection,ul.submenu > li.mdrop-menu > ul.mdrop-menu-inner > li > ul.submenu > li > a,https://www.mobilesentrix.ca/accessories/screen-protectors/shop-by-model/samsung-galaxy/a-series/a07-5g-a076-2026,False,False,2026-09-07T04:46:44+00:00,,,,,,same_name_different_url
MobileSentrix Canada,https://www.mobilesentrix.ca/,Accessories,,8,click,Screen Protectors,,3,dom-inspection,A17 5G (A176 / 2025),https://www.mobilesentrix.ca/accessories/screen-protectors/shop-by-model/samsung-galaxy/a-series/a17-5g-a176-2025,133,1,133,3,dom-inspection,ul.submenu > li.mdrop-menu > ul.mdrop-menu-inner > li > ul.submenu > li > a,https://www.mobilesentrix.ca/accessories/screen-protectors/shop-by-model/samsung-galaxy/a-series/a17-5g-a176-2025,False,False,2026-09-07T04:46:44+00:00,,,,,,same_name_different_url
MobileSentrix Canada,https://www.mobilesentrix.ca/,Accessories,,8,click,Screen Protectors,,3,dom-inspection,A56 5G (A566 / 2025),https://www.mobilesentrix.ca/accessories/screen-protectors/shop-by-model/samsung-galaxy/a-series/a56-5g-a566-2025,134,1,134,3,dom-inspection,ul.submenu > li.mdrop-menu > ul.mdrop-menu-inner > li > ul.submenu > li > a,https://www.mobilesentrix.ca/accessories/screen-protectors/shop-by-model/samsung-galaxy/a-series/a56-5g-a566-2025,False,False,2026-09-07T04:46:44+00:00,,,,,,same_name_different_url
MobileSentrix Canada,https://www.mobilesentrix.ca/,Accessories,,8,click,Screen Protectors,,3,dom-inspection,A26 5G (A266 / 2025),https://www.mobilesentrix.ca/accessories/screen-protectors/shop-by-model/samsung-galaxy/a-series/a26-5g-a266-2025,135,1,135,3,dom-inspection,ul.submenu > li.mdrop-menu > ul.mdrop-menu-inner > li > ul.submenu > li > a,https://www.mobilesentrix.ca/accessories/screen-protectors/shop-by-model/samsung-galaxy/a-series/a26-5g-a266-2025,False,False,2026-09-07T04:46:44+00:00,,,,,,same_name_different_url
MobileSentrix Canada,https://www.mobilesentrix.ca/,Accessories,,8,click,Screen Protectors,,3,dom-inspection,A36 5G (A366 / 2025),https://www.mobilesentrix.ca/accessories/screen-protectors/shop-by-model/samsung-galaxy/a-series/a36-5g-a366-2025,136,1,136,3,dom-inspection,ul.submenu > li.mdrop-menu > ul.mdrop-menu-inner > li > ul.submenu > li > a,https://www.mobilesentrix.ca/accessories/screen-protectors/shop-by-model/samsung-galaxy/a-series/a36-5g-a366-2025,False,False,2026-09-07T04:46:44+00:00,,,,,,same_name_different_url
MobileSentrix Canada,https://www.mobilesentrix.ca/,Accessories,,8,click,Screen Protectors,,3,dom-inspection,A16 5G (A166 / 2024),https://www.mobilesentrix.ca/accessories/screen-protectors/shop-by-model/samsung-galaxy/a-series/a16-5g-a166-2024,137,1,137,3,dom-inspection,ul.submenu > li.mdrop-menu > ul.mdrop-menu-inner > li > ul.submenu > li > a,https://www.mobilesentrix.ca/accessories/screen-protectors/shop-by-model/samsung-galaxy/a-series/a16-5g-a166-2024,False,False,2026-09-07T04:46:44+00:00,,,,,,same_name_different_url
MobileSentrix Canada,https://www.mobilesentrix.ca/,Accessories,,8,click,Screen Protectors,,3,dom-inspection,A35 5G (A356 / 2024),https://www.mobilesentrix.ca/accessories/screen-protectors/shop-by-model/samsung-galaxy/a-series/a35-5g-a356-2024,139,1,139,3,dom-inspection,ul.submenu > li.mdrop-menu > ul.mdrop-menu-inner > li > ul.submenu > li > a,https://www.mobilesentrix.ca/accessories/screen-protectors/shop-by-model/samsung-galaxy/a-series/a35-5g-a356-2024,False,False,2026-09-07T04:46:44+00:00,,,,,,same_name_different_url
MobileSentrix Canada,https://www.mobilesentrix.ca/,Accessories,,8,click,Screen Protectors,,3,dom-inspection,A25 5G (A256 / 2023),https://www.mobilesentrix.ca/accessories/screen-protectors/shop-by-model/samsung-galaxy/a-series/a25-5g-a256-2023,140,1,140,3,dom-inspection,ul.submenu > li.mdrop-menu > ul.mdrop-menu-inner > li > ul.submenu > li > a,https://www.mobilesentrix.ca/accessories/screen-protectors/shop-by-model/samsung-galaxy/a-series/a25-5g-a256-2023,False,False,2026-09-07T04:46:44+00:00,,,,,,same_name_different_url
MobileSentrix Canada,https://www.mobilesentrix.ca/,Accessories,,8,click,Screen Protectors,,3,dom-inspection,A15 5G (A156 / 2023),https://www.mobilesentrix.ca/accessories/screen-protectors/shop-by-model/samsung-galaxy/a-series/a15-5g-a156-2023,141,1,141,3,dom-inspection,ul.submenu > li.mdrop-menu > ul.mdrop-menu-inner > li > ul.submenu > li > a,https://www.mobilesentrix.ca/accessories/screen-protectors/shop-by-model/samsung-galaxy/a-series/a15-5g-a156-2023,False,False,2026-09-07T04:46:44+00:00,,,,,,same_name_different_url
MobileSentrix Canada,https://www.mobilesentrix.ca/,Accessories,,8,click,Screen Protectors,,3,dom-inspection,A05S (A057 / 2023),https://www.mobilesentrix.ca/accessories/screen-protectors/shop-by-model/samsung-galaxy/a-series/a05s-a057-2023,143,1,143,3,dom-inspection,ul.submenu > li.mdrop-menu > ul.mdrop-menu-inner > li > ul.submenu > li > a,https://www.mobilesentrix.ca/accessories/screen-protectors/shop-by-model/samsung-galaxy/a-series/a05s-a057-2023,False,False,2026-09-07T04:46:44+00:00,,,,,,same_name_different_url
MobileSentrix Canada,https://www.mobilesentrix.ca/,Accessories,,8,click,Screen Protectors,,3,dom-inspection,A54 5G (A546 / 2023),https://www.mobilesentrix.ca/accessories/screen-protectors/shop-by-model/samsung-galaxy/a-series/a54-5g-a546-2023,145,1,145,3,dom-inspection,ul.submenu > li.mdrop-menu > ul.mdrop-menu-inner > li > ul.submenu > li > a,https://www.mobilesentrix.ca/accessories/screen-protectors/shop-by-model/samsung-galaxy/a-series/a54-5g-a546-2023,False,False,2026-09-07T04:46:44+00:00,,,,,,same_name_different_url
MobileSentrix Canada,https://www.mobilesentrix.ca/,Accessories,,8,click,Screen Protectors,,3,dom-inspection,A34 5G (A346 / 2023),https://www.mobilesentrix.ca/accessories/screen-protectors/shop-by-model/samsung-galaxy/a-series/a34-5g-a346-2023,146,1,146,3,dom-inspection,ul.submenu > li.mdrop-menu > ul.mdrop-menu-inner > li > ul.submenu > li > a,https://www.mobilesentrix.ca/accessories/screen-protectors/shop-by-model/samsung-galaxy/a-series/a34-5g-a346-2023,False,False,2026-09-07T04:46:44+00:00,,,,,,same_name_different_url
MobileSentrix Canada,https://www.mobilesentrix.ca/,Accessories,,8,click,Screen Protectors,,3,dom-inspection,A14 5G (A146 / 2023),https://www.mobilesentrix.ca/accessories/screen-protectors/shop-by-model/samsung-galaxy/a-series/a14-5g-a146-2023,147,1,147,3,dom-inspection,ul.submenu > li.mdrop-menu > ul.mdrop-menu-inner > li > ul.submenu > li > a,https://www.mobilesentrix.ca/accessories/screen-protectors/shop-by-model/samsung-galaxy/a-series/a14-5g-a146-2023,False,False,2026-09-07T04:46:44+00:00,,,,,,same_name_different_url
MobileSentrix Canada,https://www.mobilesentrix.ca/,Accessories,,8,click,Screen Protectors,,3,dom-inspection,A53 5G (A536 / 2022),https://www.mobilesentrix.ca/accessories/screen-protectors/shop-by-model/samsung-galaxy/a-series/a53-5g-a536-2022,148,1,148,3,dom-inspection,ul.submenu > li.mdrop-menu > ul.mdrop-menu-inner > li > ul.mt-top > li > a,https://www.mobilesentrix.ca/accessories/screen-protectors/shop-by-model/samsung-galaxy/a-series/a53-5g-a536-2022,False,False,2026-09-07T04:46:44+00:00,,,,,,same_name_different_url
MobileSentrix Canada,https://www.mobilesentrix.ca/,Accessories,,8,click,Screen Protectors,,3,dom-inspection,A13 5G (A136 / 2021),https://www.mobilesentrix.ca/accessories/screen-protectors/shop-by-model/samsung-galaxy/a-series/a13-5g-a136-2021,149,1,149,3,dom-inspection,ul.submenu > li.mdrop-menu > ul.mdrop-menu-inner > li > ul.mt-top > li > a,https://www.mobilesentrix.ca/accessories/screen-protectors/shop-by-model/samsung-galaxy/a-series/a13-5g-a136-2021,False,False,2026-09-07T04:46:44+00:00,,,,,,same_name_different_url
MobileSentrix Canada,https://www.mobilesentrix.ca/,Accessories,,8,click,Screen Protectors,,3,dom-inspection,A32 5G (A326 / 2021),https://www.mobilesentrix.ca/accessories/screen-protectors/shop-by-model/samsung-galaxy/a-series/a32-5g-a326-2021,150,1,150,3,dom-inspection,ul.submenu > li.mdrop-menu > ul.mdrop-menu-inner > li > ul.mt-top > li > a,https://www.mobilesentrix.ca/accessories/screen-protectors/shop-by-model/samsung-galaxy/a-series/a32-5g-a326-2021,False,False,2026-09-07T04:46:44+00:00,,,,,,same_name_different_url
MobileSentrix Canada,https://www.mobilesentrix.ca/,Accessories,,8,click,Screen Protectors,,3,dom-inspection,A52s (A528 / 2021),https://www.mobilesentrix.ca/accessories/screen-protectors/shop-by-model/samsung-galaxy/a-series/a52s-a528-2021,151,1,151,3,dom-inspection,ul.submenu > li.mdrop-menu > ul.mdrop-menu-inner > li > ul.mt-top > li > a,https://www.mobilesentrix.ca/accessories/screen-protectors/shop-by-model/samsung-galaxy/a-series/a52s-a528-2021,False,False,2026-09-07T04:46:44+00:00,,,,,,same_name_different_url
MobileSentrix Canada,https://www.mobilesentrix.ca/,Accessories,,8,click,Screen Protectors,,3,dom-inspection,A52 5G (A526 / 2021),https://www.mobilesentrix.ca/accessories/screen-protectors/shop-by-model/samsung-galaxy/a-series/a52-5g-a526-2021,152,1,152,3,dom-inspection,ul.submenu > li.mdrop-menu > ul.mdrop-menu-inner > li > ul.mt-top > li > a,https://www.mobilesentrix.ca/accessories/screen-protectors/shop-by-model/samsung-galaxy/a-series/a52-5g-a526-2021,False,False,2026-09-07T04:46:44+00:00,,,,,,same_name_different_url
MobileSentrix Canada,https://www.mobilesentrix.ca/,Accessories,,8,click,Screen Protectors,,3,dom-inspection,A03s (A037 / 2021),https://www.mobilesentrix.ca/accessories/screen-protectors/shop-by-model/samsung-galaxy/a-series/a03s-a037-2021,153,1,153,3,dom-inspection,ul.submenu > li.mdrop-menu > ul.mdrop-menu-inner > li > ul.mt-top > li > a,https://www.mobilesentrix.ca/accessories/screen-protectors/shop-by-model/samsung-galaxy/a-series/a03s-a037-2021,False,False,2026-09-07T04:46:44+00:00,,,,,,same_name_different_url
MobileSentrix Canada,https://www.mobilesentrix.ca/,Accessories,,8,click,Screen Protectors,,3,dom-inspection,A51 5G (A516 / 2020),https://www.mobilesentrix.ca/accessories/screen-protectors/shop-by-model/samsung-galaxy/a-series/a51-5g-a516-2020,156,1,156,3,dom-inspection,ul.submenu > li.mdrop-menu > ul.mdrop-menu-inner > li > ul.mt-top > li > a,https://www.mobilesentrix.ca/accessories/screen-protectors/shop-by-model/samsung-galaxy/a-series/a51-5g-a516-2020,False,False,2026-09-07T04:46:44+00:00,,,,,,same_name_different_url
MobileSentrix Canada,https://www.mobilesentrix.ca/,Accessories,,8,click,Screen Protectors,,3,dom-inspection,A02s (A025 / 2020),https://www.mobilesentrix.ca/accessories/screen-protectors/shop-by-model/samsung-galaxy/a-series/a02s-a025-2020,157,1,157,3,dom-inspection,ul.submenu > li.mdrop-menu > ul.mdrop-menu-inner > li > ul.mt-top > li > a,https://www.mobilesentrix.ca/accessories/screen-protectors/shop-by-model/samsung-galaxy/a-series/a02s-a025-2020,False,False,2026-09-07T04:46:44+00:00,,,,,,same_name_different_url
MobileSentrix Canada,https://www.mobilesentrix.ca/,Accessories,,8,click,Screen Protectors,,3,dom-inspection,A51 4G (A515 / 2019),https://www.mobilesentrix.ca/accessories/screen-protectors/shop-by-model/samsung-galaxy/a-series/a51-4g-a515-2019,159,1,159,3,dom-inspection,ul.submenu > li.mdrop-menu > ul.mdrop-menu-inner > li > ul.mt-top > li > a,https://www.mobilesentrix.ca/accessories/screen-protectors/shop-by-model/samsung-galaxy/a-series/a51-4g-a515-2019,False,False,2026-09-07T04:46:44+00:00,,,,,,same_name_different_url
MobileSentrix Canada,https://www.mobilesentrix.ca/,Accessories,,8,click,Screen Protectors,,3,dom-inspection,A5 (A500 / 2015),https://www.mobilesentrix.ca/accessories/screen-protectors/shop-by-model/samsung-galaxy/a-series/a5-a500-2015,160,1,160,3,dom-inspection,ul.submenu > li.mdrop-menu > ul.mdrop-menu-inner > li > ul.mt-top > li > a,https://www.mobilesentrix.ca/accessories/screen-protectors/shop-by-model/samsung-galaxy/a-series/a5-a500-2015,False,False,2026-09-07T04:46:44+00:00,,,,,,same_name_different_url
MobileSentrix Canada,https://www.mobilesentrix.ca/,Accessories,,8,click,Screen Protectors,,3,dom-inspection,Galaxy Note 20 Ultra,https://www.mobilesentrix.ca/accessories/screen-protectors/shop-by-model/samsung-galaxy/note-series/galaxy-note-20-ultra,161,1,161,3,dom-inspection,ul.submenu > li.mdrop-menu > ul.mdrop-menu-inner > li > ul.submenu > li > a,https://www.mobilesentrix.ca/accessories/screen-protectors/shop-by-model/samsung-galaxy/note-series/galaxy-note-20-ultra,False,False,2026-09-07T04:46:44+00:00,,,,,,same_name_different_url
MobileSentrix Canada,https://www.mobilesentrix.ca/,Accessories,,8,click,Screen Protectors,,3,dom-inspection,Galaxy Note 20,https://www.mobilesentrix.ca/accessories/screen-protectors/shop-by-model/samsung-galaxy/note-series/galaxy-note-20,162,1,162,3,dom-inspection,ul.submenu > li.mdrop-menu > ul.mdrop-menu-inner > li > ul.submenu > li > a,https://www.mobilesentrix.ca/accessories/screen-protectors/shop-by-model/samsung-galaxy/note-series/galaxy-note-20,False,False,2026-09-07T04:46:44+00:00,,,,,,same_name_different_url
MobileSentrix Canada,https://www.mobilesentrix.ca/,Accessories,,8,click,Screen Protectors,,3,dom-inspection,Galaxy Note 10 Plus,https://www.mobilesentrix.ca/accessories/screen-protectors/shop-by-model/samsung-galaxy/note-series/galaxy-note-10-plus,163,1,163,3,dom-inspection,ul.submenu > li.mdrop-menu > ul.mdrop-menu-inner > li > ul.submenu > li > a,https://www.mobilesentrix.ca/accessories/screen-protectors/shop-by-model/samsung-galaxy/note-series/galaxy-note-10-plus,False,False,2026-09-07T04:46:44+00:00,,,,,,same_name_different_url
MobileSentrix Canada,https://www.mobilesentrix.ca/,Accessories,,8,click,Screen Protectors,,3,dom-inspection,Galaxy Note 10 Lite,https://www.mobilesentrix.ca/accessories/screen-protectors/shop-by-model/samsung-galaxy/note-series/galaxy-note-10-lite,164,1,164,3,dom-inspection,ul.submenu > li.mdrop-menu > ul.mdrop-menu-inner > li > ul.submenu > li > a,https://www.mobilesentrix.ca/accessories/screen-protectors/shop-by-model/samsung-galaxy/note-series/galaxy-note-10-lite,False,False,2026-09-07T04:46:44+00:00,,,,,,same_name_different_url
MobileSentrix Canada,https://www.mobilesentrix.ca/,Accessories,,8,click,Screen Protectors,,3,dom-inspection,Galaxy Note 10,https://www.mobilesentrix.ca/accessories/screen-protectors/shop-by-model/samsung-galaxy/note-series/galaxy-note-10,165,1,165,3,dom-inspection,ul.submenu > li.mdrop-menu > ul.mdrop-menu-inner > li > ul.submenu > li > a,https://www.mobilesentrix.ca/accessories/screen-protectors/shop-by-model/samsung-galaxy/note-series/galaxy-note-10,False,False,2026-09-07T04:46:44+00:00,,,,,,same_name_different_url
MobileSentrix Canada,https://www.mobilesentrix.ca/,Accessories,,8,click,Screen Protectors,,3,dom-inspection,Galaxy Note 9,https://www.mobilesentrix.ca/accessories/screen-protectors/shop-by-model/samsung-galaxy/note-series/galaxy-note-9,166,1,166,3,dom-inspection,ul.submenu > li.mdrop-menu > ul.mdrop-menu-inner > li > ul.submenu > li > a,https://www.mobilesentrix.ca/accessories/screen-protectors/shop-by-model/samsung-galaxy/note-series/galaxy-note-9,False,False,2026-09-07T04:46:44+00:00,,,,,,same_name_different_url
MobileSentrix Canada,https://www.mobilesentrix.ca/,Accessories,,8,click,Screen Protectors,,3,dom-inspection,Galaxy Note 8,https://www.mobilesentrix.ca/accessories/screen-protectors/shop-by-model/samsung-galaxy/note-series/galaxy-note-8,167,1,167,3,dom-inspection,ul.submenu > li.mdrop-menu > ul.mdrop-menu-inner > li > ul.submenu > li > a,https://www.mobilesentrix.ca/accessories/screen-protectors/shop-by-model/samsung-galaxy/note-series/galaxy-note-8,False,False,2026-09-07T04:46:44+00:00,,,,,,same_name_different_url
MobileSentrix Canada,https://www.mobilesentrix.ca/,Accessories,,8,click,Screen Protectors,,3,dom-inspection,Pixel 10a,https://www.mobilesentrix.ca/accessories/screen-protectors/shop-by-model/google-pixel/pixel-10a,168,1,168,3,dom-inspection,ul.submenu > li.mdrop-menu > ul.mdrop-menu-inner > li > ul.submenu > li > a,https://www.mobilesentrix.ca/accessories/screen-protectors/shop-by-model/google-pixel/pixel-10a,False,False,2026-09-07T04:46:44+00:00,,,,,,same_name_different_url
MobileSentrix Canada,https://www.mobilesentrix.ca/,Accessories,,8,click,Screen Protectors,,3,dom-inspection,Pixel 10 Pro XL,https://www.mobilesentrix.ca/accessories/screen-protectors/shop-by-model/google-pixel/pixel-10-pro-xl,169,1,169,3,dom-inspection,ul.submenu > li.mdrop-menu > ul.mdrop-menu-inner > li > ul.submenu > li > a,https://www.mobilesentrix.ca/accessories/screen-protectors/shop-by-model/google-pixel/pixel-10-pro-xl,False,False,2026-09-07T04:46:44+00:00,,,,,,same_name_different_url
MobileSentrix Canada,https://www.mobilesentrix.ca/,Accessories,,8,click,Screen Protectors,,3,dom-inspection,Pixel 10 Pro,https://www.mobilesentrix.ca/accessories/screen-protectors/shop-by-model/google-pixel/pixel-10-pro,170,1,170,3,dom-inspection,ul.submenu > li.mdrop-menu > ul.mdrop-menu-inner > li > ul.submenu > li > a,https://www.mobilesentrix.ca/accessories/screen-protectors/shop-by-model/google-pixel/pixel-10-pro,False,False,2026-09-07T04:46:44+00:00,,,,,,same_name_different_url
MobileSentrix Canada,https://www.mobilesentrix.ca/,Accessories,,8,click,Screen Protectors,,3,dom-inspection,Pixel 10,https://www.mobilesentrix.ca/accessories/screen-protectors/shop-by-model/google-pixel/pixel-10,171,1,171,3,dom-inspection,ul.submenu > li.mdrop-menu > ul.mdrop-menu-inner > li > ul.submenu > li > a,https://www.mobilesentrix.ca/accessories/screen-protectors/shop-by-model/google-pixel/pixel-10,False,False,2026-09-07T04:46:44+00:00,,,,,,same_name_different_url
MobileSentrix Canada,https://www.mobilesentrix.ca/,Accessories,,8,click,Screen Protectors,,3,dom-inspection,Pixel 9a,https://www.mobilesentrix.ca/accessories/screen-protectors/shop-by-model/google-pixel/pixel-9a,172,1,172,3,dom-inspection,ul.submenu > li.mdrop-menu > ul.mdrop-menu-inner > li > ul.submenu > li > a,https://www.mobilesentrix.ca/accessories/screen-protectors/shop-by-model/google-pixel/pixel-9a,False,False,2026-09-07T04:46:44+00:00,,,,,,same_name_different_url
MobileSentrix Canada,https://www.mobilesentrix.ca/,Accessories,,8,click,Screen Protectors,,3,dom-inspection,Pixel 9 Pro XL,https://www.mobilesentrix.ca/accessories/screen-protectors/shop-by-model/google-pixel/pixel-9-pro-xl,173,1,173,3,dom-inspection,ul.submenu > li.mdrop-menu > ul.mdrop-menu-inner > li > ul.submenu > li > a,https://www.mobilesentrix.ca/accessories/screen-protectors/shop-by-model/google-pixel/pixel-9-pro-xl,False,False,2026-09-07T04:46:44+00:00,,,,,,same_name_different_url
MobileSentrix Canada,https://www.mobilesentrix.ca/,Accessories,,8,click,Screen Protectors,,3,dom-inspection,Pixel 9 Pro,https://www.mobilesentrix.ca/accessories/screen-protectors/shop-by-model/google-pixel/pixel-9-pro,174,1,174,3,dom-inspection,ul.submenu > li.mdrop-menu > ul.mdrop-menu-inner > li > ul.submenu > li > a,https://www.mobilesentrix.ca/accessories/screen-protectors/shop-by-model/google-pixel/pixel-9-pro,False,False,2026-09-07T04:46:44+00:00,,,,,,same_name_different_url
MobileSentrix Canada,https://www.mobilesentrix.ca/,Accessories,,8,click,Screen Protectors,,3,dom-inspection,Pixel 9,https://www.mobilesentrix.ca/accessories/screen-protectors/shop-by-model/google-pixel/pixel-9,175,1,175,3,dom-inspection,ul.submenu > li.mdrop-menu > ul.mdrop-menu-inner > li > ul.submenu > li > a,https://www.mobilesentrix.ca/accessories/screen-protectors/shop-by-model/google-pixel/pixel-9,False,False,2026-09-07T04:46:44+00:00,,,,,,same_name_different_url
MobileSentrix Canada,https://www.mobilesentrix.ca/,Accessories,,8,click,Screen Protectors,,3,dom-inspection,Pixel 8a,https://www.mobilesentrix.ca/accessories/screen-protectors/shop-by-model/google-pixel/pixel-8a,176,1,176,3,dom-inspection,ul.submenu > li.mdrop-menu > ul.mdrop-menu-inner > li > ul.submenu > li > a,https://www.mobilesentrix.ca/accessories/screen-protectors/shop-by-model/google-pixel/pixel-8a,False,False,2026-09-07T04:46:44+00:00,,,,,,same_name_different_url
MobileSentrix Canada,https://www.mobilesentrix.ca/,Accessories,,8,click,Screen Protectors,,3,dom-inspection,Pixel 8 Pro,https://www.mobilesentrix.ca/accessories/screen-protectors/shop-by-model/google-pixel/pixel-8-pro,177,1,177,3,dom-inspection,ul.submenu > li.mdrop-menu > ul.mdrop-menu-inner > li > ul.submenu > li > a,https://www.mobilesentrix.ca/accessories/screen-protectors/shop-by-model/google-pixel/pixel-8-pro,False,False,2026-09-07T04:46:44+00:00,,,,,,same_name_different_url
MobileSentrix Canada,https://www.mobilesentrix.ca/,Accessories,,8,click,Screen Protectors,,3,dom-inspection,Pixel 8,https://www.mobilesentrix.ca/accessories/screen-protectors/shop-by-model/google-pixel/pixel-8,178,1,178,3,dom-inspection,ul.submenu > li.mdrop-menu > ul.mdrop-menu-inner > li > ul.submenu > li > a,https://www.mobilesentrix.ca/accessories/screen-protectors/shop-by-model/google-pixel/pixel-8,False,False,2026-09-07T04:46:44+00:00,,,,,,same_name_different_url
MobileSentrix Canada,https://www.mobilesentrix.ca/,Accessories,,8,click,Screen Protectors,,3,dom-inspection,Pixel 7a,https://www.mobilesentrix.ca/accessories/screen-protectors/shop-by-model/google-pixel/pixel-7a,179,1,179,3,dom-inspection,ul.submenu > li.mdrop-menu > ul.mdrop-menu-inner > li > ul.submenu > li > a,https://www.mobilesentrix.ca/accessories/screen-protectors/shop-by-model/google-pixel/pixel-7a,False,False,2026-09-07T04:46:44+00:00,,,,,,same_name_different_url
MobileSentrix Canada,https://www.mobilesentrix.ca/,Accessories,,8,click,Screen Protectors,,3,dom-inspection,Pixel 7 Pro,https://www.mobilesentrix.ca/accessories/screen-protectors/shop-by-model/google-pixel/pixel-7-pro,180,1,180,3,dom-inspection,ul.submenu > li.mdrop-menu > ul.mdrop-menu-inner > li > ul.submenu > li > a,https://www.mobilesentrix.ca/accessories/screen-protectors/shop-by-model/google-pixel/pixel-7-pro,False,False,2026-09-07T04:46:44+00:00,,,,,,same_name_different_url
MobileSentrix Canada,https://www.mobilesentrix.ca/,Accessories,,8,click,Screen Protectors,,3,dom-inspection,Pixel 7,https://www.mobilesentrix.ca/accessories/screen-protectors/shop-by-model/google-pixel/pixel-7,181,1,181,3,dom-inspection,ul.submenu > li.mdrop-menu > ul.mdrop-menu-inner > li > ul.submenu > li > a,https://www.mobilesentrix.ca/accessories/screen-protectors/shop-by-model/google-pixel/pixel-7,False,False,2026-09-07T04:46:44+00:00,,,,,,same_name_different_url
MobileSentrix Canada,https://www.mobilesentrix.ca/,Accessories,,8,click,Screen Protectors,,3,dom-inspection,Pixel 6A,https://www.mobilesentrix.ca/accessories/screen-protectors/shop-by-model/google-pixel/pixel-6a,182,1,182,3,dom-inspection,ul.submenu > li.mdrop-menu > ul.mdrop-menu-inner > li > ul.submenu > li > a,https://www.mobilesentrix.ca/accessories/screen-protectors/shop-by-model/google-pixel/pixel-6a,False,False,2026-09-07T04:46:44+00:00,,,,,,same_name_different_url
MobileSentrix Canada,https://www.mobilesentrix.ca/,Accessories,,8,click,Screen Protectors,,3,dom-inspection,Pixel 6 Pro,https://www.mobilesentrix.ca/accessories/screen-protectors/shop-by-model/google-pixel/pixel-6-pro,183,1,183,3,dom-inspection,ul.submenu > li.mdrop-menu > ul.mdrop-menu-inner > li > ul.submenu > li > a,https://www.mobilesentrix.ca/accessories/screen-protectors/shop-by-model/google-pixel/pixel-6-pro,False,False,2026-09-07T04:46:44+00:00,,,,,,same_name_different_url
MobileSentrix Canada,https://www.mobilesentrix.ca/,Accessories,,8,click,Screen Protectors,,3,dom-inspection,Pixel 6,https://www.mobilesentrix.ca/accessories/screen-protectors/shop-by-model/google-pixel/pixel-6,184,1,184,3,dom-inspection,ul.submenu > li.mdrop-menu > ul.mdrop-menu-inner > li > ul.submenu > li > a,https://www.mobilesentrix.ca/accessories/screen-protectors/shop-by-model/google-pixel/pixel-6,False,False,2026-09-07T04:46:44+00:00,,,,,,same_name_different_url
MobileSentrix Canada,https://www.mobilesentrix.ca/,Accessories,,8,click,Charging,,5,dom-inspection,USB-C,https://www.mobilesentrix.ca/accessories/charging/shop-by-ports/usb-c,7,1,7,3,dom-inspection,ul.level0.slayouts-menu > li > ul.sview-inul > li.sview-row > ul > li > a,https://www.mobilesentrix.ca/accessories/charging/shop-by-ports/usb-c,False,False,2026-09-07T04:46:44+00:00,,,,,,same_name_different_url
MobileSentrix Canada,https://www.mobilesentrix.ca/,Accessories,,8,click,Charging,,5,dom-inspection,USB-A,https://www.mobilesentrix.ca/accessories/charging/shop-by-ports/usb-a,8,1,8,3,dom-inspection,ul.level0.slayouts-menu > li > ul.sview-inul > li.sview-row > ul > li > a,https://www.mobilesentrix.ca/accessories/charging/shop-by-ports/usb-a,False,False,2026-09-07T04:46:44+00:00,,,,,,same_name_different_url
MobileSentrix Canada,https://www.mobilesentrix.ca/,Accessories,,8,click,Charging,,5,dom-inspection,Multi Ports,https://www.mobilesentrix.ca/accessories/charging/shop-by-ports/multi-ports,9,1,9,3,dom-inspection,ul.level0.slayouts-menu > li > ul.sview-inul > li.sview-row > ul > li > a,https://www.mobilesentrix.ca/accessories/charging/shop-by-ports/multi-ports,False,False,2026-09-07T04:46:44+00:00,,,,,,same_name_different_url
MobileSentrix Canada,https://www.mobilesentrix.ca/,Accessories,,8,click,Headphones & Speakers,,7,dom-inspection,Wired,https://www.mobilesentrix.ca/accessories/headphones-speakers/shop-by-connection/wired,5,1,5,3,dom-inspection,ul.level0.slayouts-menu > li > ul.sview-inul > li.sview-row > ul > li > a,https://www.mobilesentrix.ca/accessories/headphones-speakers/shop-by-connection/wired,False,False,2026-09-07T04:46:44+00:00,,,,,,same_name_different_url
MobileSentrix Canada,https://www.mobilesentrix.ca/,Accessories,,8,click,Headphones & Speakers,,7,dom-inspection,Wireless,https://www.mobilesentrix.ca/accessories/headphones-speakers/shop-by-connection/wireless,6,1,6,3,dom-inspection,ul.level0.slayouts-menu > li > ul.sview-inul > li.sview-row > ul > li > a,https://www.mobilesentrix.ca/accessories/headphones-speakers/shop-by-connection/wireless,False,False,2026-09-07T04:46:44+00:00,,,,,,same_name_different_url
MobileSentrix Canada,https://www.mobilesentrix.ca/,Accessories,,8,click,Power Banks,,8,dom-inspection,USB-C,https://www.mobilesentrix.ca/accessories/power-banks/shop-by-ports/usb-c,2,1,2,3,dom-inspection,ul.level0.slayouts-menu > li > ul.sview-inul > li.sview-row > ul > li > a,https://www.mobilesentrix.ca/accessories/power-banks/shop-by-ports/usb-c,False,False,2026-09-07T04:46:44+00:00,,,,,,same_name_different_url
MobileSentrix Canada,https://www.mobilesentrix.ca/,Accessories,,8,click,Power Banks,,8,dom-inspection,USB-A,https://www.mobilesentrix.ca/accessories/power-banks/shop-by-ports/usb-a,3,1,3,3,dom-inspection,ul.level0.slayouts-menu > li > ul.sview-inul > li.sview-row > ul > li > a,https://www.mobilesentrix.ca/accessories/power-banks/shop-by-ports/usb-a,False,False,2026-09-07T04:46:44+00:00,,,,,,same_name_different_url
MobileSentrix Canada,https://www.mobilesentrix.ca/,Accessories,,8,click,Power Banks,,8,dom-inspection,Multi Ports,https://www.mobilesentrix.ca/accessories/power-banks/shop-by-ports/multi-ports,4,1,4,3,dom-inspection,ul.level0.slayouts-menu > li > ul.sview-inul > li.sview-row > ul > li > a,https://www.mobilesentrix.ca/accessories/power-banks/shop-by-ports/multi-ports,False,False,2026-09-07T04:46:44+00:00,,,,,,same_name_different_url
MobileSentrix Canada,https://www.mobilesentrix.ca/,Accessories,,8,click,Cases,,9,dom-inspection,Clear,https://www.mobilesentrix.ca/accessories/cases/shop-by-type/clear,6,1,6,3,dom-inspection,ul.level0.slayouts-menu > li > ul.sview-inul > li.sview-row > ul > li > a,https://www.mobilesentrix.ca/accessories/cases/shop-by-type/clear,False,False,2026-09-07T04:46:44+00:00,,,,,,same_name_different_url
MobileSentrix Canada,https://www.mobilesentrix.ca/,Accessories,,8,click,Cases,,9,dom-inspection,Silicone,https://www.mobilesentrix.ca/accessories/cases/shop-by-material/silicone,9,1,9,3,dom-inspection,ul.level0.slayouts-menu > li > ul.sview-inul > li.sview-row > ul > li > a,https://www.mobilesentrix.ca/accessories/cases/shop-by-material/silicone,False,False,2026-09-07T04:46:44+00:00,,,,,,same_name_different_url
MobileSentrix Canada,https://www.mobilesentrix.ca/,Accessories,,8,click,Cases,,9,dom-inspection,Leather,https://www.mobilesentrix.ca/accessories/cases/shop-by-material/leather,10,1,10,3,dom-inspection,ul.level0.slayouts-menu > li > ul.sview-inul > li.sview-row > ul > li > a,https://www.mobilesentrix.ca/accessories/cases/shop-by-material/leather,False,False,2026-09-07T04:46:44+00:00,,,,,,same_name_different_url
MobileSentrix Canada,https://www.mobilesentrix.ca/,Accessories,,8,click,Cases,,9,dom-inspection,Metal,https://www.mobilesentrix.ca/accessories/cases/shop-by-material/metal,13,1,13,3,dom-inspection,ul.level0.slayouts-menu > li > ul.sview-inul > li.sview-row > ul > li > a,https://www.mobilesentrix.ca/accessories/cases/shop-by-material/metal,False,False,2026-09-07T04:46:44+00:00,,,,,,same_name_different_url
MobileSentrix Canada,https://www.mobilesentrix.ca/,Accessories,,8,click,Cases,,9,dom-inspection,MagSafe,https://www.mobilesentrix.ca/accessories/cases/shop-by-features/magsafe,15,1,15,3,dom-inspection,ul.level0.slayouts-menu > li > ul.sview-inul > li.sview-row > ul > li > a,https://www.mobilesentrix.ca/accessories/cases/shop-by-features/magsafe,False,False,2026-09-07T04:46:44+00:00,,,,,,same_name_different_url
MobileSentrix Canada,https://www.mobilesentrix.ca/,Accessories,,8,click,Watch Bands,,12,dom-inspection,Silicone,https://www.mobilesentrix.ca/accessories/watch-bands/shop-by-material/silicone,2,1,2,3,dom-inspection,ul.level0.slayouts-menu > li > ul.sview-inul > li.sview-row > ul > li > a,https://www.mobilesentrix.ca/accessories/watch-bands/shop-by-material/silicone,False,False,2026-09-07T04:46:44+00:00,,,,,,same_name_different_url
MobileSentrix Canada,https://www.mobilesentrix.ca/,Accessories,,8,click,Watch Bands,,12,dom-inspection,Leather,https://www.mobilesentrix.ca/accessories/watch-bands/shop-by-material/leather,3,1,3,3,dom-inspection,ul.level0.slayouts-menu > li > ul.sview-inul > li.sview-row > ul > li > a,https://www.mobilesentrix.ca/accessories/watch-bands/shop-by-material/leather,False,False,2026-09-07T04:46:44+00:00,,,,,,same_name_different_url
MobileSentrix Canada,https://www.mobilesentrix.ca/,Accessories,,8,click,Watch Bands,,12,dom-inspection,Metal,https://www.mobilesentrix.ca/accessories/watch-bands/shop-by-material/metal,4,1,4,3,dom-inspection,ul.level0.slayouts-menu > li > ul.sview-inul > li.sview-row > ul > li > a,https://www.mobilesentrix.ca/accessories/watch-bands/shop-by-material/metal,False,False,2026-09-07T04:46:44+00:00,,,,,,same_name_different_url
MobileSentrix Canada,https://www.mobilesentrix.ca/,Accessories,,8,click,Mice & Keyboards,,15,dom-inspection,Wired,https://www.mobilesentrix.ca/accessories/mice-keyboards/shop-by-connection/wired,5,1,5,3,dom-inspection,ul.level0.slayouts-menu > li > ul.sview-inul > li.sview-row > ul > li > a,https://www.mobilesentrix.ca/accessories/mice-keyboards/shop-by-connection/wired,False,False,2026-09-07T04:46:44+00:00,,,,,,same_name_different_url
MobileSentrix Canada,https://www.mobilesentrix.ca/,Accessories,,8,click,Mice & Keyboards,,15,dom-inspection,Wireless,https://www.mobilesentrix.ca/accessories/mice-keyboards/shop-by-connection/wireless,6,1,6,3,dom-inspection,ul.level0.slayouts-menu > li > ul.sview-inul > li.sview-row > ul > li > a,https://www.mobilesentrix.ca/accessories/mice-keyboards/shop-by-connection/wireless,False,False,2026-09-07T04:46:44+00:00,,,,,,same_name_different_url
MobileSentrix Canada,https://www.mobilesentrix.ca/,Accessories,,8,click,SSDs and HDDs,,16,dom-inspection,0 - 512GB,https://www.mobilesentrix.ca/accessories/ssds-hdds/shop-by-capacity/0-512gb,4,1,4,3,dom-inspection,ul.level0.slayouts-menu > li > ul.sview-inul > li.sview-row > ul > li > a,https://www.mobilesentrix.ca/accessories/ssds-hdds/shop-by-capacity/0-512gb,False,False,2026-09-07T04:46:44+00:00,,,,,,same_name_different_url
MobileSentrix Canada,https://www.mobilesentrix.ca/,Accessories,,8,click,SSDs and HDDs,,16,dom-inspection,512GB - 1TB,https://www.mobilesentrix.ca/accessories/ssds-hdds/shop-by-capacity/512gb-1tb,5,1,5,3,dom-inspection,ul.level0.slayouts-menu > li > ul.sview-inul > li.sview-row > ul > li > a,https://www.mobilesentrix.ca/accessories/ssds-hdds/shop-by-capacity/512gb-1tb,False,False,2026-09-07T04:46:44+00:00,,,,,,same_name_different_url
MobileSentrix Canada,https://www.mobilesentrix.ca/,Accessories,,8,click,SSDs and HDDs,,16,dom-inspection,1TB - 2TB,https://www.mobilesentrix.ca/accessories/ssds-hdds/shop-by-capacity/1tb-2tb,6,1,6,3,dom-inspection,ul.level0.slayouts-menu > li > ul.sview-inul > li.sview-row > ul > li > a,https://www.mobilesentrix.ca/accessories/ssds-hdds/shop-by-capacity/1tb-2tb,False,False,2026-09-07T04:46:44+00:00,,,,,,same_name_different_url
MobileSentrix Canada,https://www.mobilesentrix.ca/,Accessories,,8,click,SSDs and HDDs,,16,dom-inspection,2TB +,https://www.mobilesentrix.ca/accessories/ssds-hdds/shop-by-capacity/2tb,7,1,7,3,dom-inspection,ul.level0.slayouts-menu > li > ul.sview-inul > li.sview-row > ul > li > a,https://www.mobilesentrix.ca/accessories/ssds-hdds/shop-by-capacity/2tb,False,False,2026-09-07T04:46:44+00:00,,,,,,same_name_different_url
MobileSentrix Canada,https://www.mobilesentrix.ca/,Accessories,,8,click,Memory Cards,,17,dom-inspection,0 - 512GB,https://www.mobilesentrix.ca/accessories/memory-cards/shop-by-capacity/0-512gb,3,1,3,3,dom-inspection,ul.level0.slayouts-menu > li > ul.sview-inul > li.sview-row > ul > li > a,https://www.mobilesentrix.ca/accessories/memory-cards/shop-by-capacity/0-512gb,False,False,2026-09-07T04:46:44+00:00,,,,,,same_name_different_url
MobileSentrix Canada,https://www.mobilesentrix.ca/,Accessories,,8,click,Memory Cards,,17,dom-inspection,512GB - 1TB,https://www.mobilesentrix.ca/accessories/memory-cards/shop-by-capacity/512gb-1tb,4,1,4,3,dom-inspection,ul.level0.slayouts-menu > li > ul.sview-inul > li.sview-row > ul > li > a,https://www.mobilesentrix.ca/accessories/memory-cards/shop-by-capacity/512gb-1tb,False,False,2026-09-07T04:46:44+00:00,,,,,,same_name_different_url
MobileSentrix Canada,https://www.mobilesentrix.ca/,Accessories,,8,click,Memory Cards,,17,dom-inspection,1TB - 2TB,https://www.mobilesentrix.ca/accessories/memory-cards/shop-by-capacity/1tb-2tb,5,1,5,3,dom-inspection,ul.level0.slayouts-menu > li > ul.sview-inul > li.sview-row > ul > li > a,https://www.mobilesentrix.ca/accessories/memory-cards/shop-by-capacity/1tb-2tb,False,False,2026-09-07T04:46:44+00:00,,,,,,same_name_different_url
MobileSentrix Canada,https://www.mobilesentrix.ca/,Accessories,,8,click,Memory Cards,,17,dom-inspection,2TB +,https://www.mobilesentrix.ca/accessories/memory-cards/shop-by-capacity/2tb,6,1,6,3,dom-inspection,ul.level0.slayouts-menu > li > ul.sview-inul > li.sview-row > ul > li > a,https://www.mobilesentrix.ca/accessories/memory-cards/shop-by-capacity/2tb,False,False,2026-09-07T04:46:44+00:00,,,,,,same_name_different_url
MobileSentrix Canada,https://www.mobilesentrix.ca/,Accessories,,8,click,Wallets,,19,dom-inspection,MagSafe,https://www.mobilesentrix.ca/accessories/wallets/shop-by-features/magsafe,3,1,3,3,dom-inspection,ul.level0.slayouts-menu > li > ul.sview-inul > li.sview-row > ul > li > a,https://www.mobilesentrix.ca/accessories/wallets/shop-by-features/magsafe,False,False,2026-09-07T04:46:44+00:00,,,,,,same_name_different_url
MobileSentrix Canada,https://www.mobilesentrix.ca/,Tools & Supplies,https://www.mobilesentrix.ca/repair-tools/recently-added,9,click,Recently Added,,1,dom-inspection,,,0,0,0,2,dom-inspection,#recently-add,https://www.mobilesentrix.ca/repair-tools/recently-added,False,False,2026-09-07T04:46:44+00:00,,,,,,cross_hierarchy_url
MobileSentrix Canada,https://www.mobilesentrix.ca/,Tools & Supplies,https://www.mobilesentrix.ca/repair-tools/recently-added,9,click,Shop by Brand,,2,dom-inspection,,,0,0,0,2,dom-inspection,#shopbybrand,https://www.mobilesentrix.ca/repair-tools/recently-added,False,False,2026-09-07T04:46:44+00:00,,,,,,cross_hierarchy_url
MobileSentrix Canada,https://www.mobilesentrix.ca/,Tools & Supplies,https://www.mobilesentrix.ca/repair-tools/recently-added,9,click,Essentials,,3,dom-inspection,Screwdrivers,https://www.mobilesentrix.ca/repair-tools/essentials/screwdrivers,1,1,1,3,dom-inspection,ul.level0.slayouts-menu > li > ul.sview-inul > li.sview-5col.box-wtext-padd0 > ul.sview-ulimg > li > a,https://www.mobilesentrix.ca/repair-tools/essentials/screwdrivers,False,False,2026-09-07T04:46:44+00:00,,,,,,same_name_different_url
MobileSentrix Canada,https://www.mobilesentrix.ca/,Tools & Supplies,https://www.mobilesentrix.ca/repair-tools/recently-added,9,click,Essentials,,3,dom-inspection,Tweezers,https://www.mobilesentrix.ca/repair-tools/essentials/tweezers,2,1,2,3,dom-inspection,ul.level0.slayouts-menu > li > ul.sview-inul > li.sview-5col.box-wtext-padd0 > ul.sview-ulimg > li > a,https://www.mobilesentrix.ca/repair-tools/essentials/tweezers,False,False,2026-09-07T04:46:44+00:00,,,,,,same_name_different_url
MobileSentrix Canada,https://www.mobilesentrix.ca/,Tools & Supplies,https://www.mobilesentrix.ca/repair-tools/recently-added,9,click,Essentials,,3,dom-inspection,Pry Tools,https://www.mobilesentrix.ca/repair-tools/essentials/pry-tools,5,1,5,3,dom-inspection,ul.level0.slayouts-menu > li > ul.sview-inul > li.sview-5col.box-wtext-padd0 > ul.sview-ulimg > li > a,https://www.mobilesentrix.ca/repair-tools/essentials/pry-tools,False,False,2026-09-07T04:46:44+00:00,,,,,,same_name_different_url
MobileSentrix Canada,https://www.mobilesentrix.ca/,Tools & Supplies,https://www.mobilesentrix.ca/repair-tools/recently-added,9,click,Essentials,,3,dom-inspection,Clamps & Holders,https://www.mobilesentrix.ca/repair-tools/essentials/clamps-holders,7,1,7,3,dom-inspection,ul.level0.slayouts-menu > li > ul.sview-inul > li.sview-5col.box-wtext-padd0 > ul.sview-ulimg > li > a,https://www.mobilesentrix.ca/repair-tools/essentials/clamps-holders,False,False,2026-09-07T04:46:44+00:00,,,,,,same_name_different_url
MobileSentrix Canada,https://www.mobilesentrix.ca/,Tools & Supplies,https://www.mobilesentrix.ca/repair-tools/recently-added,9,click,Essentials,,3,dom-inspection,Pliers & Cutters,https://www.mobilesentrix.ca/repair-tools/essentials/pliers,8,1,8,3,dom-inspection,ul.level0.slayouts-menu > li > ul.sview-inul > li.sview-5col.box-wtext-padd0 > ul.sview-ulimg > li > a,https://www.mobilesentrix.ca/repair-tools/essentials/pliers,False,False,2026-09-07T04:46:44+00:00,,,,,,same_name_different_url
MobileSentrix Canada,https://www.mobilesentrix.ca/,Tools & Supplies,https://www.mobilesentrix.ca/repair-tools/recently-added,9,click,Essentials,,3,dom-inspection,Repair Fixtures,https://www.mobilesentrix.ca/repair-tools/essentials/repair-fixtures,9,1,9,3,dom-inspection,ul.level0.slayouts-menu > li > ul.sview-inul > li.sview-5col.box-wtext-padd0 > ul.sview-ulimg > li > a,https://www.mobilesentrix.ca/repair-tools/essentials/repair-fixtures,False,False,2026-09-07T04:46:44+00:00,,,,,,same_name_different_url
MobileSentrix Canada,https://www.mobilesentrix.ca/,Tools & Supplies,https://www.mobilesentrix.ca/repair-tools/recently-added,9,click,Essentials,,3,dom-inspection,Disassembly Tools,https://www.mobilesentrix.ca/repair-tools/essentials/disassembly-tools,14,1,14,3,dom-inspection,ul.level0.slayouts-menu > li > ul.sview-inul > li.sview-5col.box-wtext-padd0 > ul.sview-ulimg > li > a,https://www.mobilesentrix.ca/repair-tools/essentials/disassembly-tools,False,False,2026-09-07T04:46:44+00:00,,,,,,same_name_different_url
MobileSentrix Canada,https://www.mobilesentrix.ca/,Tools & Supplies,https://www.mobilesentrix.ca/repair-tools/recently-added,9,click,OEM Service Tools,,4,dom-inspection,Disassembly Tools,https://www.mobilesentrix.ca/repair-tools/oem-service-tools/disassembly-tools,1,1,1,3,dom-inspection,ul.level0.slayouts-menu > li > ul.sview-inul > li.sview-5col.box-wtext-padd0 > ul.sview-ulimg > li > a,https://www.mobilesentrix.ca/repair-tools/oem-service-tools/disassembly-tools,False,False,2026-09-07T04:46:44+00:00,,,,,,same_name_different_url
MobileSentrix Canada,https://www.mobilesentrix.ca/,Tools & Supplies,https://www.mobilesentrix.ca/repair-tools/recently-added,9,click,OEM Service Tools,,4,dom-inspection,Repair Fixtures,https://www.mobilesentrix.ca/repair-tools/oem-service-tools/repair-fixtures,2,1,2,3,dom-inspection,ul.level0.slayouts-menu > li > ul.sview-inul > li.sview-5col.box-wtext-padd0 > ul.sview-ulimg > li > a,https://www.mobilesentrix.ca/repair-tools/oem-service-tools/repair-fixtures,False,False,2026-09-07T04:46:44+00:00,,,,,,same_name_different_url
MobileSentrix Canada,https://www.mobilesentrix.ca/,Tools & Supplies,https://www.mobilesentrix.ca/repair-tools/recently-added,9,click,OEM Service Tools,,4,dom-inspection,Clamps & Holders,https://www.mobilesentrix.ca/repair-tools/oem-service-tools/clamps-holders,3,1,3,3,dom-inspection,ul.level0.slayouts-menu > li > ul.sview-inul > li.sview-5col.box-wtext-padd0 > ul.sview-ulimg > li > a,https://www.mobilesentrix.ca/repair-tools/oem-service-tools/clamps-holders,False,False,2026-09-07T04:46:44+00:00,,,,,,same_name_different_url
MobileSentrix Canada,https://www.mobilesentrix.ca/,Tools & Supplies,https://www.mobilesentrix.ca/repair-tools/recently-added,9,click,OEM Service Tools,,4,dom-inspection,Pliers & Cutters,https://www.mobilesentrix.ca/repair-tools/oem-service-tools/pliers-cutters,4,1,4,3,dom-inspection,ul.level0.slayouts-menu > li > ul.sview-inul > li.sview-5col.box-wtext-padd0 > ul.sview-ulimg > li > a,https://www.mobilesentrix.ca/repair-tools/oem-service-tools/pliers-cutters,False,False,2026-09-07T04:46:44+00:00,,,,,,same_name_different_url
MobileSentrix Canada,https://www.mobilesentrix.ca/,Tools & Supplies,https://www.mobilesentrix.ca/repair-tools/recently-added,9,click,OEM Service Tools,,4,dom-inspection,Cleaning Supplies,https://www.mobilesentrix.ca/repair-tools/oem-service-tools/cleaning-supplies,5,1,5,3,dom-inspection,ul.level0.slayouts-menu > li > ul.sview-inul > li.sview-5col.box-wtext-padd0 > ul.sview-ulimg > li > a,https://www.mobilesentrix.ca/repair-tools/oem-service-tools/cleaning-supplies,False,False,2026-09-07T04:46:44+00:00,,,,,,same_name_different_url
MobileSentrix Canada,https://www.mobilesentrix.ca/,Tools & Supplies,https://www.mobilesentrix.ca/repair-tools/recently-added,9,click,OEM Service Tools,,4,dom-inspection,Pry Tools,https://www.mobilesentrix.ca/repair-tools/oem-service-tools/pry-tools,6,1,6,3,dom-inspection,ul.level0.slayouts-menu > li > ul.sview-inul > li.sview-5col.box-wtext-padd0 > ul.sview-ulimg > li > a,https://www.mobilesentrix.ca/repair-tools/oem-service-tools/pry-tools,False,False,2026-09-07T04:46:44+00:00,,,,,,same_name_different_url
MobileSentrix Canada,https://www.mobilesentrix.ca/,Tools & Supplies,https://www.mobilesentrix.ca/repair-tools/recently-added,9,click,OEM Service Tools,,4,dom-inspection,Screwdrivers,https://www.mobilesentrix.ca/repair-tools/oem-service-tools/screwdrivers,7,1,7,3,dom-inspection,ul.level0.slayouts-menu > li > ul.sview-inul > li.sview-5col.box-wtext-padd0 > ul.sview-ulimg > li > a,https://www.mobilesentrix.ca/repair-tools/oem-service-tools/screwdrivers,False,False,2026-09-07T04:46:44+00:00,,,,,,same_name_different_url
MobileSentrix Canada,https://www.mobilesentrix.ca/,Tools & Supplies,https://www.mobilesentrix.ca/repair-tools/recently-added,9,click,Supplies,,5,dom-inspection,Cleaning Supplies,https://www.mobilesentrix.ca/repair-tools/supplies/cleaning-supplies,1,1,1,3,dom-inspection,ul.level0.slayouts-menu > li > ul.sview-inul > li.sview-5col.box-wtext-padd0 > ul.sview-ulimg > li > a,https://www.mobilesentrix.ca/repair-tools/supplies/cleaning-supplies,False,False,2026-09-07T04:46:44+00:00,,,,,,same_name_different_url
MobileSentrix Canada,https://www.mobilesentrix.ca/,Tools & Supplies,https://www.mobilesentrix.ca/repair-tools/recently-added,9,click,Supplies,,5,dom-inspection,Glues,https://www.mobilesentrix.ca/repair-tools/supplies/glues,7,1,7,3,dom-inspection,ul.level0.slayouts-menu > li > ul.sview-inul > li.sview-5col.box-wtext-padd0 > ul.sview-ulimg > li > a,https://www.mobilesentrix.ca/repair-tools/supplies/glues,False,False,2026-09-07T04:46:44+00:00,,,,,,same_name_different_url
MobileSentrix Canada,https://www.mobilesentrix.ca/,Tools & Supplies,https://www.mobilesentrix.ca/repair-tools/recently-added,9,click,Supplies,,5,dom-inspection,Glue Removers,https://www.mobilesentrix.ca/repair-tools/supplies/glue-removers,9,1,9,3,dom-inspection,ul.level0.slayouts-menu > li > ul.sview-inul > li.sview-5col.box-wtext-padd0 > ul.sview-ulimg > li > a,https://www.mobilesentrix.ca/repair-tools/supplies/glue-removers,False,False,2026-09-07T04:46:44+00:00,,,,,,same_name_different_url
MobileSentrix Canada,https://www.mobilesentrix.ca/,Tools & Supplies,https://www.mobilesentrix.ca/repair-tools/recently-added,9,click,Testing Devices,,8,dom-inspection,Power Testers,https://www.mobilesentrix.ca/repair-tools/testing-devices/power-testers-iboot-ipower-w103-etc,9,1,9,3,dom-inspection,ul.level0.slayouts-menu > li > ul.sview-inul > li.sview-5col.box-wtext-padd0 > ul.sview-ulimg > li > a,https://www.mobilesentrix.ca/repair-tools/testing-devices/power-testers-iboot-ipower-w103-etc,False,False,2026-09-07T04:46:44+00:00,,,,,,same_name_different_url
MobileSentrix Canada,https://www.mobilesentrix.ca/,Tools & Supplies,https://www.mobilesentrix.ca/repair-tools/recently-added,9,click,Testing Devices,,8,dom-inspection,Motherboard Testers,https://www.mobilesentrix.ca/repair-tools/testing-devices/motherboard-testers,10,1,10,3,dom-inspection,ul.level0.slayouts-menu > li > ul.sview-inul > li.sview-5col.box-wtext-padd0 > ul.sview-ulimg > li > a,https://www.mobilesentrix.ca/repair-tools/testing-devices/motherboard-testers,False,False,2026-09-07T04:46:44+00:00,,,,,,same_name_different_url
MobileSentrix Canada,https://www.mobilesentrix.ca/,Tools & Supplies,https://www.mobilesentrix.ca/repair-tools/recently-added,9,click,Microsoldering,,10,dom-inspection,Motherboard Testers,https://www.mobilesentrix.ca/repair-tools/microsoldering/motherboard-testers,8,1,8,3,dom-inspection,ul.level0.slayouts-menu > li > ul.sview-inul > li.sview-5col.box-wtext-padd0 > ul.sview-ulimg > li > a,https://www.mobilesentrix.ca/repair-tools/microsoldering/motherboard-testers,False,False,2026-09-07T04:46:44+00:00,,,,,,same_name_different_url
MobileSentrix Canada,https://www.mobilesentrix.ca/,Tools & Supplies,https://www.mobilesentrix.ca/repair-tools/recently-added,9,click,Microsoldering,,10,dom-inspection,Power Testers,https://www.mobilesentrix.ca/repair-tools/microsoldering/power-testers,9,1,9,3,dom-inspection,ul.level0.slayouts-menu > li > ul.sview-inul > li.sview-5col.box-wtext-padd0 > ul.sview-ulimg > li > a,https://www.mobilesentrix.ca/repair-tools/microsoldering/power-testers,False,False,2026-09-07T04:46:44+00:00,,,,,,same_name_different_url
MobileSentrix Canada,https://www.mobilesentrix.ca/,Tools & Supplies,https://www.mobilesentrix.ca/repair-tools/recently-added,9,click,Microsoldering,,10,dom-inspection,Fume Extractors,https://www.mobilesentrix.ca/repair-tools/microsoldering/fume-extractors,12,1,12,3,dom-inspection,ul.level0.slayouts-menu > li > ul.sview-inul > li.sview-5col.box-wtext-padd0 > ul.sview-ulimg > li > a,https://www.mobilesentrix.ca/repair-tools/microsoldering/fume-extractors,False,False,2026-09-07T04:46:44+00:00,,,,,,same_name_different_url
MobileSentrix Canada,https://www.mobilesentrix.ca/,Tools & Supplies,https://www.mobilesentrix.ca/repair-tools/recently-added,9,click,Soldering Supplies,,11,dom-inspection,Alcohol Dispensers,https://www.mobilesentrix.ca/repair-tools/other-soldering-parts/alcohol-dispensers,8,1,8,3,dom-inspection,ul.level0.slayouts-menu > li > ul.sview-inul > li.sview-5col.box-wtext-padd0 > ul.sview-ulimg > li > a,https://www.mobilesentrix.ca/repair-tools/other-soldering-parts/alcohol-dispensers,False,False,2026-09-07T04:46:44+00:00,,,,,,same_name_different_url
MobileSentrix Canada,https://www.mobilesentrix.ca/,Tools & Supplies,https://www.mobilesentrix.ca/repair-tools/recently-added,9,click,Soldering Supplies,,11,dom-inspection,Glue Removers,https://www.mobilesentrix.ca/repair-tools/other-soldering-parts/glue-removers,10,1,10,3,dom-inspection,ul.level0.slayouts-menu > li > ul.sview-inul > li.sview-5col.box-wtext-padd0 > ul.sview-ulimg > li > a,https://www.mobilesentrix.ca/repair-tools/other-soldering-parts/glue-removers,False,False,2026-09-07T04:46:44+00:00,,,,,,same_name_different_url
MobileSentrix Canada,https://www.mobilesentrix.ca/,Tools & Supplies,https://www.mobilesentrix.ca/repair-tools/recently-added,9,click,Soldering Supplies,,11,dom-inspection,Glues,https://www.mobilesentrix.ca/repair-tools/other-soldering-parts/glues,13,1,13,3,dom-inspection,ul.level0.slayouts-menu > li > ul.sview-inul > li.sview-5col.box-wtext-padd0 > ul.sview-ulimg > li > a,https://www.mobilesentrix.ca/repair-tools/other-soldering-parts/glues,False,False,2026-09-07T04:46:44+00:00,,,,,,same_name_different_url
MobileSentrix Canada,https://www.mobilesentrix.ca/,Tools & Supplies,https://www.mobilesentrix.ca/repair-tools/recently-added,9,click,Soldering Supplies,,11,dom-inspection,Blades,https://www.mobilesentrix.ca/repair-tools/other-soldering-parts/blades,14,1,14,3,dom-inspection,ul.level0.slayouts-menu > li > ul.sview-inul > li.sview-5col.box-wtext-padd0 > ul.sview-ulimg > li > a,https://www.mobilesentrix.ca/repair-tools/other-soldering-parts/blades,False,False,2026-09-07T04:46:44+00:00,,,,,,same_name_different_url
MobileSentrix Canada,https://www.mobilesentrix.ca/,Tools & Supplies,https://www.mobilesentrix.ca/repair-tools/recently-added,9,click,Refurbishing,,12,dom-inspection,Pre-Cut Adhesives,https://www.mobilesentrix.ca/repair-tools/refurbishing-tools/pre-cut-adhesives,7,1,7,3,dom-inspection,ul.level0.slayouts-menu > li > ul.sview-inul > li.sview-5col.box-wtext-padd0 > ul.sview-ulimg > li > a,https://www.mobilesentrix.ca/repair-tools/refurbishing-tools/pre-cut-adhesives,False,False,2026-09-07T04:46:44+00:00,,,,,,same_name_different_url
MobileSentrix Canada,https://www.mobilesentrix.ca/,Tools & Supplies,https://www.mobilesentrix.ca/repair-tools/recently-added,9,click,Refurbishing,,12,dom-inspection,Alcohol Dispensers,https://www.mobilesentrix.ca/repair-tools/refurbishing-tools/alcohol-dispensers,8,1,8,3,dom-inspection,ul.level0.slayouts-menu > li > ul.sview-inul > li.sview-5col.box-wtext-padd0 > ul.sview-ulimg > li > a,https://www.mobilesentrix.ca/repair-tools/refurbishing-tools/alcohol-dispensers,False,False,2026-09-07T04:46:44+00:00,,,,,,same_name_different_url
MobileSentrix Canada,https://www.mobilesentrix.ca/,Tools & Supplies,https://www.mobilesentrix.ca/repair-tools/recently-added,9,click,Refurbishing,,12,dom-inspection,Pliers & Cutters,https://www.mobilesentrix.ca/repair-tools/refurbishing-tools/pliers-cutters,10,1,10,3,dom-inspection,ul.level0.slayouts-menu > li > ul.sview-inul > li.sview-5col.box-wtext-padd0 > ul.sview-ulimg > li > a,https://www.mobilesentrix.ca/repair-tools/refurbishing-tools/pliers-cutters,False,False,2026-09-07T04:46:44+00:00,,,,,,same_name_different_url
MobileSentrix Canada,https://www.mobilesentrix.ca/,Tools & Supplies,https://www.mobilesentrix.ca/repair-tools/recently-added,9,click,Refurbishing,,12,dom-inspection,Tweezers,https://www.mobilesentrix.ca/repair-tools/refurbishing-tools/tweezers,11,1,11,3,dom-inspection,ul.level0.slayouts-menu > li > ul.sview-inul > li.sview-5col.box-wtext-padd0 > ul.sview-ulimg > li > a,https://www.mobilesentrix.ca/repair-tools/refurbishing-tools/tweezers,False,False,2026-09-07T04:46:44+00:00,,,,,,same_name_different_url
MobileSentrix Canada,https://www.mobilesentrix.ca/,Tools & Supplies,https://www.mobilesentrix.ca/repair-tools/recently-added,9,click,Refurbishing,,12,dom-inspection,Glues,https://www.mobilesentrix.ca/repair-tools/refurbishing-tools/glues,14,1,14,3,dom-inspection,ul.level0.slayouts-menu > li > ul.sview-inul > li.sview-5col.box-wtext-padd0 > ul.sview-ulimg > li > a,https://www.mobilesentrix.ca/repair-tools/refurbishing-tools/glues,False,False,2026-09-07T04:46:44+00:00,,,,,,same_name_different_url
MobileSentrix Canada,https://www.mobilesentrix.ca/,Tools & Supplies,https://www.mobilesentrix.ca/repair-tools/recently-added,9,click,Refurbishing,,12,dom-inspection,Blades,https://www.mobilesentrix.ca/repair-tools/refurbishing-tools/blades,17,1,17,3,dom-inspection,ul.level0.slayouts-menu > li > ul.sview-inul > li.sview-5col.box-wtext-padd0 > ul.sview-ulimg > li > a,https://www.mobilesentrix.ca/repair-tools/refurbishing-tools/blades,False,False,2026-09-07T04:46:44+00:00,,,,,,same_name_different_url
MobileSentrix Canada,https://www.mobilesentrix.ca/,Tools & Supplies,https://www.mobilesentrix.ca/repair-tools/recently-added,9,click,Back Glass Repair,,13,dom-inspection,Fume Extractors,https://www.mobilesentrix.ca/repair-tools/back-glass-repair/fume-extractors,2,1,2,3,dom-inspection,ul.level0.slayouts-menu > li > ul.sview-inul > li.sview-5col.box-wtext-padd0 > ul.sview-ulimg > li > a,https://www.mobilesentrix.ca/repair-tools/back-glass-repair/fume-extractors,False,False,2026-09-07T04:46:44+00:00,,,,,,same_name_different_url
MobileSentrix Canada,https://www.mobilesentrix.ca/,Tools & Supplies,https://www.mobilesentrix.ca/repair-tools/recently-added,9,click,Back Glass Repair,,13,dom-inspection,Pre-Cut Adhesives,https://www.mobilesentrix.ca/repair-tools/back-glass-repair/adhesives,4,1,4,3,dom-inspection,ul.level0.slayouts-menu > li > ul.sview-inul > li.sview-5col.box-wtext-padd0 > ul.sview-ulimg > li > a,https://www.mobilesentrix.ca/repair-tools/back-glass-repair/adhesives,False,False,2026-09-07T04:46:44+00:00,,,,,,same_name_different_url
MobileSentrix Canada,https://www.mobilesentrix.ca/,Tools & Supplies,https://www.mobilesentrix.ca/repair-tools/recently-added,9,click,Back Glass Repair,,13,dom-inspection,Glues,https://www.mobilesentrix.ca/repair-tools/back-glass-repair/glues,5,1,5,3,dom-inspection,ul.level0.slayouts-menu > li > ul.sview-inul > li.sview-5col.box-wtext-padd0 > ul.sview-ulimg > li > a,https://www.mobilesentrix.ca/repair-tools/back-glass-repair/glues,False,False,2026-09-07T04:46:44+00:00,,,,,,same_name_different_url
MobileSentrix Canada,https://www.mobilesentrix.ca/,Tools & Supplies,https://www.mobilesentrix.ca/repair-tools/recently-added,9,click,ScrewBox Refills,,14,dom-inspection,iPhone 11 Pro Max,https://www.mobilesentrix.ca/iphone11promax-screwbox,1,1,1,3,dom-inspection,ul.level0.slayouts-menu > li > ul.sview-inul > li.screwbox-col > ul.sview-ulimg > li > a,https://www.mobilesentrix.ca/iphone11promax-screwbox,False,False,2026-09-07T04:46:44+00:00,,,,,,same_name_different_url
MobileSentrix Canada,https://www.mobilesentrix.ca/,Tools & Supplies,https://www.mobilesentrix.ca/repair-tools/recently-added,9,click,ScrewBox Refills,,14,dom-inspection,iPhone 11 Pro,https://www.mobilesentrix.ca/iphone11pro-screwbox,2,1,2,3,dom-inspection,ul.level0.slayouts-menu > li > ul.sview-inul > li.screwbox-col > ul.sview-ulimg > li > a,https://www.mobilesentrix.ca/iphone11pro-screwbox,False,False,2026-09-07T04:46:44+00:00,,,,,,same_name_different_url
MobileSentrix Canada,https://www.mobilesentrix.ca/,Tools & Supplies,https://www.mobilesentrix.ca/repair-tools/recently-added,9,click,ScrewBox Refills,,14,dom-inspection,iPhone 11,https://www.mobilesentrix.ca/iphone11-screwbox,3,1,3,3,dom-inspection,ul.level0.slayouts-menu > li > ul.sview-inul > li.screwbox-col > ul.sview-ulimg > li > a,https://www.mobilesentrix.ca/iphone11-screwbox,False,False,2026-09-07T04:46:44+00:00,,,,,,same_name_different_url
MobileSentrix Canada,https://www.mobilesentrix.ca/,Tools & Supplies,https://www.mobilesentrix.ca/repair-tools/recently-added,9,click,ScrewBox Refills,,14,dom-inspection,iPhone XR,https://www.mobilesentrix.ca/iphonexr-screwbox,4,1,4,3,dom-inspection,ul.level0.slayouts-menu > li > ul.sview-inul > li.screwbox-col > ul.sview-ulimg > li > a,https://www.mobilesentrix.ca/iphonexr-screwbox,False,False,2026-09-07T04:46:44+00:00,,,,,,same_name_different_url
MobileSentrix Canada,https://www.mobilesentrix.ca/,Tools & Supplies,https://www.mobilesentrix.ca/repair-tools/recently-added,9,click,ScrewBox Refills,,14,dom-inspection,iPhone XS Max,https://www.mobilesentrix.ca/iphonexsmax-screwbox,5,1,5,3,dom-inspection,ul.level0.slayouts-menu > li > ul.sview-inul > li.screwbox-col > ul.sview-ulimg > li > a,https://www.mobilesentrix.ca/iphonexsmax-screwbox,False,False,2026-09-07T04:46:44+00:00,,,,,,same_name_different_url
MobileSentrix Canada,https://www.mobilesentrix.ca/,Tools & Supplies,https://www.mobilesentrix.ca/repair-tools/recently-added,9,click,ScrewBox Refills,,14,dom-inspection,iPhone XS,https://www.mobilesentrix.ca/iphonexs-screwbox,6,1,6,3,dom-inspection,ul.level0.slayouts-menu > li > ul.sview-inul > li.screwbox-col > ul.sview-ulimg > li > a,https://www.mobilesentrix.ca/iphonexs-screwbox,False,False,2026-09-07T04:46:44+00:00,,,,,,same_name_different_url
MobileSentrix Canada,https://www.mobilesentrix.ca/,Tools & Supplies,https://www.mobilesentrix.ca/repair-tools/recently-added,9,click,ScrewBox Refills,,14,dom-inspection,iPhone X,https://www.mobilesentrix.ca/iphonex-screwbox,7,1,7,3,dom-inspection,ul.level0.slayouts-menu > li > ul.sview-inul > li.screwbox-col > ul.sview-ulimg > li > a,https://www.mobilesentrix.ca/iphonex-screwbox,False,False,2026-09-07T04:46:44+00:00,,,,,,same_name_different_url
MobileSentrix Canada,https://www.mobilesentrix.ca/,Tools & Supplies,https://www.mobilesentrix.ca/repair-tools/recently-added,9,click,ScrewBox Refills,,14,dom-inspection,iPhone 8 Plus,https://www.mobilesentrix.ca/iphone8plus-screwbox,8,1,8,3,dom-inspection,ul.level0.slayouts-menu > li > ul.sview-inul > li.screwbox-col > ul.sview-ulimg > li > a,https://www.mobilesentrix.ca/iphone8plus-screwbox,False,False,2026-09-07T04:46:44+00:00,,,,,,same_name_different_url
MobileSentrix Canada,https://www.mobilesentrix.ca/,Tools & Supplies,https://www.mobilesentrix.ca/repair-tools/recently-added,9,click,ScrewBox Refills,,14,dom-inspection,iPhone 8,https://www.mobilesentrix.ca/iphone8-screwbox,9,1,9,3,dom-inspection,ul.level0.slayouts-menu > li > ul.sview-inul > li.screwbox-col > ul.sview-ulimg > li > a,https://www.mobilesentrix.ca/iphone8-screwbox,False,False,2026-09-07T04:46:44+00:00,,,,,,same_name_different_url
MobileSentrix Canada,https://www.mobilesentrix.ca/,Tools & Supplies,https://www.mobilesentrix.ca/repair-tools/recently-added,9,click,ScrewBox Refills,,14,dom-inspection,iPhone 7 Plus,https://www.mobilesentrix.ca/iphone7plus-screwbox,10,1,10,3,dom-inspection,ul.level0.slayouts-menu > li > ul.sview-inul > li.screwbox-col > ul.sview-ulimg > li > a,https://www.mobilesentrix.ca/iphone7plus-screwbox,False,False,2026-09-07T04:46:44+00:00,,,,,,same_name_different_url
MobileSentrix Canada,https://www.mobilesentrix.ca/,Tools & Supplies,https://www.mobilesentrix.ca/repair-tools/recently-added,9,click,ScrewBox Refills,,14,dom-inspection,iPhone 7,https://www.mobilesentrix.ca/iphone7-screwbox,11,1,11,3,dom-inspection,ul.level0.slayouts-menu > li > ul.sview-inul > li.screwbox-col > ul.sview-ulimg > li > a,https://www.mobilesentrix.ca/iphone7-screwbox,False,False,2026-09-07T04:46:44+00:00,,,,,,same_name_different_url
MobileSentrix Canada,https://www.mobilesentrix.ca/,Tools & Supplies,https://www.mobilesentrix.ca/repair-tools/recently-added,9,click,ScrewBox Refills,,14,dom-inspection,iPhone 6S Plus,https://www.mobilesentrix.ca/iphone6splus-screwbox,12,1,12,3,dom-inspection,ul.level0.slayouts-menu > li > ul.sview-inul > li.screwbox-col > ul.sview-ulimg > li > a,https://www.mobilesentrix.ca/iphone6splus-screwbox,False,False,2026-09-07T04:46:44+00:00,,,,,,same_name_different_url
MobileSentrix Canada,https://www.mobilesentrix.ca/,Tools & Supplies,https://www.mobilesentrix.ca/repair-tools/recently-added,9,click,ScrewBox Refills,,14,dom-inspection,iPhone 6S,https://www.mobilesentrix.ca/iphone6s-screwbox,13,1,13,3,dom-inspection,ul.level0.slayouts-menu > li > ul.sview-inul > li.screwbox-col > ul.sview-ulimg > li > a,https://www.mobilesentrix.ca/iphone6s-screwbox,False,False,2026-09-07T04:46:44+00:00,,,,,,same_name_different_url
MobileSentrix Canada,https://www.mobilesentrix.ca/,Tools & Supplies,https://www.mobilesentrix.ca/repair-tools/recently-added,9,click,ScrewBox Refills,,14,dom-inspection,iPhone 6 Plus,https://www.mobilesentrix.ca/iphone6plus-screwbox,14,1,14,3,dom-inspection,ul.level0.slayouts-menu > li > ul.sview-inul > li.screwbox-col > ul.sview-ulimg > li > a,https://www.mobilesentrix.ca/iphone6plus-screwbox,False,False,2026-09-07T04:46:44+00:00,,,,,,same_name_different_url
MobileSentrix Canada,https://www.mobilesentrix.ca/,Tools & Supplies,https://www.mobilesentrix.ca/repair-tools/recently-added,9,click,ScrewBox Refills,,14,dom-inspection,iPhone 6,https://www.mobilesentrix.ca/iphone6-screwbox,15,1,15,3,dom-inspection,ul.level0.slayouts-menu > li > ul.sview-inul > li.screwbox-col > ul.sview-ulimg > li > a,https://www.mobilesentrix.ca/iphone6-screwbox,False,False,2026-09-07T04:46:44+00:00,,,,,,same_name_different_url
MobileSentrix Canada,https://www.mobilesentrix.ca/,Board Components,,10,click,Interactive View,,1,dom-inspection,iPhone 13 Pro Max,https://www.mobilesentrix.ca/iphone-13-pro-max,1,1,1,3,dom-inspection,ul.level0.slayouts-menu > li > ul.sview-inul > li.sview-row > ul > li > a,https://www.mobilesentrix.ca/iphone-13-pro-max,False,False,2026-09-07T04:46:44+00:00,,,,,,same_name_different_url
MobileSentrix Canada,https://www.mobilesentrix.ca/,Board Components,,10,click,Interactive View,,1,dom-inspection,iPhone 13 Pro,https://www.mobilesentrix.ca/iphone-13-pro,2,1,2,3,dom-inspection,ul.level0.slayouts-menu > li > ul.sview-inul > li.sview-row > ul > li > a,https://www.mobilesentrix.ca/iphone-13-pro,False,False,2026-09-07T04:46:44+00:00,,,,,,same_name_different_url
MobileSentrix Canada,https://www.mobilesentrix.ca/,Board Components,,10,click,Interactive View,,1,dom-inspection,iPhone 13,https://www.mobilesentrix.ca/iphone-13,3,1,3,3,dom-inspection,ul.level0.slayouts-menu > li > ul.sview-inul > li.sview-row > ul > li > a,https://www.mobilesentrix.ca/iphone-13,False,False,2026-09-07T04:46:44+00:00,,,,,,same_name_different_url
MobileSentrix Canada,https://www.mobilesentrix.ca/,Board Components,,10,click,Interactive View,,1,dom-inspection,iPhone 13 Mini,https://www.mobilesentrix.ca/iphone-13-mini,4,1,4,3,dom-inspection,ul.level0.slayouts-menu > li > ul.sview-inul > li.sview-row > ul > li > a,https://www.mobilesentrix.ca/iphone-13-mini,False,False,2026-09-07T04:46:44+00:00,,,,,,same_name_different_url
MobileSentrix Canada,https://www.mobilesentrix.ca/,Board Components,,10,click,Interactive View,,1,dom-inspection,iPhone 12 Pro Max,https://www.mobilesentrix.ca/iphone-12-pro-max,5,1,5,3,dom-inspection,ul.level0.slayouts-menu > li > ul.sview-inul > li.sview-row > ul > li > a,https://www.mobilesentrix.ca/iphone-12-pro-max,False,False,2026-09-07T04:46:44+00:00,,,,,,same_name_different_url
MobileSentrix Canada,https://www.mobilesentrix.ca/,Board Components,,10,click,Interactive View,,1,dom-inspection,iPhone 12 Pro,https://www.mobilesentrix.ca/iphone-12-pro,6,1,6,3,dom-inspection,ul.level0.slayouts-menu > li > ul.sview-inul > li.sview-row > ul > li > a,https://www.mobilesentrix.ca/iphone-12-pro,False,False,2026-09-07T04:46:44+00:00,,,,,,same_name_different_url
MobileSentrix Canada,https://www.mobilesentrix.ca/,Board Components,,10,click,Interactive View,,1,dom-inspection,iPhone 12 Mini,https://www.mobilesentrix.ca/iphone-12-mini,7,1,7,3,dom-inspection,ul.level0.slayouts-menu > li > ul.sview-inul > li.sview-row > ul > li > a,https://www.mobilesentrix.ca/iphone-12-mini,False,False,2026-09-07T04:46:44+00:00,,,,,,same_name_different_url
MobileSentrix Canada,https://www.mobilesentrix.ca/,Board Components,,10,click,Interactive View,,1,dom-inspection,iPhone 11 Pro Max,https://www.mobilesentrix.ca/iPhone-11-pro,8,1,8,3,dom-inspection,ul.level0.slayouts-menu > li > ul.sview-inul > li.sview-row > ul > li > a,https://www.mobilesentrix.ca/iPhone-11-pro,False,False,2026-09-07T04:46:44+00:00,,,,,,cross_hierarchy_url
MobileSentrix Canada,https://www.mobilesentrix.ca/,Board Components,,10,click,Interactive View,,1,dom-inspection,iPhone 11 Pro,https://www.mobilesentrix.ca/iPhone-11-pro,9,1,9,3,dom-inspection,ul.level0.slayouts-menu > li > ul.sview-inul > li.sview-row > ul > li > a,https://www.mobilesentrix.ca/iPhone-11-pro,False,False,2026-09-07T04:46:44+00:00,,,,,,cross_hierarchy_url
MobileSentrix Canada,https://www.mobilesentrix.ca/,Board Components,,10,click,Interactive View,,1,dom-inspection,iPhone 11,https://www.mobilesentrix.ca/iPhone-11,10,1,10,3,dom-inspection,ul.level0.slayouts-menu > li > ul.sview-inul > li.sview-row > ul > li > a,https://www.mobilesentrix.ca/iPhone-11,False,False,2026-09-07T04:46:44+00:00,,,,,,same_name_different_url
MobileSentrix Canada,https://www.mobilesentrix.ca/,Board Components,,10,click,Interactive View,,1,dom-inspection,iPhone XS Max,https://www.mobilesentrix.ca/iPhone-xs-max,11,1,11,3,dom-inspection,ul.level0.slayouts-menu > li > ul.sview-inul > li.sview-row > ul > li > a,https://www.mobilesentrix.ca/iPhone-xs-max,False,False,2026-09-07T04:46:44+00:00,,,,,,same_name_different_url
MobileSentrix Canada,https://www.mobilesentrix.ca/,Board Components,,10,click,Interactive View,,1,dom-inspection,iPhone XS,https://www.mobilesentrix.ca/iPhone-xs,12,1,12,3,dom-inspection,ul.level0.slayouts-menu > li > ul.sview-inul > li.sview-row > ul > li > a,https://www.mobilesentrix.ca/iPhone-xs,False,False,2026-09-07T04:46:44+00:00,,,,,,same_name_different_url
MobileSentrix Canada,https://www.mobilesentrix.ca/,Board Components,,10,click,Interactive View,,1,dom-inspection,iPhone XR,https://www.mobilesentrix.ca/iPhone-xr,13,1,13,3,dom-inspection,ul.level0.slayouts-menu > li > ul.sview-inul > li.sview-row > ul > li > a,https://www.mobilesentrix.ca/iPhone-xr,False,False,2026-09-07T04:46:44+00:00,,,,,,same_name_different_url
MobileSentrix Canada,https://www.mobilesentrix.ca/,Board Components,,10,click,Interactive View,,1,dom-inspection,iPhone X,https://www.mobilesentrix.ca/iPhone-x,14,1,14,3,dom-inspection,ul.level0.slayouts-menu > li > ul.sview-inul > li.sview-row > ul > li > a,https://www.mobilesentrix.ca/iPhone-x,False,False,2026-09-07T04:46:44+00:00,,,,,,same_name_different_url
MobileSentrix Canada,https://www.mobilesentrix.ca/,Board Components,,10,click,Interactive View,,1,dom-inspection,iPhone 8 Plus,https://www.mobilesentrix.ca/iphone-8-plus,15,1,15,3,dom-inspection,ul.level0.slayouts-menu > li > ul.sview-inul > li.sview-row > ul > li > a,https://www.mobilesentrix.ca/iphone-8-plus,False,False,2026-09-07T04:46:44+00:00,,,,,,same_name_different_url
MobileSentrix Canada,https://www.mobilesentrix.ca/,Board Components,,10,click,Interactive View,,1,dom-inspection,iPhone 8,https://www.mobilesentrix.ca/iphone-8,16,1,16,3,dom-inspection,ul.level0.slayouts-menu > li > ul.sview-inul > li.sview-row > ul > li > a,https://www.mobilesentrix.ca/iphone-8,False,False,2026-09-07T04:46:44+00:00,,,,,,same_name_different_url
MobileSentrix Canada,https://www.mobilesentrix.ca/,Board Components,,10,click,Interactive View,,1,dom-inspection,iPhone 7 Plus,https://www.mobilesentrix.ca/iphone7plus,17,1,17,3,dom-inspection,ul.level0.slayouts-menu > li > ul.sview-inul > li.sview-row > ul > li > a,https://www.mobilesentrix.ca/iphone7plus,False,False,2026-09-07T04:46:44+00:00,,,,,,same_name_different_url
MobileSentrix Canada,https://www.mobilesentrix.ca/,Board Components,,10,click,Interactive View,,1,dom-inspection,iPhone 7,https://www.mobilesentrix.ca/iphone-7,18,1,18,3,dom-inspection,ul.level0.slayouts-menu > li > ul.sview-inul > li.sview-row > ul > li > a,https://www.mobilesentrix.ca/iphone-7,False,False,2026-09-07T04:46:44+00:00,,,,,,same_name_different_url
MobileSentrix Canada,https://www.mobilesentrix.ca/,Board Components,,10,click,Interactive View,,1,dom-inspection,iPhone 6S Plus,https://www.mobilesentrix.ca/iphone-6s-plus,19,1,19,3,dom-inspection,ul.level0.slayouts-menu > li > ul.sview-inul > li.sview-row > ul > li > a,https://www.mobilesentrix.ca/iphone-6s-plus,False,False,2026-09-07T04:46:44+00:00,,,,,,same_name_different_url
MobileSentrix Canada,https://www.mobilesentrix.ca/,Board Components,,10,click,Interactive View,,1,dom-inspection,iPhone 6S,https://www.mobilesentrix.ca/iphone-6s,20,1,20,3,dom-inspection,ul.level0.slayouts-menu > li > ul.sview-inul > li.sview-row > ul > li > a,https://www.mobilesentrix.ca/iphone-6s,False,False,2026-09-07T04:46:44+00:00,,,,,,same_name_different_url
MobileSentrix Canada,https://www.mobilesentrix.ca/,Board Components,,10,click,Interactive View,,1,dom-inspection,iPhone 6 Plus,https://www.mobilesentrix.ca/iphone-6plus,21,1,21,3,dom-inspection,ul.level0.slayouts-menu > li > ul.sview-inul > li.sview-row > ul > li > a,https://www.mobilesentrix.ca/iphone-6plus,False,False,2026-09-07T04:46:44+00:00,,,,,,same_name_different_url
MobileSentrix Canada,https://www.mobilesentrix.ca/,Board Components,,10,click,Interactive View,,1,dom-inspection,iPhone 6,https://www.mobilesentrix.ca/iphone-6,22,1,22,3,dom-inspection,ul.level0.slayouts-menu > li > ul.sview-inul > li.sview-row > ul > li > a,https://www.mobilesentrix.ca/iphone-6,False,False,2026-09-07T04:46:44+00:00,,,,,,same_name_different_url
MobileSentrix Canada,https://www.mobilesentrix.ca/,Board Components,,10,click,iPhone,,2,dom-inspection,iPhone 16 Pro Max,https://www.mobilesentrix.ca/board-components/iphone/iphone-16-pro-max,2,1,2,3,dom-inspection,ul.level0.slayouts-menu > li > ul.sview-inul > li.sview-row > ul > li > a,https://www.mobilesentrix.ca/board-components/iphone/iphone-16-pro-max,False,False,2026-09-07T04:46:44+00:00,,,,,,same_name_different_url
MobileSentrix Canada,https://www.mobilesentrix.ca/,Board Components,,10,click,iPhone,,2,dom-inspection,iPhone 16 Pro,https://www.mobilesentrix.ca/board-components/iphone/iphone-16-pro,3,1,3,3,dom-inspection,ul.level0.slayouts-menu > li > ul.sview-inul > li.sview-row > ul > li > a,https://www.mobilesentrix.ca/board-components/iphone/iphone-16-pro,False,False,2026-09-07T04:46:44+00:00,,,,,,same_name_different_url
MobileSentrix Canada,https://www.mobilesentrix.ca/,Board Components,,10,click,iPhone,,2,dom-inspection,iPhone 16 Plus,https://www.mobilesentrix.ca/board-components/iphone/iphone-16-plus,4,1,4,3,dom-inspection,ul.level0.slayouts-menu > li > ul.sview-inul > li.sview-row > ul > li > a,https://www.mobilesentrix.ca/board-components/iphone/iphone-16-plus,False,False,2026-09-07T04:46:44+00:00,,,,,,same_name_different_url
MobileSentrix Canada,https://www.mobilesentrix.ca/,Board Components,,10,click,iPhone,,2,dom-inspection,iPhone 16,https://www.mobilesentrix.ca/board-components/iphone/iphone-16,5,1,5,3,dom-inspection,ul.level0.slayouts-menu > li > ul.sview-inul > li.sview-row > ul > li > a,https://www.mobilesentrix.ca/board-components/iphone/iphone-16,False,False,2026-09-07T04:46:44+00:00,,,,,,same_name_different_url
MobileSentrix Canada,https://www.mobilesentrix.ca/,Board Components,,10,click,iPhone,,2,dom-inspection,iPhone 15 Pro Max,https://www.mobilesentrix.ca/board-components/iphone/iphone-15-pro-max,6,1,6,3,dom-inspection,ul.level0.slayouts-menu > li > ul.sview-inul > li.sview-row > ul > li > a,https://www.mobilesentrix.ca/board-components/iphone/iphone-15-pro-max,False,False,2026-09-07T04:46:44+00:00,,,,,,same_name_different_url
MobileSentrix Canada,https://www.mobilesentrix.ca/,Board Components,,10,click,iPhone,,2,dom-inspection,iPhone 15 Pro,https://www.mobilesentrix.ca/board-components/iphone/iphone-15-pro,7,1,7,3,dom-inspection,ul.level0.slayouts-menu > li > ul.sview-inul > li.sview-row > ul > li > a,https://www.mobilesentrix.ca/board-components/iphone/iphone-15-pro,False,False,2026-09-07T04:46:44+00:00,,,,,,same_name_different_url
MobileSentrix Canada,https://www.mobilesentrix.ca/,Board Components,,10,click,iPhone,,2,dom-inspection,iPhone 15 Plus,https://www.mobilesentrix.ca/board-components/iphone/iphone-15-plus,8,1,8,3,dom-inspection,ul.level0.slayouts-menu > li > ul.sview-inul > li.sview-row > ul > li > a,https://www.mobilesentrix.ca/board-components/iphone/iphone-15-plus,False,False,2026-09-07T04:46:44+00:00,,,,,,same_name_different_url
MobileSentrix Canada,https://www.mobilesentrix.ca/,Board Components,,10,click,iPhone,,2,dom-inspection,iPhone 15,https://www.mobilesentrix.ca/board-components/iphone/iphone-15,9,1,9,3,dom-inspection,ul.level0.slayouts-menu > li > ul.sview-inul > li.sview-row > ul > li > a,https://www.mobilesentrix.ca/board-components/iphone/iphone-15,False,False,2026-09-07T04:46:44+00:00,,,,,,same_name_different_url
MobileSentrix Canada,https://www.mobilesentrix.ca/,Board Components,,10,click,iPhone,,2,dom-inspection,iPhone 14 Pro Max,https://www.mobilesentrix.ca/board-components/iphone/iphone-14-pro-max,10,1,10,3,dom-inspection,ul.level0.slayouts-menu > li > ul.sview-inul > li.sview-row > ul > li > a,https://www.mobilesentrix.ca/board-components/iphone/iphone-14-pro-max,False,False,2026-09-07T04:46:44+00:00,,,,,,same_name_different_url
MobileSentrix Canada,https://www.mobilesentrix.ca/,Board Components,,10,click,iPhone,,2,dom-inspection,iPhone 14 Pro,https://www.mobilesentrix.ca/board-components/iphone/iphone-14-pro,11,1,11,3,dom-inspection,ul.level0.slayouts-menu > li > ul.sview-inul > li.sview-row > ul > li > a,https://www.mobilesentrix.ca/board-components/iphone/iphone-14-pro,False,False,2026-09-07T04:46:44+00:00,,,,,,same_name_different_url
MobileSentrix Canada,https://www.mobilesentrix.ca/,Board Components,,10,click,iPhone,,2,dom-inspection,iPhone 14 Plus,https://www.mobilesentrix.ca/board-components/iphone/iphone-14-plus,12,1,12,3,dom-inspection,ul.level0.slayouts-menu > li > ul.sview-inul > li.sview-row > ul > li > a,https://www.mobilesentrix.ca/board-components/iphone/iphone-14-plus,False,False,2026-09-07T04:46:44+00:00,,,,,,same_name_different_url
MobileSentrix Canada,https://www.mobilesentrix.ca/,Board Components,,10,click,iPhone,,2,dom-inspection,iPhone 14,https://www.mobilesentrix.ca/board-components/iphone/iphone-14,13,1,13,3,dom-inspection,ul.level0.slayouts-menu > li > ul.sview-inul > li.sview-row > ul > li > a,https://www.mobilesentrix.ca/board-components/iphone/iphone-14,False,False,2026-09-07T04:46:44+00:00,,,,,,same_name_different_url
MobileSentrix Canada,https://www.mobilesentrix.ca/,Board Components,,10,click,iPhone,,2,dom-inspection,iPhone 13 Pro Max,https://www.mobilesentrix.ca/board-components/iphone/iphone-13-pro-max,14,1,14,3,dom-inspection,ul.level0.slayouts-menu > li > ul.sview-inul > li.sview-row > ul > li > a,https://www.mobilesentrix.ca/board-components/iphone/iphone-13-pro-max,False,False,2026-09-07T04:46:44+00:00,,,,,,same_name_different_url
MobileSentrix Canada,https://www.mobilesentrix.ca/,Board Components,,10,click,iPhone,,2,dom-inspection,iPhone 13 Pro,https://www.mobilesentrix.ca/board-components/iphone/iphone-13-pro,15,1,15,3,dom-inspection,ul.level0.slayouts-menu > li > ul.sview-inul > li.sview-row > ul > li > a,https://www.mobilesentrix.ca/board-components/iphone/iphone-13-pro,False,False,2026-09-07T04:46:44+00:00,,,,,,same_name_different_url
MobileSentrix Canada,https://www.mobilesentrix.ca/,Board Components,,10,click,iPhone,,2,dom-inspection,iPhone 13,https://www.mobilesentrix.ca/board-components/iphone/iphone-13,16,1,16,3,dom-inspection,ul.level0.slayouts-menu > li > ul.sview-inul > li.sview-row > ul > li > a,https://www.mobilesentrix.ca/board-components/iphone/iphone-13,False,False,2026-09-07T04:46:44+00:00,,,,,,same_name_different_url
MobileSentrix Canada,https://www.mobilesentrix.ca/,Board Components,,10,click,iPhone,,2,dom-inspection,iPhone 13 Mini,https://www.mobilesentrix.ca/board-components/iphone/iphone-13-mini,17,1,17,3,dom-inspection,ul.level0.slayouts-menu > li > ul.sview-inul > li.sview-row > ul > li > a,https://www.mobilesentrix.ca/board-components/iphone/iphone-13-mini,False,False,2026-09-07T04:46:44+00:00,,,,,,same_name_different_url
MobileSentrix Canada,https://www.mobilesentrix.ca/,Board Components,,10,click,iPhone,,2,dom-inspection,iPhone 12 Pro Max,https://www.mobilesentrix.ca/board-components/iphone/iphone-12-pro-max,18,1,18,3,dom-inspection,ul.level0.slayouts-menu > li > ul.sview-inul > li.sview-row > ul > li > a,https://www.mobilesentrix.ca/board-components/iphone/iphone-12-pro-max,False,False,2026-09-07T04:46:44+00:00,,,,,,same_name_different_url
MobileSentrix Canada,https://www.mobilesentrix.ca/,Board Components,,10,click,iPhone,,2,dom-inspection,iPhone 12 Pro,https://www.mobilesentrix.ca/board-components/iphone/iphone-12-pro,19,1,19,3,dom-inspection,ul.level0.slayouts-menu > li > ul.sview-inul > li.sview-row > ul > li > a,https://www.mobilesentrix.ca/board-components/iphone/iphone-12-pro,False,False,2026-09-07T04:46:44+00:00,,,,,,same_name_different_url
MobileSentrix Canada,https://www.mobilesentrix.ca/,Board Components,,10,click,iPhone,,2,dom-inspection,iPhone 12,https://www.mobilesentrix.ca/board-components/iphone/iphone-12,20,1,20,3,dom-inspection,ul.level0.slayouts-menu > li > ul.sview-inul > li.sview-row > ul > li > a,https://www.mobilesentrix.ca/board-components/iphone/iphone-12,False,False,2026-09-07T04:46:44+00:00,,,,,,same_name_different_url
MobileSentrix Canada,https://www.mobilesentrix.ca/,Board Components,,10,click,iPhone,,2,dom-inspection,iPhone 12 Mini,https://www.mobilesentrix.ca/board-components/iphone/iphone-12-mini,21,1,21,3,dom-inspection,ul.level0.slayouts-menu > li > ul.sview-inul > li.sview-row > ul > li > a,https://www.mobilesentrix.ca/board-components/iphone/iphone-12-mini,False,False,2026-09-07T04:46:44+00:00,,,,,,same_name_different_url
MobileSentrix Canada,https://www.mobilesentrix.ca/,Board Components,,10,click,iPhone,,2,dom-inspection,iPhone 11 Pro Max,https://www.mobilesentrix.ca/board-components/iphone/iphone-11-pro-max,22,1,22,3,dom-inspection,ul.level0.slayouts-menu > li > ul.sview-inul > li.sview-row > ul > li > a,https://www.mobilesentrix.ca/board-components/iphone/iphone-11-pro-max,False,False,2026-09-07T04:46:44+00:00,,,,,,same_name_different_url
MobileSentrix Canada,https://www.mobilesentrix.ca/,Board Components,,10,click,iPhone,,2,dom-inspection,iPhone 11 Pro,https://www.mobilesentrix.ca/board-components/iphone/iphone-11-pro,23,1,23,3,dom-inspection,ul.level0.slayouts-menu > li > ul.sview-inul > li.sview-row > ul > li > a,https://www.mobilesentrix.ca/board-components/iphone/iphone-11-pro,False,False,2026-09-07T04:46:44+00:00,,,,,,same_name_different_url
MobileSentrix Canada,https://www.mobilesentrix.ca/,Board Components,,10,click,iPhone,,2,dom-inspection,iPhone 11,https://www.mobilesentrix.ca/board-components/iphone/iphone-11,24,1,24,3,dom-inspection,ul.level0.slayouts-menu > li > ul.sview-inul > li.sview-row > ul > li > a,https://www.mobilesentrix.ca/board-components/iphone/iphone-11,False,False,2026-09-07T04:46:44+00:00,,,,,,same_name_different_url
MobileSentrix Canada,https://www.mobilesentrix.ca/,Board Components,,10,click,iPhone,,2,dom-inspection,iPhone XS Max,https://www.mobilesentrix.ca/board-components/iphone/iphone-xs-max,25,1,25,3,dom-inspection,ul.level0.slayouts-menu > li > ul.sview-inul > li.sview-row > ul > li > a,https://www.mobilesentrix.ca/board-components/iphone/iphone-xs-max,False,False,2026-09-07T04:46:44+00:00,,,,,,same_name_different_url
MobileSentrix Canada,https://www.mobilesentrix.ca/,Board Components,,10,click,iPhone,,2,dom-inspection,iPhone XS,https://www.mobilesentrix.ca/board-components/iphone/iphone-xs,26,1,26,3,dom-inspection,ul.level0.slayouts-menu > li > ul.sview-inul > li.sview-row > ul > li > a,https://www.mobilesentrix.ca/board-components/iphone/iphone-xs,False,False,2026-09-07T04:46:44+00:00,,,,,,same_name_different_url
MobileSentrix Canada,https://www.mobilesentrix.ca/,Board Components,,10,click,iPhone,,2,dom-inspection,iPhone XR,https://www.mobilesentrix.ca/board-components/iphone/iphone-xr,27,1,27,3,dom-inspection,ul.level0.slayouts-menu > li > ul.sview-inul > li.sview-row > ul > li > a,https://www.mobilesentrix.ca/board-components/iphone/iphone-xr,False,False,2026-09-07T04:46:44+00:00,,,,,,same_name_different_url
MobileSentrix Canada,https://www.mobilesentrix.ca/,Board Components,,10,click,iPhone,,2,dom-inspection,iPhone X,https://www.mobilesentrix.ca/board-components/iphone/iphone-x,28,1,28,3,dom-inspection,ul.level0.slayouts-menu > li > ul.sview-inul > li.sview-row > ul > li > a,https://www.mobilesentrix.ca/board-components/iphone/iphone-x,False,False,2026-09-07T04:46:44+00:00,,,,,,same_name_different_url
MobileSentrix Canada,https://www.mobilesentrix.ca/,Board Components,,10,click,iPhone,,2,dom-inspection,iPhone 8 Plus,https://www.mobilesentrix.ca/board-components/iphone/iphone-8-plus,29,1,29,3,dom-inspection,ul.level0.slayouts-menu > li > ul.sview-inul > li.sview-row > ul > li > a,https://www.mobilesentrix.ca/board-components/iphone/iphone-8-plus,False,False,2026-09-07T04:46:44+00:00,,,,,,same_name_different_url
MobileSentrix Canada,https://www.mobilesentrix.ca/,Board Components,,10,click,iPhone,,2,dom-inspection,iPhone 8,https://www.mobilesentrix.ca/board-components/iphone/iphone-8,30,1,30,3,dom-inspection,ul.level0.slayouts-menu > li > ul.sview-inul > li.sview-row > ul > li > a,https://www.mobilesentrix.ca/board-components/iphone/iphone-8,False,False,2026-09-07T04:46:44+00:00,,,,,,same_name_different_url
MobileSentrix Canada,https://www.mobilesentrix.ca/,Board Components,,10,click,iPhone,,2,dom-inspection,iPhone 7 Plus,https://www.mobilesentrix.ca/board-components/iphone/iphone-7-plus,31,1,31,3,dom-inspection,ul.level0.slayouts-menu > li > ul.sview-inul > li.sview-row > ul > li > a,https://www.mobilesentrix.ca/board-components/iphone/iphone-7-plus,False,False,2026-09-07T04:46:44+00:00,,,,,,same_name_different_url
MobileSentrix Canada,https://www.mobilesentrix.ca/,Board Components,,10,click,iPhone,,2,dom-inspection,iPhone 7,https://www.mobilesentrix.ca/board-components/iphone/iphone-7,32,1,32,3,dom-inspection,ul.level0.slayouts-menu > li > ul.sview-inul > li.sview-row > ul > li > a,https://www.mobilesentrix.ca/board-components/iphone/iphone-7,False,False,2026-09-07T04:46:44+00:00,,,,,,same_name_different_url
MobileSentrix Canada,https://www.mobilesentrix.ca/,Board Components,,10,click,iPhone,,2,dom-inspection,iPhone 6S Plus,https://www.mobilesentrix.ca/board-components/iphone/iphone-6s-plus,33,1,33,3,dom-inspection,ul.level0.slayouts-menu > li > ul.sview-inul > li.sview-row > ul > li > a,https://www.mobilesentrix.ca/board-components/iphone/iphone-6s-plus,False,False,2026-09-07T04:46:44+00:00,,,,,,same_name_different_url
MobileSentrix Canada,https://www.mobilesentrix.ca/,Board Components,,10,click,iPhone,,2,dom-inspection,iPhone 6S,https://www.mobilesentrix.ca/board-components/iphone/iphone-6s,34,1,34,3,dom-inspection,ul.level0.slayouts-menu > li > ul.sview-inul > li.sview-row > ul > li > a,https://www.mobilesentrix.ca/board-components/iphone/iphone-6s,False,False,2026-09-07T04:46:44+00:00,,,,,,same_name_different_url
MobileSentrix Canada,https://www.mobilesentrix.ca/,Board Components,,10,click,iPhone,,2,dom-inspection,iPhone 6 Plus,https://www.mobilesentrix.ca/board-components/iphone/iphone-6-plus,35,1,35,3,dom-inspection,ul.level0.slayouts-menu > li > ul.sview-inul > li.sview-row > ul > li > a,https://www.mobilesentrix.ca/board-components/iphone/iphone-6-plus,False,False,2026-09-07T04:46:44+00:00,,,,,,same_name_different_url
MobileSentrix Canada,https://www.mobilesentrix.ca/,Board Components,,10,click,iPhone,,2,dom-inspection,iPhone 6,https://www.mobilesentrix.ca/board-components/iphone/iphone-6,36,1,36,3,dom-inspection,ul.level0.slayouts-menu > li > ul.sview-inul > li.sview-row > ul > li > a,https://www.mobilesentrix.ca/board-components/iphone/iphone-6,False,False,2026-09-07T04:46:44+00:00,,,,,,same_name_different_url
MobileSentrix Canada,https://www.mobilesentrix.ca/,Board Components,,10,click,iPhone,,2,dom-inspection,iPhone 5S,https://www.mobilesentrix.ca/board-components/iphone/iphone-5s,37,1,37,3,dom-inspection,ul.level0.slayouts-menu > li > ul.sview-inul > li.sview-row > ul > li > a,https://www.mobilesentrix.ca/board-components/iphone/iphone-5s,False,False,2026-09-07T04:46:44+00:00,,,,,,same_name_different_url
MobileSentrix Canada,https://www.mobilesentrix.ca/,Board Components,,10,click,iPhone,,2,dom-inspection,iPhone 5C,https://www.mobilesentrix.ca/board-components/iphone/iphone-5c,39,1,39,3,dom-inspection,ul.level0.slayouts-menu > li > ul.sview-inul > li.sview-row > ul > li > a,https://www.mobilesentrix.ca/board-components/iphone/iphone-5c,False,False,2026-09-07T04:46:44+00:00,,,,,,same_name_different_url
MobileSentrix Canada,https://www.mobilesentrix.ca/,Board Components,,10,click,iPhone,,2,dom-inspection,iPhone 5,https://www.mobilesentrix.ca/board-components/iphone/iphone-5,40,1,40,3,dom-inspection,ul.level0.slayouts-menu > li > ul.sview-inul > li.sview-row > ul > li > a,https://www.mobilesentrix.ca/board-components/iphone/iphone-5,False,False,2026-09-07T04:46:44+00:00,,,,,,same_name_different_url
MobileSentrix Canada,https://www.mobilesentrix.ca/,Board Components,,10,click,iPad,,3,dom-inspection,"iPad Pro 13"" 7th Gen (2024)",https://www.mobilesentrix.ca/board-components/ipad/ipad-pro-13-7th-gen-2024,1,1,1,3,dom-inspection,ul.level0.slayouts-menu > li > ul.sview-inul > li.sview-row > ul > li > a,https://www.mobilesentrix.ca/board-components/ipad/ipad-pro-13-7th-gen-2024,False,False,2026-09-07T04:46:44+00:00,,,,,,same_name_different_url
MobileSentrix Canada,https://www.mobilesentrix.ca/,Board Components,,10,click,iPad,,3,dom-inspection,"iPad Pro 12.9"" 6th Gen (2022)",https://www.mobilesentrix.ca/board-components/ipad/ipad-pro-12-9-6th-gen-2022,2,1,2,3,dom-inspection,ul.level0.slayouts-menu > li > ul.sview-inul > li.sview-row > ul > li > a,https://www.mobilesentrix.ca/board-components/ipad/ipad-pro-12-9-6th-gen-2022,False,False,2026-09-07T04:46:44+00:00,,,,,,same_name_different_url
MobileSentrix Canada,https://www.mobilesentrix.ca/,Board Components,,10,click,iPad,,3,dom-inspection,"iPad Pro 12.9"" 5th Gen (2021)",https://www.mobilesentrix.ca/board-components/ipad/ipad-pro-12-9-5th-gen-2021,3,1,3,3,dom-inspection,ul.level0.slayouts-menu > li > ul.sview-inul > li.sview-row > ul > li > a,https://www.mobilesentrix.ca/board-components/ipad/ipad-pro-12-9-5th-gen-2021,False,False,2026-09-07T04:46:44+00:00,,,,,,same_name_different_url
MobileSentrix Canada,https://www.mobilesentrix.ca/,Board Components,,10,click,iPad,,3,dom-inspection,"iPad Pro 12.9"" 4th Gen (2020)",https://www.mobilesentrix.ca/board-components/ipad/ipad-pro-12-9-4th-gen,4,1,4,3,dom-inspection,ul.level0.slayouts-menu > li > ul.sview-inul > li.sview-row > ul > li > a,https://www.mobilesentrix.ca/board-components/ipad/ipad-pro-12-9-4th-gen,False,False,2026-09-07T04:46:44+00:00,,,,,,same_name_different_url
MobileSentrix Canada,https://www.mobilesentrix.ca/,Board Components,,10,click,iPad,,3,dom-inspection,"iPad Pro 12.9"" 3rd Gen (2018)",https://www.mobilesentrix.ca/board-components/ipad/ipad-pro-12-9-3rd-gen,5,1,5,3,dom-inspection,ul.level0.slayouts-menu > li > ul.sview-inul > li.sview-row > ul > li > a,https://www.mobilesentrix.ca/board-components/ipad/ipad-pro-12-9-3rd-gen,False,False,2026-09-07T04:46:44+00:00,,,,,,same_name_different_url
MobileSentrix Canada,https://www.mobilesentrix.ca/,Board Components,,10,click,iPad,,3,dom-inspection,"iPad Pro 12.9"" 2nd Gen (2017)",https://www.mobilesentrix.ca/board-components/ipad/ipad-pro-12-9-2nd-gen,6,1,6,3,dom-inspection,ul.level0.slayouts-menu > li > ul.sview-inul > li.sview-row > ul > li > a,https://www.mobilesentrix.ca/board-components/ipad/ipad-pro-12-9-2nd-gen,False,False,2026-09-07T04:46:44+00:00,,,,,,same_name_different_url
MobileSentrix Canada,https://www.mobilesentrix.ca/,Board Components,,10,click,iPad,,3,dom-inspection,"iPad Pro 12.9"" 1st Gen (2015)",https://www.mobilesentrix.ca/board-components/ipad/ipad-pro-12-9-1st-gen,7,1,7,3,dom-inspection,ul.level0.slayouts-menu > li > ul.sview-inul > li.sview-row > ul > li > a,https://www.mobilesentrix.ca/board-components/ipad/ipad-pro-12-9-1st-gen,False,False,2026-09-07T04:46:44+00:00,,,,,,same_name_different_url
MobileSentrix Canada,https://www.mobilesentrix.ca/,Board Components,,10,click,iPad,,3,dom-inspection,"iPad Pro 11"" 4th Gen (2022)",https://www.mobilesentrix.ca/board-components/ipad/ipad-pro-11-4th-gen-2022,8,1,8,3,dom-inspection,ul.level0.slayouts-menu > li > ul.sview-inul > li.sview-row > ul > li > a,https://www.mobilesentrix.ca/board-components/ipad/ipad-pro-11-4th-gen-2022,False,False,2026-09-07T04:46:44+00:00,,,,,,same_name_different_url
MobileSentrix Canada,https://www.mobilesentrix.ca/,Board Components,,10,click,iPad,,3,dom-inspection,"iPad Pro 11"" 3rd Gen (2021)",https://www.mobilesentrix.ca/board-components/ipad/ipad-pro-11-3rd-gen-2021,9,1,9,3,dom-inspection,ul.level0.slayouts-menu > li > ul.sview-inul > li.sview-row > ul > li > a,https://www.mobilesentrix.ca/board-components/ipad/ipad-pro-11-3rd-gen-2021,False,False,2026-09-07T04:46:44+00:00,,,,,,same_name_different_url
MobileSentrix Canada,https://www.mobilesentrix.ca/,Board Components,,10,click,iPad,,3,dom-inspection,"iPad Pro 11"" 2nd Gen (2020)",https://www.mobilesentrix.ca/board-components/ipad/pad-pro-11-2nd-gen-2020,10,1,10,3,dom-inspection,ul.level0.slayouts-menu > li > ul.sview-inul > li.sview-row > ul > li > a,https://www.mobilesentrix.ca/board-components/ipad/pad-pro-11-2nd-gen-2020,False,False,2026-09-07T04:46:44+00:00,,,,,,same_name_different_url
MobileSentrix Canada,https://www.mobilesentrix.ca/,Board Components,,10,click,iPad,,3,dom-inspection,"iPad Pro 11"" 1st Gen (2018)",https://www.mobilesentrix.ca/board-components/ipad/ipad-pro-11-2018,11,1,11,3,dom-inspection,ul.level0.slayouts-menu > li > ul.sview-inul > li.sview-row > ul > li > a,https://www.mobilesentrix.ca/board-components/ipad/ipad-pro-11-2018,False,False,2026-09-07T04:46:44+00:00,,,,,,same_name_different_url
MobileSentrix Canada,https://www.mobilesentrix.ca/,Board Components,,10,click,iPad,,3,dom-inspection,iPad 10 (2022),https://www.mobilesentrix.ca/board-components/ipad/ipad-10-2022,14,1,14,3,dom-inspection,ul.level0.slayouts-menu > li > ul.sview-inul > li.sview-row > ul > li > a,https://www.mobilesentrix.ca/board-components/ipad/ipad-10-2022,False,False,2026-09-07T04:46:44+00:00,,,,,,same_name_different_url
MobileSentrix Canada,https://www.mobilesentrix.ca/,Board Components,,10,click,iPad,,3,dom-inspection,iPad 9 (2021),https://www.mobilesentrix.ca/board-components/ipad/ipad-9-2021,15,1,15,3,dom-inspection,ul.level0.slayouts-menu > li > ul.sview-inul > li.sview-row > ul > li > a,https://www.mobilesentrix.ca/board-components/ipad/ipad-9-2021,False,False,2026-09-07T04:46:44+00:00,,,,,,same_name_different_url
MobileSentrix Canada,https://www.mobilesentrix.ca/,Board Components,,10,click,iPad,,3,dom-inspection,iPad 8 (2020),https://www.mobilesentrix.ca/board-components/ipad/ipad-8-2020,16,1,16,3,dom-inspection,ul.level0.slayouts-menu > li > ul.sview-inul > li.sview-row > ul > li > a,https://www.mobilesentrix.ca/board-components/ipad/ipad-8-2020,False,False,2026-09-07T04:46:44+00:00,,,,,,same_name_different_url
MobileSentrix Canada,https://www.mobilesentrix.ca/,Board Components,,10,click,iPad,,3,dom-inspection,iPad 7 (2019),https://www.mobilesentrix.ca/board-components/ipad/ipad-7-2019,17,1,17,3,dom-inspection,ul.level0.slayouts-menu > li > ul.sview-inul > li.sview-row > ul > li > a,https://www.mobilesentrix.ca/board-components/ipad/ipad-7-2019,False,False,2026-09-07T04:46:44+00:00,,,,,,same_name_different_url
MobileSentrix Canada,https://www.mobilesentrix.ca/,Board Components,,10,click,iPad,,3,dom-inspection,iPad 6 (2018),https://www.mobilesentrix.ca/board-components/ipad/ipad-6,18,1,18,3,dom-inspection,ul.level0.slayouts-menu > li > ul.sview-inul > li.sview-row > ul > li > a,https://www.mobilesentrix.ca/board-components/ipad/ipad-6,False,False,2026-09-07T04:46:44+00:00,,,,,,same_name_different_url
MobileSentrix Canada,https://www.mobilesentrix.ca/,Board Components,,10,click,iPad,,3,dom-inspection,iPad 5 (2017),https://www.mobilesentrix.ca/board-components/ipad/ipad-5,19,1,19,3,dom-inspection,ul.level0.slayouts-menu > li > ul.sview-inul > li.sview-row > ul > li > a,https://www.mobilesentrix.ca/board-components/ipad/ipad-5,False,False,2026-09-07T04:46:44+00:00,,,,,,same_name_different_url
MobileSentrix Canada,https://www.mobilesentrix.ca/,Board Components,,10,click,iPad,,3,dom-inspection,"iPad Air 13"" (2025)",https://www.mobilesentrix.ca/board-components/ipad/ipad-air-13-2025,23,1,23,3,dom-inspection,ul.level0.slayouts-menu > li > ul.sview-inul > li.sview-row > ul > li > a,https://www.mobilesentrix.ca/board-components/ipad/ipad-air-13-2025,False,False,2026-09-07T04:46:44+00:00,,,,,,same_name_different_url
MobileSentrix Canada,https://www.mobilesentrix.ca/,Board Components,,10,click,iPad,,3,dom-inspection,"iPad Air 11"" (2025)",https://www.mobilesentrix.ca/board-components/ipad/ipad-air-11-2025,24,1,24,3,dom-inspection,ul.level0.slayouts-menu > li > ul.sview-inul > li.sview-row > ul > li > a,https://www.mobilesentrix.ca/board-components/ipad/ipad-air-11-2025,False,False,2026-09-07T04:46:44+00:00,,,,,,same_name_different_url
MobileSentrix Canada,https://www.mobilesentrix.ca/,Board Components,,10,click,iPad,,3,dom-inspection,"iPad Air 13"" (2024)",https://www.mobilesentrix.ca/board-components/ipad/ipad-air-13-2024,25,1,25,3,dom-inspection,ul.level0.slayouts-menu > li > ul.sview-inul > li.sview-row > ul > li > a,https://www.mobilesentrix.ca/board-components/ipad/ipad-air-13-2024,False,False,2026-09-07T04:46:44+00:00,,,,,,same_name_different_url
MobileSentrix Canada,https://www.mobilesentrix.ca/,Board Components,,10,click,iPad,,3,dom-inspection,"iPad Air 11"" (2024)",https://www.mobilesentrix.ca/board-components/ipad/ipad-air-11-2024,26,1,26,3,dom-inspection,ul.level0.slayouts-menu > li > ul.sview-inul > li.sview-row > ul > li > a,https://www.mobilesentrix.ca/board-components/ipad/ipad-air-11-2024,False,False,2026-09-07T04:46:44+00:00,,,,,,same_name_different_url
MobileSentrix Canada,https://www.mobilesentrix.ca/,Board Components,,10,click,iPad,,3,dom-inspection,iPad Air 5 (2022),https://www.mobilesentrix.ca/board-components/ipad/ipad-air-5,27,1,27,3,dom-inspection,ul.level0.slayouts-menu > li > ul.sview-inul > li.sview-row > ul > li > a,https://www.mobilesentrix.ca/board-components/ipad/ipad-air-5,False,False,2026-09-07T04:46:44+00:00,,,,,,same_name_different_url
MobileSentrix Canada,https://www.mobilesentrix.ca/,Board Components,,10,click,iPad,,3,dom-inspection,iPad Air 4 (2020),https://www.mobilesentrix.ca/board-components/ipad/ipad-air-4,28,1,28,3,dom-inspection,ul.level0.slayouts-menu > li > ul.sview-inul > li.sview-row > ul > li > a,https://www.mobilesentrix.ca/board-components/ipad/ipad-air-4,False,False,2026-09-07T04:46:44+00:00,,,,,,same_name_different_url
MobileSentrix Canada,https://www.mobilesentrix.ca/,Board Components,,10,click,iPad,,3,dom-inspection,iPad Air 3 (2019),https://www.mobilesentrix.ca/board-components/ipad/ipad-air-3,29,1,29,3,dom-inspection,ul.level0.slayouts-menu > li > ul.sview-inul > li.sview-row > ul > li > a,https://www.mobilesentrix.ca/board-components/ipad/ipad-air-3,False,False,2026-09-07T04:46:44+00:00,,,,,,same_name_different_url
MobileSentrix Canada,https://www.mobilesentrix.ca/,Board Components,,10,click,iPad,,3,dom-inspection,iPad Mini 7 (2024),https://www.mobilesentrix.ca/board-components/ipad/ipad-mini-7-2024,32,1,32,3,dom-inspection,ul.level0.slayouts-menu > li > ul.sview-inul > li.sview-row > ul > li > a,https://www.mobilesentrix.ca/board-components/ipad/ipad-mini-7-2024,False,False,2026-09-07T04:46:44+00:00,,,,,,same_name_different_url
MobileSentrix Canada,https://www.mobilesentrix.ca/,Board Components,,10,click,iPad,,3,dom-inspection,iPad Mini 6 (2021),https://www.mobilesentrix.ca/board-components/ipad/ipad-mini-6-2021,33,1,33,3,dom-inspection,ul.level0.slayouts-menu > li > ul.sview-inul > li.sview-row > ul > li > a,https://www.mobilesentrix.ca/board-components/ipad/ipad-mini-6-2021,False,False,2026-09-07T04:46:44+00:00,,,,,,same_name_different_url
MobileSentrix Canada,https://www.mobilesentrix.ca/,Board Components,,10,click,iPad,,3,dom-inspection,iPad Mini 5 (2019),https://www.mobilesentrix.ca/board-components/ipad/ipad-mini-5,34,1,34,3,dom-inspection,ul.level0.slayouts-menu > li > ul.sview-inul > li.sview-row > ul > li > a,https://www.mobilesentrix.ca/board-components/ipad/ipad-mini-5,False,False,2026-09-07T04:46:44+00:00,,,,,,same_name_different_url
MobileSentrix Canada,https://www.mobilesentrix.ca/,Board Components,,10,click,Macbook,,4,dom-inspection,All Mac Board Components,https://www.mobilesentrix.ca/board-components/macbook,1,1,1,3,dom-inspection,ul.level0.slayouts-menu > li > ul.sview-inul > li.sview-row > ul > li.all-cat > a,https://www.mobilesentrix.ca/board-components/macbook,False,False,2026-09-07T04:46:44+00:00,,,,,,cross_hierarchy_url
MobileSentrix Canada,https://www.mobilesentrix.ca/,Board Components,,10,click,Galaxy S Series,,5,dom-inspection,Galaxy S25 Edge,https://www.mobilesentrix.ca/board-components/samsung/galaxy-s-series/galaxy-s25-edge,1,1,1,3,dom-inspection,ul.level0.slayouts-menu > li > ul.sview-inul > li.sview-row > ul > li > a,https://www.mobilesentrix.ca/board-components/samsung/galaxy-s-series/galaxy-s25-edge,False,False,2026-09-07T04:46:44+00:00,,,,,,same_name_different_url
MobileSentrix Canada,https://www.mobilesentrix.ca/,Board Components,,10,click,Galaxy S Series,,5,dom-inspection,Galaxy S25 Ultra,https://www.mobilesentrix.ca/board-components/samsung/galaxy-s-series/galaxy-s25-ultra,2,1,2,3,dom-inspection,ul.level0.slayouts-menu > li > ul.sview-inul > li.sview-row > ul > li > a,https://www.mobilesentrix.ca/board-components/samsung/galaxy-s-series/galaxy-s25-ultra,False,False,2026-09-07T04:46:44+00:00,,,,,,same_name_different_url
MobileSentrix Canada,https://www.mobilesentrix.ca/,Board Components,,10,click,Galaxy S Series,,5,dom-inspection,Galaxy S25 Plus,https://www.mobilesentrix.ca/board-components/samsung/galaxy-s-series/galaxy-s25-plus,3,1,3,3,dom-inspection,ul.level0.slayouts-menu > li > ul.sview-inul > li.sview-row > ul > li > a,https://www.mobilesentrix.ca/board-components/samsung/galaxy-s-series/galaxy-s25-plus,False,False,2026-09-07T04:46:44+00:00,,,,,,same_name_different_url
MobileSentrix Canada,https://www.mobilesentrix.ca/,Board Components,,10,click,Galaxy S Series,,5,dom-inspection,Galaxy S25,https://www.mobilesentrix.ca/board-components/samsung/galaxy-s-series/galaxy-s25,4,1,4,3,dom-inspection,ul.level0.slayouts-menu > li > ul.sview-inul > li.sview-row > ul > li > a,https://www.mobilesentrix.ca/board-components/samsung/galaxy-s-series/galaxy-s25,False,False,2026-09-07T04:46:44+00:00,,,,,,same_name_different_url
MobileSentrix Canada,https://www.mobilesentrix.ca/,Board Components,,10,click,Galaxy S Series,,5,dom-inspection,Galaxy S24 Ultra,https://www.mobilesentrix.ca/board-components/samsung/galaxy-s-series/galaxy-s24-ultra-5g,5,1,5,3,dom-inspection,ul.level0.slayouts-menu > li > ul.sview-inul > li.sview-row > ul > li > a,https://www.mobilesentrix.ca/board-components/samsung/galaxy-s-series/galaxy-s24-ultra-5g,False,False,2026-09-07T04:46:44+00:00,,,,,,same_name_different_url
MobileSentrix Canada,https://www.mobilesentrix.ca/,Board Components,,10,click,Galaxy S Series,,5,dom-inspection,Galaxy S24 Plus,https://www.mobilesentrix.ca/board-components/samsung/galaxy-s-series/galaxy-s24-plus-5g,6,1,6,3,dom-inspection,ul.level0.slayouts-menu > li > ul.sview-inul > li.sview-row > ul > li > a,https://www.mobilesentrix.ca/board-components/samsung/galaxy-s-series/galaxy-s24-plus-5g,False,False,2026-09-07T04:46:44+00:00,,,,,,same_name_different_url
MobileSentrix Canada,https://www.mobilesentrix.ca/,Board Components,,10,click,Galaxy S Series,,5,dom-inspection,Galaxy S24,https://www.mobilesentrix.ca/board-components/samsung/galaxy-s-series/galaxy-s24-5g,7,1,7,3,dom-inspection,ul.level0.slayouts-menu > li > ul.sview-inul > li.sview-row > ul > li > a,https://www.mobilesentrix.ca/board-components/samsung/galaxy-s-series/galaxy-s24-5g,False,False,2026-09-07T04:46:44+00:00,,,,,,same_name_different_url
MobileSentrix Canada,https://www.mobilesentrix.ca/,Board Components,,10,click,Galaxy S Series,,5,dom-inspection,Galaxy S23 Ultra,https://www.mobilesentrix.ca/board-components/samsung/galaxy-s-series/galaxy-s23-ultra-5g,8,1,8,3,dom-inspection,ul.level0.slayouts-menu > li > ul.sview-inul > li.sview-row > ul > li > a,https://www.mobilesentrix.ca/board-components/samsung/galaxy-s-series/galaxy-s23-ultra-5g,False,False,2026-09-07T04:46:44+00:00,,,,,,same_name_different_url
MobileSentrix Canada,https://www.mobilesentrix.ca/,Board Components,,10,click,Galaxy S Series,,5,dom-inspection,Galaxy S23 Plus,https://www.mobilesentrix.ca/board-components/samsung/galaxy-s-series/galaxy-s23-plus-5g,9,1,9,3,dom-inspection,ul.level0.slayouts-menu > li > ul.sview-inul > li.sview-row > ul > li > a,https://www.mobilesentrix.ca/board-components/samsung/galaxy-s-series/galaxy-s23-plus-5g,False,False,2026-09-07T04:46:44+00:00,,,,,,same_name_different_url
MobileSentrix Canada,https://www.mobilesentrix.ca/,Board Components,,10,click,Galaxy S Series,,5,dom-inspection,Galaxy S23,https://www.mobilesentrix.ca/board-components/samsung/galaxy-s-series/galaxy-s23-5g,10,1,10,3,dom-inspection,ul.level0.slayouts-menu > li > ul.sview-inul > li.sview-row > ul > li > a,https://www.mobilesentrix.ca/board-components/samsung/galaxy-s-series/galaxy-s23-5g,False,False,2026-09-07T04:46:44+00:00,,,,,,same_name_different_url
MobileSentrix Canada,https://www.mobilesentrix.ca/,Board Components,,10,click,Galaxy S Series,,5,dom-inspection,Galaxy S22 Ultra,https://www.mobilesentrix.ca/board-components/samsung/galaxy-s-series/galaxy-s22-ultra-5g,11,1,11,3,dom-inspection,ul.level0.slayouts-menu > li > ul.sview-inul > li.sview-row > ul > li > a,https://www.mobilesentrix.ca/board-components/samsung/galaxy-s-series/galaxy-s22-ultra-5g,False,False,2026-09-07T04:46:44+00:00,,,,,,same_name_different_url
MobileSentrix Canada,https://www.mobilesentrix.ca/,Board Components,,10,click,Galaxy S Series,,5,dom-inspection,Galaxy S22 Plus,https://www.mobilesentrix.ca/board-components/samsung/galaxy-s-series/galaxy-s22-plus-5g,12,1,12,3,dom-inspection,ul.level0.slayouts-menu > li > ul.sview-inul > li.sview-row > ul > li > a,https://www.mobilesentrix.ca/board-components/samsung/galaxy-s-series/galaxy-s22-plus-5g,False,False,2026-09-07T04:46:44+00:00,,,,,,same_name_different_url
MobileSentrix Canada,https://www.mobilesentrix.ca/,Board Components,,10,click,Galaxy S Series,,5,dom-inspection,Galaxy S22,https://www.mobilesentrix.ca/board-components/samsung/galaxy-s-series/galaxy-s22-5g,13,1,13,3,dom-inspection,ul.level0.slayouts-menu > li > ul.sview-inul > li.sview-row > ul > li > a,https://www.mobilesentrix.ca/board-components/samsung/galaxy-s-series/galaxy-s22-5g,False,False,2026-09-07T04:46:44+00:00,,,,,,same_name_different_url
MobileSentrix Canada,https://www.mobilesentrix.ca/,Board Components,,10,click,Galaxy S Series,,5,dom-inspection,Galaxy S21 Ultra,https://www.mobilesentrix.ca/board-components/samsung/galaxy-s-series/galaxy-s21-ultra,14,1,14,3,dom-inspection,ul.level0.slayouts-menu > li > ul.sview-inul > li.sview-row > ul > li > a,https://www.mobilesentrix.ca/board-components/samsung/galaxy-s-series/galaxy-s21-ultra,False,False,2026-09-07T04:46:44+00:00,,,,,,same_name_different_url
MobileSentrix Canada,https://www.mobilesentrix.ca/,Board Components,,10,click,Galaxy S Series,,5,dom-inspection,Galaxy S21 Plus,https://www.mobilesentrix.ca/board-components/samsung/galaxy-s-series/galaxy-s21-plus,15,1,15,3,dom-inspection,ul.level0.slayouts-menu > li > ul.sview-inul > li.sview-row > ul > li > a,https://www.mobilesentrix.ca/board-components/samsung/galaxy-s-series/galaxy-s21-plus,False,False,2026-09-07T04:46:44+00:00,,,,,,same_name_different_url
MobileSentrix Canada,https://www.mobilesentrix.ca/,Board Components,,10,click,Galaxy S Series,,5,dom-inspection,Galaxy S21,https://www.mobilesentrix.ca/board-components/samsung/galaxy-s-series/galaxy-s21,16,1,16,3,dom-inspection,ul.level0.slayouts-menu > li > ul.sview-inul > li.sview-row > ul > li > a,https://www.mobilesentrix.ca/board-components/samsung/galaxy-s-series/galaxy-s21,False,False,2026-09-07T04:46:44+00:00,,,,,,same_name_different_url
MobileSentrix Canada,https://www.mobilesentrix.ca/,Board Components,,10,click,Galaxy S Series,,5,dom-inspection,Galaxy S20 FE,https://www.mobilesentrix.ca/board-components/samsung/galaxy-s-series/galaxy-s20-fe,17,1,17,3,dom-inspection,ul.level0.slayouts-menu > li > ul.sview-inul > li.sview-row > ul > li > a,https://www.mobilesentrix.ca/board-components/samsung/galaxy-s-series/galaxy-s20-fe,False,False,2026-09-07T04:46:44+00:00,,,,,,same_name_different_url
MobileSentrix Canada,https://www.mobilesentrix.ca/,Board Components,,10,click,Galaxy S Series,,5,dom-inspection,Galaxy S20 Ultra,https://www.mobilesentrix.ca/board-components/samsung/galaxy-s-series/galaxy-s20-ultra,18,1,18,3,dom-inspection,ul.level0.slayouts-menu > li > ul.sview-inul > li.sview-row > ul > li > a,https://www.mobilesentrix.ca/board-components/samsung/galaxy-s-series/galaxy-s20-ultra,False,False,2026-09-07T04:46:44+00:00,,,,,,same_name_different_url
MobileSentrix Canada,https://www.mobilesentrix.ca/,Board Components,,10,click,Galaxy S Series,,5,dom-inspection,Galaxy S20 Plus,https://www.mobilesentrix.ca/board-components/samsung/galaxy-s-series/galaxy-s20-plus,19,1,19,3,dom-inspection,ul.level0.slayouts-menu > li > ul.sview-inul > li.sview-row > ul > li > a,https://www.mobilesentrix.ca/board-components/samsung/galaxy-s-series/galaxy-s20-plus,False,False,2026-09-07T04:46:44+00:00,,,,,,same_name_different_url
MobileSentrix Canada,https://www.mobilesentrix.ca/,Board Components,,10,click,Galaxy S Series,,5,dom-inspection,Galaxy S20,https://www.mobilesentrix.ca/board-components/samsung/galaxy-s-series/galaxy-s20,20,1,20,3,dom-inspection,ul.level0.slayouts-menu > li > ul.sview-inul > li.sview-row > ul > li > a,https://www.mobilesentrix.ca/board-components/samsung/galaxy-s-series/galaxy-s20,False,False,2026-09-07T04:46:44+00:00,,,,,,same_name_different_url
MobileSentrix Canada,https://www.mobilesentrix.ca/,Board Components,,10,click,Galaxy S Series,,5,dom-inspection,Galaxy S10 Plus,https://www.mobilesentrix.ca/board-components/samsung/galaxy-s-series/galaxy-s10-plus,21,1,21,3,dom-inspection,ul.level0.slayouts-menu > li > ul.sview-inul > li.sview-row > ul > li > a,https://www.mobilesentrix.ca/board-components/samsung/galaxy-s-series/galaxy-s10-plus,False,False,2026-09-07T04:46:44+00:00,,,,,,same_name_different_url
MobileSentrix Canada,https://www.mobilesentrix.ca/,Board Components,,10,click,Galaxy S Series,,5,dom-inspection,Galaxy S10,https://www.mobilesentrix.ca/board-components/samsung/galaxy-s-series/galaxy-s10,22,1,22,3,dom-inspection,ul.level0.slayouts-menu > li > ul.sview-inul > li.sview-row > ul > li > a,https://www.mobilesentrix.ca/board-components/samsung/galaxy-s-series/galaxy-s10,False,False,2026-09-07T04:46:44+00:00,,,,,,same_name_different_url
MobileSentrix Canada,https://www.mobilesentrix.ca/,Board Components,,10,click,Galaxy S Series,,5,dom-inspection,Galaxy S10e,https://www.mobilesentrix.ca/board-components/samsung/galaxy-s-series/galaxy-s10e,23,1,23,3,dom-inspection,ul.level0.slayouts-menu > li > ul.sview-inul > li.sview-row > ul > li > a,https://www.mobilesentrix.ca/board-components/samsung/galaxy-s-series/galaxy-s10e,False,False,2026-09-07T04:46:44+00:00,,,,,,same_name_different_url
MobileSentrix Canada,https://www.mobilesentrix.ca/,Board Components,,10,click,Galaxy S Series,,5,dom-inspection,Galaxy S9 Plus,https://www.mobilesentrix.ca/board-components/samsung/galaxy-s-series/galaxy-s9-plus,24,1,24,3,dom-inspection,ul.level0.slayouts-menu > li > ul.sview-inul > li.sview-row > ul > li > a,https://www.mobilesentrix.ca/board-components/samsung/galaxy-s-series/galaxy-s9-plus,False,False,2026-09-07T04:46:44+00:00,,,,,,same_name_different_url
MobileSentrix Canada,https://www.mobilesentrix.ca/,Board Components,,10,click,Galaxy S Series,,5,dom-inspection,Galaxy S9,https://www.mobilesentrix.ca/board-components/samsung/galaxy-s-series/galaxy-s9,25,1,25,3,dom-inspection,ul.level0.slayouts-menu > li > ul.sview-inul > li.sview-row > ul > li > a,https://www.mobilesentrix.ca/board-components/samsung/galaxy-s-series/galaxy-s9,False,False,2026-09-07T04:46:44+00:00,,,,,,same_name_different_url
MobileSentrix Canada,https://www.mobilesentrix.ca/,Board Components,,10,click,Galaxy S Series,,5,dom-inspection,Galaxy S8 Plus,https://www.mobilesentrix.ca/board-components/samsung/galaxy-s-series/galaxy-s8-plus,26,1,26,3,dom-inspection,ul.level0.slayouts-menu > li > ul.sview-inul > li.sview-row > ul > li > a,https://www.mobilesentrix.ca/board-components/samsung/galaxy-s-series/galaxy-s8-plus,False,False,2026-09-07T04:46:44+00:00,,,,,,same_name_different_url
MobileSentrix Canada,https://www.mobilesentrix.ca/,Board Components,,10,click,Galaxy S Series,,5,dom-inspection,Galaxy S8,https://www.mobilesentrix.ca/board-components/samsung/galaxy-s-series/galaxy-s8,27,1,27,3,dom-inspection,ul.level0.slayouts-menu > li > ul.sview-inul > li.sview-row > ul > li > a,https://www.mobilesentrix.ca/board-components/samsung/galaxy-s-series/galaxy-s8,False,False,2026-09-07T04:46:44+00:00,,,,,,same_name_different_url
MobileSentrix Canada,https://www.mobilesentrix.ca/,Board Components,,10,click,Galaxy S Series,,5,dom-inspection,Galaxy S7 Edge,https://www.mobilesentrix.ca/board-components/samsung/galaxy-s-series/galaxy-s7-edge,28,1,28,3,dom-inspection,ul.level0.slayouts-menu > li > ul.sview-inul > li.sview-row > ul > li > a,https://www.mobilesentrix.ca/board-components/samsung/galaxy-s-series/galaxy-s7-edge,False,False,2026-09-07T04:46:44+00:00,,,,,,same_name_different_url
MobileSentrix Canada,https://www.mobilesentrix.ca/,Board Components,,10,click,Galaxy S Series,,5,dom-inspection,Galaxy S7,https://www.mobilesentrix.ca/board-components/samsung/galaxy-s-series/galaxy-s7,29,1,29,3,dom-inspection,ul.level0.slayouts-menu > li > ul.sview-inul > li.sview-row > ul > li > a,https://www.mobilesentrix.ca/board-components/samsung/galaxy-s-series/galaxy-s7,False,False,2026-09-07T04:46:44+00:00,,,,,,same_name_different_url
MobileSentrix Canada,https://www.mobilesentrix.ca/,Board Components,,10,click,Galaxy S Series,,5,dom-inspection,Galaxy S6 Edge Plus,https://www.mobilesentrix.ca/board-components/samsung/galaxy-s-series/galaxy-s6-edge-plus,30,1,30,3,dom-inspection,ul.level0.slayouts-menu > li > ul.sview-inul > li.sview-row > ul > li > a,https://www.mobilesentrix.ca/board-components/samsung/galaxy-s-series/galaxy-s6-edge-plus,False,False,2026-09-07T04:46:44+00:00,,,,,,same_name_different_url
MobileSentrix Canada,https://www.mobilesentrix.ca/,Board Components,,10,click,Galaxy S Series,,5,dom-inspection,Galaxy S6 Edge,https://www.mobilesentrix.ca/board-components/samsung/galaxy-s-series/galaxy-s6-edge,31,1,31,3,dom-inspection,ul.level0.slayouts-menu > li > ul.sview-inul > li.sview-row > ul > li > a,https://www.mobilesentrix.ca/board-components/samsung/galaxy-s-series/galaxy-s6-edge,False,False,2026-09-07T04:46:44+00:00,,,,,,same_name_different_url
MobileSentrix Canada,https://www.mobilesentrix.ca/,Board Components,,10,click,Galaxy S Series,,5,dom-inspection,Galaxy S6,https://www.mobilesentrix.ca/board-components/samsung/galaxy-s-series/galaxy-s6,32,1,32,3,dom-inspection,ul.level0.slayouts-menu > li > ul.sview-inul > li.sview-row > ul > li > a,https://www.mobilesentrix.ca/board-components/samsung/galaxy-s-series/galaxy-s6,False,False,2026-09-07T04:46:44+00:00,,,,,,same_name_different_url
MobileSentrix Canada,https://www.mobilesentrix.ca/,Board Components,,10,click,Galaxy S Series,,5,dom-inspection,Galaxy S5,https://www.mobilesentrix.ca/board-components/samsung/galaxy-s-series/galaxy-s5,33,1,33,3,dom-inspection,ul.level0.slayouts-menu > li > ul.sview-inul > li.sview-row > ul > li > a,https://www.mobilesentrix.ca/board-components/samsung/galaxy-s-series/galaxy-s5,False,False,2026-09-07T04:46:44+00:00,,,,,,same_name_different_url
MobileSentrix Canada,https://www.mobilesentrix.ca/,Board Components,,10,click,Galaxy S Series,,5,dom-inspection,Galaxy S4,https://www.mobilesentrix.ca/board-components/samsung/galaxy-s-series/galaxy-s4,34,1,34,3,dom-inspection,ul.level0.slayouts-menu > li > ul.sview-inul > li.sview-row > ul > li > a,https://www.mobilesentrix.ca/board-components/samsung/galaxy-s-series/galaxy-s4,False,False,2026-09-07T04:46:44+00:00,,,,,,same_name_different_url
MobileSentrix Canada,https://www.mobilesentrix.ca/,Board Components,,10,click,Galaxy S Series,,5,dom-inspection,Galaxy S3,https://www.mobilesentrix.ca/board-components/samsung/galaxy-s-series/galaxy-s3,35,1,35,3,dom-inspection,ul.level0.slayouts-menu > li > ul.sview-inul > li.sview-row > ul > li > a,https://www.mobilesentrix.ca/board-components/samsung/galaxy-s-series/galaxy-s3,False,False,2026-09-07T04:46:44+00:00,,,,,,same_name_different_url
MobileSentrix Canada,https://www.mobilesentrix.ca/,Board Components,,10,click,Galaxy Note Series,,6,dom-inspection,Galaxy Note 20 Ultra,https://www.mobilesentrix.ca/board-components/samsung/galaxy-note-series/galaxy-note-20-ultra,1,1,1,3,dom-inspection,ul.level0.slayouts-menu > li > ul.sview-inul > li.sview-row > ul > li > a,https://www.mobilesentrix.ca/board-components/samsung/galaxy-note-series/galaxy-note-20-ultra,False,False,2026-09-07T04:46:44+00:00,,,,,,same_name_different_url
MobileSentrix Canada,https://www.mobilesentrix.ca/,Board Components,,10,click,Galaxy Note Series,,6,dom-inspection,Galaxy Note 20,https://www.mobilesentrix.ca/board-components/samsung/galaxy-note-series/galaxy-note-20,2,1,2,3,dom-inspection,ul.level0.slayouts-menu > li > ul.sview-inul > li.sview-row > ul > li > a,https://www.mobilesentrix.ca/board-components/samsung/galaxy-note-series/galaxy-note-20,False,False,2026-09-07T04:46:44+00:00,,,,,,same_name_different_url
MobileSentrix Canada,https://www.mobilesentrix.ca/,Board Components,,10,click,Galaxy Note Series,,6,dom-inspection,Galaxy Note 10 Plus,https://www.mobilesentrix.ca/board-components/samsung/galaxy-note-series/galaxy-note-10-plus,3,1,3,3,dom-inspection,ul.level0.slayouts-menu > li > ul.sview-inul > li.sview-row > ul > li > a,https://www.mobilesentrix.ca/board-components/samsung/galaxy-note-series/galaxy-note-10-plus,False,False,2026-09-07T04:46:44+00:00,,,,,,same_name_different_url
MobileSentrix Canada,https://www.mobilesentrix.ca/,Board Components,,10,click,Galaxy Note Series,,6,dom-inspection,Galaxy Note 10 Lite,https://www.mobilesentrix.ca/board-components/samsung/galaxy-note-series/galaxy-note-10-lite,4,1,4,3,dom-inspection,ul.level0.slayouts-menu > li > ul.sview-inul > li.sview-row > ul > li > a,https://www.mobilesentrix.ca/board-components/samsung/galaxy-note-series/galaxy-note-10-lite,False,False,2026-09-07T04:46:44+00:00,,,,,,same_name_different_url
MobileSentrix Canada,https://www.mobilesentrix.ca/,Board Components,,10,click,Galaxy Note Series,,6,dom-inspection,Galaxy Note 10,https://www.mobilesentrix.ca/board-components/samsung/galaxy-note-series/galaxy-note-10,5,1,5,3,dom-inspection,ul.level0.slayouts-menu > li > ul.sview-inul > li.sview-row > ul > li > a,https://www.mobilesentrix.ca/board-components/samsung/galaxy-note-series/galaxy-note-10,False,False,2026-09-07T04:46:44+00:00,,,,,,same_name_different_url
MobileSentrix Canada,https://www.mobilesentrix.ca/,Board Components,,10,click,Galaxy Note Series,,6,dom-inspection,Galaxy Note 9,https://www.mobilesentrix.ca/board-components/samsung/galaxy-note-series/galaxy-note-9,6,1,6,3,dom-inspection,ul.level0.slayouts-menu > li > ul.sview-inul > li.sview-row > ul > li > a,https://www.mobilesentrix.ca/board-components/samsung/galaxy-note-series/galaxy-note-9,False,False,2026-09-07T04:46:44+00:00,,,,,,same_name_different_url
MobileSentrix Canada,https://www.mobilesentrix.ca/,Board Components,,10,click,Galaxy Note Series,,6,dom-inspection,Galaxy Note 8,https://www.mobilesentrix.ca/board-components/samsung/galaxy-note-series/galaxy-note-8,7,1,7,3,dom-inspection,ul.level0.slayouts-menu > li > ul.sview-inul > li.sview-row > ul > li > a,https://www.mobilesentrix.ca/board-components/samsung/galaxy-note-series/galaxy-note-8,False,False,2026-09-07T04:46:44+00:00,,,,,,same_name_different_url
MobileSentrix Canada,https://www.mobilesentrix.ca/,Board Components,,10,click,Galaxy Note Series,,6,dom-inspection,Galaxy Note 5,https://www.mobilesentrix.ca/board-components/samsung/galaxy-note-series/galaxy-note-5,8,1,8,3,dom-inspection,ul.level0.slayouts-menu > li > ul.sview-inul > li.sview-row > ul > li > a,https://www.mobilesentrix.ca/board-components/samsung/galaxy-note-series/galaxy-note-5,False,False,2026-09-07T04:46:44+00:00,,,,,,same_name_different_url
MobileSentrix Canada,https://www.mobilesentrix.ca/,Board Components,,10,click,Galaxy Note Series,,6,dom-inspection,Galaxy Note 4,https://www.mobilesentrix.ca/board-components/samsung/galaxy-note-series/galaxy-note-4,9,1,9,3,dom-inspection,ul.level0.slayouts-menu > li > ul.sview-inul > li.sview-row > ul > li > a,https://www.mobilesentrix.ca/board-components/samsung/galaxy-note-series/galaxy-note-4,False,False,2026-09-07T04:46:44+00:00,,,,,,same_name_different_url
MobileSentrix Canada,https://www.mobilesentrix.ca/,Board Components,,10,click,Galaxy Note Series,,6,dom-inspection,Galaxy Note 3,https://www.mobilesentrix.ca/board-components/samsung/galaxy-note-series/galaxy-note-3,10,1,10,3,dom-inspection,ul.level0.slayouts-menu > li > ul.sview-inul > li.sview-row > ul > li > a,https://www.mobilesentrix.ca/board-components/samsung/galaxy-note-series/galaxy-note-3,False,False,2026-09-07T04:46:44+00:00,,,,,,same_name_different_url
MobileSentrix Canada,https://www.mobilesentrix.ca/,Board Components,,10,click,Galaxy Note Series,,6,dom-inspection,Galaxy Note 2,https://www.mobilesentrix.ca/board-components/samsung/galaxy-note-series/galaxy-note-2,11,1,11,3,dom-inspection,ul.level0.slayouts-menu > li > ul.sview-inul > li.sview-row > ul > li > a,https://www.mobilesentrix.ca/board-components/samsung/galaxy-note-series/galaxy-note-2,False,False,2026-09-07T04:46:44+00:00,,,,,,same_name_different_url
MobileSentrix Canada,https://www.mobilesentrix.ca/,Board Components,,10,click,Others,,7,dom-inspection,Pixel 9A,https://www.mobilesentrix.ca/board-components/google/pixel-9a,1,1,1,3,dom-inspection,ul.submenu > li.mdrop-menu > ul.mdrop-menu-inner > li > ul.submenu > li > a,https://www.mobilesentrix.ca/board-components/google/pixel-9a,False,False,2026-09-07T04:46:44+00:00,,,,,,same_name_different_url
MobileSentrix Canada,https://www.mobilesentrix.ca/,Board Components,,10,click,Others,,7,dom-inspection,Pixel 9 Pro XL,https://www.mobilesentrix.ca/board-components/google/pixel-9-pro-xl,2,1,2,3,dom-inspection,ul.submenu > li.mdrop-menu > ul.mdrop-menu-inner > li > ul.submenu > li > a,https://www.mobilesentrix.ca/board-components/google/pixel-9-pro-xl,False,False,2026-09-07T04:46:44+00:00,,,,,,same_name_different_url
MobileSentrix Canada,https://www.mobilesentrix.ca/,Board Components,,10,click,Others,,7,dom-inspection,Pixel 9 Pro,https://www.mobilesentrix.ca/board-components/google/pixel-9-pro,3,1,3,3,dom-inspection,ul.submenu > li.mdrop-menu > ul.mdrop-menu-inner > li > ul.submenu > li > a,https://www.mobilesentrix.ca/board-components/google/pixel-9-pro,False,False,2026-09-07T04:46:44+00:00,,,,,,same_name_different_url
MobileSentrix Canada,https://www.mobilesentrix.ca/,Board Components,,10,click,Others,,7,dom-inspection,Pixel 9,https://www.mobilesentrix.ca/board-components/google/pixel-9,4,1,4,3,dom-inspection,ul.submenu > li.mdrop-menu > ul.mdrop-menu-inner > li > ul.submenu > li > a,https://www.mobilesentrix.ca/board-components/google/pixel-9,False,False,2026-09-07T04:46:44+00:00,,,,,,same_name_different_url
MobileSentrix Canada,https://www.mobilesentrix.ca/,Board Components,,10,click,Others,,7,dom-inspection,Pixel 8A,https://www.mobilesentrix.ca/board-components/google/pixel-8a,5,1,5,3,dom-inspection,ul.submenu > li.mdrop-menu > ul.mdrop-menu-inner > li > ul.submenu > li > a,https://www.mobilesentrix.ca/board-components/google/pixel-8a,False,False,2026-09-07T04:46:44+00:00,,,,,,same_name_different_url
MobileSentrix Canada,https://www.mobilesentrix.ca/,Board Components,,10,click,Others,,7,dom-inspection,Pixel 8 Pro,https://www.mobilesentrix.ca/board-components/google/pixel-8-pro,6,1,6,3,dom-inspection,ul.submenu > li.mdrop-menu > ul.mdrop-menu-inner > li > ul.submenu > li > a,https://www.mobilesentrix.ca/board-components/google/pixel-8-pro,False,False,2026-09-07T04:46:44+00:00,,,,,,same_name_different_url
MobileSentrix Canada,https://www.mobilesentrix.ca/,Board Components,,10,click,Others,,7,dom-inspection,Pixel 8,https://www.mobilesentrix.ca/board-components/google/pixel-8,7,1,7,3,dom-inspection,ul.submenu > li.mdrop-menu > ul.mdrop-menu-inner > li > ul.submenu > li > a,https://www.mobilesentrix.ca/board-components/google/pixel-8,False,False,2026-09-07T04:46:44+00:00,,,,,,same_name_different_url
MobileSentrix Canada,https://www.mobilesentrix.ca/,Board Components,,10,click,Others,,7,dom-inspection,Pixel 7A,https://www.mobilesentrix.ca/board-components/google/pixel-7a,8,1,8,3,dom-inspection,ul.submenu > li.mdrop-menu > ul.mdrop-menu-inner > li > ul.submenu > li > a,https://www.mobilesentrix.ca/board-components/google/pixel-7a,False,False,2026-09-07T04:46:44+00:00,,,,,,same_name_different_url
MobileSentrix Canada,https://www.mobilesentrix.ca/,Board Components,,10,click,Others,,7,dom-inspection,Pixel 7 Pro,https://www.mobilesentrix.ca/board-components/google/pixel-7-pro,9,1,9,3,dom-inspection,ul.submenu > li.mdrop-menu > ul.mdrop-menu-inner > li > ul.submenu > li > a,https://www.mobilesentrix.ca/board-components/google/pixel-7-pro,False,False,2026-09-07T04:46:44+00:00,,,,,,same_name_different_url
MobileSentrix Canada,https://www.mobilesentrix.ca/,Board Components,,10,click,Others,,7,dom-inspection,Pixel 7,https://www.mobilesentrix.ca/board-components/google/pixel-7,10,1,10,3,dom-inspection,ul.submenu > li.mdrop-menu > ul.mdrop-menu-inner > li > ul.submenu > li > a,https://www.mobilesentrix.ca/board-components/google/pixel-7,False,False,2026-09-07T04:46:44+00:00,,,,,,same_name_different_url
MobileSentrix Canada,https://www.mobilesentrix.ca/,Board Components,,10,click,Others,,7,dom-inspection,Pixel 6A,https://www.mobilesentrix.ca/board-components/google/pixel-6a,11,1,11,3,dom-inspection,ul.submenu > li.mdrop-menu > ul.mdrop-menu-inner > li > ul.submenu > li > a,https://www.mobilesentrix.ca/board-components/google/pixel-6a,False,False,2026-09-07T04:46:44+00:00,,,,,,same_name_different_url
MobileSentrix Canada,https://www.mobilesentrix.ca/,Board Components,,10,click,Others,,7,dom-inspection,Pixel 6 Pro,https://www.mobilesentrix.ca/board-components/google/pixel-6-pro,12,1,12,3,dom-inspection,ul.submenu > li.mdrop-menu > ul.mdrop-menu-inner > li > ul.submenu > li > a,https://www.mobilesentrix.ca/board-components/google/pixel-6-pro,False,False,2026-09-07T04:46:44+00:00,,,,,,same_name_different_url
MobileSentrix Canada,https://www.mobilesentrix.ca/,Board Components,,10,click,Others,,7,dom-inspection,Pixel 6,https://www.mobilesentrix.ca/board-components/google/pixel-6,13,1,13,3,dom-inspection,ul.submenu > li.mdrop-menu > ul.mdrop-menu-inner > li > ul > li > a,https://www.mobilesentrix.ca/board-components/google/pixel-6,False,False,2026-09-07T04:46:44+00:00,,,,,,same_name_different_url
MobileSentrix Canada,https://www.mobilesentrix.ca/,Board Components,,10,click,Others,,7,dom-inspection,Pixel 4 XL,https://www.mobilesentrix.ca/board-components/google/pixel-4-xl,14,1,14,3,dom-inspection,ul.submenu > li.mdrop-menu > ul.mdrop-menu-inner > li > ul > li > a,https://www.mobilesentrix.ca/board-components/google/pixel-4-xl,False,False,2026-09-07T04:46:44+00:00,,,,,,same_name_different_url
MobileSentrix Canada,https://www.mobilesentrix.ca/,Board Components,,10,click,Others,,7,dom-inspection,Pixel 3a XL,https://www.mobilesentrix.ca/board-components/google/pixel-3a-xl,15,1,15,3,dom-inspection,ul.submenu > li.mdrop-menu > ul.mdrop-menu-inner > li > ul > li > a,https://www.mobilesentrix.ca/board-components/google/pixel-3a-xl,False,False,2026-09-07T04:46:44+00:00,,,,,,same_name_different_url
MobileSentrix Canada,https://www.mobilesentrix.ca/,Board Components,,10,click,Others,,7,dom-inspection,Pixel 3a,https://www.mobilesentrix.ca/board-components/google/pixel-3a,16,1,16,3,dom-inspection,ul.submenu > li.mdrop-menu > ul.mdrop-menu-inner > li > ul > li > a,https://www.mobilesentrix.ca/board-components/google/pixel-3a,False,False,2026-09-07T04:46:44+00:00,,,,,,same_name_different_url
MobileSentrix Canada,https://www.mobilesentrix.ca/,Board Components,,10,click,Others,,7,dom-inspection,Pixel 3 XL,https://www.mobilesentrix.ca/board-components/google/pixel-3-xl,17,1,17,3,dom-inspection,ul.submenu > li.mdrop-menu > ul.mdrop-menu-inner > li > ul > li > a,https://www.mobilesentrix.ca/board-components/google/pixel-3-xl,False,False,2026-09-07T04:46:44+00:00,,,,,,same_name_different_url
MobileSentrix Canada,https://www.mobilesentrix.ca/,Board Components,,10,click,Others,,7,dom-inspection,Pixel 3,https://www.mobilesentrix.ca/board-components/google/pixel-3,18,1,18,3,dom-inspection,ul.submenu > li.mdrop-menu > ul.mdrop-menu-inner > li > ul > li > a,https://www.mobilesentrix.ca/board-components/google/pixel-3,False,False,2026-09-07T04:46:44+00:00,,,,,,same_name_different_url
MobileSentrix Canada,https://www.mobilesentrix.ca/,Board Components,,10,click,Others,,7,dom-inspection,Pixel 2 XL,https://www.mobilesentrix.ca/board-components/google/pixel-2-xl,19,1,19,3,dom-inspection,ul.submenu > li.mdrop-menu > ul.mdrop-menu-inner > li > ul > li > a,https://www.mobilesentrix.ca/board-components/google/pixel-2-xl,False,False,2026-09-07T04:46:44+00:00,,,,,,same_name_different_url
MobileSentrix Canada,https://www.mobilesentrix.ca/,Board Components,,10,click,Others,,7,dom-inspection,Pixel 2,https://www.mobilesentrix.ca/board-components/google/pixel-2,20,1,20,3,dom-inspection,ul.submenu > li.mdrop-menu > ul.mdrop-menu-inner > li > ul > li > a,https://www.mobilesentrix.ca/board-components/google/pixel-2,False,False,2026-09-07T04:46:44+00:00,,,,,,same_name_different_url
MobileSentrix Canada,https://www.mobilesentrix.ca/,Board Components,,10,click,Others,,7,dom-inspection,Pixel XL,https://www.mobilesentrix.ca/board-components/google/pixel-xl,21,1,21,3,dom-inspection,ul.submenu > li.mdrop-menu > ul.mdrop-menu-inner > li > ul > li > a,https://www.mobilesentrix.ca/board-components/google/pixel-xl,False,False,2026-09-07T04:46:44+00:00,,,,,,same_name_different_url
MobileSentrix Canada,https://www.mobilesentrix.ca/,Board Components,,10,click,Others,,7,dom-inspection,J8 (J810 / 2018),https://www.mobilesentrix.ca/board-components/samsung/galaxy-j-series/j8-j810-2018,23,1,23,3,dom-inspection,ul.submenu > li.mdrop-menu > ul.mdrop-menu-inner.for-samsungg > li > ul.submenu > li > a,https://www.mobilesentrix.ca/board-components/samsung/galaxy-j-series/j8-j810-2018,False,False,2026-09-07T04:46:44+00:00,,,,,,same_name_different_url
MobileSentrix Canada,https://www.mobilesentrix.ca/,Board Components,,10,click,Others,,7,dom-inspection,J7 Pro (J730 / 2017),https://www.mobilesentrix.ca/board-components/samsung/galaxy-j-series/galaxy-j7-pro-j730,24,1,24,3,dom-inspection,ul.submenu > li.mdrop-menu > ul.mdrop-menu-inner.for-samsungg > li > ul.submenu > li > a,https://www.mobilesentrix.ca/board-components/samsung/galaxy-j-series/galaxy-j7-pro-j730,False,False,2026-09-07T04:46:44+00:00,,,,,,same_name_different_url
MobileSentrix Canada,https://www.mobilesentrix.ca/,Board Components,,10,click,Others,,7,dom-inspection,J7 (J727 / 2017),https://www.mobilesentrix.ca/board-components/samsung/galaxy-j-series/galaxy-j7-j727-2017,25,1,25,3,dom-inspection,ul.submenu > li.mdrop-menu > ul.mdrop-menu-inner.for-samsungg > li > ul.submenu > li > a,https://www.mobilesentrix.ca/board-components/samsung/galaxy-j-series/galaxy-j7-j727-2017,False,False,2026-09-07T04:46:44+00:00,,,,,,same_name_different_url
MobileSentrix Canada,https://www.mobilesentrix.ca/,Board Components,,10,click,Others,,7,dom-inspection,J7 Prime (G610 / 2016),https://www.mobilesentrix.ca/board-components/samsung/galaxy-j-series/j7-prime-g610-2016,27,1,27,3,dom-inspection,ul.submenu > li.mdrop-menu > ul.mdrop-menu-inner.for-samsungg > li > ul.submenu > li > a,https://www.mobilesentrix.ca/board-components/samsung/galaxy-j-series/j7-prime-g610-2016,False,False,2026-09-07T04:46:44+00:00,,,,,,same_name_different_url
MobileSentrix Canada,https://www.mobilesentrix.ca/,Board Components,,10,click,Others,,7,dom-inspection,J7 (J700 / 2015),https://www.mobilesentrix.ca/board-components/samsung/galaxy-j-series/galaxy-j7-j700,28,1,28,3,dom-inspection,ul.submenu > li.mdrop-menu > ul.mdrop-menu-inner.for-samsungg > li > ul.submenu > li > a,https://www.mobilesentrix.ca/board-components/samsung/galaxy-j-series/galaxy-j7-j700,False,False,2026-09-07T04:46:44+00:00,,,,,,same_name_different_url
MobileSentrix Canada,https://www.mobilesentrix.ca/,Board Components,,10,click,Others,,7,dom-inspection,J4 (J400 / 2018),https://www.mobilesentrix.ca/board-components/samsung/galaxy-j-series/galaxy-j4,32,1,32,3,dom-inspection,ul.submenu > li.mdrop-menu > ul.mdrop-menu-inner.for-samsungg > li > ul.submenu > li > a,https://www.mobilesentrix.ca/board-components/samsung/galaxy-j-series/galaxy-j4,False,False,2026-09-07T04:46:44+00:00,,,,,,same_name_different_url
MobileSentrix Canada,https://www.mobilesentrix.ca/,Board Components,,10,click,Others,,7,dom-inspection,J3 (J320 / 2016),https://www.mobilesentrix.ca/board-components/samsung/galaxy-j-series/galaxy-j3-j320,34,1,34,3,dom-inspection,ul.submenu > li.mdrop-menu > ul.mdrop-menu-inner.for-samsungg > li > ul.submenu > li > a,https://www.mobilesentrix.ca/board-components/samsung/galaxy-j-series/galaxy-j3-j320,False,False,2026-09-07T04:46:44+00:00,,,,,,same_name_different_url
MobileSentrix Canada,https://www.mobilesentrix.ca/,Board Components,,10,click,Others,,7,dom-inspection,J2 (J200 / 2015),https://www.mobilesentrix.ca/board-components/samsung/galaxy-j-series/galaxy-j2-j200-2015,35,1,35,3,dom-inspection,ul.submenu > li.mdrop-menu > ul.mdrop-menu-inner.for-samsungg > li > ul.submenu > li > a,https://www.mobilesentrix.ca/board-components/samsung/galaxy-j-series/galaxy-j2-j200-2015,False,False,2026-09-07T04:46:44+00:00,,,,,,same_name_different_url
MobileSentrix Canada,https://www.mobilesentrix.ca/,Board Components,,10,click,Others,,7,dom-inspection,J1 Ace (J110 / 2016),https://www.mobilesentrix.ca/board-components/samsung/galaxy-j-series/galaxy-j1-ace-j100,36,1,36,3,dom-inspection,ul.submenu > li.mdrop-menu > ul.mdrop-menu-inner.for-samsungg > li > ul.submenu > li > a,https://www.mobilesentrix.ca/board-components/samsung/galaxy-j-series/galaxy-j1-ace-j100,False,False,2026-09-07T04:46:44+00:00,,,,,,same_name_different_url
MobileSentrix Canada,https://www.mobilesentrix.ca/,Board Components,,10,click,Others,,7,dom-inspection,A9 Pro (A910 / 2016),https://www.mobilesentrix.ca/board-components/samsung/samsung-galaxy-a-series/a9-pro-a910,37,1,37,3,dom-inspection,ul.submenu > li.mdrop-menu > ul.mdrop-menu-inner.for-samsungg > li > ul.submenu > li > a,https://www.mobilesentrix.ca/board-components/samsung/samsung-galaxy-a-series/a9-pro-a910,False,False,2026-09-07T04:46:44+00:00,,,,,,same_name_different_url
MobileSentrix Canada,https://www.mobilesentrix.ca/,Board Components,,10,click,Others,,7,dom-inspection,A80 (A805 / 2019),https://www.mobilesentrix.ca/board-components/samsung/samsung-galaxy-a-series/a80-a805-2019,38,1,38,3,dom-inspection,ul.submenu > li.mdrop-menu > ul.mdrop-menu-inner.for-samsungg > li > ul.submenu > li > a,https://www.mobilesentrix.ca/board-components/samsung/samsung-galaxy-a-series/a80-a805-2019,False,False,2026-09-07T04:46:44+00:00,,,,,,same_name_different_url
MobileSentrix Canada,https://www.mobilesentrix.ca/,Board Components,,10,click,Others,,7,dom-inspection,A8 Star (G885 / 2018),https://www.mobilesentrix.ca/board-components/samsung/samsung-galaxy-a-series/a8-star-g885-2018,39,1,39,3,dom-inspection,ul.submenu > li.mdrop-menu > ul.mdrop-menu-inner.for-samsungg > li > ul.submenu > li > a,https://www.mobilesentrix.ca/board-components/samsung/samsung-galaxy-a-series/a8-star-g885-2018,False,False,2026-09-07T04:46:44+00:00,,,,,,same_name_different_url
MobileSentrix Canada,https://www.mobilesentrix.ca/,Board Components,,10,click,Others,,7,dom-inspection,A8 (A530 / 2018),https://www.mobilesentrix.ca/board-components/samsung/samsung-galaxy-a-series/a8-a530-2018,40,1,40,3,dom-inspection,ul.submenu > li.mdrop-menu > ul.mdrop-menu-inner.for-samsungg > li > ul.submenu > li > a,https://www.mobilesentrix.ca/board-components/samsung/samsung-galaxy-a-series/a8-a530-2018,False,False,2026-09-07T04:46:44+00:00,,,,,,same_name_different_url
MobileSentrix Canada,https://www.mobilesentrix.ca/,Board Components,,10,click,Others,,7,dom-inspection,A70 (A705 / 2019),https://www.mobilesentrix.ca/board-components/samsung/samsung-galaxy-a-series/a70-a705-2019,41,1,41,3,dom-inspection,ul.submenu > li.mdrop-menu > ul.mdrop-menu-inner.for-samsungg > li > ul.submenu > li > a,https://www.mobilesentrix.ca/board-components/samsung/samsung-galaxy-a-series/a70-a705-2019,False,False,2026-09-07T04:46:44+00:00,,,,,,same_name_different_url
MobileSentrix Canada,https://www.mobilesentrix.ca/,Board Components,,10,click,Others,,7,dom-inspection,A7 (A720 / 2017),https://www.mobilesentrix.ca/board-components/samsung/samsung-galaxy-a-series/a7-a720-2017,42,1,42,3,dom-inspection,ul.submenu > li.mdrop-menu > ul.mdrop-menu-inner.for-samsungg > li > ul.submenu > li > a,https://www.mobilesentrix.ca/board-components/samsung/samsung-galaxy-a-series/a7-a720-2017,False,False,2026-09-07T04:46:44+00:00,,,,,,same_name_different_url
MobileSentrix Canada,https://www.mobilesentrix.ca/,Board Components,,10,click,Others,,7,dom-inspection,A7 (A710 / 2016),https://www.mobilesentrix.ca/board-components/samsung/samsung-galaxy-a-series/a7-a710-2016,43,1,43,3,dom-inspection,ul.submenu > li.mdrop-menu > ul.mdrop-menu-inner.for-samsungg > li > ul.submenu > li > a,https://www.mobilesentrix.ca/board-components/samsung/samsung-galaxy-a-series/a7-a710-2016,False,False,2026-09-07T04:46:44+00:00,,,,,,same_name_different_url
MobileSentrix Canada,https://www.mobilesentrix.ca/,Board Components,,10,click,Others,,7,dom-inspection,A6 Plus (A605 / 2018),https://www.mobilesentrix.ca/board-components/samsung/samsung-galaxy-a-series/a6-plus-a605-2018,44,1,44,3,dom-inspection,ul.submenu > li.mdrop-menu > ul.mdrop-menu-inner.for-samsungg > li > ul.submenu > li > a,https://www.mobilesentrix.ca/board-components/samsung/samsung-galaxy-a-series/a6-plus-a605-2018,False,False,2026-09-07T04:46:44+00:00,,,,,,same_name_different_url
MobileSentrix Canada,https://www.mobilesentrix.ca/,Board Components,,10,click,Others,,7,dom-inspection,A51 5G (A516 / 2020),https://www.mobilesentrix.ca/board-components/samsung/samsung-galaxy-a-series/a51-5g-a516-2020,45,1,45,3,dom-inspection,ul.submenu > li.mdrop-menu > ul.mdrop-menu-inner.for-samsungg > li > ul.submenu > li > a,https://www.mobilesentrix.ca/board-components/samsung/samsung-galaxy-a-series/a51-5g-a516-2020,False,False,2026-09-07T04:46:44+00:00,,,,,,same_name_different_url
MobileSentrix Canada,https://www.mobilesentrix.ca/,Board Components,,10,click,Others,,7,dom-inspection,A51 4G (A515 / 2019),https://www.mobilesentrix.ca/board-components/samsung/samsung-galaxy-a-series/a51-4g-a515-2019,46,1,46,3,dom-inspection,ul.submenu > li.mdrop-menu > ul.mdrop-menu-inner.for-samsungg > li > ul.submenu > li > a,https://www.mobilesentrix.ca/board-components/samsung/samsung-galaxy-a-series/a51-4g-a515-2019,False,False,2026-09-07T04:46:44+00:00,,,,,,same_name_different_url
MobileSentrix Canada,https://www.mobilesentrix.ca/,Board Components,,10,click,Others,,7,dom-inspection,A50 (A505 / 2019),https://www.mobilesentrix.ca/board-components/samsung/samsung-galaxy-a-series/a50-a505-2019,47,1,47,3,dom-inspection,ul.submenu > li.mdrop-menu > ul.mdrop-menu-inner.for-samsungg > li > ul.submenu > li > a,https://www.mobilesentrix.ca/board-components/samsung/samsung-galaxy-a-series/a50-a505-2019,False,False,2026-09-07T04:46:44+00:00,,,,,,same_name_different_url
MobileSentrix Canada,https://www.mobilesentrix.ca/,Board Components,,10,click,Others,,7,dom-inspection,A5 (A510 / 2016),https://www.mobilesentrix.ca/board-components/samsung/samsung-galaxy-a-series/a5-a510-2016,48,1,48,3,dom-inspection,ul.submenu > li.mdrop-menu > ul.mdrop-menu-inner.for-samsungg > li > ul.submenu > li > a,https://www.mobilesentrix.ca/board-components/samsung/samsung-galaxy-a-series/a5-a510-2016,False,False,2026-09-07T04:46:44+00:00,,,,,,same_name_different_url
MobileSentrix Canada,https://www.mobilesentrix.ca/,Board Components,,10,click,Others,,7,dom-inspection,A5 (A500 / 2015),https://www.mobilesentrix.ca/board-components/samsung/samsung-galaxy-a-series/a5-a500-2015,49,1,49,3,dom-inspection,ul.submenu > li.mdrop-menu > ul.mdrop-menu-inner.for-samsungg > li > ul.submenu > li > a,https://www.mobilesentrix.ca/board-components/samsung/samsung-galaxy-a-series/a5-a500-2015,False,False,2026-09-07T04:46:44+00:00,,,,,,same_name_different_url
MobileSentrix Canada,https://www.mobilesentrix.ca/,Board Components,,10,click,Others,,7,dom-inspection,A42 5G (A426 / 2020),https://www.mobilesentrix.ca/board-components/samsung/samsung-galaxy-a-series/a42-5g-a426-2020,50,1,50,3,dom-inspection,ul.submenu > li.mdrop-menu > ul.mdrop-menu-inner.for-samsungg > li > ul.submenu > li > a,https://www.mobilesentrix.ca/board-components/samsung/samsung-galaxy-a-series/a42-5g-a426-2020,False,False,2026-09-07T04:46:44+00:00,,,,,,same_name_different_url
MobileSentrix Canada,https://www.mobilesentrix.ca/,Board Components,,10,click,Others,,7,dom-inspection,A31 (A315 / 2020),https://www.mobilesentrix.ca/board-components/samsung/samsung-galaxy-a-series/a31-a315-2020,51,1,51,3,dom-inspection,ul.submenu > li.mdrop-menu > ul.mdrop-menu-inner.for-samsungg > li > ul.submenu > li > a,https://www.mobilesentrix.ca/board-components/samsung/samsung-galaxy-a-series/a31-a315-2020,False,False,2026-09-07T04:46:44+00:00,,,,,,same_name_different_url
MobileSentrix Canada,https://www.mobilesentrix.ca/,Board Components,,10,click,Others,,7,dom-inspection,A30 (A305 / 2019),https://www.mobilesentrix.ca/board-components/samsung/samsung-galaxy-a-series/a30-a305-2019,52,1,52,3,dom-inspection,ul.submenu > li.mdrop-menu > ul.mdrop-menu-inner.for-samsungg > li > ul.submenu > li > a,https://www.mobilesentrix.ca/board-components/samsung/samsung-galaxy-a-series/a30-a305-2019,False,False,2026-09-07T04:46:44+00:00,,,,,,same_name_different_url
MobileSentrix Canada,https://www.mobilesentrix.ca/,Board Components,,10,click,Others,,7,dom-inspection,A3 (A310 / 2016),https://www.mobilesentrix.ca/board-components/samsung/samsung-galaxy-a-series/a3-a310-2016,53,1,53,3,dom-inspection,ul.submenu > li.mdrop-menu > ul.mdrop-menu-inner.for-samsungg > li > ul.submenu > li > a,https://www.mobilesentrix.ca/board-components/samsung/samsung-galaxy-a-series/a3-a310-2016,False,False,2026-09-07T04:46:44+00:00,,,,,,same_name_different_url
MobileSentrix Canada,https://www.mobilesentrix.ca/,Board Components,,10,click,Others,,7,dom-inspection,A22 5G (A226 / 2021),https://www.mobilesentrix.ca/board-components/samsung/samsung-galaxy-a-series/a22-5g,54,1,54,3,dom-inspection,ul.submenu > li.mdrop-menu > ul.mdrop-menu-inner.for-samsungg > li > ul.submenu > li > a,https://www.mobilesentrix.ca/board-components/samsung/samsung-galaxy-a-series/a22-5g,False,False,2026-09-07T04:46:44+00:00,,,,,,same_name_different_url
MobileSentrix Canada,https://www.mobilesentrix.ca/,Board Components,,10,click,Others,,7,dom-inspection,A12 Nacho (A127 / 2021),https://www.mobilesentrix.ca/board-components/samsung/samsung-galaxy-a-series/a12-nacho-a127-2021,56,1,56,3,dom-inspection,ul.submenu > li.mdrop-menu > ul.mdrop-menu-inner.for-samsungg > li > ul.submenu > li > a,https://www.mobilesentrix.ca/board-components/samsung/samsung-galaxy-a-series/a12-nacho-a127-2021,False,False,2026-09-07T04:46:44+00:00,,,,,,same_name_different_url
MobileSentrix Canada,https://www.mobilesentrix.ca/,Board Components,,10,click,Others,,7,dom-inspection,"Tab A7 10.4"" (2020)",https://www.mobilesentrix.ca/board-components/samsung/samsung-galaxy-tab/tab-a7-10-4-2020,58,1,58,3,dom-inspection,ul.submenu > li.mdrop-menu > ul.mdrop-menu-inner.for-samsungg > li > ul.submenu > li > a,https://www.mobilesentrix.ca/board-components/samsung/samsung-galaxy-tab/tab-a7-10-4-2020,False,False,2026-09-07T04:46:44+00:00,,,,,,same_name_different_url
MobileSentrix Canada,https://www.mobilesentrix.ca/,Board Components,,10,click,Others,,7,dom-inspection,"Tab A 10.1"" (2019)",https://www.mobilesentrix.ca/board-components/samsung/samsung-galaxy-tab/tab-a-10-1-2019,59,1,59,3,dom-inspection,ul.submenu > li.mdrop-menu > ul.mdrop-menu-inner.for-samsungg > li > ul.submenu > li > a,https://www.mobilesentrix.ca/board-components/samsung/samsung-galaxy-tab/tab-a-10-1-2019,False,False,2026-09-07T04:46:44+00:00,,,,,,same_name_different_url
MobileSentrix Canada,https://www.mobilesentrix.ca/,Board Components,,10,click,Others,,7,dom-inspection,"Tab A 8.4"" (2020)",https://www.mobilesentrix.ca/board-components/samsung/samsung-galaxy-tab/tab-a-8-4-2020,60,1,60,3,dom-inspection,ul.submenu > li.mdrop-menu > ul.mdrop-menu-inner.for-samsungg > li > ul.submenu > li > a,https://www.mobilesentrix.ca/board-components/samsung/samsung-galaxy-tab/tab-a-8-4-2020,False,False,2026-09-07T04:46:44+00:00,,,,,,same_name_different_url
MobileSentrix Canada,https://www.mobilesentrix.ca/,Board Components,,10,click,Others,,7,dom-inspection,"Tab A 8.0"" (2018)",https://www.mobilesentrix.ca/board-components/samsung/samsung-galaxy-tab/tab-a-8-0-2018,61,1,61,3,dom-inspection,ul.submenu > li.mdrop-menu > ul.mdrop-menu-inner.for-samsungg > li > ul.submenu > li > a,https://www.mobilesentrix.ca/board-components/samsung/samsung-galaxy-tab/tab-a-8-0-2018,False,False,2026-09-07T04:46:44+00:00,,,,,,same_name_different_url
MobileSentrix Canada,https://www.mobilesentrix.ca/,Board Components,,10,click,Others,,7,dom-inspection,"Tab 4 7.0"" (2014)",https://www.mobilesentrix.ca/board-components/samsung/samsung-galaxy-tab/tab-4-7-0-2014,64,1,64,3,dom-inspection,ul.submenu > li.mdrop-menu > ul.mdrop-menu-inner.for-samsungg > li > ul.submenu > li > a,https://www.mobilesentrix.ca/board-components/samsung/samsung-galaxy-tab/tab-4-7-0-2014,False,False,2026-09-07T04:46:44+00:00,,,,,,same_name_different_url
MobileSentrix Canada,https://www.mobilesentrix.ca/,Board Components,,10,click,Others,,7,dom-inspection,Galaxy Grand Prime,https://www.mobilesentrix.ca/board-components/samsung/others/samsung-galaxy-grand-prime,66,1,66,3,dom-inspection,ul.submenu > li.mdrop-menu > ul.mdrop-menu-inner.for-samsungg > li > ul.submenu > li > a,https://www.mobilesentrix.ca/board-components/samsung/others/samsung-galaxy-grand-prime,False,False,2026-09-07T04:46:44+00:00,,,,,,cross_hierarchy_url
MobileSentrix Canada,https://www.mobilesentrix.ca/,Board Components,,10,click,Others,,7,dom-inspection,Galaxy Core Prime,https://www.mobilesentrix.ca/board-components/samsung/others/samsung-galaxy-core-prime,67,1,67,3,dom-inspection,ul.submenu > li.mdrop-menu > ul.mdrop-menu-inner.for-samsungg > li > ul.submenu > li > a,https://www.mobilesentrix.ca/board-components/samsung/others/samsung-galaxy-core-prime,False,False,2026-09-07T04:46:44+00:00,,,,,,same_name_different_url
MobileSentrix Canada,https://www.mobilesentrix.ca/,Board Components,,10,click,Others,,7,dom-inspection,Galaxy Grand Duos,https://www.mobilesentrix.ca/board-components/samsung/others/samsung-galaxy-grand-prime,68,1,68,3,dom-inspection,ul.submenu > li.mdrop-menu > ul.mdrop-menu-inner.for-samsungg > li > ul.submenu > li > a,https://www.mobilesentrix.ca/board-components/samsung/others/samsung-galaxy-grand-prime,False,False,2026-09-07T04:46:44+00:00,,,,,,cross_hierarchy_url
MobileSentrix Canada,https://www.mobilesentrix.ca/,Board Components,,10,click,Others,,7,dom-inspection,T-Mobile Revvl V+ 5G,https://www.mobilesentrix.ca/board-components/revvl/t-mobile-revvl-v-5g,84,1,84,3,dom-inspection,ul.submenu > li.mdrop-menu > ul.mdrop-menu-inner > li > ul.submenu > li > a,https://www.mobilesentrix.ca/board-components/revvl/t-mobile-revvl-v-5g,False,False,2026-09-07T04:46:44+00:00,,,,,,same_name_different_url
MobileSentrix Canada,https://www.mobilesentrix.ca/,Board Components,,10,click,Others,,7,dom-inspection,T-Mobile Revvl 5G,https://www.mobilesentrix.ca/board-components/revvl/t-mobile-revvl-5g,85,1,85,3,dom-inspection,ul.submenu > li.mdrop-menu > ul.mdrop-menu-inner > li > ul.submenu > li > a,https://www.mobilesentrix.ca/board-components/revvl/t-mobile-revvl-5g,False,False,2026-09-07T04:46:44+00:00,,,,,,same_name_different_url
MobileSentrix Canada,https://www.mobilesentrix.ca/,Board Components,,10,click,Others,,7,dom-inspection,TCL 30 SE,https://www.mobilesentrix.ca/board-components/tcl/30-se,86,1,86,3,dom-inspection,ul.submenu > li.mdrop-menu > ul.mdrop-menu-inner > li > ul.submenu > li > a,https://www.mobilesentrix.ca/board-components/tcl/30-se,False,False,2026-09-07T04:46:44+00:00,,,,,,same_name_different_url
MobileSentrix Canada,https://www.mobilesentrix.ca/,Board Components,,10,click,Others,,7,dom-inspection,All Mac Board Component,https://www.mobilesentrix.ca/board-components/macbook,87,1,87,3,dom-inspection,ul.submenu > li.mdrop-menu > ul.mdrop-menu-inner.for-macbook > li > ul.submenu > li.all-cat > a,https://www.mobilesentrix.ca/board-components/macbook,False,False,2026-09-07T04:46:44+00:00,,,,,,cross_hierarchy_url
